Date,Time,SpO2(%),PR(bpm)
9/25/2026,12:07:01 AM,92,63
9/25/2026,12:07:02 AM,92,63
9/25/2026,12:07:03 AM,92,63
9/25/2026,12:07:04 AM,92,63
9/25/2026,12:07:05 AM,91,63
9/25/2026,12:07:06 AM,91,63
9/25/2026,12:07:07 AM,91,63
9/25/2026,12:07:08 AM,91,63
9/25/2026,12:07:09 AM,90,69
9/25/2026,12:07:10 AM,90,69
9/25/2026,12:07:11 AM,90,69
9/25/2026,12:07:12 AM,90,69
9/25/2026,12:07:13 AM,91,75
9/25/2026,12:07:14 AM,91,75
9/25/2026,12:07:15 AM,91,75
9/25/2026,12:07:16 AM,91,75
9/25/2026,12:07:17 AM,92,75
9/25/2026,12:07:18 AM,92,75
9/25/2026,12:07:19 AM,91,75
9/25/2026,12:07:20 AM,91,75
9/25/2026,12:07:21 AM,91,75
9/25/2026,12:07:22 AM,91,75
9/25/2026,12:07:23 AM,91,75
9/25/2026,12:07:24 AM,90,75
9/25/2026,12:07:25 AM,91,75
9/25/2026,12:07:26 AM,92,75
9/25/2026,12:07:27 AM,92,75
9/25/2026,12:07:28 AM,92,85
9/25/2026,12:07:29 AM,92,85
9/25/2026,12:07:30 AM,92,85
9/25/2026,12:07:31 AM,92,85
9/25/2026,12:07:32 AM,92,85
9/25/2026,12:07:33 AM,92,85
9/25/2026,12:07:34 AM,92,85
9/25/2026,12:07:35 AM,92,85
9/25/2026,12:07:36 AM,92,85
9/25/2026,12:07:37 AM,92,85
9/25/2026,12:07:38 AM,92,85
9/25/2026,12:07:39 AM,92,85
9/25/2026,12:07:40 AM,92,85
9/25/2026,12:07:41 AM,92,85
9/25/2026,12:07:42 AM,92,85
9/25/2026,12:07:43 AM,92,85
9/25/2026,12:07:44 AM,92,85
9/25/2026,12:07:45 AM,92,85
9/25/2026,12:07:46 AM,92,85
9/25/2026,12:07:47 AM,92,85
9/25/2026,12:07:48 AM,92,85
9/25/2026,12:07:49 AM,92,85
9/25/2026,12:07:50 AM,92,85
9/25/2026,12:07:51 AM,92,85
9/25/2026,12:07:52 AM,92,91
9/25/2026,12:07:53 AM,92,91
9/25/2026,12:07:54 AM,92,91
9/25/2026,12:07:55 AM,92,104
9/25/2026,12:07:56 AM,92,104
9/25/2026,12:07:57 AM,92,104
9/25/2026,12:07:58 AM,92,104
9/25/2026,12:07:59 AM,92,104
9/25/2026,12:08:00 AM,92,104
9/25/2026,12:08:01 AM,92,104
9/25/2026,12:08:02 AM,93,104
9/25/2026,12:08:03 AM,93,104
9/25/2026,12:08:04 AM,92,104
9/25/2026,12:08:05 AM,91,104
9/25/2026,12:08:06 AM,92,104
9/25/2026,12:08:07 AM,92,104
9/25/2026,12:08:08 AM,92,104
9/25/2026,12:08:09 AM,92,104
9/25/2026,12:08:10 AM,92,104
9/25/2026,12:08:11 AM,92,104
9/25/2026,12:08:12 AM,92,104
9/25/2026,12:08:13 AM,92,104
9/25/2026,12:08:14 AM,92,104
9/25/2026,12:08:15 AM,92,104
9/25/2026,12:08:16 AM,93,104
9/25/2026,12:08:17 AM,93,104
9/25/2026,12:08:18 AM,93,109
9/25/2026,12:08:19 AM,93,109
9/25/2026,12:08:20 AM,93,109
9/25/2026,12:08:21 AM,93,109
9/25/2026,12:08:22 AM,94,109
9/25/2026,12:08:23 AM,94,109
9/25/2026,12:08:24 AM,94,109
9/25/2026,12:08:25 AM,94,109
9/25/2026,12:08:26 AM,94,109
9/25/2026,12:08:27 AM,95,109
9/25/2026,12:08:28 AM,94,109
9/25/2026,12:08:29 AM,94,113
9/25/2026,12:08:30 AM,94,113
9/25/2026,12:08:31 AM,94,113
9/25/2026,12:08:32 AM,94,113
9/25/2026,12:08:33 AM,94,113
9/25/2026,12:08:34 AM,94,113
9/25/2026,12:08:35 AM,94,113
9/25/2026,12:08:36 AM,94,113
9/25/2026,12:08:37 AM,94,113
9/25/2026,12:08:38 AM,94,113
9/25/2026,12:08:39 AM,94,113
9/25/2026,12:08:40 AM,94,113
9/25/2026,12:08:41 AM,94,113
9/25/2026,12:08:42 AM,94,113
9/25/2026,12:08:43 AM,94,113
9/25/2026,12:08:44 AM,94,113
9/25/2026,12:08:45 AM,94,113
9/25/2026,12:08:46 AM,94,113
9/25/2026,12:08:47 AM,94,118
9/25/2026,12:08:48 AM,94,118
9/25/2026,12:08:49 AM,94,118
9/25/2026,12:08:50 AM,94,118
9/25/2026,12:08:51 AM,94,118
9/25/2026,12:08:52 AM,94,118
9/25/2026,12:08:53 AM,94,118
9/25/2026,12:08:54 AM,93,118
9/25/2026,12:08:55 AM,93,118
9/25/2026,12:08:56 AM,93,118
9/25/2026,12:08:57 AM,93,118
9/25/2026,12:08:58 AM,93,118
9/25/2026,12:08:59 AM,93,118
9/25/2026,12:09:00 AM,93,118
9/25/2026,12:09:01 AM,93,118
9/25/2026,12:09:02 AM,93,118
9/25/2026,12:09:03 AM,93,118
9/25/2026,12:09:04 AM,93,118
9/25/2026,12:09:05 AM,93,118
9/25/2026,12:09:06 AM,93,118
9/25/2026,12:09:07 AM,93,118
9/25/2026,12:09:08 AM,93,118
9/25/2026,12:09:09 AM,93,118
9/25/2026,12:09:10 AM,92,118
9/25/2026,12:09:11 AM,92,118
9/25/2026,12:09:12 AM,93,118
9/25/2026,12:09:13 AM,93,118
9/25/2026,12:09:14 AM,93,118
9/25/2026,12:09:15 AM,93,118
9/25/2026,12:09:16 AM,93,118
9/25/2026,12:09:17 AM,93,118
9/25/2026,12:09:18 AM,93,118
9/25/2026,12:09:19 AM,93,118
9/25/2026,12:09:20 AM,93,118
9/25/2026,12:09:21 AM,93,118
9/25/2026,12:09:22 AM,93,118
9/25/2026,12:09:23 AM,93,118
9/25/2026,12:09:24 AM,93,118
9/25/2026,12:09:25 AM,93,118
9/25/2026,12:09:26 AM,94,118
9/25/2026,12:09:27 AM,94,118
9/25/2026,12:09:28 AM,93,118
9/25/2026,12:09:29 AM,93,118
9/25/2026,12:09:30 AM,93,118
9/25/2026,12:09:31 AM,93,118
9/25/2026,12:09:32 AM,93,118
9/25/2026,12:09:33 AM,93,118
9/25/2026,12:09:34 AM,93,118
9/25/2026,12:09:35 AM,93,118
9/25/2026,12:09:36 AM,92,118
9/25/2026,12:09:37 AM,92,118
9/25/2026,12:09:38 AM,92,118
9/25/2026,12:09:39 AM,92,118
9/25/2026,12:09:40 AM,92,118
9/25/2026,12:09:41 AM,92,118
9/25/2026,12:09:42 AM,92,118
9/25/2026,12:09:43 AM,92,118
9/25/2026,12:09:44 AM,92,118
9/25/2026,12:09:45 AM,92,118
9/25/2026,12:09:46 AM,92,118
9/25/2026,12:09:47 AM,92,118
9/25/2026,12:09:48 AM,92,118
9/25/2026,12:09:49 AM,92,118
9/25/2026,12:09:50 AM,91,118
9/25/2026,12:09:51 AM,91,118
9/25/2026,12:09:52 AM,91,118
9/25/2026,12:09:53 AM,91,118
9/25/2026,12:09:54 AM,91,118
9/25/2026,12:09:55 AM,91,118
9/25/2026,12:09:56 AM,91,122
9/25/2026,12:09:57 AM,91,122
9/25/2026,12:09:58 AM,91,122
9/25/2026,12:09:59 AM,91,122
9/25/2026,12:10:00 AM,91,122
9/25/2026,12:10:01 AM,91,122
9/25/2026,12:10:02 AM,91,122
9/25/2026,12:10:03 AM,91,122
9/25/2026,12:10:04 AM,91,122
9/25/2026,12:10:05 AM,91,122
9/25/2026,12:10:06 AM,91,122
9/25/2026,12:10:07 AM,91,122
9/25/2026,12:10:08 AM,92,122
9/25/2026,12:10:09 AM,92,122
9/25/2026,12:10:10 AM,92,122
9/25/2026,12:10:11 AM,92,122
9/25/2026,12:10:12 AM,92,122
9/25/2026,12:10:13 AM,92,122
9/25/2026,12:10:14 AM,92,122
9/25/2026,12:10:15 AM,92,122
9/25/2026,12:10:16 AM,91,122
9/25/2026,12:10:17 AM,91,122
9/25/2026,12:10:18 AM,91,122
9/25/2026,12:10:19 AM,91,122
9/25/2026,12:10:20 AM,91,122
9/25/2026,12:10:21 AM,91,122
9/25/2026,12:10:22 AM,91,122
9/25/2026,12:10:23 AM,91,122
9/25/2026,12:10:24 AM,91,122
9/25/2026,12:10:25 AM,91,122
9/25/2026,12:10:26 AM,91,122
9/25/2026,12:10:27 AM,91,122
9/25/2026,12:10:28 AM,92,122
9/25/2026,12:10:29 AM,92,122
9/25/2026,12:10:30 AM,92,122
9/25/2026,12:10:31 AM,92,122
9/25/2026,12:10:32 AM,92,122
9/25/2026,12:10:33 AM,92,122
9/25/2026,12:10:34 AM,92,122
9/25/2026,12:10:35 AM,92,122
9/25/2026,12:10:36 AM,92,122
9/25/2026,12:10:37 AM,92,122
9/25/2026,12:10:38 AM,92,122
9/25/2026,12:10:39 AM,92,122
9/25/2026,12:10:40 AM,92,122
9/25/2026,12:10:41 AM,92,122
9/25/2026,12:10:42 AM,92,122
9/25/2026,12:10:43 AM,92,122
9/25/2026,12:10:44 AM,92,122
9/25/2026,12:10:45 AM,92,122
9/25/2026,12:10:46 AM,92,122
9/25/2026,12:10:47 AM,92,122
9/25/2026,12:10:48 AM,92,122
9/25/2026,12:10:49 AM,93,122
9/25/2026,12:10:50 AM,93,122
9/25/2026,12:10:51 AM,92,122
9/25/2026,12:10:52 AM,92,122
9/25/2026,12:10:53 AM,92,122
9/25/2026,12:10:54 AM,92,122
9/25/2026,12:10:55 AM,92,123
9/25/2026,12:10:56 AM,92,123
9/25/2026,12:10:57 AM,92,123
9/25/2026,12:10:58 AM,91,123
9/25/2026,12:10:59 AM,92,123
9/25/2026,12:11:00 AM,92,123
9/25/2026,12:11:01 AM,92,123
9/25/2026,12:11:02 AM,92,123
9/25/2026,12:11:03 AM,92,123
9/25/2026,12:11:04 AM,92,123
9/25/2026,12:11:05 AM,92,123
9/25/2026,12:11:06 AM,92,123
9/25/2026,12:11:07 AM,91,123
9/25/2026,12:11:08 AM,91,123
9/25/2026,12:11:09 AM,91,123
9/25/2026,12:11:10 AM,91,123
9/25/2026,12:11:11 AM,91,123
9/25/2026,12:11:12 AM,91,123
9/25/2026,12:11:13 AM,91,123
9/25/2026,12:11:14 AM,91,123
9/25/2026,12:11:15 AM,91,123
9/25/2026,12:11:16 AM,91,123
9/25/2026,12:11:17 AM,91,123
9/25/2026,12:11:18 AM,91,123
9/25/2026,12:11:19 AM,91,123
9/25/2026,12:11:20 AM,91,123
9/25/2026,12:11:21 AM,91,123
9/25/2026,12:11:22 AM,91,123
9/25/2026,12:11:23 AM,91,123
9/25/2026,12:11:24 AM,91,123
9/25/2026,12:11:25 AM,91,123
9/25/2026,12:11:26 AM,91,122
9/25/2026,12:11:27 AM,91,122
9/25/2026,12:11:28 AM,91,122
9/25/2026,12:11:29 AM,91,122
9/25/2026,12:11:30 AM,91,122
9/25/2026,12:11:31 AM,91,122
9/25/2026,12:11:32 AM,91,122
9/25/2026,12:11:33 AM,91,122
9/25/2026,12:11:34 AM,91,122
9/25/2026,12:11:35 AM,91,122
9/25/2026,12:11:36 AM,91,119
9/25/2026,12:11:37 AM,91,119
9/25/2026,12:11:38 AM,91,119
9/25/2026,12:11:39 AM,91,119
9/25/2026,12:11:40 AM,91,119
9/25/2026,12:11:41 AM,91,119
9/25/2026,12:11:42 AM,92,119
9/25/2026,12:11:43 AM,92,119
9/25/2026,12:11:44 AM,92,119
9/25/2026,12:11:45 AM,92,119
9/25/2026,12:11:46 AM,92,119
9/25/2026,12:11:47 AM,93,119
9/25/2026,12:11:48 AM,93,119
9/25/2026,12:11:49 AM,93,119
9/25/2026,12:11:50 AM,93,119
9/25/2026,12:11:51 AM,93,119
9/25/2026,12:11:52 AM,93,119
9/25/2026,12:11:53 AM,93,119
9/25/2026,12:11:54 AM,93,119
9/25/2026,12:11:55 AM,93,119
9/25/2026,12:11:56 AM,93,119
9/25/2026,12:11:57 AM,93,119
9/25/2026,12:11:58 AM,93,119
9/25/2026,12:11:59 AM,93,119
9/25/2026,12:12:00 AM,93,119
9/25/2026,12:12:01 AM,93,116
9/25/2026,12:12:02 AM,93,116
9/25/2026,12:12:03 AM,93,116
9/25/2026,12:12:04 AM,93,116
9/25/2026,12:12:05 AM,93,116
9/25/2026,12:12:06 AM,93,116
9/25/2026,12:12:07 AM,93,116
9/25/2026,12:12:08 AM,93,116
9/25/2026,12:12:09 AM,93,116
9/25/2026,12:12:10 AM,93,116
9/25/2026,12:12:11 AM,93,116
9/25/2026,12:12:12 AM,94,116
9/25/2026,12:12:13 AM,94,116
9/25/2026,12:12:14 AM,94,116
9/25/2026,12:12:15 AM,94,116
9/25/2026,12:12:16 AM,94,116
9/25/2026,12:12:17 AM,94,116
9/25/2026,12:12:18 AM,94,116
9/25/2026,12:12:19 AM,94,116
9/25/2026,12:12:20 AM,94,116
9/25/2026,12:12:21 AM,94,116
9/25/2026,12:12:22 AM,94,116
9/25/2026,12:12:23 AM,94,116
9/25/2026,12:12:24 AM,94,116
9/25/2026,12:12:25 AM,94,116
9/25/2026,12:12:26 AM,94,116
9/25/2026,12:12:27 AM,94,116
9/25/2026,12:12:28 AM,94,116
9/25/2026,12:12:29 AM,94,116
9/25/2026,12:12:30 AM,94,116
9/25/2026,12:12:31 AM,94,116
9/25/2026,12:12:32 AM,94,116
9/25/2026,12:12:33 AM,92,116
9/25/2026,12:12:34 AM,92,116
9/25/2026,12:12:35 AM,92,116
9/25/2026,12:12:36 AM,92,116
9/25/2026,12:12:37 AM,92,116
9/25/2026,12:12:38 AM,92,116
9/25/2026,12:12:39 AM,92,116
9/25/2026,12:12:40 AM,92,116
9/25/2026,12:12:41 AM,92,116
9/25/2026,12:12:42 AM,92,116
9/25/2026,12:12:43 AM,92,116
9/25/2026,12:12:44 AM,92,116
9/25/2026,12:12:45 AM,92,116
9/25/2026,12:12:46 AM,92,116
9/25/2026,12:12:47 AM,92,116
9/25/2026,12:12:48 AM,92,116
9/25/2026,12:12:49 AM,92,116
9/25/2026,12:12:50 AM,92,116
9/25/2026,12:12:51 AM,92,116
9/25/2026,12:12:52 AM,92,116
9/25/2026,12:12:53 AM,92,116
9/25/2026,12:12:54 AM,92,116
9/25/2026,12:12:55 AM,92,116
9/25/2026,12:12:56 AM,92,116
9/25/2026,12:12:57 AM,92,116
9/25/2026,12:12:58 AM,92,116
9/25/2026,12:12:59 AM,92,116
9/25/2026,12:13:00 AM,92,115
9/25/2026,12:13:01 AM,92,115
9/25/2026,12:13:02 AM,92,115
9/25/2026,12:13:03 AM,92,115
9/25/2026,12:13:04 AM,92,115
9/25/2026,12:13:05 AM,92,115
9/25/2026,12:13:06 AM,92,115
9/25/2026,12:13:07 AM,92,115
9/25/2026,12:13:08 AM,92,115
9/25/2026,12:13:09 AM,92,115
9/25/2026,12:13:10 AM,92,115
9/25/2026,12:13:11 AM,92,115
9/25/2026,12:13:12 AM,92,115
9/25/2026,12:13:13 AM,92,115
9/25/2026,12:13:14 AM,92,115
9/25/2026,12:13:15 AM,92,115
9/25/2026,12:13:16 AM,92,115
9/25/2026,12:13:17 AM,93,115
9/25/2026,12:13:18 AM,93,114
9/25/2026,12:13:19 AM,93,114
9/25/2026,12:13:20 AM,92,114
9/25/2026,12:13:21 AM,92,114
9/25/2026,12:13:22 AM,92,114
9/25/2026,12:13:23 AM,92,114
9/25/2026,12:13:24 AM,92,114
9/25/2026,12:13:25 AM,92,114
9/25/2026,12:13:26 AM,92,114
9/25/2026,12:13:27 AM,93,114
9/25/2026,12:13:28 AM,93,114
9/25/2026,12:13:29 AM,93,114
9/25/2026,12:13:30 AM,94,114
9/25/2026,12:13:31 AM,94,114
9/25/2026,12:13:32 AM,94,114
9/25/2026,12:13:33 AM,94,114
9/25/2026,12:13:34 AM,94,114
9/25/2026,12:13:35 AM,94,114
9/25/2026,12:13:36 AM,94,114
9/25/2026,12:13:37 AM,94,114
9/25/2026,12:13:38 AM,94,114
9/25/2026,12:13:39 AM,94,114
9/25/2026,12:13:40 AM,94,114
9/25/2026,12:13:41 AM,94,114
9/25/2026,12:13:42 AM,95,114
9/25/2026,12:13:43 AM,95,114
9/25/2026,12:13:44 AM,95,114
9/25/2026,12:13:45 AM,95,114
9/25/2026,12:13:46 AM,95,114
9/25/2026,12:13:47 AM,95,114
9/25/2026,12:13:48 AM,95,114
9/25/2026,12:13:49 AM,95,114
9/25/2026,12:13:50 AM,95,114
9/25/2026,12:13:51 AM,95,114
9/25/2026,12:13:52 AM,95,114
9/25/2026,12:13:53 AM,95,114
9/25/2026,12:13:54 AM,95,114
9/25/2026,12:13:55 AM,95,114
9/25/2026,12:13:56 AM,95,114
9/25/2026,12:13:57 AM,95,114
9/25/2026,12:13:58 AM,95,114
9/25/2026,12:13:59 AM,95,114
9/25/2026,12:14:00 AM,95,114
9/25/2026,12:14:01 AM,95,114
9/25/2026,12:14:02 AM,95,114
9/25/2026,12:14:03 AM,95,114
9/25/2026,12:14:04 AM,95,114
9/25/2026,12:14:05 AM,95,113
9/25/2026,12:14:06 AM,95,113
9/25/2026,12:14:07 AM,95,113
9/25/2026,12:14:08 AM,95,113
9/25/2026,12:14:09 AM,95,113
9/25/2026,12:14:10 AM,95,113
9/25/2026,12:14:11 AM,95,113
9/25/2026,12:14:12 AM,95,113
9/25/2026,12:14:13 AM,95,113
9/25/2026,12:14:14 AM,95,113
9/25/2026,12:14:15 AM,94,113
9/25/2026,12:14:16 AM,94,113
9/25/2026,12:14:17 AM,95,113
9/25/2026,12:14:18 AM,95,113
9/25/2026,12:14:19 AM,95,113
9/25/2026,12:14:20 AM,95,113
9/25/2026,12:14:21 AM,95,113
9/25/2026,12:14:22 AM,96,113
9/25/2026,12:14:23 AM,96,107
9/25/2026,12:14:24 AM,96,107
9/25/2026,12:14:25 AM,96,107
9/25/2026,12:14:26 AM,96,107
9/25/2026,12:14:27 AM,97,107
9/25/2026,12:14:28 AM,97,107
9/25/2026,12:14:29 AM,97,107
9/25/2026,12:14:30 AM,98,107
9/25/2026,12:14:31 AM,98,107
9/25/2026,12:14:32 AM,98,107
9/25/2026,12:14:33 AM,98,107
9/25/2026,12:14:34 AM,98,102
9/25/2026,12:14:35 AM,98,102
9/25/2026,12:14:36 AM,98,102
9/25/2026,12:14:37 AM,98,97
9/25/2026,12:14:38 AM,98,97
9/25/2026,12:14:39 AM,98,97
9/25/2026,12:14:40 AM,98,97
9/25/2026,12:14:41 AM,98,93
9/25/2026,12:14:42 AM,98,93
9/25/2026,12:14:43 AM,98,90
9/25/2026,12:14:44 AM,98,90
9/25/2026,12:14:45 AM,98,90
9/25/2026,12:14:46 AM,98,87
9/25/2026,12:14:47 AM,98,87
9/25/2026,12:14:48 AM,98,87
9/25/2026,12:14:49 AM,98,87
9/25/2026,12:14:50 AM,98,87
9/25/2026,12:14:51 AM,98,87
9/25/2026,12:14:52 AM,98,87
9/25/2026,12:14:53 AM,98,87
9/25/2026,12:14:54 AM,98,87
9/25/2026,12:14:55 AM,98,87
9/25/2026,12:14:56 AM,98,87
9/25/2026,12:14:57 AM,98,84
9/25/2026,12:14:58 AM,98,84
9/25/2026,12:14:59 AM,98,84
9/25/2026,12:15:00 AM,98,84
9/25/2026,12:15:01 AM,98,84
9/25/2026,12:15:02 AM,98,84
9/25/2026,12:15:03 AM,98,84
9/25/2026,12:15:04 AM,98,84
9/25/2026,12:15:05 AM,98,84
9/25/2026,12:15:06 AM,97,84
9/25/2026,12:15:07 AM,97,81
9/25/2026,12:15:08 AM,97,81
9/25/2026,12:15:09 AM,97,81
9/25/2026,12:15:10 AM,97,81
9/25/2026,12:15:11 AM,97,81
9/25/2026,12:15:12 AM,96,81
9/25/2026,12:15:13 AM,96,81
9/25/2026,12:15:14 AM,96,81
9/25/2026,12:15:15 AM,96,81
9/25/2026,12:15:16 AM,96,81
9/25/2026,12:15:17 AM,96,81
9/25/2026,12:15:18 AM,96,81
9/25/2026,12:15:19 AM,96,81
9/25/2026,12:15:20 AM,96,81
9/25/2026,12:15:21 AM,96,81
9/25/2026,12:15:22 AM,96,80
9/25/2026,12:15:23 AM,96,80
9/25/2026,12:15:24 AM,96,79
9/25/2026,12:15:25 AM,96,79
9/25/2026,12:15:26 AM,95,79
9/25/2026,12:15:27 AM,95,79
9/25/2026,12:15:28 AM,95,79
9/25/2026,12:15:29 AM,95,79
9/25/2026,12:15:30 AM,95,79
9/25/2026,12:15:31 AM,96,79
9/25/2026,12:15:32 AM,96,78
9/25/2026,12:15:33 AM,96,78
9/25/2026,12:15:34 AM,96,78
9/25/2026,12:15:35 AM,96,78
9/25/2026,12:15:36 AM,96,77
9/25/2026,12:15:37 AM,96,77
9/25/2026,12:15:38 AM,96,77
9/25/2026,12:15:39 AM,96,77
9/25/2026,12:15:40 AM,97,77
9/25/2026,12:15:41 AM,97,77
9/25/2026,12:15:42 AM,97,77
9/25/2026,12:15:43 AM,97,77
9/25/2026,12:15:44 AM,97,77
9/25/2026,12:15:45 AM,97,77
9/25/2026,12:15:46 AM,97,76
9/25/2026,12:15:47 AM,97,75
9/25/2026,12:15:48 AM,97,75
9/25/2026,12:15:49 AM,97,75
9/25/2026,12:15:50 AM,97,75
9/25/2026,12:15:51 AM,97,75
9/25/2026,12:15:52 AM,97,75
9/25/2026,12:15:53 AM,97,75
9/25/2026,12:15:54 AM,98,75
9/25/2026,12:15:55 AM,98,75
9/25/2026,12:15:56 AM,98,75
9/25/2026,12:15:57 AM,98,74
9/25/2026,12:15:58 AM,98,74
9/25/2026,12:15:59 AM,98,74
9/25/2026,12:16:00 AM,98,74
9/25/2026,12:16:01 AM,98,74
9/25/2026,12:16:02 AM,98,74
9/25/2026,12:16:03 AM,98,75
9/25/2026,12:16:04 AM,98,75
9/25/2026,12:16:05 AM,98,75
9/25/2026,12:16:06 AM,98,75
9/25/2026,12:16:07 AM,98,75
9/25/2026,12:16:08 AM,98,75
9/25/2026,12:16:09 AM,98,75
9/25/2026,12:16:10 AM,98,75
9/25/2026,12:16:11 AM,98,75
9/25/2026,12:16:12 AM,98,75
9/25/2026,12:16:13 AM,98,75
9/25/2026,12:16:14 AM,98,75
9/25/2026,12:16:15 AM,98,75
9/25/2026,12:16:16 AM,98,75
9/25/2026,12:16:17 AM,97,75
9/25/2026,12:16:18 AM,97,75
9/25/2026,12:16:19 AM,97,75
9/25/2026,12:16:20 AM,97,75
9/25/2026,12:16:21 AM,97,76
9/25/2026,12:16:22 AM,97,76
9/25/2026,12:16:23 AM,97,76
9/25/2026,12:16:24 AM,97,76
9/25/2026,12:16:25 AM,97,76
9/25/2026,12:16:26 AM,98,76
9/25/2026,12:16:27 AM,98,74
9/25/2026,12:16:28 AM,98,74
9/25/2026,12:16:29 AM,98,73
9/25/2026,12:16:30 AM,98,73
9/25/2026,12:16:31 AM,98,72
9/25/2026,12:16:32 AM,98,72
9/25/2026,12:16:33 AM,98,73
9/25/2026,12:16:34 AM,98,73
9/25/2026,12:16:35 AM,98,73
9/25/2026,12:16:36 AM,98,73
9/25/2026,12:16:37 AM,97,73
9/25/2026,12:16:38 AM,97,73
9/25/2026,12:16:39 AM,97,73
9/25/2026,12:16:40 AM,97,73
9/25/2026,12:16:41 AM,97,73
9/25/2026,12:16:42 AM,97,73
9/25/2026,12:16:43 AM,97,73
9/25/2026,12:16:44 AM,97,73
9/25/2026,12:16:45 AM,97,73
9/25/2026,12:16:46 AM,97,73
9/25/2026,12:16:47 AM,97,73
9/25/2026,12:16:48 AM,96,73
9/25/2026,12:16:49 AM,96,73
9/25/2026,12:16:50 AM,96,73
9/25/2026,12:16:51 AM,96,73
9/25/2026,12:16:52 AM,96,74
9/25/2026,12:16:53 AM,96,74
9/25/2026,12:16:54 AM,96,74
9/25/2026,12:16:55 AM,96,74
9/25/2026,12:16:56 AM,96,74
9/25/2026,12:16:57 AM,96,74
9/25/2026,12:16:58 AM,96,74
9/25/2026,12:16:59 AM,96,74
9/25/2026,12:17:00 AM,96,74
9/25/2026,12:17:01 AM,96,74
9/25/2026,12:17:02 AM,96,74
9/25/2026,12:17:03 AM,96,74
9/25/2026,12:17:04 AM,96,74
9/25/2026,12:17:05 AM,96,74
9/25/2026,12:17:06 AM,96,74
9/25/2026,12:17:07 AM,96,74
9/25/2026,12:17:08 AM,95,74
9/25/2026,12:17:09 AM,96,74
9/25/2026,12:17:10 AM,96,74
9/25/2026,12:17:11 AM,96,74
9/25/2026,12:17:12 AM,96,74
9/25/2026,12:17:13 AM,96,73
9/25/2026,12:17:14 AM,96,73
9/25/2026,12:17:15 AM,96,73
9/25/2026,12:17:16 AM,96,73
9/25/2026,12:17:17 AM,95,73
9/25/2026,12:17:18 AM,95,73
9/25/2026,12:17:19 AM,95,73
9/25/2026,12:17:20 AM,95,73
9/25/2026,12:17:21 AM,95,73
9/25/2026,12:17:22 AM,95,73
9/25/2026,12:17:23 AM,95,73
9/25/2026,12:17:24 AM,95,73
9/25/2026,12:17:25 AM,95,73
9/25/2026,12:17:26 AM,95,73
9/25/2026,12:17:27 AM,95,72
9/25/2026,12:17:28 AM,95,72
9/25/2026,12:17:29 AM,95,72
9/25/2026,12:17:30 AM,95,72
9/25/2026,12:17:31 AM,95,72
9/25/2026,12:17:32 AM,95,72
9/25/2026,12:17:33 AM,96,72
9/25/2026,12:17:34 AM,96,71
9/25/2026,12:17:35 AM,96,71
9/25/2026,12:17:36 AM,96,71
9/25/2026,12:17:37 AM,96,71
9/25/2026,12:17:38 AM,96,70
9/25/2026,12:17:39 AM,96,70
9/25/2026,12:17:40 AM,96,70
9/25/2026,12:17:41 AM,96,70
9/25/2026,12:17:42 AM,96,70
9/25/2026,12:17:43 AM,96,70
9/25/2026,12:17:44 AM,96,70
9/25/2026,12:17:45 AM,96,70
9/25/2026,12:17:46 AM,96,70
9/25/2026,12:17:47 AM,96,70
9/25/2026,12:17:48 AM,96,70
9/25/2026,12:17:49 AM,96,70
9/25/2026,12:17:50 AM,96,70
9/25/2026,12:17:51 AM,96,69
9/25/2026,12:17:52 AM,96,69
9/25/2026,12:17:53 AM,96,69
9/25/2026,12:17:54 AM,96,69
9/25/2026,12:17:55 AM,96,69
9/25/2026,12:17:56 AM,97,69
9/25/2026,12:17:57 AM,97,69
9/25/2026,12:17:58 AM,97,69
9/25/2026,12:17:59 AM,98,69
9/25/2026,12:18:00 AM,97,70
9/25/2026,12:18:01 AM,97,69
9/25/2026,12:18:02 AM,98,70
9/25/2026,12:18:03 AM,98,70
9/25/2026,12:18:04 AM,98,70
9/25/2026,12:18:05 AM,98,70
9/25/2026,12:18:06 AM,98,70
9/25/2026,12:18:07 AM,97,70
9/25/2026,12:18:08 AM,97,70
9/25/2026,12:18:09 AM,97,70
9/25/2026,12:18:10 AM,97,70
9/25/2026,12:18:11 AM,97,70
9/25/2026,12:18:12 AM,97,70
9/25/2026,12:18:13 AM,97,70
9/25/2026,12:18:14 AM,97,70
9/25/2026,12:18:15 AM,97,70
9/25/2026,12:18:16 AM,97,71
9/25/2026,12:18:17 AM,97,71
9/25/2026,12:18:18 AM,97,71
9/25/2026,12:18:19 AM,97,72
9/25/2026,12:18:20 AM,97,72
9/25/2026,12:18:21 AM,97,72
9/25/2026,12:18:22 AM,97,72
9/25/2026,12:18:23 AM,97,72
9/25/2026,12:18:24 AM,97,72
9/25/2026,12:18:25 AM,97,72
9/25/2026,12:18:26 AM,97,72
9/25/2026,12:18:27 AM,97,72
9/25/2026,12:18:28 AM,97,73
9/25/2026,12:18:29 AM,97,74
9/25/2026,12:18:30 AM,97,74
9/25/2026,12:18:31 AM,97,74
9/25/2026,12:18:32 AM,97,74
9/25/2026,12:18:33 AM,97,74
9/25/2026,12:18:34 AM,97,74
9/25/2026,12:18:35 AM,97,74
9/25/2026,12:18:36 AM,97,74
9/25/2026,12:18:37 AM,97,74
9/25/2026,12:18:38 AM,97,74
9/25/2026,12:18:39 AM,97,74
9/25/2026,12:18:40 AM,97,74
9/25/2026,12:18:41 AM,97,73
9/25/2026,12:18:42 AM,97,73
9/25/2026,12:18:43 AM,97,73
9/25/2026,12:18:44 AM,97,73
9/25/2026,12:18:45 AM,97,73
9/25/2026,12:18:46 AM,97,73
9/25/2026,12:18:47 AM,97,73
9/25/2026,12:18:48 AM,97,72
9/25/2026,12:18:49 AM,97,73
9/25/2026,12:18:50 AM,97,73
9/25/2026,12:18:51 AM,97,73
9/25/2026,12:18:52 AM,97,73
9/25/2026,12:18:53 AM,97,73
9/25/2026,12:18:54 AM,97,74
9/25/2026,12:18:55 AM,97,74
9/25/2026,12:18:56 AM,97,74
9/25/2026,12:18:57 AM,97,74
9/25/2026,12:18:58 AM,97,74
9/25/2026,12:18:59 AM,97,73
9/25/2026,12:19:00 AM,97,73
9/25/2026,12:19:01 AM,97,73
9/25/2026,12:19:02 AM,97,73
9/25/2026,12:19:03 AM,97,73
9/25/2026,12:19:04 AM,97,73
9/25/2026,12:19:05 AM,97,73
9/25/2026,12:19:06 AM,96,73
9/25/2026,12:19:07 AM,96,73
9/25/2026,12:19:08 AM,96,73
9/25/2026,12:19:09 AM,96,73
9/25/2026,12:19:10 AM,96,73
9/25/2026,12:19:11 AM,96,73
9/25/2026,12:19:12 AM,96,73
9/25/2026,12:19:13 AM,96,73
9/25/2026,12:19:14 AM,96,73
9/25/2026,12:19:15 AM,95,73
9/25/2026,12:19:16 AM,95,74
9/25/2026,12:19:17 AM,95,74
9/25/2026,12:19:18 AM,95,73
9/25/2026,12:19:19 AM,95,74
9/25/2026,12:19:20 AM,95,74
9/25/2026,12:19:21 AM,94,74
9/25/2026,12:19:22 AM,94,74
9/25/2026,12:19:23 AM,94,74
9/25/2026,12:19:24 AM,94,74
9/25/2026,12:19:25 AM,94,74
9/25/2026,12:19:26 AM,95,74
9/25/2026,12:19:27 AM,95,74
9/25/2026,12:19:28 AM,95,73
9/25/2026,12:19:29 AM,95,73
9/25/2026,12:19:30 AM,95,73
9/25/2026,12:19:31 AM,95,73
9/25/2026,12:19:32 AM,96,73
9/25/2026,12:19:33 AM,96,73
9/25/2026,12:19:34 AM,96,73
9/25/2026,12:19:35 AM,96,72
9/25/2026,12:19:36 AM,96,72
9/25/2026,12:19:37 AM,96,72
9/25/2026,12:19:38 AM,96,72
9/25/2026,12:19:39 AM,96,72
9/25/2026,12:19:40 AM,96,72
9/25/2026,12:19:41 AM,96,72
9/25/2026,12:19:42 AM,96,73
9/25/2026,12:19:43 AM,96,73
9/25/2026,12:19:44 AM,96,73
9/25/2026,12:19:45 AM,95,73
9/25/2026,12:19:46 AM,95,73
9/25/2026,12:19:47 AM,95,73
9/25/2026,12:19:48 AM,95,73
9/25/2026,12:19:49 AM,95,73
9/25/2026,12:19:50 AM,95,73
9/25/2026,12:19:51 AM,94,72
9/25/2026,12:19:52 AM,94,73
9/25/2026,12:19:53 AM,94,72
9/25/2026,12:19:54 AM,94,72
9/25/2026,12:19:55 AM,94,72
9/25/2026,12:19:56 AM,93,72
9/25/2026,12:19:57 AM,93,72
9/25/2026,12:19:58 AM,93,73
9/25/2026,12:19:59 AM,93,73
9/25/2026,12:20:00 AM,93,73
9/25/2026,12:20:01 AM,93,73
9/25/2026,12:20:02 AM,93,73
9/25/2026,12:20:03 AM,94,74
9/25/2026,12:20:04 AM,94,74
9/25/2026,12:20:05 AM,94,74
9/25/2026,12:20:06 AM,94,74
9/25/2026,12:20:07 AM,95,74
9/25/2026,12:20:08 AM,95,74
9/25/2026,12:20:09 AM,95,74
9/25/2026,12:20:10 AM,96,73
9/25/2026,12:20:11 AM,96,73
9/25/2026,12:20:12 AM,96,73
9/25/2026,12:20:13 AM,96,73
9/25/2026,12:20:14 AM,96,72
9/25/2026,12:20:15 AM,95,72
9/25/2026,12:20:16 AM,95,72
9/25/2026,12:20:17 AM,95,72
9/25/2026,12:20:18 AM,95,72
9/25/2026,12:20:19 AM,95,72
9/25/2026,12:20:20 AM,95,72
9/25/2026,12:20:21 AM,95,72
9/25/2026,12:20:22 AM,95,73
9/25/2026,12:20:23 AM,95,73
9/25/2026,12:20:24 AM,94,74
9/25/2026,12:20:25 AM,94,75
9/25/2026,12:20:26 AM,94,75
9/25/2026,12:20:27 AM,94,76
9/25/2026,12:20:28 AM,94,76
9/25/2026,12:20:29 AM,94,76
9/25/2026,12:20:30 AM,94,76
9/25/2026,12:20:31 AM,94,76
9/25/2026,12:20:32 AM,94,76
9/25/2026,12:20:33 AM,94,75
9/25/2026,12:20:34 AM,94,75
9/25/2026,12:20:35 AM,94,75
9/25/2026,12:20:36 AM,94,75
9/25/2026,12:20:37 AM,94,75
9/25/2026,12:20:38 AM,94,75
9/25/2026,12:20:39 AM,94,75
9/25/2026,12:20:40 AM,93,75
9/25/2026,12:20:41 AM,93,75
9/25/2026,12:20:42 AM,93,76
9/25/2026,12:20:43 AM,93,76
9/25/2026,12:20:44 AM,94,76
9/25/2026,12:20:45 AM,94,76
9/25/2026,12:20:46 AM,94,76
9/25/2026,12:20:47 AM,94,76
9/25/2026,12:20:48 AM,95,76
9/25/2026,12:20:49 AM,95,77
9/25/2026,12:20:50 AM,95,76
9/25/2026,12:20:51 AM,95,76
9/25/2026,12:20:52 AM,95,76
9/25/2026,12:20:53 AM,95,76
9/25/2026,12:20:54 AM,94,76
9/25/2026,12:20:55 AM,94,76
9/25/2026,12:20:56 AM,94,76
9/25/2026,12:20:57 AM,94,76
9/25/2026,12:20:58 AM,93,77
9/25/2026,12:20:59 AM,93,77
9/25/2026,12:21:00 AM,92,77
9/25/2026,12:21:01 AM,92,78
9/25/2026,12:21:02 AM,92,78
9/25/2026,12:21:03 AM,92,78
9/25/2026,12:21:04 AM,91,78
9/25/2026,12:21:05 AM,91,78
9/25/2026,12:21:06 AM,91,77
9/25/2026,12:21:07 AM,91,77
9/25/2026,12:21:08 AM,90,77
9/25/2026,12:21:09 AM,90,77
9/25/2026,12:21:10 AM,90,77
9/25/2026,12:21:11 AM,90,77
9/25/2026,12:21:12 AM,90,77
9/25/2026,12:21:13 AM,91,77
9/25/2026,12:21:14 AM,91,77
9/25/2026,12:21:15 AM,92,77
9/25/2026,12:21:16 AM,92,77
9/25/2026,12:21:17 AM,92,77
9/25/2026,12:21:18 AM,92,77
9/25/2026,12:21:19 AM,92,77
9/25/2026,12:21:20 AM,92,77
9/25/2026,12:21:21 AM,91,78
9/25/2026,12:21:22 AM,91,78
9/25/2026,12:21:23 AM,91,78
9/25/2026,12:21:24 AM,91,78
9/25/2026,12:21:25 AM,91,78
9/25/2026,12:21:26 AM,91,78
9/25/2026,12:21:27 AM,91,78
9/25/2026,12:21:28 AM,91,78
9/25/2026,12:21:29 AM,91,78
9/25/2026,12:21:30 AM,91,78
9/25/2026,12:21:31 AM,91,77
9/25/2026,12:21:32 AM,91,77
9/25/2026,12:21:33 AM,91,77
9/25/2026,12:21:34 AM,91,77
9/25/2026,12:21:35 AM,91,77
9/25/2026,12:21:36 AM,91,78
9/25/2026,12:21:37 AM,91,77
9/25/2026,12:21:38 AM,92,78
9/25/2026,12:21:39 AM,92,78
9/25/2026,12:21:40 AM,92,77
9/25/2026,12:21:41 AM,93,77
9/25/2026,12:21:42 AM,93,77
9/25/2026,12:21:43 AM,93,77
9/25/2026,12:21:44 AM,94,77
9/25/2026,12:21:45 AM,94,77
9/25/2026,12:21:46 AM,94,77
9/25/2026,12:21:47 AM,94,76
9/25/2026,12:21:48 AM,94,76
9/25/2026,12:21:49 AM,94,76
9/25/2026,12:21:50 AM,94,76
9/25/2026,12:21:51 AM,94,75
9/25/2026,12:21:52 AM,94,75
9/25/2026,12:21:53 AM,93,75
9/25/2026,12:21:54 AM,93,75
9/25/2026,12:21:55 AM,93,75
9/25/2026,12:21:56 AM,92,75
9/25/2026,12:21:57 AM,92,75
9/25/2026,12:21:58 AM,92,75
9/25/2026,12:21:59 AM,92,75
9/25/2026,12:22:00 AM,91,75
9/25/2026,12:22:01 AM,91,75
9/25/2026,12:22:02 AM,90,75
9/25/2026,12:22:03 AM,90,74
9/25/2026,12:22:04 AM,90,74
9/25/2026,12:22:05 AM,89,74
9/25/2026,12:22:06 AM,89,74
9/25/2026,12:22:07 AM,89,74
9/25/2026,12:22:08 AM,88,74
9/25/2026,12:22:09 AM,88,74
9/25/2026,12:22:10 AM,88,74
9/25/2026,12:22:11 AM,87,75
9/25/2026,12:22:12 AM,87,75
9/25/2026,12:22:13 AM,87,75
9/25/2026,12:22:14 AM,86,76
9/25/2026,12:22:15 AM,86,77
9/25/2026,12:22:16 AM,86,76
9/25/2026,12:22:17 AM,86,77
9/25/2026,12:22:18 AM,86,77
9/25/2026,12:22:19 AM,86,77
9/25/2026,12:22:20 AM,86,77
9/25/2026,12:22:21 AM,86,78
9/25/2026,12:22:22 AM,87,78
9/25/2026,12:22:23 AM,87,78
9/25/2026,12:22:24 AM,87,77
9/25/2026,12:22:25 AM,88,77
9/25/2026,12:22:26 AM,90,77
9/25/2026,12:22:27 AM,91,76
9/25/2026,12:22:28 AM,93,76
9/25/2026,12:22:29 AM,95,75
9/25/2026,12:22:30 AM,95,75
9/25/2026,12:22:31 AM,96,75
9/25/2026,12:22:32 AM,96,75
9/25/2026,12:22:33 AM,96,74
9/25/2026,12:22:34 AM,96,74
9/25/2026,12:22:35 AM,96,74
9/25/2026,12:22:36 AM,96,74
9/25/2026,12:22:37 AM,96,74
9/25/2026,12:22:38 AM,96,74
9/25/2026,12:22:39 AM,95,74
9/25/2026,12:22:40 AM,95,75
9/25/2026,12:22:41 AM,95,75
9/25/2026,12:22:42 AM,95,75
9/25/2026,12:22:43 AM,94,75
9/25/2026,12:22:44 AM,94,75
9/25/2026,12:22:45 AM,94,75
9/25/2026,12:22:46 AM,93,75
9/25/2026,12:22:47 AM,93,75
9/25/2026,12:22:48 AM,93,75
9/25/2026,12:22:49 AM,93,75
9/25/2026,12:22:50 AM,92,75
9/25/2026,12:22:51 AM,92,75
9/25/2026,12:22:52 AM,92,75
9/25/2026,12:22:53 AM,92,75
9/25/2026,12:22:54 AM,92,75
9/25/2026,12:22:55 AM,91,75
9/25/2026,12:22:56 AM,91,75
9/25/2026,12:22:57 AM,91,75
9/25/2026,12:22:58 AM,91,75
9/25/2026,12:22:59 AM,91,75
9/25/2026,12:23:00 AM,91,75
9/25/2026,12:23:01 AM,91,74
9/25/2026,12:23:02 AM,91,74
9/25/2026,12:23:03 AM,90,74
9/25/2026,12:23:04 AM,90,74
9/25/2026,12:23:05 AM,90,74
9/25/2026,12:23:06 AM,90,74
9/25/2026,12:23:07 AM,90,74
9/25/2026,12:23:08 AM,90,74
9/25/2026,12:23:09 AM,90,74
9/25/2026,12:23:10 AM,90,74
9/25/2026,12:23:11 AM,90,74
9/25/2026,12:23:12 AM,91,74
9/25/2026,12:23:13 AM,91,75
9/25/2026,12:23:14 AM,92,75
9/25/2026,12:23:15 AM,92,75
9/25/2026,12:23:16 AM,92,75
9/25/2026,12:23:17 AM,92,75
9/25/2026,12:23:18 AM,92,75
9/25/2026,12:23:19 AM,92,75
9/25/2026,12:23:20 AM,92,75
9/25/2026,12:23:21 AM,92,74
9/25/2026,12:23:22 AM,93,74
9/25/2026,12:23:23 AM,93,74
9/25/2026,12:23:24 AM,93,75
9/25/2026,12:23:25 AM,93,75
9/25/2026,12:23:26 AM,93,75
9/25/2026,12:23:27 AM,93,75
9/25/2026,12:23:28 AM,93,75
9/25/2026,12:23:29 AM,93,75
9/25/2026,12:23:30 AM,93,75
9/25/2026,12:23:31 AM,93,75
9/25/2026,12:23:32 AM,93,75
9/25/2026,12:23:33 AM,93,75
9/25/2026,12:23:34 AM,93,75
9/25/2026,12:23:35 AM,93,75
9/25/2026,12:23:36 AM,92,75
9/25/2026,12:23:37 AM,92,75
9/25/2026,12:23:38 AM,92,76
9/25/2026,12:23:39 AM,92,76
9/25/2026,12:23:40 AM,92,77
9/25/2026,12:23:41 AM,92,77
9/25/2026,12:23:42 AM,92,77
9/25/2026,12:23:43 AM,92,77
9/25/2026,12:23:44 AM,92,76
9/25/2026,12:23:45 AM,92,76
9/25/2026,12:23:46 AM,92,75
9/25/2026,12:23:47 AM,92,75
9/25/2026,12:23:48 AM,92,74
9/25/2026,12:23:49 AM,92,74
9/25/2026,12:23:50 AM,92,74
9/25/2026,12:23:51 AM,92,74
9/25/2026,12:23:52 AM,92,74
9/25/2026,12:23:53 AM,92,74
9/25/2026,12:23:54 AM,92,74
9/25/2026,12:23:55 AM,92,74
9/25/2026,12:23:56 AM,93,74
9/25/2026,12:23:57 AM,94,73
9/25/2026,12:23:58 AM,94,74
9/25/2026,12:23:59 AM,95,73
9/25/2026,12:24:00 AM,95,73
9/25/2026,12:24:01 AM,95,73
9/25/2026,12:24:02 AM,95,73
9/25/2026,12:24:03 AM,95,73
9/25/2026,12:24:04 AM,95,73
9/25/2026,12:24:05 AM,95,73
9/25/2026,12:24:06 AM,95,73
9/25/2026,12:24:07 AM,95,72
9/25/2026,12:24:08 AM,95,72
9/25/2026,12:24:09 AM,95,72
9/25/2026,12:24:10 AM,95,72
9/25/2026,12:24:11 AM,95,72
9/25/2026,12:24:12 AM,95,72
9/25/2026,12:24:13 AM,95,72
9/25/2026,12:24:14 AM,95,72
9/25/2026,12:24:15 AM,95,72
9/25/2026,12:24:16 AM,95,73
9/25/2026,12:24:17 AM,95,73
9/25/2026,12:24:18 AM,95,73
9/25/2026,12:24:19 AM,95,72
9/25/2026,12:24:20 AM,95,72
9/25/2026,12:24:21 AM,94,73
9/25/2026,12:24:22 AM,94,73
9/25/2026,12:24:23 AM,94,73
9/25/2026,12:24:24 AM,94,73
9/25/2026,12:24:25 AM,94,73
9/25/2026,12:24:26 AM,94,73
9/25/2026,12:24:27 AM,94,73
9/25/2026,12:24:28 AM,94,73
9/25/2026,12:24:29 AM,93,73
9/25/2026,12:24:30 AM,93,73
9/25/2026,12:24:31 AM,93,73
9/25/2026,12:24:32 AM,93,73
9/25/2026,12:24:33 AM,93,72
9/25/2026,12:24:34 AM,93,72
9/25/2026,12:24:35 AM,93,72
9/25/2026,12:24:36 AM,93,72
9/25/2026,12:24:37 AM,93,72
9/25/2026,12:24:38 AM,92,72
9/25/2026,12:24:39 AM,92,72
9/25/2026,12:24:40 AM,92,72
9/25/2026,12:24:41 AM,93,72
9/25/2026,12:24:42 AM,93,72
9/25/2026,12:24:43 AM,93,72
9/25/2026,12:24:44 AM,93,72
9/25/2026,12:24:45 AM,93,72
9/25/2026,12:24:46 AM,93,73
9/25/2026,12:24:47 AM,93,74
9/25/2026,12:24:48 AM,93,74
9/25/2026,12:24:49 AM,93,74
9/25/2026,12:24:50 AM,93,74
9/25/2026,12:24:51 AM,93,74
9/25/2026,12:24:52 AM,93,75
9/25/2026,12:24:53 AM,93,75
9/25/2026,12:24:54 AM,93,76
9/25/2026,12:24:55 AM,94,76
9/25/2026,12:24:56 AM,94,76
9/25/2026,12:24:57 AM,94,75
9/25/2026,12:24:58 AM,94,75
9/25/2026,12:24:59 AM,94,75
9/25/2026,12:25:00 AM,94,74
9/25/2026,12:25:01 AM,94,74
9/25/2026,12:25:02 AM,94,74
9/25/2026,12:25:03 AM,94,73
9/25/2026,12:25:04 AM,94,73
9/25/2026,12:25:05 AM,94,73
9/25/2026,12:25:06 AM,94,74
9/25/2026,12:25:07 AM,94,74
9/25/2026,12:25:08 AM,95,74
9/25/2026,12:25:09 AM,95,74
9/25/2026,12:25:10 AM,95,75
9/25/2026,12:25:11 AM,95,75
9/25/2026,12:25:12 AM,95,75
9/25/2026,12:25:13 AM,95,75
9/25/2026,12:25:14 AM,96,75
9/25/2026,12:25:15 AM,96,74
9/25/2026,12:25:16 AM,96,74
9/25/2026,12:25:17 AM,96,73
9/25/2026,12:25:18 AM,96,73
9/25/2026,12:25:19 AM,96,72
9/25/2026,12:25:20 AM,95,72
9/25/2026,12:25:21 AM,95,71
9/25/2026,12:25:22 AM,95,71
9/25/2026,12:25:23 AM,95,71
9/25/2026,12:25:24 AM,95,71
9/25/2026,12:25:25 AM,95,71
9/25/2026,12:25:26 AM,95,71
9/25/2026,12:25:27 AM,95,71
9/25/2026,12:25:28 AM,95,71
9/25/2026,12:25:29 AM,95,71
9/25/2026,12:25:30 AM,95,71
9/25/2026,12:25:31 AM,95,71
9/25/2026,12:25:32 AM,95,71
9/25/2026,12:25:33 AM,95,71
9/25/2026,12:25:34 AM,95,71
9/25/2026,12:25:35 AM,95,72
9/25/2026,12:25:36 AM,95,72
9/25/2026,12:25:37 AM,95,72
9/25/2026,12:25:38 AM,95,72
9/25/2026,12:25:39 AM,95,72
9/25/2026,12:25:40 AM,94,72
9/25/2026,12:25:41 AM,94,72
9/25/2026,12:25:42 AM,94,72
9/25/2026,12:25:43 AM,94,72
9/25/2026,12:25:44 AM,94,72
9/25/2026,12:25:45 AM,94,72
9/25/2026,12:25:46 AM,94,72
9/25/2026,12:25:47 AM,94,72
9/25/2026,12:25:48 AM,94,72
9/25/2026,12:25:49 AM,93,72
9/25/2026,12:25:50 AM,93,72
9/25/2026,12:25:51 AM,93,72
9/25/2026,12:25:52 AM,93,72
9/25/2026,12:25:53 AM,93,72
9/25/2026,12:25:54 AM,93,72
9/25/2026,12:25:55 AM,93,72
9/25/2026,12:25:56 AM,93,72
9/25/2026,12:25:57 AM,93,73
9/25/2026,12:25:58 AM,93,73
9/25/2026,12:25:59 AM,93,73
9/25/2026,12:26:00 AM,93,74
9/25/2026,12:26:01 AM,93,74
9/25/2026,12:26:02 AM,93,74
9/25/2026,12:26:03 AM,93,74
9/25/2026,12:26:04 AM,93,74
9/25/2026,12:26:05 AM,93,74
9/25/2026,12:26:06 AM,93,74
9/25/2026,12:26:07 AM,93,74
9/25/2026,12:26:08 AM,93,74
9/25/2026,12:26:09 AM,94,74
9/25/2026,12:26:10 AM,94,74
9/25/2026,12:26:11 AM,94,74
9/25/2026,12:26:12 AM,94,74
9/25/2026,12:26:13 AM,94,74
9/25/2026,12:26:14 AM,94,74
9/25/2026,12:26:15 AM,94,74
9/25/2026,12:26:16 AM,94,75
9/25/2026,12:26:17 AM,94,75
9/25/2026,12:26:18 AM,94,75
9/25/2026,12:26:19 AM,95,75
9/25/2026,12:26:20 AM,95,75
9/25/2026,12:26:21 AM,95,75
9/25/2026,12:26:22 AM,95,75
9/25/2026,12:26:23 AM,95,75
9/25/2026,12:26:24 AM,95,75
9/25/2026,12:26:25 AM,95,75
9/25/2026,12:26:26 AM,95,74
9/25/2026,12:26:27 AM,95,74
9/25/2026,12:26:28 AM,95,74
9/25/2026,12:26:29 AM,95,74
9/25/2026,12:26:30 AM,95,74
9/25/2026,12:26:31 AM,95,74
9/25/2026,12:26:32 AM,95,74
9/25/2026,12:26:33 AM,95,74
9/25/2026,12:26:34 AM,95,74
9/25/2026,12:26:35 AM,95,74
9/25/2026,12:26:36 AM,95,73
9/25/2026,12:26:37 AM,95,73
9/25/2026,12:26:38 AM,95,73
9/25/2026,12:26:39 AM,95,72
9/25/2026,12:26:40 AM,95,72
9/25/2026,12:26:41 AM,95,72
9/25/2026,12:26:42 AM,95,72
9/25/2026,12:26:43 AM,95,72
9/25/2026,12:26:44 AM,95,72
9/25/2026,12:26:45 AM,95,72
9/25/2026,12:26:46 AM,95,72
9/25/2026,12:26:47 AM,95,72
9/25/2026,12:26:48 AM,95,72
9/25/2026,12:26:49 AM,95,72
9/25/2026,12:26:50 AM,95,72
9/25/2026,12:26:51 AM,95,72
9/25/2026,12:26:52 AM,95,72
9/25/2026,12:26:53 AM,95,72
9/25/2026,12:26:54 AM,95,72
9/25/2026,12:26:55 AM,94,72
9/25/2026,12:26:56 AM,94,72
9/25/2026,12:26:57 AM,94,72
9/25/2026,12:26:58 AM,94,72
9/25/2026,12:26:59 AM,94,72
9/25/2026,12:27:00 AM,94,72
9/25/2026,12:27:01 AM,94,72
9/25/2026,12:27:02 AM,94,72
9/25/2026,12:27:03 AM,94,72
9/25/2026,12:27:04 AM,94,73
9/25/2026,12:27:05 AM,94,73
9/25/2026,12:27:06 AM,94,72
9/25/2026,12:27:07 AM,94,72
9/25/2026,12:27:08 AM,94,72
9/25/2026,12:27:09 AM,94,72
9/25/2026,12:27:10 AM,94,72
9/25/2026,12:27:11 AM,94,72
9/25/2026,12:27:12 AM,94,72
9/25/2026,12:27:13 AM,94,72
9/25/2026,12:27:14 AM,94,72
9/25/2026,12:27:15 AM,94,72
9/25/2026,12:27:16 AM,94,73
9/25/2026,12:27:17 AM,94,74
9/25/2026,12:27:18 AM,94,74
9/25/2026,12:27:19 AM,94,74
9/25/2026,12:27:20 AM,94,74
9/25/2026,12:27:21 AM,94,75
9/25/2026,12:27:22 AM,95,75
9/25/2026,12:27:23 AM,95,74
9/25/2026,12:27:24 AM,95,74
9/25/2026,12:27:25 AM,95,73
9/25/2026,12:27:26 AM,95,72
9/25/2026,12:27:27 AM,95,72
9/25/2026,12:27:28 AM,95,72
9/25/2026,12:27:29 AM,95,72
9/25/2026,12:27:30 AM,95,72
9/25/2026,12:27:31 AM,95,72
9/25/2026,12:27:32 AM,95,72
9/25/2026,12:27:33 AM,95,72
9/25/2026,12:27:34 AM,95,72
9/25/2026,12:27:35 AM,95,72
9/25/2026,12:27:36 AM,95,71
9/25/2026,12:27:37 AM,95,71
9/25/2026,12:27:38 AM,96,71
9/25/2026,12:27:39 AM,96,71
9/25/2026,12:27:40 AM,96,71
9/25/2026,12:27:41 AM,95,71
9/25/2026,12:27:42 AM,95,71
9/25/2026,12:27:43 AM,95,71
9/25/2026,12:27:44 AM,95,72
9/25/2026,12:27:45 AM,95,72
9/25/2026,12:27:46 AM,95,72
9/25/2026,12:27:47 AM,95,72
9/25/2026,12:27:48 AM,95,72
9/25/2026,12:27:49 AM,95,72
9/25/2026,12:27:50 AM,95,72
9/25/2026,12:27:51 AM,95,71
9/25/2026,12:27:52 AM,95,71
9/25/2026,12:27:53 AM,95,71
9/25/2026,12:27:54 AM,95,71
9/25/2026,12:27:55 AM,95,71
9/25/2026,12:27:56 AM,95,71
9/25/2026,12:27:57 AM,95,70
9/25/2026,12:27:58 AM,95,71
9/25/2026,12:27:59 AM,95,71
9/25/2026,12:28:00 AM,95,71
9/25/2026,12:28:01 AM,95,71
9/25/2026,12:28:02 AM,94,71
9/25/2026,12:28:03 AM,94,72
9/25/2026,12:28:04 AM,94,72
9/25/2026,12:28:05 AM,94,72
9/25/2026,12:28:06 AM,94,73
9/25/2026,12:28:07 AM,94,73
9/25/2026,12:28:08 AM,94,73
9/25/2026,12:28:09 AM,94,72
9/25/2026,12:28:10 AM,94,72
9/25/2026,12:28:11 AM,94,72
9/25/2026,12:28:12 AM,94,72
9/25/2026,12:28:13 AM,94,71
9/25/2026,12:28:14 AM,94,71
9/25/2026,12:28:15 AM,94,71
9/25/2026,12:28:16 AM,94,71
9/25/2026,12:28:17 AM,93,72
9/25/2026,12:28:18 AM,93,72
9/25/2026,12:28:19 AM,93,72
9/25/2026,12:28:20 AM,93,72
9/25/2026,12:28:21 AM,93,73
9/25/2026,12:28:22 AM,93,73
9/25/2026,12:28:23 AM,93,73
9/25/2026,12:28:24 AM,93,73
9/25/2026,12:28:25 AM,93,73
9/25/2026,12:28:26 AM,94,74
9/25/2026,12:28:27 AM,94,73
9/25/2026,12:28:28 AM,94,73
9/25/2026,12:28:29 AM,94,73
9/25/2026,12:28:30 AM,95,72
9/25/2026,12:28:31 AM,95,72
9/25/2026,12:28:32 AM,95,72
9/25/2026,12:28:33 AM,95,72
9/25/2026,12:28:34 AM,95,72
9/25/2026,12:28:35 AM,95,71
9/25/2026,12:28:36 AM,95,71
9/25/2026,12:28:37 AM,95,71
9/25/2026,12:28:38 AM,95,71
9/25/2026,12:28:39 AM,95,71
9/25/2026,12:28:40 AM,95,71
9/25/2026,12:28:41 AM,95,71
9/25/2026,12:28:42 AM,95,71
9/25/2026,12:28:43 AM,95,71
9/25/2026,12:28:44 AM,95,72
9/25/2026,12:28:45 AM,95,73
9/25/2026,12:28:46 AM,95,73
9/25/2026,12:28:47 AM,95,74
9/25/2026,12:28:48 AM,95,74
9/25/2026,12:28:49 AM,95,74
9/25/2026,12:28:50 AM,95,74
9/25/2026,12:28:51 AM,95,74
9/25/2026,12:28:52 AM,95,74
9/25/2026,12:28:53 AM,95,74
9/25/2026,12:28:54 AM,95,74
9/25/2026,12:28:55 AM,95,74
9/25/2026,12:28:56 AM,95,74
9/25/2026,12:28:57 AM,95,74
9/25/2026,12:28:58 AM,95,74
9/25/2026,12:28:59 AM,95,74
9/25/2026,12:29:00 AM,95,74
9/25/2026,12:29:01 AM,95,73
9/25/2026,12:29:02 AM,95,73
9/25/2026,12:29:03 AM,95,73
9/25/2026,12:29:04 AM,95,72
9/25/2026,12:29:05 AM,95,71
9/25/2026,12:29:06 AM,95,71
9/25/2026,12:29:07 AM,95,71
9/25/2026,12:29:08 AM,95,71
9/25/2026,12:29:09 AM,95,71
9/25/2026,12:29:10 AM,95,71
9/25/2026,12:29:11 AM,95,71
9/25/2026,12:29:12 AM,95,70
9/25/2026,12:29:13 AM,95,70
9/25/2026,12:29:14 AM,96,70
9/25/2026,12:29:15 AM,96,70
9/25/2026,12:29:16 AM,96,70
9/25/2026,12:29:17 AM,96,70
9/25/2026,12:29:18 AM,96,70
9/25/2026,12:29:19 AM,96,70
9/25/2026,12:29:20 AM,96,70
9/25/2026,12:29:21 AM,96,70
9/25/2026,12:29:22 AM,96,70
9/25/2026,12:29:23 AM,96,70
9/25/2026,12:29:24 AM,96,70
9/25/2026,12:29:25 AM,96,70
9/25/2026,12:29:26 AM,95,71
9/25/2026,12:29:27 AM,95,71
9/25/2026,12:29:28 AM,95,71
9/25/2026,12:29:29 AM,95,71
9/25/2026,12:29:30 AM,95,71
9/25/2026,12:29:31 AM,95,71
9/25/2026,12:29:32 AM,95,71
9/25/2026,12:29:33 AM,95,71
9/25/2026,12:29:34 AM,95,71
9/25/2026,12:29:35 AM,95,71
9/25/2026,12:29:36 AM,95,71
9/25/2026,12:29:37 AM,95,71
9/25/2026,12:29:38 AM,95,71
9/25/2026,12:29:39 AM,95,71
9/25/2026,12:29:40 AM,95,71
9/25/2026,12:29:41 AM,95,71
9/25/2026,12:29:42 AM,95,71
9/25/2026,12:29:43 AM,94,71
9/25/2026,12:29:44 AM,94,71
9/25/2026,12:29:45 AM,94,71
9/25/2026,12:29:46 AM,94,72
9/25/2026,12:29:47 AM,94,72
9/25/2026,12:29:48 AM,94,72
9/25/2026,12:29:49 AM,94,72
9/25/2026,12:29:50 AM,94,72
9/25/2026,12:29:51 AM,94,72
9/25/2026,12:29:52 AM,94,72
9/25/2026,12:29:53 AM,94,72
9/25/2026,12:29:54 AM,94,72
9/25/2026,12:29:55 AM,94,72
9/25/2026,12:29:56 AM,94,71
9/25/2026,12:29:57 AM,94,71
9/25/2026,12:29:58 AM,94,71
9/25/2026,12:29:59 AM,94,71
9/25/2026,12:30:00 AM,94,70
9/25/2026,12:30:01 AM,94,71
9/25/2026,12:30:02 AM,94,71
9/25/2026,12:30:03 AM,95,71
9/25/2026,12:30:04 AM,95,71
9/25/2026,12:30:05 AM,95,71
9/25/2026,12:30:06 AM,95,71
9/25/2026,12:30:07 AM,95,71
9/25/2026,12:30:08 AM,95,71
9/25/2026,12:30:09 AM,95,72
9/25/2026,12:30:10 AM,95,72
9/25/2026,12:30:11 AM,95,72
9/25/2026,12:30:12 AM,95,72
9/25/2026,12:30:13 AM,96,72
9/25/2026,12:30:14 AM,96,72
9/25/2026,12:30:15 AM,96,72
9/25/2026,12:30:16 AM,96,72
9/25/2026,12:30:17 AM,96,71
9/25/2026,12:30:18 AM,96,71
9/25/2026,12:30:19 AM,96,70
9/25/2026,12:30:20 AM,95,70
9/25/2026,12:30:21 AM,95,70
9/25/2026,12:30:22 AM,95,70
9/25/2026,12:30:23 AM,95,70
9/25/2026,12:30:24 AM,95,70
9/25/2026,12:30:25 AM,95,70
9/25/2026,12:30:26 AM,95,71
9/25/2026,12:30:27 AM,95,71
9/25/2026,12:30:28 AM,95,71
9/25/2026,12:30:29 AM,95,71
9/25/2026,12:30:30 AM,95,71
9/25/2026,12:30:31 AM,95,71
9/25/2026,12:30:32 AM,95,71
9/25/2026,12:30:33 AM,95,71
9/25/2026,12:30:34 AM,95,71
9/25/2026,12:30:35 AM,95,71
9/25/2026,12:30:36 AM,95,71
9/25/2026,12:30:37 AM,94,71
9/25/2026,12:30:38 AM,94,70
9/25/2026,12:30:39 AM,94,71
9/25/2026,12:30:40 AM,94,71
9/25/2026,12:30:41 AM,94,71
9/25/2026,12:30:42 AM,94,71
9/25/2026,12:30:43 AM,94,72
9/25/2026,12:30:44 AM,94,72
9/25/2026,12:30:45 AM,94,72
9/25/2026,12:30:46 AM,94,72
9/25/2026,12:30:47 AM,94,72
9/25/2026,12:30:48 AM,94,72
9/25/2026,12:30:49 AM,94,72
9/25/2026,12:30:50 AM,94,72
9/25/2026,12:30:51 AM,93,73
9/25/2026,12:30:52 AM,93,73
9/25/2026,12:30:53 AM,93,72
9/25/2026,12:30:54 AM,93,72
9/25/2026,12:30:55 AM,93,72
9/25/2026,12:30:56 AM,93,72
9/25/2026,12:30:57 AM,93,72
9/25/2026,12:30:58 AM,93,71
9/25/2026,12:30:59 AM,93,71
9/25/2026,12:31:00 AM,93,71
9/25/2026,12:31:01 AM,93,71
9/25/2026,12:31:02 AM,93,71
9/25/2026,12:31:03 AM,93,71
9/25/2026,12:31:04 AM,94,71
9/25/2026,12:31:05 AM,94,70
9/25/2026,12:31:06 AM,94,70
9/25/2026,12:31:07 AM,94,70
9/25/2026,12:31:08 AM,94,70
9/25/2026,12:31:09 AM,94,70
9/25/2026,12:31:10 AM,94,70
9/25/2026,12:31:11 AM,94,70
9/25/2026,12:31:12 AM,94,70
9/25/2026,12:31:13 AM,95,70
9/25/2026,12:31:14 AM,95,70
9/25/2026,12:31:15 AM,96,70
9/25/2026,12:31:16 AM,97,71
9/25/2026,12:31:17 AM,97,71
9/25/2026,12:31:18 AM,98,71
9/25/2026,12:31:19 AM,98,71
9/25/2026,12:31:20 AM,98,71
9/25/2026,12:31:21 AM,98,71
9/25/2026,12:31:22 AM,98,71
9/25/2026,12:31:23 AM,98,71
9/25/2026,12:31:24 AM,98,71
9/25/2026,12:31:25 AM,98,71
9/25/2026,12:31:26 AM,98,71
9/25/2026,12:31:27 AM,98,70
9/25/2026,12:31:28 AM,97,70
9/25/2026,12:31:29 AM,97,70
9/25/2026,12:31:30 AM,97,70
9/25/2026,12:31:31 AM,97,70
9/25/2026,12:31:32 AM,97,70
9/25/2026,12:31:33 AM,96,70
9/25/2026,12:31:34 AM,96,70
9/25/2026,12:31:35 AM,96,71
9/25/2026,12:31:36 AM,96,71
9/25/2026,12:31:37 AM,95,71
9/25/2026,12:31:38 AM,95,72
9/25/2026,12:31:39 AM,95,72
9/25/2026,12:31:40 AM,95,72
9/25/2026,12:31:41 AM,94,73
9/25/2026,12:31:42 AM,94,73
9/25/2026,12:31:43 AM,94,73
9/25/2026,12:31:44 AM,94,73
9/25/2026,12:31:45 AM,94,73
9/25/2026,12:31:46 AM,94,73
9/25/2026,12:31:47 AM,94,73
9/25/2026,12:31:48 AM,94,73
9/25/2026,12:31:49 AM,94,73
9/25/2026,12:31:50 AM,94,73
9/25/2026,12:31:51 AM,94,74
9/25/2026,12:31:52 AM,94,74
9/25/2026,12:31:53 AM,94,74
9/25/2026,12:31:54 AM,94,74
9/25/2026,12:31:55 AM,94,74
9/25/2026,12:31:56 AM,94,73
9/25/2026,12:31:57 AM,94,72
9/25/2026,12:31:58 AM,94,72
9/25/2026,12:31:59 AM,94,71
9/25/2026,12:32:00 AM,95,69
9/25/2026,12:32:01 AM,95,68
9/25/2026,12:32:02 AM,95,67
9/25/2026,12:32:03 AM,95,67
9/25/2026,12:32:04 AM,95,67
9/25/2026,12:32:05 AM,96,67
9/25/2026,12:32:06 AM,97,67
9/25/2026,12:32:07 AM,97,67
9/25/2026,12:32:08 AM,97,67
9/25/2026,12:32:09 AM,98,67
9/25/2026,12:32:10 AM,98,67
9/25/2026,12:32:11 AM,98,67
9/25/2026,12:32:12 AM,98,67
9/25/2026,12:32:13 AM,98,67
9/25/2026,12:32:14 AM,98,68
9/25/2026,12:32:15 AM,98,69
9/25/2026,12:32:16 AM,97,70
9/25/2026,12:32:17 AM,97,71
9/25/2026,12:32:18 AM,97,71
9/25/2026,12:32:19 AM,97,71
9/25/2026,12:32:20 AM,97,71
9/25/2026,12:32:21 AM,97,71
9/25/2026,12:32:22 AM,97,71
9/25/2026,12:32:23 AM,96,71
9/25/2026,12:32:24 AM,96,70
9/25/2026,12:32:25 AM,96,70
9/25/2026,12:32:26 AM,96,70
9/25/2026,12:32:27 AM,96,70
9/25/2026,12:32:28 AM,96,70
9/25/2026,12:32:29 AM,95,70
9/25/2026,12:32:30 AM,95,70
9/25/2026,12:32:31 AM,95,70
9/25/2026,12:32:32 AM,95,70
9/25/2026,12:32:33 AM,95,70
9/25/2026,12:32:34 AM,95,70
9/25/2026,12:32:35 AM,95,70
9/25/2026,12:32:36 AM,94,70
9/25/2026,12:32:37 AM,94,71
9/25/2026,12:32:38 AM,94,71
9/25/2026,12:32:39 AM,93,71
9/25/2026,12:32:40 AM,93,71
9/25/2026,12:32:41 AM,93,71
9/25/2026,12:32:42 AM,93,71
9/25/2026,12:32:43 AM,93,72
9/25/2026,12:32:44 AM,93,74
9/25/2026,12:32:45 AM,93,74
9/25/2026,12:32:46 AM,93,74
9/25/2026,12:32:47 AM,93,74
9/25/2026,12:32:48 AM,93,75
9/25/2026,12:32:49 AM,93,75
9/25/2026,12:32:50 AM,93,76
9/25/2026,12:32:51 AM,93,76
9/25/2026,12:32:52 AM,93,76
9/25/2026,12:32:53 AM,93,76
9/25/2026,12:32:54 AM,93,76
9/25/2026,12:32:55 AM,93,76
9/25/2026,12:32:56 AM,93,76
9/25/2026,12:32:57 AM,93,76
9/25/2026,12:32:58 AM,93,75
9/25/2026,12:32:59 AM,93,75
9/25/2026,12:33:00 AM,93,74
9/25/2026,12:33:01 AM,93,74
9/25/2026,12:33:02 AM,94,72
9/25/2026,12:33:03 AM,95,72
9/25/2026,12:33:04 AM,95,71
9/25/2026,12:33:05 AM,96,71
9/25/2026,12:33:06 AM,96,71
9/25/2026,12:33:07 AM,97,71
9/25/2026,12:33:08 AM,98,71
9/25/2026,12:33:09 AM,98,71
9/25/2026,12:33:10 AM,98,71
9/25/2026,12:33:11 AM,98,71
9/25/2026,12:33:12 AM,98,71
9/25/2026,12:33:13 AM,98,71
9/25/2026,12:33:14 AM,98,71
9/25/2026,12:33:15 AM,98,71
9/25/2026,12:33:16 AM,97,71
9/25/2026,12:33:17 AM,97,71
9/25/2026,12:33:18 AM,97,71
9/25/2026,12:33:19 AM,97,71
9/25/2026,12:33:20 AM,97,71
9/25/2026,12:33:21 AM,97,71
9/25/2026,12:33:22 AM,96,71
9/25/2026,12:33:23 AM,96,71
9/25/2026,12:33:24 AM,96,71
9/25/2026,12:33:25 AM,96,71
9/25/2026,12:33:26 AM,96,71
9/25/2026,12:33:27 AM,96,71
9/25/2026,12:33:28 AM,95,71
9/25/2026,12:33:29 AM,95,72
9/25/2026,12:33:30 AM,95,72
9/25/2026,12:33:31 AM,95,72
9/25/2026,12:33:32 AM,95,72
9/25/2026,12:33:33 AM,95,72
9/25/2026,12:33:34 AM,94,72
9/25/2026,12:33:35 AM,94,72
9/25/2026,12:33:36 AM,94,72
9/25/2026,12:33:37 AM,94,73
9/25/2026,12:33:38 AM,94,73
9/25/2026,12:33:39 AM,94,73
9/25/2026,12:33:40 AM,94,73
9/25/2026,12:33:41 AM,93,73
9/25/2026,12:33:42 AM,93,74
9/25/2026,12:33:43 AM,93,74
9/25/2026,12:33:44 AM,93,74
9/25/2026,12:33:45 AM,93,74
9/25/2026,12:33:46 AM,92,74
9/25/2026,12:33:47 AM,92,74
9/25/2026,12:33:48 AM,92,74
9/25/2026,12:33:49 AM,92,74
9/25/2026,12:33:50 AM,92,73
9/25/2026,12:33:51 AM,92,73
9/25/2026,12:33:52 AM,92,74
9/25/2026,12:33:53 AM,92,74
9/25/2026,12:33:54 AM,92,74
9/25/2026,12:33:55 AM,92,74
9/25/2026,12:33:56 AM,92,74
9/25/2026,12:33:57 AM,92,75
9/25/2026,12:33:58 AM,93,75
9/25/2026,12:33:59 AM,93,76
9/25/2026,12:34:00 AM,94,76
9/25/2026,12:34:01 AM,95,77
9/25/2026,12:34:02 AM,95,78
9/25/2026,12:34:03 AM,95,78
9/25/2026,12:34:04 AM,95,78
9/25/2026,12:34:05 AM,95,78
9/25/2026,12:34:06 AM,96,78
9/25/2026,12:34:07 AM,96,78
9/25/2026,12:34:08 AM,96,78
9/25/2026,12:34:09 AM,96,78
9/25/2026,12:34:10 AM,96,78
9/25/2026,12:34:11 AM,96,77
9/25/2026,12:34:12 AM,96,76
9/25/2026,12:34:13 AM,96,76
9/25/2026,12:34:14 AM,96,75
9/25/2026,12:34:15 AM,96,74
9/25/2026,12:34:16 AM,96,73
9/25/2026,12:34:17 AM,96,72
9/25/2026,12:34:18 AM,96,72
9/25/2026,12:34:19 AM,97,72
9/25/2026,12:34:20 AM,97,72
9/25/2026,12:34:21 AM,97,71
9/25/2026,12:34:22 AM,97,71
9/25/2026,12:34:23 AM,97,71
9/25/2026,12:34:24 AM,97,71
9/25/2026,12:34:25 AM,97,71
9/25/2026,12:34:26 AM,97,71
9/25/2026,12:34:27 AM,97,71
9/25/2026,12:34:28 AM,97,71
9/25/2026,12:34:29 AM,97,71
9/25/2026,12:34:30 AM,97,71
9/25/2026,12:34:31 AM,96,71
9/25/2026,12:34:32 AM,96,71
9/25/2026,12:34:33 AM,96,71
9/25/2026,12:34:34 AM,96,71
9/25/2026,12:34:35 AM,96,71
9/25/2026,12:34:36 AM,95,71
9/25/2026,12:34:37 AM,95,71
9/25/2026,12:34:38 AM,95,71
9/25/2026,12:34:39 AM,95,71
9/25/2026,12:34:40 AM,95,71
9/25/2026,12:34:41 AM,94,71
9/25/2026,12:34:42 AM,94,72
9/25/2026,12:34:43 AM,94,72
9/25/2026,12:34:44 AM,94,72
9/25/2026,12:34:45 AM,94,72
9/25/2026,12:34:46 AM,93,72
9/25/2026,12:34:47 AM,93,72
9/25/2026,12:34:48 AM,93,72
9/25/2026,12:34:49 AM,93,72
9/25/2026,12:34:50 AM,92,72
9/25/2026,12:34:51 AM,92,73
9/25/2026,12:34:52 AM,92,73
9/25/2026,12:34:53 AM,91,73
9/25/2026,12:34:54 AM,91,73
9/25/2026,12:34:55 AM,91,74
9/25/2026,12:34:56 AM,91,74
9/25/2026,12:34:57 AM,90,75
9/25/2026,12:34:58 AM,90,75
9/25/2026,12:34:59 AM,90,75
9/25/2026,12:35:00 AM,90,76
9/25/2026,12:35:01 AM,90,76
9/25/2026,12:35:02 AM,90,76
9/25/2026,12:35:03 AM,90,76
9/25/2026,12:35:04 AM,90,76
9/25/2026,12:35:05 AM,90,76
9/25/2026,12:35:06 AM,90,76
9/25/2026,12:35:07 AM,90,76
9/25/2026,12:35:08 AM,90,76
9/25/2026,12:35:09 AM,90,76
9/25/2026,12:35:10 AM,90,76
9/25/2026,12:35:11 AM,90,76
9/25/2026,12:35:12 AM,89,76
9/25/2026,12:35:13 AM,89,76
9/25/2026,12:35:14 AM,89,76
9/25/2026,12:35:15 AM,89,76
9/25/2026,12:35:16 AM,89,75
9/25/2026,12:35:17 AM,89,75
9/25/2026,12:35:18 AM,90,74
9/25/2026,12:35:19 AM,90,74
9/25/2026,12:35:20 AM,91,74
9/25/2026,12:35:21 AM,92,73
9/25/2026,12:35:22 AM,93,73
9/25/2026,12:35:23 AM,95,73
9/25/2026,12:35:24 AM,96,72
9/25/2026,12:35:25 AM,96,72
9/25/2026,12:35:26 AM,97,72
9/25/2026,12:35:27 AM,97,72
9/25/2026,12:35:28 AM,97,72
9/25/2026,12:35:29 AM,98,72
9/25/2026,12:35:30 AM,98,72
9/25/2026,12:35:31 AM,98,72
9/25/2026,12:35:32 AM,97,72
9/25/2026,12:35:33 AM,97,72
9/25/2026,12:35:34 AM,97,72
9/25/2026,12:35:35 AM,97,73
9/25/2026,12:35:36 AM,97,73
9/25/2026,12:35:37 AM,96,73
9/25/2026,12:35:38 AM,96,73
9/25/2026,12:35:39 AM,96,73
9/25/2026,12:35:40 AM,96,73
9/25/2026,12:35:41 AM,96,72
9/25/2026,12:35:42 AM,96,71
9/25/2026,12:35:43 AM,96,71
9/25/2026,12:35:44 AM,96,71
9/25/2026,12:35:45 AM,95,70
9/25/2026,12:35:46 AM,95,70
9/25/2026,12:35:47 AM,95,70
9/25/2026,12:35:48 AM,95,70
9/25/2026,12:35:49 AM,95,70
9/25/2026,12:35:50 AM,95,71
9/25/2026,12:35:51 AM,94,71
9/25/2026,12:35:52 AM,94,71
9/25/2026,12:35:53 AM,94,71
9/25/2026,12:35:54 AM,94,71
9/25/2026,12:35:55 AM,94,71
9/25/2026,12:35:56 AM,94,71
9/25/2026,12:35:57 AM,94,71
9/25/2026,12:35:58 AM,93,71
9/25/2026,12:35:59 AM,93,71
9/25/2026,12:36:00 AM,93,72
9/25/2026,12:36:01 AM,93,72
9/25/2026,12:36:02 AM,93,73
9/25/2026,12:36:03 AM,92,74
9/25/2026,12:36:04 AM,92,74
9/25/2026,12:36:05 AM,92,74
9/25/2026,12:36:06 AM,92,74
9/25/2026,12:36:07 AM,92,74
9/25/2026,12:36:08 AM,92,74
9/25/2026,12:36:09 AM,92,74
9/25/2026,12:36:10 AM,92,75
9/25/2026,12:36:11 AM,92,76
9/25/2026,12:36:12 AM,92,76
9/25/2026,12:36:13 AM,92,76
9/25/2026,12:36:14 AM,92,76
9/25/2026,12:36:15 AM,92,76
9/25/2026,12:36:16 AM,92,76
9/25/2026,12:36:17 AM,92,76
9/25/2026,12:36:18 AM,92,76
9/25/2026,12:36:19 AM,92,76
9/25/2026,12:36:20 AM,92,76
9/25/2026,12:36:21 AM,92,76
9/25/2026,12:36:22 AM,93,76
9/25/2026,12:36:23 AM,93,76
9/25/2026,12:36:24 AM,93,76
9/25/2026,12:36:25 AM,94,76
9/25/2026,12:36:26 AM,94,76
9/25/2026,12:36:27 AM,96,76
9/25/2026,12:36:28 AM,96,75
9/25/2026,12:36:29 AM,97,75
9/25/2026,12:36:30 AM,97,74
9/25/2026,12:36:31 AM,98,73
9/25/2026,12:36:32 AM,98,72
9/25/2026,12:36:33 AM,98,71
9/25/2026,12:36:34 AM,98,71
9/25/2026,12:36:35 AM,98,71
9/25/2026,12:36:36 AM,98,71
9/25/2026,12:36:37 AM,98,71
9/25/2026,12:36:38 AM,97,71
9/25/2026,12:36:39 AM,97,71
9/25/2026,12:36:40 AM,97,70
9/25/2026,12:36:41 AM,97,70
9/25/2026,12:36:42 AM,97,70
9/25/2026,12:36:43 AM,97,70
9/25/2026,12:36:44 AM,97,70
9/25/2026,12:36:45 AM,97,71
9/25/2026,12:36:46 AM,96,71
9/25/2026,12:36:47 AM,96,71
9/25/2026,12:36:48 AM,96,71
9/25/2026,12:36:49 AM,96,71
9/25/2026,12:36:50 AM,96,71
9/25/2026,12:36:51 AM,96,71
9/25/2026,12:36:52 AM,96,70
9/25/2026,12:36:53 AM,95,70
9/25/2026,12:36:54 AM,95,70
9/25/2026,12:36:55 AM,95,70
9/25/2026,12:36:56 AM,95,70
9/25/2026,12:36:57 AM,95,70
9/25/2026,12:36:58 AM,95,70
9/25/2026,12:36:59 AM,94,70
9/25/2026,12:37:00 AM,94,70
9/25/2026,12:37:01 AM,94,70
9/25/2026,12:37:02 AM,94,70
9/25/2026,12:37:03 AM,93,70
9/25/2026,12:37:04 AM,93,70
9/25/2026,12:37:05 AM,93,71
9/25/2026,12:37:06 AM,93,71
9/25/2026,12:37:07 AM,93,72
9/25/2026,12:37:08 AM,93,72
9/25/2026,12:37:09 AM,93,73
9/25/2026,12:37:10 AM,93,73
9/25/2026,12:37:11 AM,93,73
9/25/2026,12:37:12 AM,93,73
9/25/2026,12:37:13 AM,93,73
9/25/2026,12:37:14 AM,93,73
9/25/2026,12:37:15 AM,93,72
9/25/2026,12:37:16 AM,93,72
9/25/2026,12:37:17 AM,93,72
9/25/2026,12:37:18 AM,93,72
9/25/2026,12:37:19 AM,93,71
9/25/2026,12:37:20 AM,93,71
9/25/2026,12:37:21 AM,93,71
9/25/2026,12:37:22 AM,94,71
9/25/2026,12:37:23 AM,94,70
9/25/2026,12:37:24 AM,94,70
9/25/2026,12:37:25 AM,95,70
9/25/2026,12:37:26 AM,95,70
9/25/2026,12:37:27 AM,96,70
9/25/2026,12:37:28 AM,96,70
9/25/2026,12:37:29 AM,96,70
9/25/2026,12:37:30 AM,96,71
9/25/2026,12:37:31 AM,96,71
9/25/2026,12:37:32 AM,96,71
9/25/2026,12:37:33 AM,96,71
9/25/2026,12:37:34 AM,96,71
9/25/2026,12:37:35 AM,96,71
9/25/2026,12:37:36 AM,96,71
9/25/2026,12:37:37 AM,96,72
9/25/2026,12:37:38 AM,96,72
9/25/2026,12:37:39 AM,95,72
9/25/2026,12:37:40 AM,95,73
9/25/2026,12:37:41 AM,95,73
9/25/2026,12:37:42 AM,95,73
9/25/2026,12:37:43 AM,95,73
9/25/2026,12:37:44 AM,95,73
9/25/2026,12:37:45 AM,95,72
9/25/2026,12:37:46 AM,95,71
9/25/2026,12:37:47 AM,95,70
9/25/2026,12:37:48 AM,95,70
9/25/2026,12:37:49 AM,95,69
9/25/2026,12:37:50 AM,95,68
9/25/2026,12:37:51 AM,95,68
9/25/2026,12:37:52 AM,95,68
9/25/2026,12:37:53 AM,95,68
9/25/2026,12:37:54 AM,95,68
9/25/2026,12:37:55 AM,95,68
9/25/2026,12:37:56 AM,95,68
9/25/2026,12:37:57 AM,95,69
9/25/2026,12:37:58 AM,95,69
9/25/2026,12:37:59 AM,95,70
9/25/2026,12:38:00 AM,95,70
9/25/2026,12:38:01 AM,95,70
9/25/2026,12:38:02 AM,95,70
9/25/2026,12:38:03 AM,95,70
9/25/2026,12:38:04 AM,95,70
9/25/2026,12:38:05 AM,95,70
9/25/2026,12:38:06 AM,94,70
9/25/2026,12:38:07 AM,94,70
9/25/2026,12:38:08 AM,94,70
9/25/2026,12:38:09 AM,94,70
9/25/2026,12:38:10 AM,94,70
9/25/2026,12:38:11 AM,94,71
9/25/2026,12:38:12 AM,94,71
9/25/2026,12:38:13 AM,94,71
9/25/2026,12:38:14 AM,94,71
9/25/2026,12:38:15 AM,94,71
9/25/2026,12:38:16 AM,94,70
9/25/2026,12:38:17 AM,94,71
9/25/2026,12:38:18 AM,94,70
9/25/2026,12:38:19 AM,94,70
9/25/2026,12:38:20 AM,94,71
9/25/2026,12:38:21 AM,93,71
9/25/2026,12:38:22 AM,93,71
9/25/2026,12:38:23 AM,93,71
9/25/2026,12:38:24 AM,93,71
9/25/2026,12:38:25 AM,93,71
9/25/2026,12:38:26 AM,93,72
9/25/2026,12:38:27 AM,93,72
9/25/2026,12:38:28 AM,93,72
9/25/2026,12:38:29 AM,93,73
9/25/2026,12:38:30 AM,93,73
9/25/2026,12:38:31 AM,93,73
9/25/2026,12:38:32 AM,93,73
9/25/2026,12:38:33 AM,93,73
9/25/2026,12:38:34 AM,93,73
9/25/2026,12:38:35 AM,93,73
9/25/2026,12:38:36 AM,93,73
9/25/2026,12:38:37 AM,93,73
9/25/2026,12:38:38 AM,93,73
9/25/2026,12:38:39 AM,94,73
9/25/2026,12:38:40 AM,94,73
9/25/2026,12:38:41 AM,94,73
9/25/2026,12:38:42 AM,94,73
9/25/2026,12:38:43 AM,94,73
9/25/2026,12:38:44 AM,94,73
9/25/2026,12:38:45 AM,94,73
9/25/2026,12:38:46 AM,94,73
9/25/2026,12:38:47 AM,94,73
9/25/2026,12:38:48 AM,94,73
9/25/2026,12:38:49 AM,94,73
9/25/2026,12:38:50 AM,94,73
9/25/2026,12:38:51 AM,94,73
9/25/2026,12:38:52 AM,94,72
9/25/2026,12:38:53 AM,94,71
9/25/2026,12:38:54 AM,94,71
9/25/2026,12:38:55 AM,94,71
9/25/2026,12:38:56 AM,94,71
9/25/2026,12:38:57 AM,94,71
9/25/2026,12:38:58 AM,94,71
9/25/2026,12:38:59 AM,95,72
9/25/2026,12:39:00 AM,95,72
9/25/2026,12:39:01 AM,95,72
9/25/2026,12:39:02 AM,96,72
9/25/2026,12:39:03 AM,96,72
9/25/2026,12:39:04 AM,97,72
9/25/2026,12:39:05 AM,97,72
9/25/2026,12:39:06 AM,97,71
9/25/2026,12:39:07 AM,98,71
9/25/2026,12:39:08 AM,98,70
9/25/2026,12:39:09 AM,98,69
9/25/2026,12:39:10 AM,98,69
9/25/2026,12:39:11 AM,98,69
9/25/2026,12:39:12 AM,98,68
9/25/2026,12:39:13 AM,98,68
9/25/2026,12:39:14 AM,98,68
9/25/2026,12:39:15 AM,98,68
9/25/2026,12:39:16 AM,98,67
9/25/2026,12:39:17 AM,98,67
9/25/2026,12:39:18 AM,98,67
9/25/2026,12:39:19 AM,97,67
9/25/2026,12:39:20 AM,97,67
9/25/2026,12:39:21 AM,97,67
9/25/2026,12:39:22 AM,97,67
9/25/2026,12:39:23 AM,97,67
9/25/2026,12:39:24 AM,97,68
9/25/2026,12:39:25 AM,97,68
9/25/2026,12:39:26 AM,97,68
9/25/2026,12:39:27 AM,96,68
9/25/2026,12:39:28 AM,96,69
9/25/2026,12:39:29 AM,96,70
9/25/2026,12:39:30 AM,96,70
9/25/2026,12:39:31 AM,96,71
9/25/2026,12:39:32 AM,96,71
9/25/2026,12:39:33 AM,96,71
9/25/2026,12:39:34 AM,96,72
9/25/2026,12:39:35 AM,96,72
9/25/2026,12:39:36 AM,96,72
9/25/2026,12:39:37 AM,96,71
9/25/2026,12:39:38 AM,96,71
9/25/2026,12:39:39 AM,96,71
9/25/2026,12:39:40 AM,96,71
9/25/2026,12:39:41 AM,96,71
9/25/2026,12:39:42 AM,96,70
9/25/2026,12:39:43 AM,96,70
9/25/2026,12:39:44 AM,95,69
9/25/2026,12:39:45 AM,95,69
9/25/2026,12:39:46 AM,95,68
9/25/2026,12:39:47 AM,95,67
9/25/2026,12:39:48 AM,95,67
9/25/2026,12:39:49 AM,95,67
9/25/2026,12:39:50 AM,95,67
9/25/2026,12:39:51 AM,95,67
9/25/2026,12:39:52 AM,95,67
9/25/2026,12:39:53 AM,95,67
9/25/2026,12:39:54 AM,95,67
9/25/2026,12:39:55 AM,95,67
9/25/2026,12:39:56 AM,95,67
9/25/2026,12:39:57 AM,95,68
9/25/2026,12:39:58 AM,95,68
9/25/2026,12:39:59 AM,95,68
9/25/2026,12:40:00 AM,95,68
9/25/2026,12:40:01 AM,95,68
9/25/2026,12:40:02 AM,95,68
9/25/2026,12:40:03 AM,95,68
9/25/2026,12:40:04 AM,95,68
9/25/2026,12:40:05 AM,95,69
9/25/2026,12:40:06 AM,94,69
9/25/2026,12:40:07 AM,94,69
9/25/2026,12:40:08 AM,94,69
9/25/2026,12:40:09 AM,94,69
9/25/2026,12:40:10 AM,94,69
9/25/2026,12:40:11 AM,94,69
9/25/2026,12:40:12 AM,94,69
9/25/2026,12:40:13 AM,93,70
9/25/2026,12:40:14 AM,93,70
9/25/2026,12:40:15 AM,93,69
9/25/2026,12:40:16 AM,93,69
9/25/2026,12:40:17 AM,93,70
9/25/2026,12:40:18 AM,93,70
9/25/2026,12:40:19 AM,92,71
9/25/2026,12:40:20 AM,92,71
9/25/2026,12:40:21 AM,92,72
9/25/2026,12:40:22 AM,92,72
9/25/2026,12:40:23 AM,92,74
9/25/2026,12:40:24 AM,92,75
9/25/2026,12:40:25 AM,92,75
9/25/2026,12:40:26 AM,92,75
9/25/2026,12:40:27 AM,92,75
9/25/2026,12:40:28 AM,92,75
9/25/2026,12:40:29 AM,92,75
9/25/2026,12:40:30 AM,92,74
9/25/2026,12:40:31 AM,92,74
9/25/2026,12:40:32 AM,92,73
9/25/2026,12:40:33 AM,92,73
9/25/2026,12:40:34 AM,92,73
9/25/2026,12:40:35 AM,91,73
9/25/2026,12:40:36 AM,91,73
9/25/2026,12:40:37 AM,91,72
9/25/2026,12:40:38 AM,91,72
9/25/2026,12:40:39 AM,91,72
9/25/2026,12:40:40 AM,91,71
9/25/2026,12:40:41 AM,92,71
9/25/2026,12:40:42 AM,92,70
9/25/2026,12:40:43 AM,94,70
9/25/2026,12:40:44 AM,94,69
9/25/2026,12:40:45 AM,95,69
9/25/2026,12:40:46 AM,96,69
9/25/2026,12:40:47 AM,97,69
9/25/2026,12:40:48 AM,97,69
9/25/2026,12:40:49 AM,98,68
9/25/2026,12:40:50 AM,98,68
9/25/2026,12:40:51 AM,98,68
9/25/2026,12:40:52 AM,98,68
9/25/2026,12:40:53 AM,98,68
9/25/2026,12:40:54 AM,98,68
9/25/2026,12:40:55 AM,98,69
9/25/2026,12:40:56 AM,98,69
9/25/2026,12:40:57 AM,98,69
9/25/2026,12:40:58 AM,98,69
9/25/2026,12:40:59 AM,98,69
9/25/2026,12:41:00 AM,98,69
9/25/2026,12:41:01 AM,98,70
9/25/2026,12:41:02 AM,97,70
9/25/2026,12:41:03 AM,97,70
9/25/2026,12:41:04 AM,97,70
9/25/2026,12:41:05 AM,97,70
9/25/2026,12:41:06 AM,97,70
9/25/2026,12:41:07 AM,97,69
9/25/2026,12:41:08 AM,97,69
9/25/2026,12:41:09 AM,97,69
9/25/2026,12:41:10 AM,97,69
9/25/2026,12:41:11 AM,97,68
9/25/2026,12:41:12 AM,96,68
9/25/2026,12:41:13 AM,96,68
9/25/2026,12:41:14 AM,96,68
9/25/2026,12:41:15 AM,96,68
9/25/2026,12:41:16 AM,96,69
9/25/2026,12:41:17 AM,96,69
9/25/2026,12:41:18 AM,95,69
9/25/2026,12:41:19 AM,95,69
9/25/2026,12:41:20 AM,95,70
9/25/2026,12:41:21 AM,95,70
9/25/2026,12:41:22 AM,95,70
9/25/2026,12:41:23 AM,95,71
9/25/2026,12:41:24 AM,95,71
9/25/2026,12:41:25 AM,95,72
9/25/2026,12:41:26 AM,95,72
9/25/2026,12:41:27 AM,95,72
9/25/2026,12:41:28 AM,95,73
9/25/2026,12:41:29 AM,95,73
9/25/2026,12:41:30 AM,95,73
9/25/2026,12:41:31 AM,95,74
9/25/2026,12:41:32 AM,95,73
9/25/2026,12:41:33 AM,95,73
9/25/2026,12:41:34 AM,95,72
9/25/2026,12:41:35 AM,95,72
9/25/2026,12:41:36 AM,95,72
9/25/2026,12:41:37 AM,94,71
9/25/2026,12:41:38 AM,94,71
9/25/2026,12:41:39 AM,94,71
9/25/2026,12:41:40 AM,94,71
9/25/2026,12:41:41 AM,94,70
9/25/2026,12:41:42 AM,94,70
9/25/2026,12:41:43 AM,94,70
9/25/2026,12:41:44 AM,93,70
9/25/2026,12:41:45 AM,93,70
9/25/2026,12:41:46 AM,94,70
9/25/2026,12:41:47 AM,94,69
9/25/2026,12:41:48 AM,94,69
9/25/2026,12:41:49 AM,94,69
9/25/2026,12:41:50 AM,95,69
9/25/2026,12:41:51 AM,95,69
9/25/2026,12:41:52 AM,96,69
9/25/2026,12:41:53 AM,96,69
9/25/2026,12:41:54 AM,96,69
9/25/2026,12:41:55 AM,97,69
9/25/2026,12:41:56 AM,97,69
9/25/2026,12:41:57 AM,97,69
9/25/2026,12:41:58 AM,97,69
9/25/2026,12:41:59 AM,97,70
9/25/2026,12:42:00 AM,97,70
9/25/2026,12:42:01 AM,97,70
9/25/2026,12:42:02 AM,97,70
9/25/2026,12:42:03 AM,97,70
9/25/2026,12:42:04 AM,97,70
9/25/2026,12:42:05 AM,96,70
9/25/2026,12:42:06 AM,96,70
9/25/2026,12:42:07 AM,96,70
9/25/2026,12:42:08 AM,96,70
9/25/2026,12:42:09 AM,96,71
9/25/2026,12:42:10 AM,96,71
9/25/2026,12:42:11 AM,96,71
9/25/2026,12:42:12 AM,96,71
9/25/2026,12:42:13 AM,95,73
9/25/2026,12:42:14 AM,95,73
9/25/2026,12:42:15 AM,95,74
9/25/2026,12:42:16 AM,95,74
9/25/2026,12:42:17 AM,95,74
9/25/2026,12:42:18 AM,95,73
9/25/2026,12:42:19 AM,96,72
9/25/2026,12:42:20 AM,96,72
9/25/2026,12:42:21 AM,96,70
9/25/2026,12:42:22 AM,96,69
9/25/2026,12:42:23 AM,96,69
9/25/2026,12:42:24 AM,96,68
9/25/2026,12:42:25 AM,96,68
9/25/2026,12:42:26 AM,95,68
9/25/2026,12:42:27 AM,95,68
9/25/2026,12:42:28 AM,95,69
9/25/2026,12:42:29 AM,95,69
9/25/2026,12:42:30 AM,95,69
9/25/2026,12:42:31 AM,95,69
9/25/2026,12:42:32 AM,95,69
9/25/2026,12:42:33 AM,95,69
9/25/2026,12:42:34 AM,95,69
9/25/2026,12:42:35 AM,95,69
9/25/2026,12:42:36 AM,95,70
9/25/2026,12:42:37 AM,95,70
9/25/2026,12:42:38 AM,95,70
9/25/2026,12:42:39 AM,95,70
9/25/2026,12:42:40 AM,95,70
9/25/2026,12:42:41 AM,95,70
9/25/2026,12:42:42 AM,95,70
9/25/2026,12:42:43 AM,95,70
9/25/2026,12:42:44 AM,94,69
9/25/2026,12:42:45 AM,94,69
9/25/2026,12:42:46 AM,94,69
9/25/2026,12:42:47 AM,94,69
9/25/2026,12:42:48 AM,94,70
9/25/2026,12:42:49 AM,94,70
9/25/2026,12:42:50 AM,94,70
9/25/2026,12:42:51 AM,94,70
9/25/2026,12:42:52 AM,94,70
9/25/2026,12:42:53 AM,94,70
9/25/2026,12:42:54 AM,94,70
9/25/2026,12:42:55 AM,95,70
9/25/2026,12:42:56 AM,95,70
9/25/2026,12:42:57 AM,95,70
9/25/2026,12:42:58 AM,95,70
9/25/2026,12:42:59 AM,95,70
9/25/2026,12:43:00 AM,95,70
9/25/2026,12:43:01 AM,95,71
9/25/2026,12:43:02 AM,95,71
9/25/2026,12:43:03 AM,95,72
9/25/2026,12:43:04 AM,95,72
9/25/2026,12:43:05 AM,95,72
9/25/2026,12:43:06 AM,95,72
9/25/2026,12:43:07 AM,95,72
9/25/2026,12:43:08 AM,95,71
9/25/2026,12:43:09 AM,95,71
9/25/2026,12:43:10 AM,95,70
9/25/2026,12:43:11 AM,95,68
9/25/2026,12:43:12 AM,95,68
9/25/2026,12:43:13 AM,95,68
9/25/2026,12:43:14 AM,95,68
9/25/2026,12:43:15 AM,95,67
9/25/2026,12:43:16 AM,95,68
9/25/2026,12:43:17 AM,95,67
9/25/2026,12:43:18 AM,95,68
9/25/2026,12:43:19 AM,95,68
9/25/2026,12:43:20 AM,95,69
9/25/2026,12:43:21 AM,95,70
9/25/2026,12:43:22 AM,95,71
9/25/2026,12:43:23 AM,95,71
9/25/2026,12:43:24 AM,95,72
9/25/2026,12:43:25 AM,95,72
9/25/2026,12:43:26 AM,95,72
9/25/2026,12:43:27 AM,95,72
9/25/2026,12:43:28 AM,95,72
9/25/2026,12:43:29 AM,95,72
9/25/2026,12:43:30 AM,95,72
9/25/2026,12:43:31 AM,95,72
9/25/2026,12:43:32 AM,96,73
9/25/2026,12:43:33 AM,96,73
9/25/2026,12:43:34 AM,96,74
9/25/2026,12:43:35 AM,96,73
9/25/2026,12:43:36 AM,96,73
9/25/2026,12:43:37 AM,96,73
9/25/2026,12:43:38 AM,96,73
9/25/2026,12:43:39 AM,96,73
9/25/2026,12:43:40 AM,96,72
9/25/2026,12:43:41 AM,96,72
9/25/2026,12:43:42 AM,96,72
9/25/2026,12:43:43 AM,96,72
9/25/2026,12:43:44 AM,96,71
9/25/2026,12:43:45 AM,96,72
9/25/2026,12:43:46 AM,96,71
9/25/2026,12:43:47 AM,96,70
9/25/2026,12:43:48 AM,96,70
9/25/2026,12:43:49 AM,96,70
9/25/2026,12:43:50 AM,96,70
9/25/2026,12:43:51 AM,97,69
9/25/2026,12:43:52 AM,98,68
9/25/2026,12:43:53 AM,98,68
9/25/2026,12:43:54 AM,98,67
9/25/2026,12:43:55 AM,98,67
9/25/2026,12:43:56 AM,98,66
9/25/2026,12:43:57 AM,98,66
9/25/2026,12:43:58 AM,98,66
9/25/2026,12:43:59 AM,98,66
9/25/2026,12:44:00 AM,98,67
9/25/2026,12:44:01 AM,98,67
9/25/2026,12:44:02 AM,98,68
9/25/2026,12:44:03 AM,98,68
9/25/2026,12:44:04 AM,98,68
9/25/2026,12:44:05 AM,98,68
9/25/2026,12:44:06 AM,97,68
9/25/2026,12:44:07 AM,97,68
9/25/2026,12:44:08 AM,97,68
9/25/2026,12:44:09 AM,97,68
9/25/2026,12:44:10 AM,97,67
9/25/2026,12:44:11 AM,97,67
9/25/2026,12:44:12 AM,97,67
9/25/2026,12:44:13 AM,97,67
9/25/2026,12:44:14 AM,96,67
9/25/2026,12:44:15 AM,96,67
9/25/2026,12:44:16 AM,96,67
9/25/2026,12:44:17 AM,96,67
9/25/2026,12:44:18 AM,96,67
9/25/2026,12:44:19 AM,96,67
9/25/2026,12:44:20 AM,96,68
9/25/2026,12:44:21 AM,95,68
9/25/2026,12:44:22 AM,95,68
9/25/2026,12:44:23 AM,95,68
9/25/2026,12:44:24 AM,95,68
9/25/2026,12:44:25 AM,95,68
9/25/2026,12:44:26 AM,95,68
9/25/2026,12:44:27 AM,95,69
9/25/2026,12:44:28 AM,95,69
9/25/2026,12:44:29 AM,95,70
9/25/2026,12:44:30 AM,95,70
9/25/2026,12:44:31 AM,95,70
9/25/2026,12:44:32 AM,95,71
9/25/2026,12:44:33 AM,95,71
9/25/2026,12:44:34 AM,95,71
9/25/2026,12:44:35 AM,95,71
9/25/2026,12:44:36 AM,95,70
9/25/2026,12:44:37 AM,95,69
9/25/2026,12:44:38 AM,95,69
9/25/2026,12:44:39 AM,94,69
9/25/2026,12:44:40 AM,94,69
9/25/2026,12:44:41 AM,94,69
9/25/2026,12:44:42 AM,94,68
9/25/2026,12:44:43 AM,94,68
9/25/2026,12:44:44 AM,95,68
9/25/2026,12:44:45 AM,95,69
9/25/2026,12:44:46 AM,95,69
9/25/2026,12:44:47 AM,95,69
9/25/2026,12:44:48 AM,96,68
9/25/2026,12:44:49 AM,96,69
9/25/2026,12:44:50 AM,97,69
9/25/2026,12:44:51 AM,97,69
9/25/2026,12:44:52 AM,97,69
9/25/2026,12:44:53 AM,97,69
9/25/2026,12:44:54 AM,97,69
9/25/2026,12:44:55 AM,97,69
9/25/2026,12:44:56 AM,97,69
9/25/2026,12:44:57 AM,97,69
9/25/2026,12:44:58 AM,97,70
9/25/2026,12:44:59 AM,97,70
9/25/2026,12:45:00 AM,97,71
9/25/2026,12:45:01 AM,97,71
9/25/2026,12:45:02 AM,96,72
9/25/2026,12:45:03 AM,96,72
9/25/2026,12:45:04 AM,96,72
9/25/2026,12:45:05 AM,96,72
9/25/2026,12:45:06 AM,96,72
9/25/2026,12:45:07 AM,96,72
9/25/2026,12:45:08 AM,96,72
9/25/2026,12:45:09 AM,96,71
9/25/2026,12:45:10 AM,96,71
9/25/2026,12:45:11 AM,96,71
9/25/2026,12:45:12 AM,96,71
9/25/2026,12:45:13 AM,96,71
9/25/2026,12:45:14 AM,96,71
9/25/2026,12:45:15 AM,96,71
9/25/2026,12:45:16 AM,96,70
9/25/2026,12:45:17 AM,96,70
9/25/2026,12:45:18 AM,96,70
9/25/2026,12:45:19 AM,96,70
9/25/2026,12:45:20 AM,96,70
9/25/2026,12:45:21 AM,96,70
9/25/2026,12:45:22 AM,96,70
9/25/2026,12:45:23 AM,96,70
9/25/2026,12:45:24 AM,96,70
9/25/2026,12:45:25 AM,96,70
9/25/2026,12:45:26 AM,96,70
9/25/2026,12:45:27 AM,96,70
9/25/2026,12:45:28 AM,96,70
9/25/2026,12:45:29 AM,96,70
9/25/2026,12:45:30 AM,96,70
9/25/2026,12:45:31 AM,96,70
9/25/2026,12:45:32 AM,96,70
9/25/2026,12:45:33 AM,96,70
9/25/2026,12:45:34 AM,96,70
9/25/2026,12:45:35 AM,96,70
9/25/2026,12:45:36 AM,96,70
9/25/2026,12:45:37 AM,96,70
9/25/2026,12:45:38 AM,95,70
9/25/2026,12:45:39 AM,95,70
9/25/2026,12:45:40 AM,95,70
9/25/2026,12:45:41 AM,95,70
9/25/2026,12:45:42 AM,95,70
9/25/2026,12:45:43 AM,95,70
9/25/2026,12:45:44 AM,95,70
9/25/2026,12:45:45 AM,95,70
9/25/2026,12:45:46 AM,95,70
9/25/2026,12:45:47 AM,95,70
9/25/2026,12:45:48 AM,95,69
9/25/2026,12:45:49 AM,96,70
9/25/2026,12:45:50 AM,96,69
9/25/2026,12:45:51 AM,96,70
9/25/2026,12:45:52 AM,96,70
9/25/2026,12:45:53 AM,96,70
9/25/2026,12:45:54 AM,96,71
9/25/2026,12:45:55 AM,96,71
9/25/2026,12:45:56 AM,96,71
9/25/2026,12:45:57 AM,95,71
9/25/2026,12:45:58 AM,95,72
9/25/2026,12:45:59 AM,95,72
9/25/2026,12:46:00 AM,95,73
9/25/2026,12:46:01 AM,94,73
9/25/2026,12:46:02 AM,94,74
9/25/2026,12:46:03 AM,94,74
9/25/2026,12:46:04 AM,94,75
9/25/2026,12:46:05 AM,94,75
9/25/2026,12:46:06 AM,94,76
9/25/2026,12:46:07 AM,94,76
9/25/2026,12:46:08 AM,94,76
9/25/2026,12:46:09 AM,94,76
9/25/2026,12:46:10 AM,94,76
9/25/2026,12:46:11 AM,94,76
9/25/2026,12:46:12 AM,94,76
9/25/2026,12:46:13 AM,94,75
9/25/2026,12:46:14 AM,94,75
9/25/2026,12:46:15 AM,94,74
9/25/2026,12:46:16 AM,94,72
9/25/2026,12:46:17 AM,94,72
9/25/2026,12:46:18 AM,94,71
9/25/2026,12:46:19 AM,94,71
9/25/2026,12:46:20 AM,94,71
9/25/2026,12:46:21 AM,94,71
9/25/2026,12:46:22 AM,93,71
9/25/2026,12:46:23 AM,93,71
9/25/2026,12:46:24 AM,93,71
9/25/2026,12:46:25 AM,93,70
9/25/2026,12:46:26 AM,93,70
9/25/2026,12:46:27 AM,94,70
9/25/2026,12:46:28 AM,94,70
9/25/2026,12:46:29 AM,94,70
9/25/2026,12:46:30 AM,95,70
9/25/2026,12:46:31 AM,95,70
9/25/2026,12:46:32 AM,96,70
9/25/2026,12:46:33 AM,96,70
9/25/2026,12:46:34 AM,96,70
9/25/2026,12:46:35 AM,97,70
9/25/2026,12:46:36 AM,97,70
9/25/2026,12:46:37 AM,97,70
9/25/2026,12:46:38 AM,97,70
9/25/2026,12:46:39 AM,97,71
9/25/2026,12:46:40 AM,97,71
9/25/2026,12:46:41 AM,97,71
9/25/2026,12:46:42 AM,97,71
9/25/2026,12:46:43 AM,97,72
9/25/2026,12:46:44 AM,97,72
9/25/2026,12:46:45 AM,96,72
9/25/2026,12:46:46 AM,96,72
9/25/2026,12:46:47 AM,96,73
9/25/2026,12:46:48 AM,95,73
9/25/2026,12:46:49 AM,95,74
9/25/2026,12:46:50 AM,95,74
9/25/2026,12:46:51 AM,95,74
9/25/2026,12:46:52 AM,95,74
9/25/2026,12:46:53 AM,95,74
9/25/2026,12:46:54 AM,95,74
9/25/2026,12:46:55 AM,95,74
9/25/2026,12:46:56 AM,95,74
9/25/2026,12:46:57 AM,95,74
9/25/2026,12:46:58 AM,95,74
9/25/2026,12:46:59 AM,95,74
9/25/2026,12:47:00 AM,95,74
9/25/2026,12:47:01 AM,95,74
9/25/2026,12:47:02 AM,95,74
9/25/2026,12:47:03 AM,95,73
9/25/2026,12:47:04 AM,96,72
9/25/2026,12:47:05 AM,96,72
9/25/2026,12:47:06 AM,96,71
9/25/2026,12:47:07 AM,96,70
9/25/2026,12:47:08 AM,96,69
9/25/2026,12:47:09 AM,96,68
9/25/2026,12:47:10 AM,96,68
9/25/2026,12:47:11 AM,96,68
9/25/2026,12:47:12 AM,96,68
9/25/2026,12:47:13 AM,96,68
9/25/2026,12:47:14 AM,96,68
9/25/2026,12:47:15 AM,97,67
9/25/2026,12:47:16 AM,97,67
9/25/2026,12:47:17 AM,97,67
9/25/2026,12:47:18 AM,98,67
9/25/2026,12:47:19 AM,98,67
9/25/2026,12:47:20 AM,98,67
9/25/2026,12:47:21 AM,98,67
9/25/2026,12:47:22 AM,98,67
9/25/2026,12:47:23 AM,98,67
9/25/2026,12:47:24 AM,98,68
9/25/2026,12:47:25 AM,98,68
9/25/2026,12:47:26 AM,98,68
9/25/2026,12:47:27 AM,98,69
9/25/2026,12:47:28 AM,98,69
9/25/2026,12:47:29 AM,98,69
9/25/2026,12:47:30 AM,97,69
9/25/2026,12:47:31 AM,97,69
9/25/2026,12:47:32 AM,97,69
9/25/2026,12:47:33 AM,97,69
9/25/2026,12:47:34 AM,97,69
9/25/2026,12:47:35 AM,97,69
9/25/2026,12:47:36 AM,97,69
9/25/2026,12:47:37 AM,97,69
9/25/2026,12:47:38 AM,96,69
9/25/2026,12:47:39 AM,96,69
9/25/2026,12:47:40 AM,96,69
9/25/2026,12:47:41 AM,96,69
9/25/2026,12:47:42 AM,96,70
9/25/2026,12:47:43 AM,96,70
9/25/2026,12:47:44 AM,95,70
9/25/2026,12:47:45 AM,95,71
9/25/2026,12:47:46 AM,95,71
9/25/2026,12:47:47 AM,95,71
9/25/2026,12:47:48 AM,95,72
9/25/2026,12:47:49 AM,95,72
9/25/2026,12:47:50 AM,94,72
9/25/2026,12:47:51 AM,94,72
9/25/2026,12:47:52 AM,94,72
9/25/2026,12:47:53 AM,94,72
9/25/2026,12:47:54 AM,95,72
9/25/2026,12:47:55 AM,95,72
9/25/2026,12:47:56 AM,95,72
9/25/2026,12:47:57 AM,95,72
9/25/2026,12:47:58 AM,95,72
9/25/2026,12:47:59 AM,95,72
9/25/2026,12:48:00 AM,95,72
9/25/2026,12:48:01 AM,95,71
9/25/2026,12:48:02 AM,95,70
9/25/2026,12:48:03 AM,94,70
9/25/2026,12:48:04 AM,94,69
9/25/2026,12:48:05 AM,94,69
9/25/2026,12:48:06 AM,94,69
9/25/2026,12:48:07 AM,94,69
9/25/2026,12:48:08 AM,95,69
9/25/2026,12:48:09 AM,95,70
9/25/2026,12:48:10 AM,95,70
9/25/2026,12:48:11 AM,95,70
9/25/2026,12:48:12 AM,95,71
9/25/2026,12:48:13 AM,95,71
9/25/2026,12:48:14 AM,96,71
9/25/2026,12:48:15 AM,96,72
9/25/2026,12:48:16 AM,96,72
9/25/2026,12:48:17 AM,96,72
9/25/2026,12:48:18 AM,96,71
9/25/2026,12:48:19 AM,96,71
9/25/2026,12:48:20 AM,96,71
9/25/2026,12:48:21 AM,96,71
9/25/2026,12:48:22 AM,96,71
9/25/2026,12:48:23 AM,96,70
9/25/2026,12:48:24 AM,96,69
9/25/2026,12:48:25 AM,96,69
9/25/2026,12:48:26 AM,97,68
9/25/2026,12:48:27 AM,97,68
9/25/2026,12:48:28 AM,96,67
9/25/2026,12:48:29 AM,97,67
9/25/2026,12:48:30 AM,97,67
9/25/2026,12:48:31 AM,96,67
9/25/2026,12:48:32 AM,96,67
9/25/2026,12:48:33 AM,96,68
9/25/2026,12:48:34 AM,96,68
9/25/2026,12:48:35 AM,96,68
9/25/2026,12:48:36 AM,96,69
9/25/2026,12:48:37 AM,96,69
9/25/2026,12:48:38 AM,96,69
9/25/2026,12:48:39 AM,96,70
9/25/2026,12:48:40 AM,96,70
9/25/2026,12:48:41 AM,96,71
9/25/2026,12:48:42 AM,96,72
9/25/2026,12:48:43 AM,96,73
9/25/2026,12:48:44 AM,96,73
9/25/2026,12:48:45 AM,96,74
9/25/2026,12:48:46 AM,96,74
9/25/2026,12:48:47 AM,96,73
9/25/2026,12:48:48 AM,96,73
9/25/2026,12:48:49 AM,96,72
9/25/2026,12:48:50 AM,96,71
9/25/2026,12:48:51 AM,96,70
9/25/2026,12:48:52 AM,96,69
9/25/2026,12:48:53 AM,96,68
9/25/2026,12:48:54 AM,96,68
9/25/2026,12:48:55 AM,96,68
9/25/2026,12:48:56 AM,96,68
9/25/2026,12:48:57 AM,96,68
9/25/2026,12:48:58 AM,96,68
9/25/2026,12:48:59 AM,96,69
9/25/2026,12:49:00 AM,95,69
9/25/2026,12:49:01 AM,95,69
9/25/2026,12:49:02 AM,95,69
9/25/2026,12:49:03 AM,95,70
9/25/2026,12:49:04 AM,95,70
9/25/2026,12:49:05 AM,95,70
9/25/2026,12:49:06 AM,95,71
9/25/2026,12:49:07 AM,95,71
9/25/2026,12:49:08 AM,95,71
9/25/2026,12:49:09 AM,95,71
9/25/2026,12:49:10 AM,95,71
9/25/2026,12:49:11 AM,95,71
9/25/2026,12:49:12 AM,95,71
9/25/2026,12:49:13 AM,95,71
9/25/2026,12:49:14 AM,95,71
9/25/2026,12:49:15 AM,95,72
9/25/2026,12:49:16 AM,95,73
9/25/2026,12:49:17 AM,95,74
9/25/2026,12:49:18 AM,95,75
9/25/2026,12:49:19 AM,95,76
9/25/2026,12:49:20 AM,95,76
9/25/2026,12:49:21 AM,95,75
9/25/2026,12:49:22 AM,95,75
9/25/2026,12:49:23 AM,95,74
9/25/2026,12:49:24 AM,95,73
9/25/2026,12:49:25 AM,95,73
9/25/2026,12:49:26 AM,95,72
9/25/2026,12:49:27 AM,95,71
9/25/2026,12:49:28 AM,95,71
9/25/2026,12:49:29 AM,95,71
9/25/2026,12:49:30 AM,95,71
9/25/2026,12:49:31 AM,95,71
9/25/2026,12:49:32 AM,95,71
9/25/2026,12:49:33 AM,95,72
9/25/2026,12:49:34 AM,94,72
9/25/2026,12:49:35 AM,94,72
9/25/2026,12:49:36 AM,95,72
9/25/2026,12:49:37 AM,95,72
9/25/2026,12:49:38 AM,95,71
9/25/2026,12:49:39 AM,95,71
9/25/2026,12:49:40 AM,95,70
9/25/2026,12:49:41 AM,96,70
9/25/2026,12:49:42 AM,96,70
9/25/2026,12:49:43 AM,96,69
9/25/2026,12:49:44 AM,96,69
9/25/2026,12:49:45 AM,96,69
9/25/2026,12:49:46 AM,97,69
9/25/2026,12:49:47 AM,97,69
9/25/2026,12:49:48 AM,97,69
9/25/2026,12:49:49 AM,97,69
9/25/2026,12:49:50 AM,97,70
9/25/2026,12:49:51 AM,97,70
9/25/2026,12:49:52 AM,97,70
9/25/2026,12:49:53 AM,97,70
9/25/2026,12:49:54 AM,96,70
9/25/2026,12:49:55 AM,96,70
9/25/2026,12:49:56 AM,96,70
9/25/2026,12:49:57 AM,96,70
9/25/2026,12:49:58 AM,96,70
9/25/2026,12:49:59 AM,96,71
9/25/2026,12:50:00 AM,96,71
9/25/2026,12:50:01 AM,96,71
9/25/2026,12:50:02 AM,96,71
9/25/2026,12:50:03 AM,96,71
9/25/2026,12:50:04 AM,96,71
9/25/2026,12:50:05 AM,95,71
9/25/2026,12:50:06 AM,95,71
9/25/2026,12:50:07 AM,95,72
9/25/2026,12:50:08 AM,95,72
9/25/2026,12:50:09 AM,95,72
9/25/2026,12:50:10 AM,95,72
9/25/2026,12:50:11 AM,95,72
9/25/2026,12:50:12 AM,95,73
9/25/2026,12:50:13 AM,95,74
9/25/2026,12:50:14 AM,95,75
9/25/2026,12:50:15 AM,95,75
9/25/2026,12:50:16 AM,95,76
9/25/2026,12:50:17 AM,95,76
9/25/2026,12:50:18 AM,95,75
9/25/2026,12:50:19 AM,95,74
9/25/2026,12:50:20 AM,95,73
9/25/2026,12:50:21 AM,95,72
9/25/2026,12:50:22 AM,95,70
9/25/2026,12:50:23 AM,95,69
9/25/2026,12:50:24 AM,95,69
9/25/2026,12:50:25 AM,95,68
9/25/2026,12:50:26 AM,95,68
9/25/2026,12:50:27 AM,95,68
9/25/2026,12:50:28 AM,95,68
9/25/2026,12:50:29 AM,95,68
9/25/2026,12:50:30 AM,95,68
9/25/2026,12:50:31 AM,95,68
9/25/2026,12:50:32 AM,95,68
9/25/2026,12:50:33 AM,95,68
9/25/2026,12:50:34 AM,96,68
9/25/2026,12:50:35 AM,96,68
9/25/2026,12:50:36 AM,96,68
9/25/2026,12:50:37 AM,96,68
9/25/2026,12:50:38 AM,96,69
9/25/2026,12:50:39 AM,96,69
9/25/2026,12:50:40 AM,96,69
9/25/2026,12:50:41 AM,96,69
9/25/2026,12:50:42 AM,96,69
9/25/2026,12:50:43 AM,96,69
9/25/2026,12:50:44 AM,96,69
9/25/2026,12:50:45 AM,96,69
9/25/2026,12:50:46 AM,96,69
9/25/2026,12:50:47 AM,96,69
9/25/2026,12:50:48 AM,96,69
9/25/2026,12:50:49 AM,96,69
9/25/2026,12:50:50 AM,96,69
9/25/2026,12:50:51 AM,96,70
9/25/2026,12:50:52 AM,96,70
9/25/2026,12:50:53 AM,96,70
9/25/2026,12:50:54 AM,96,70
9/25/2026,12:50:55 AM,96,70
9/25/2026,12:50:56 AM,96,71
9/25/2026,12:50:57 AM,96,71
9/25/2026,12:50:58 AM,96,71
9/25/2026,12:50:59 AM,96,71
9/25/2026,12:51:00 AM,96,71
9/25/2026,12:51:01 AM,96,71
9/25/2026,12:51:02 AM,96,71
9/25/2026,12:51:03 AM,96,72
9/25/2026,12:51:04 AM,96,72
9/25/2026,12:51:05 AM,95,72
9/25/2026,12:51:06 AM,95,72
9/25/2026,12:51:07 AM,95,72
9/25/2026,12:51:08 AM,95,72
9/25/2026,12:51:09 AM,95,72
9/25/2026,12:51:10 AM,95,72
9/25/2026,12:51:11 AM,95,72
9/25/2026,12:51:12 AM,95,73
9/25/2026,12:51:13 AM,95,73
9/25/2026,12:51:14 AM,95,73
9/25/2026,12:51:15 AM,95,73
9/25/2026,12:51:16 AM,95,73
9/25/2026,12:51:17 AM,95,73
9/25/2026,12:51:18 AM,95,73
9/25/2026,12:51:19 AM,95,72
9/25/2026,12:51:20 AM,95,72
9/25/2026,12:51:21 AM,95,72
9/25/2026,12:51:22 AM,95,72
9/25/2026,12:51:23 AM,95,72
9/25/2026,12:51:24 AM,95,72
9/25/2026,12:51:25 AM,95,71
9/25/2026,12:51:26 AM,95,71
9/25/2026,12:51:27 AM,95,72
9/25/2026,12:51:28 AM,95,71
9/25/2026,12:51:29 AM,95,72
9/25/2026,12:51:30 AM,95,72
9/25/2026,12:51:31 AM,95,72
9/25/2026,12:51:32 AM,95,72
9/25/2026,12:51:33 AM,95,73
9/25/2026,12:51:34 AM,95,74
9/25/2026,12:51:35 AM,95,74
9/25/2026,12:51:36 AM,95,74
9/25/2026,12:51:37 AM,95,74
9/25/2026,12:51:38 AM,95,74
9/25/2026,12:51:39 AM,95,73
9/25/2026,12:51:40 AM,96,72
9/25/2026,12:51:41 AM,96,70
9/25/2026,12:51:42 AM,96,69
9/25/2026,12:51:43 AM,96,69
9/25/2026,12:51:44 AM,95,69
9/25/2026,12:51:45 AM,95,69
9/25/2026,12:51:46 AM,96,69
9/25/2026,12:51:47 AM,96,70
9/25/2026,12:51:48 AM,96,70
9/25/2026,12:51:49 AM,96,71
9/25/2026,12:51:50 AM,96,71
9/25/2026,12:51:51 AM,96,71
9/25/2026,12:51:52 AM,96,71
9/25/2026,12:51:53 AM,96,71
9/25/2026,12:51:54 AM,96,71
9/25/2026,12:51:55 AM,97,71
9/25/2026,12:51:56 AM,97,72
9/25/2026,12:51:57 AM,96,72
9/25/2026,12:51:58 AM,96,73
9/25/2026,12:51:59 AM,96,73
9/25/2026,12:52:00 AM,96,74
9/25/2026,12:52:01 AM,96,74
9/25/2026,12:52:02 AM,96,74
9/25/2026,12:52:03 AM,96,74
9/25/2026,12:52:04 AM,96,74
9/25/2026,12:52:05 AM,96,73
9/25/2026,12:52:06 AM,96,73
9/25/2026,12:52:07 AM,96,73
9/25/2026,12:52:08 AM,96,72
9/25/2026,12:52:09 AM,96,72
9/25/2026,12:52:10 AM,96,72
9/25/2026,12:52:11 AM,96,72
9/25/2026,12:52:12 AM,96,72
9/25/2026,12:52:13 AM,96,72
9/25/2026,12:52:14 AM,96,72
9/25/2026,12:52:15 AM,95,72
9/25/2026,12:52:16 AM,95,73
9/25/2026,12:52:17 AM,95,73
9/25/2026,12:52:18 AM,95,74
9/25/2026,12:52:19 AM,95,74
9/25/2026,12:52:20 AM,95,75
9/25/2026,12:52:21 AM,95,76
9/25/2026,12:52:22 AM,95,77
9/25/2026,12:52:23 AM,95,77
9/25/2026,12:52:24 AM,95,77
9/25/2026,12:52:25 AM,95,77
9/25/2026,12:52:26 AM,95,77
9/25/2026,12:52:27 AM,95,76
9/25/2026,12:52:28 AM,95,76
9/25/2026,12:52:29 AM,95,75
9/25/2026,12:52:30 AM,95,74
9/25/2026,12:52:31 AM,95,72
9/25/2026,12:52:32 AM,95,71
9/25/2026,12:52:33 AM,95,70
9/25/2026,12:52:34 AM,95,70
9/25/2026,12:52:35 AM,95,70
9/25/2026,12:52:36 AM,95,70
9/25/2026,12:52:37 AM,95,70
9/25/2026,12:52:38 AM,95,70
9/25/2026,12:52:39 AM,96,70
9/25/2026,12:52:40 AM,96,70
9/25/2026,12:52:41 AM,96,70
9/25/2026,12:52:42 AM,96,71
9/25/2026,12:52:43 AM,96,71
9/25/2026,12:52:44 AM,96,71
9/25/2026,12:52:45 AM,96,71
9/25/2026,12:52:46 AM,96,72
9/25/2026,12:52:47 AM,96,73
9/25/2026,12:52:48 AM,96,73
9/25/2026,12:52:49 AM,96,73
9/25/2026,12:52:50 AM,96,73
9/25/2026,12:52:51 AM,96,73
9/25/2026,12:52:52 AM,96,73
9/25/2026,12:52:53 AM,97,72
9/25/2026,12:52:54 AM,97,72
9/25/2026,12:52:55 AM,97,71
9/25/2026,12:52:56 AM,97,70
9/25/2026,12:52:57 AM,97,70
9/25/2026,12:52:58 AM,97,70
9/25/2026,12:52:59 AM,96,70
9/25/2026,12:53:00 AM,96,69
9/25/2026,12:53:01 AM,96,69
9/25/2026,12:53:02 AM,96,69
9/25/2026,12:53:03 AM,96,69
9/25/2026,12:53:04 AM,96,69
9/25/2026,12:53:05 AM,96,70
9/25/2026,12:53:06 AM,96,70
9/25/2026,12:53:07 AM,96,71
9/25/2026,12:53:08 AM,96,71
9/25/2026,12:53:09 AM,96,72
9/25/2026,12:53:10 AM,95,72
9/25/2026,12:53:11 AM,95,73
9/25/2026,12:53:12 AM,95,74
9/25/2026,12:53:13 AM,95,74
9/25/2026,12:53:14 AM,95,74
9/25/2026,12:53:15 AM,95,74
9/25/2026,12:53:16 AM,95,74
9/25/2026,12:53:17 AM,95,73
9/25/2026,12:53:18 AM,95,73
9/25/2026,12:53:19 AM,95,73
9/25/2026,12:53:20 AM,95,73
9/25/2026,12:53:21 AM,95,73
9/25/2026,12:53:22 AM,95,73
9/25/2026,12:53:23 AM,95,73
9/25/2026,12:53:24 AM,95,73
9/25/2026,12:53:25 AM,95,73
9/25/2026,12:53:26 AM,95,72
9/25/2026,12:53:27 AM,95,72
9/25/2026,12:53:28 AM,95,72
9/25/2026,12:53:29 AM,95,72
9/25/2026,12:53:30 AM,95,71
9/25/2026,12:53:31 AM,95,70
9/25/2026,12:53:32 AM,95,70
9/25/2026,12:53:33 AM,95,69
9/25/2026,12:53:34 AM,95,69
9/25/2026,12:53:35 AM,95,70
9/25/2026,12:53:36 AM,95,70
9/25/2026,12:53:37 AM,95,70
9/25/2026,12:53:38 AM,95,70
9/25/2026,12:53:39 AM,95,70
9/25/2026,12:53:40 AM,95,70
9/25/2026,12:53:41 AM,95,71
9/25/2026,12:53:42 AM,95,71
9/25/2026,12:53:43 AM,95,71
9/25/2026,12:53:44 AM,95,71
9/25/2026,12:53:45 AM,96,72
9/25/2026,12:53:46 AM,96,71
9/25/2026,12:53:47 AM,96,72
9/25/2026,12:53:48 AM,96,72
9/25/2026,12:53:49 AM,96,72
9/25/2026,12:53:50 AM,96,73
9/25/2026,12:53:51 AM,96,73
9/25/2026,12:53:52 AM,96,74
9/25/2026,12:53:53 AM,96,74
9/25/2026,12:53:54 AM,96,74
9/25/2026,12:53:55 AM,96,74
9/25/2026,12:53:56 AM,96,74
9/25/2026,12:53:57 AM,96,74
9/25/2026,12:53:58 AM,96,74
9/25/2026,12:53:59 AM,96,73
9/25/2026,12:54:00 AM,96,71
9/25/2026,12:54:01 AM,96,71
9/25/2026,12:54:02 AM,96,70
9/25/2026,12:54:03 AM,96,70
9/25/2026,12:54:04 AM,96,69
9/25/2026,12:54:05 AM,96,70
9/25/2026,12:54:06 AM,96,70
9/25/2026,12:54:07 AM,96,70
9/25/2026,12:54:08 AM,96,70
9/25/2026,12:54:09 AM,96,70
9/25/2026,12:54:10 AM,96,71
9/25/2026,12:54:11 AM,96,71
9/25/2026,12:54:12 AM,96,71
9/25/2026,12:54:13 AM,96,71
9/25/2026,12:54:14 AM,96,71
9/25/2026,12:54:15 AM,96,71
9/25/2026,12:54:16 AM,96,71
9/25/2026,12:54:17 AM,96,71
9/25/2026,12:54:18 AM,95,71
9/25/2026,12:54:19 AM,95,71
9/25/2026,12:54:20 AM,95,71
9/25/2026,12:54:21 AM,95,72
9/25/2026,12:54:22 AM,95,72
9/25/2026,12:54:23 AM,95,72
9/25/2026,12:54:24 AM,95,73
9/25/2026,12:54:25 AM,95,73
9/25/2026,12:54:26 AM,95,73
9/25/2026,12:54:27 AM,95,73
9/25/2026,12:54:28 AM,95,72
9/25/2026,12:54:29 AM,95,71
9/25/2026,12:54:30 AM,95,71
9/25/2026,12:54:31 AM,95,70
9/25/2026,12:54:32 AM,95,70
9/25/2026,12:54:33 AM,95,70
9/25/2026,12:54:34 AM,95,70
9/25/2026,12:54:35 AM,95,70
9/25/2026,12:54:36 AM,95,71
9/25/2026,12:54:37 AM,95,71
9/25/2026,12:54:38 AM,95,71
9/25/2026,12:54:39 AM,95,71
9/25/2026,12:54:40 AM,95,72
9/25/2026,12:54:41 AM,95,72
9/25/2026,12:54:42 AM,95,71
9/25/2026,12:54:43 AM,95,72
9/25/2026,12:54:44 AM,95,72
9/25/2026,12:54:45 AM,95,72
9/25/2026,12:54:46 AM,95,72
9/25/2026,12:54:47 AM,95,72
9/25/2026,12:54:48 AM,95,72
9/25/2026,12:54:49 AM,95,72
9/25/2026,12:54:50 AM,95,72
9/25/2026,12:54:51 AM,94,73
9/25/2026,12:54:52 AM,94,73
9/25/2026,12:54:53 AM,94,73
9/25/2026,12:54:54 AM,94,74
9/25/2026,12:54:55 AM,94,74
9/25/2026,12:54:56 AM,94,75
9/25/2026,12:54:57 AM,94,75
9/25/2026,12:54:58 AM,94,76
9/25/2026,12:54:59 AM,94,76
9/25/2026,12:55:00 AM,94,76
9/25/2026,12:55:01 AM,94,76
9/25/2026,12:55:02 AM,94,76
9/25/2026,12:55:03 AM,95,75
9/25/2026,12:55:04 AM,94,74
9/25/2026,12:55:05 AM,94,73
9/25/2026,12:55:06 AM,95,72
9/25/2026,12:55:07 AM,95,71
9/25/2026,12:55:08 AM,95,71
9/25/2026,12:55:09 AM,95,70
9/25/2026,12:55:10 AM,94,70
9/25/2026,12:55:11 AM,94,70
9/25/2026,12:55:12 AM,94,70
9/25/2026,12:55:13 AM,95,70
9/25/2026,12:55:14 AM,95,71
9/25/2026,12:55:15 AM,95,71
9/25/2026,12:55:16 AM,95,70
9/25/2026,12:55:17 AM,96,71
9/25/2026,12:55:18 AM,96,71
9/25/2026,12:55:19 AM,96,71
9/25/2026,12:55:20 AM,96,71
9/25/2026,12:55:21 AM,96,71
9/25/2026,12:55:22 AM,96,71
9/25/2026,12:55:23 AM,96,71
9/25/2026,12:55:24 AM,96,72
9/25/2026,12:55:25 AM,96,72
9/25/2026,12:55:26 AM,96,72
9/25/2026,12:55:27 AM,96,72
9/25/2026,12:55:28 AM,96,73
9/25/2026,12:55:29 AM,96,73
9/25/2026,12:55:30 AM,96,73
9/25/2026,12:55:31 AM,96,73
9/25/2026,12:55:32 AM,96,73
9/25/2026,12:55:33 AM,96,73
9/25/2026,12:55:34 AM,96,73
9/25/2026,12:55:35 AM,96,73
9/25/2026,12:55:36 AM,96,72
9/25/2026,12:55:37 AM,96,72
9/25/2026,12:55:38 AM,96,72
9/25/2026,12:55:39 AM,96,72
9/25/2026,12:55:40 AM,96,72
9/25/2026,12:55:41 AM,96,73
9/25/2026,12:55:42 AM,96,73
9/25/2026,12:55:43 AM,96,73
9/25/2026,12:55:44 AM,96,74
9/25/2026,12:55:45 AM,96,74
9/25/2026,12:55:46 AM,96,74
9/25/2026,12:55:47 AM,96,73
9/25/2026,12:55:48 AM,96,73
9/25/2026,12:55:49 AM,96,72
9/25/2026,12:55:50 AM,96,72
9/25/2026,12:55:51 AM,96,72
9/25/2026,12:55:52 AM,96,71
9/25/2026,12:55:53 AM,95,71
9/25/2026,12:55:54 AM,95,71
9/25/2026,12:55:55 AM,95,71
9/25/2026,12:55:56 AM,95,71
9/25/2026,12:55:57 AM,95,71
9/25/2026,12:55:58 AM,95,72
9/25/2026,12:55:59 AM,95,72
9/25/2026,12:56:00 AM,95,72
9/25/2026,12:56:01 AM,95,73
9/25/2026,12:56:02 AM,96,73
9/25/2026,12:56:03 AM,96,73
9/25/2026,12:56:04 AM,96,73
9/25/2026,12:56:05 AM,96,73
9/25/2026,12:56:06 AM,96,72
9/25/2026,12:56:07 AM,96,72
9/25/2026,12:56:08 AM,96,72
9/25/2026,12:56:09 AM,95,72
9/25/2026,12:56:10 AM,95,71
9/25/2026,12:56:11 AM,96,72
9/25/2026,12:56:12 AM,95,72
9/25/2026,12:56:13 AM,95,72
9/25/2026,12:56:14 AM,96,72
9/25/2026,12:56:15 AM,96,72
9/25/2026,12:56:16 AM,96,72
9/25/2026,12:56:17 AM,95,72
9/25/2026,12:56:18 AM,95,72
9/25/2026,12:56:19 AM,95,72
9/25/2026,12:56:20 AM,95,72
9/25/2026,12:56:21 AM,96,72
9/25/2026,12:56:22 AM,96,72
9/25/2026,12:56:23 AM,96,72
9/25/2026,12:56:24 AM,96,72
9/25/2026,12:56:25 AM,96,72
9/25/2026,12:56:26 AM,96,72
9/25/2026,12:56:27 AM,96,72
9/25/2026,12:56:28 AM,96,72
9/25/2026,12:56:29 AM,96,72
9/25/2026,12:56:30 AM,96,72
9/25/2026,12:56:31 AM,96,72
9/25/2026,12:56:32 AM,96,72
9/25/2026,12:56:33 AM,96,72
9/25/2026,12:56:34 AM,96,72
9/25/2026,12:56:35 AM,96,72
9/25/2026,12:56:36 AM,96,72
9/25/2026,12:56:37 AM,96,72
9/25/2026,12:56:38 AM,96,72
9/25/2026,12:56:39 AM,96,72
9/25/2026,12:56:40 AM,96,71
9/25/2026,12:56:41 AM,97,71
9/25/2026,12:56:42 AM,97,71
9/25/2026,12:56:43 AM,97,70
9/25/2026,12:56:44 AM,97,70
9/25/2026,12:56:45 AM,97,70
9/25/2026,12:56:46 AM,98,69
9/25/2026,12:56:47 AM,98,69
9/25/2026,12:56:48 AM,98,69
9/25/2026,12:56:49 AM,98,69
9/25/2026,12:56:50 AM,98,69
9/25/2026,12:56:51 AM,98,69
9/25/2026,12:56:52 AM,98,69
9/25/2026,12:56:53 AM,98,69
9/25/2026,12:56:54 AM,98,69
9/25/2026,12:56:55 AM,98,69
9/25/2026,12:56:56 AM,97,69
9/25/2026,12:56:57 AM,97,70
9/25/2026,12:56:58 AM,97,69
9/25/2026,12:56:59 AM,97,69
9/25/2026,12:57:00 AM,97,69
9/25/2026,12:57:01 AM,96,69
9/25/2026,12:57:02 AM,96,70
9/25/2026,12:57:03 AM,96,70
9/25/2026,12:57:04 AM,96,70
9/25/2026,12:57:05 AM,96,70
9/25/2026,12:57:06 AM,96,70
9/25/2026,12:57:07 AM,95,70
9/25/2026,12:57:08 AM,95,71
9/25/2026,12:57:09 AM,95,71
9/25/2026,12:57:10 AM,95,71
9/25/2026,12:57:11 AM,95,71
9/25/2026,12:57:12 AM,95,71
9/25/2026,12:57:13 AM,95,72
9/25/2026,12:57:14 AM,95,72
9/25/2026,12:57:15 AM,94,72
9/25/2026,12:57:16 AM,95,72
9/25/2026,12:57:17 AM,95,72
9/25/2026,12:57:18 AM,95,72
9/25/2026,12:57:19 AM,95,72
9/25/2026,12:57:20 AM,95,72
9/25/2026,12:57:21 AM,95,72
9/25/2026,12:57:22 AM,95,73
9/25/2026,12:57:23 AM,95,73
9/25/2026,12:57:24 AM,95,74
9/25/2026,12:57:25 AM,95,75
9/25/2026,12:57:26 AM,95,76
9/25/2026,12:57:27 AM,95,76
9/25/2026,12:57:28 AM,95,76
9/25/2026,12:57:29 AM,95,77
9/25/2026,12:57:30 AM,96,77
9/25/2026,12:57:31 AM,96,76
9/25/2026,12:57:32 AM,96,76
9/25/2026,12:57:33 AM,96,75
9/25/2026,12:57:34 AM,96,75
9/25/2026,12:57:35 AM,96,74
9/25/2026,12:57:36 AM,96,74
9/25/2026,12:57:37 AM,96,74
9/25/2026,12:57:38 AM,96,74
9/25/2026,12:57:39 AM,96,74
9/25/2026,12:57:40 AM,96,74
9/25/2026,12:57:41 AM,96,74
9/25/2026,12:57:42 AM,96,74
9/25/2026,12:57:43 AM,96,75
9/25/2026,12:57:44 AM,96,76
9/25/2026,12:57:45 AM,96,76
9/25/2026,12:57:46 AM,96,76
9/25/2026,12:57:47 AM,96,76
9/25/2026,12:57:48 AM,96,76
9/25/2026,12:57:49 AM,96,76
9/25/2026,12:57:50 AM,96,76
9/25/2026,12:57:51 AM,96,76
9/25/2026,12:57:52 AM,96,75
9/25/2026,12:57:53 AM,97,75
9/25/2026,12:57:54 AM,97,74
9/25/2026,12:57:55 AM,97,74
9/25/2026,12:57:56 AM,97,74
9/25/2026,12:57:57 AM,98,74
9/25/2026,12:57:58 AM,98,74
9/25/2026,12:57:59 AM,98,73
9/25/2026,12:58:00 AM,98,73
9/25/2026,12:58:01 AM,98,72
9/25/2026,12:58:02 AM,98,72
9/25/2026,12:58:03 AM,98,71
9/25/2026,12:58:04 AM,98,71
9/25/2026,12:58:05 AM,98,71
9/25/2026,12:58:06 AM,98,71
9/25/2026,12:58:07 AM,98,71
9/25/2026,12:58:08 AM,98,71
9/25/2026,12:58:09 AM,98,71
9/25/2026,12:58:10 AM,98,71
9/25/2026,12:58:11 AM,98,70
9/25/2026,12:58:12 AM,98,70
9/25/2026,12:58:13 AM,98,70
9/25/2026,12:58:14 AM,98,70
9/25/2026,12:58:15 AM,98,70
9/25/2026,12:58:16 AM,98,70
9/25/2026,12:58:17 AM,97,70
9/25/2026,12:58:18 AM,97,70
9/25/2026,12:58:19 AM,97,70
9/25/2026,12:58:20 AM,97,70
9/25/2026,12:58:21 AM,97,70
9/25/2026,12:58:22 AM,96,71
9/25/2026,12:58:23 AM,96,71
9/25/2026,12:58:24 AM,96,71
9/25/2026,12:58:25 AM,96,71
9/25/2026,12:58:26 AM,96,71
9/25/2026,12:58:27 AM,95,71
9/25/2026,12:58:28 AM,95,71
9/25/2026,12:58:29 AM,95,70
9/25/2026,12:58:30 AM,95,70
9/25/2026,12:58:31 AM,95,71
9/25/2026,12:58:32 AM,95,71
9/25/2026,12:58:33 AM,94,71
9/25/2026,12:58:34 AM,94,71
9/25/2026,12:58:35 AM,94,71
9/25/2026,12:58:36 AM,94,72
9/25/2026,12:58:37 AM,94,72
9/25/2026,12:58:38 AM,94,73
9/25/2026,12:58:39 AM,94,74
9/25/2026,12:58:40 AM,94,74
9/25/2026,12:58:41 AM,94,74
9/25/2026,12:58:42 AM,94,74
9/25/2026,12:58:43 AM,94,74
9/25/2026,12:58:44 AM,94,73
9/25/2026,12:58:45 AM,94,73
9/25/2026,12:58:46 AM,94,73
9/25/2026,12:58:47 AM,94,71
9/25/2026,12:58:48 AM,94,71
9/25/2026,12:58:49 AM,95,70
9/25/2026,12:58:50 AM,95,69
9/25/2026,12:58:51 AM,95,68
9/25/2026,12:58:52 AM,95,68
9/25/2026,12:58:53 AM,95,68
9/25/2026,12:58:54 AM,95,68
9/25/2026,12:58:55 AM,95,68
9/25/2026,12:58:56 AM,95,68
9/25/2026,12:58:57 AM,95,68
9/25/2026,12:58:58 AM,96,69
9/25/2026,12:58:59 AM,96,69
9/25/2026,12:59:00 AM,96,69
9/25/2026,12:59:01 AM,97,69
9/25/2026,12:59:02 AM,97,69
9/25/2026,12:59:03 AM,97,70
9/25/2026,12:59:04 AM,98,69
9/25/2026,12:59:05 AM,98,70
9/25/2026,12:59:06 AM,98,70
9/25/2026,12:59:07 AM,98,70
9/25/2026,12:59:08 AM,98,70
9/25/2026,12:59:09 AM,98,70
9/25/2026,12:59:10 AM,98,70
9/25/2026,12:59:11 AM,98,70
9/25/2026,12:59:12 AM,97,71
9/25/2026,12:59:13 AM,97,72
9/25/2026,12:59:14 AM,97,72
9/25/2026,12:59:15 AM,97,72
9/25/2026,12:59:16 AM,97,72
9/25/2026,12:59:17 AM,97,72
9/25/2026,12:59:18 AM,97,72
9/25/2026,12:59:19 AM,97,71
9/25/2026,12:59:20 AM,97,71
9/25/2026,12:59:21 AM,97,70
9/25/2026,12:59:22 AM,97,69
9/25/2026,12:59:23 AM,97,69
9/25/2026,12:59:24 AM,97,68
9/25/2026,12:59:25 AM,97,67
9/25/2026,12:59:26 AM,97,67
9/25/2026,12:59:27 AM,97,67
9/25/2026,12:59:28 AM,97,67
9/25/2026,12:59:29 AM,97,67
9/25/2026,12:59:30 AM,96,68
9/25/2026,12:59:31 AM,96,69
9/25/2026,12:59:32 AM,96,70
9/25/2026,12:59:33 AM,96,70
9/25/2026,12:59:34 AM,96,70
9/25/2026,12:59:35 AM,96,71
9/25/2026,12:59:36 AM,95,71
9/25/2026,12:59:37 AM,95,70
9/25/2026,12:59:38 AM,95,70
9/25/2026,12:59:39 AM,95,69
9/25/2026,12:59:40 AM,95,68
9/25/2026,12:59:41 AM,95,68
9/25/2026,12:59:42 AM,95,68
9/25/2026,12:59:43 AM,95,68
9/25/2026,12:59:44 AM,95,68
9/25/2026,12:59:45 AM,95,68
9/25/2026,12:59:46 AM,95,68
9/25/2026,12:59:47 AM,95,69
9/25/2026,12:59:48 AM,95,70
9/25/2026,12:59:49 AM,95,70
9/25/2026,12:59:50 AM,95,70
9/25/2026,12:59:51 AM,95,70
9/25/2026,12:59:52 AM,95,71
9/25/2026,12:59:53 AM,95,71
9/25/2026,12:59:54 AM,95,71
9/25/2026,12:59:55 AM,95,72
9/25/2026,12:59:56 AM,95,72
9/25/2026,12:59:57 AM,95,73
9/25/2026,12:59:58 AM,95,74
9/25/2026,12:59:59 AM,95,74
9/25/2026,1:00:00 AM,95,74
9/25/2026,1:00:01 AM,95,74
9/25/2026,1:00:02 AM,95,74
9/25/2026,1:00:03 AM,95,74
9/25/2026,1:00:04 AM,95,73
9/25/2026,1:00:05 AM,95,73
9/25/2026,1:00:06 AM,95,73
9/25/2026,1:00:07 AM,95,73
9/25/2026,1:00:08 AM,95,72
9/25/2026,1:00:09 AM,95,71
9/25/2026,1:00:10 AM,95,70
9/25/2026,1:00:11 AM,95,69
9/25/2026,1:00:12 AM,95,69
9/25/2026,1:00:13 AM,95,69
9/25/2026,1:00:14 AM,95,69
9/25/2026,1:00:15 AM,95,69
9/25/2026,1:00:16 AM,95,69
9/25/2026,1:00:17 AM,96,69
9/25/2026,1:00:18 AM,96,69
9/25/2026,1:00:19 AM,96,69
9/25/2026,1:00:20 AM,96,69
9/25/2026,1:00:21 AM,96,69
9/25/2026,1:00:22 AM,96,70
9/25/2026,1:00:23 AM,96,71
9/25/2026,1:00:24 AM,96,71
9/25/2026,1:00:25 AM,96,73
9/25/2026,1:00:26 AM,96,73
9/25/2026,1:00:27 AM,96,74
9/25/2026,1:00:28 AM,96,74
9/25/2026,1:00:29 AM,96,74
9/25/2026,1:00:30 AM,96,74
9/25/2026,1:00:31 AM,95,74
9/25/2026,1:00:32 AM,96,73
9/25/2026,1:00:33 AM,96,72
9/25/2026,1:00:34 AM,95,71
9/25/2026,1:00:35 AM,95,70
9/25/2026,1:00:36 AM,95,70
9/25/2026,1:00:37 AM,95,70
9/25/2026,1:00:38 AM,95,69
9/25/2026,1:00:39 AM,95,69
9/25/2026,1:00:40 AM,95,69
9/25/2026,1:00:41 AM,95,69
9/25/2026,1:00:42 AM,95,69
9/25/2026,1:00:43 AM,95,69
9/25/2026,1:00:44 AM,95,69
9/25/2026,1:00:45 AM,95,68
9/25/2026,1:00:46 AM,95,68
9/25/2026,1:00:47 AM,96,68
9/25/2026,1:00:48 AM,96,67
9/25/2026,1:00:49 AM,96,67
9/25/2026,1:00:50 AM,96,67
9/25/2026,1:00:51 AM,96,67
9/25/2026,1:00:52 AM,97,67
9/25/2026,1:00:53 AM,97,67
9/25/2026,1:00:54 AM,97,67
9/25/2026,1:00:55 AM,97,67
9/25/2026,1:00:56 AM,97,67
9/25/2026,1:00:57 AM,97,67
9/25/2026,1:00:58 AM,97,68
9/25/2026,1:00:59 AM,97,68
9/25/2026,1:01:00 AM,97,68
9/25/2026,1:01:01 AM,97,68
9/25/2026,1:01:02 AM,97,68
9/25/2026,1:01:03 AM,96,68
9/25/2026,1:01:04 AM,96,69
9/25/2026,1:01:05 AM,96,69
9/25/2026,1:01:06 AM,96,69
9/25/2026,1:01:07 AM,96,69
9/25/2026,1:01:08 AM,96,69
9/25/2026,1:01:09 AM,96,69
9/25/2026,1:01:10 AM,96,69
9/25/2026,1:01:11 AM,96,69
9/25/2026,1:01:12 AM,95,69
9/25/2026,1:01:13 AM,95,69
9/25/2026,1:01:14 AM,95,69
9/25/2026,1:01:15 AM,95,69
9/25/2026,1:01:16 AM,95,69
9/25/2026,1:01:17 AM,95,69
9/25/2026,1:01:18 AM,95,69
9/25/2026,1:01:19 AM,95,69
9/25/2026,1:01:20 AM,95,69
9/25/2026,1:01:21 AM,95,69
9/25/2026,1:01:22 AM,95,69
9/25/2026,1:01:23 AM,95,69
9/25/2026,1:01:24 AM,95,69
9/25/2026,1:01:25 AM,95,69
9/25/2026,1:01:26 AM,95,69
9/25/2026,1:01:27 AM,94,68
9/25/2026,1:01:28 AM,94,68
9/25/2026,1:01:29 AM,94,68
9/25/2026,1:01:30 AM,95,68
9/25/2026,1:01:31 AM,95,68
9/25/2026,1:01:32 AM,95,67
9/25/2026,1:01:33 AM,95,67
9/25/2026,1:01:34 AM,95,66
9/25/2026,1:01:35 AM,95,66
9/25/2026,1:01:36 AM,95,66
9/25/2026,1:01:37 AM,95,66
9/25/2026,1:01:38 AM,95,66
9/25/2026,1:01:39 AM,94,66
9/25/2026,1:01:40 AM,94,66
9/25/2026,1:01:41 AM,94,66
9/25/2026,1:01:42 AM,94,67
9/25/2026,1:01:43 AM,94,67
9/25/2026,1:01:44 AM,93,67
9/25/2026,1:01:45 AM,93,67
9/25/2026,1:01:46 AM,93,67
9/25/2026,1:01:47 AM,93,67
9/25/2026,1:01:48 AM,93,67
9/25/2026,1:01:49 AM,93,67
9/25/2026,1:01:50 AM,92,67
9/25/2026,1:01:51 AM,92,67
9/25/2026,1:01:52 AM,92,67
9/25/2026,1:01:53 AM,92,67
9/25/2026,1:01:54 AM,91,67
9/25/2026,1:01:55 AM,91,67
9/25/2026,1:01:56 AM,91,67
9/25/2026,1:01:57 AM,91,67
9/25/2026,1:01:58 AM,91,67
9/25/2026,1:01:59 AM,91,67
9/25/2026,1:02:00 AM,91,67
9/25/2026,1:02:01 AM,91,67
9/25/2026,1:02:02 AM,91,67
9/25/2026,1:02:03 AM,91,68
9/25/2026,1:02:04 AM,91,68
9/25/2026,1:02:05 AM,90,68
9/25/2026,1:02:06 AM,90,68
9/25/2026,1:02:07 AM,90,69
9/25/2026,1:02:08 AM,90,69
9/25/2026,1:02:09 AM,90,69
9/25/2026,1:02:10 AM,89,69
9/25/2026,1:02:11 AM,89,69
9/25/2026,1:02:12 AM,89,70
9/25/2026,1:02:13 AM,88,70
9/25/2026,1:02:14 AM,88,70
9/25/2026,1:02:15 AM,88,70
9/25/2026,1:02:16 AM,88,70
9/25/2026,1:02:17 AM,88,71
9/25/2026,1:02:18 AM,87,71
9/25/2026,1:02:19 AM,87,71
9/25/2026,1:02:20 AM,87,72
9/25/2026,1:02:21 AM,86,72
9/25/2026,1:02:22 AM,85,72
9/25/2026,1:02:23 AM,85,72
9/25/2026,1:02:24 AM,85,72
9/25/2026,1:02:25 AM,85,72
9/25/2026,1:02:26 AM,84,73
9/25/2026,1:02:27 AM,84,73
9/25/2026,1:02:28 AM,84,73
9/25/2026,1:02:29 AM,84,74
9/25/2026,1:02:30 AM,84,74
9/25/2026,1:02:31 AM,83,74
9/25/2026,1:02:32 AM,83,74
9/25/2026,1:02:33 AM,82,76
9/25/2026,1:02:34 AM,82,77
9/25/2026,1:02:35 AM,82,79
9/25/2026,1:02:36 AM,82,80
9/25/2026,1:02:37 AM,82,80
9/25/2026,1:02:38 AM,82,80
9/25/2026,1:02:39 AM,82,80
9/25/2026,1:02:40 AM,81,80
9/25/2026,1:02:41 AM,80,81
9/25/2026,1:02:42 AM,80,84
9/25/2026,1:02:43 AM,79,84
9/25/2026,1:02:44 AM,79,86
9/25/2026,1:02:45 AM,79,86
9/25/2026,1:02:46 AM,78,87
9/25/2026,1:02:47 AM,77,87
9/25/2026,1:02:48 AM,77,88
9/25/2026,1:02:49 AM,77,87
9/25/2026,1:02:50 AM,77,87
9/25/2026,1:02:51 AM,77,87
9/25/2026,1:02:52 AM,77,87
9/25/2026,1:02:53 AM,77,87
9/25/2026,1:02:54 AM,77,87
9/25/2026,1:02:55 AM,77,86
9/25/2026,1:02:56 AM,78,86
9/25/2026,1:02:57 AM,81,85
9/25/2026,1:02:58 AM,87,84
9/25/2026,1:02:59 AM,90,84
9/25/2026,1:03:00 AM,93,83
9/25/2026,1:03:01 AM,98,83
9/25/2026,1:03:02 AM,99,82
9/25/2026,1:03:03 AM,99,82
9/25/2026,1:03:04 AM,99,80
9/25/2026,1:03:05 AM,99,79
9/25/2026,1:03:06 AM,99,77
9/25/2026,1:03:07 AM,99,76
9/25/2026,1:03:08 AM,99,74
9/25/2026,1:03:09 AM,99,73
9/25/2026,1:03:10 AM,99,72
9/25/2026,1:03:11 AM,99,72
9/25/2026,1:03:12 AM,99,72
9/25/2026,1:03:13 AM,99,72
9/25/2026,1:03:14 AM,99,71
9/25/2026,1:03:15 AM,99,71
9/25/2026,1:03:16 AM,99,71
9/25/2026,1:03:17 AM,99,71
9/25/2026,1:03:18 AM,99,71
9/25/2026,1:03:19 AM,99,70
9/25/2026,1:03:20 AM,99,70
9/25/2026,1:03:21 AM,99,70
9/25/2026,1:03:22 AM,99,70
9/25/2026,1:03:23 AM,99,70
9/25/2026,1:03:24 AM,99,70
9/25/2026,1:03:25 AM,99,70
9/25/2026,1:03:26 AM,99,70
9/25/2026,1:03:27 AM,99,70
9/25/2026,1:03:28 AM,99,70
9/25/2026,1:03:29 AM,99,70
9/25/2026,1:03:30 AM,99,70
9/25/2026,1:03:31 AM,99,70
9/25/2026,1:03:32 AM,98,70
9/25/2026,1:03:33 AM,98,70
9/25/2026,1:03:34 AM,98,70
9/25/2026,1:03:35 AM,98,70
9/25/2026,1:03:36 AM,98,70
9/25/2026,1:03:37 AM,98,70
9/25/2026,1:03:38 AM,97,70
9/25/2026,1:03:39 AM,97,70
9/25/2026,1:03:40 AM,97,70
9/25/2026,1:03:41 AM,97,70
9/25/2026,1:03:42 AM,97,70
9/25/2026,1:03:43 AM,96,70
9/25/2026,1:03:44 AM,96,70
9/25/2026,1:03:45 AM,96,70
9/25/2026,1:03:46 AM,95,70
9/25/2026,1:03:47 AM,95,70
9/25/2026,1:03:48 AM,95,71
9/25/2026,1:03:49 AM,95,71
9/25/2026,1:03:50 AM,95,71
9/25/2026,1:03:51 AM,95,71
9/25/2026,1:03:52 AM,94,71
9/25/2026,1:03:53 AM,94,72
9/25/2026,1:03:54 AM,93,72
9/25/2026,1:03:55 AM,93,72
9/25/2026,1:03:56 AM,93,72
9/25/2026,1:03:57 AM,92,73
9/25/2026,1:03:58 AM,92,73
9/25/2026,1:03:59 AM,91,73
9/25/2026,1:04:00 AM,91,72
9/25/2026,1:04:01 AM,91,72
9/25/2026,1:04:02 AM,90,72
9/25/2026,1:04:03 AM,90,72
9/25/2026,1:04:04 AM,90,72
9/25/2026,1:04:05 AM,89,72
9/25/2026,1:04:06 AM,89,72
9/25/2026,1:04:07 AM,89,73
9/25/2026,1:04:08 AM,88,73
9/25/2026,1:04:09 AM,88,74
9/25/2026,1:04:10 AM,88,75
9/25/2026,1:04:11 AM,87,75
9/25/2026,1:04:12 AM,87,76
9/25/2026,1:04:13 AM,87,78
9/25/2026,1:04:14 AM,87,79
9/25/2026,1:04:15 AM,86,81
9/25/2026,1:04:16 AM,86,81
9/25/2026,1:04:17 AM,86,81
9/25/2026,1:04:18 AM,86,83
9/25/2026,1:04:19 AM,86,83
9/25/2026,1:04:20 AM,86,83
9/25/2026,1:04:21 AM,86,83
9/25/2026,1:04:22 AM,86,83
9/25/2026,1:04:23 AM,86,83
9/25/2026,1:04:24 AM,86,83
9/25/2026,1:04:25 AM,86,84
9/25/2026,1:04:26 AM,86,84
9/25/2026,1:04:27 AM,86,84
9/25/2026,1:04:28 AM,85,85
9/25/2026,1:04:29 AM,85,86
9/25/2026,1:04:30 AM,85,86
9/25/2026,1:04:31 AM,85,86
9/25/2026,1:04:32 AM,85,86
9/25/2026,1:04:33 AM,85,85
9/25/2026,1:04:34 AM,85,84
9/25/2026,1:04:35 AM,88,82
9/25/2026,1:04:36 AM,90,81
9/25/2026,1:04:37 AM,92,80
9/25/2026,1:04:38 AM,95,80
9/25/2026,1:04:39 AM,95,80
9/25/2026,1:04:40 AM,95,79
9/25/2026,1:04:41 AM,95,79
9/25/2026,1:04:42 AM,97,78
9/25/2026,1:04:43 AM,98,78
9/25/2026,1:04:44 AM,99,78
9/25/2026,1:04:45 AM,99,77
9/25/2026,1:04:46 AM,99,77
9/25/2026,1:04:47 AM,99,77
9/25/2026,1:04:48 AM,99,76
9/25/2026,1:04:49 AM,99,75
9/25/2026,1:04:50 AM,99,74
9/25/2026,1:04:51 AM,99,73
9/25/2026,1:04:52 AM,99,71
9/25/2026,1:04:53 AM,99,71
9/25/2026,1:04:54 AM,99,70
9/25/2026,1:04:55 AM,99,69
9/25/2026,1:04:56 AM,99,68
9/25/2026,1:04:57 AM,99,68
9/25/2026,1:04:58 AM,99,67
9/25/2026,1:04:59 AM,99,67
9/25/2026,1:05:00 AM,99,67
9/25/2026,1:05:01 AM,99,67
9/25/2026,1:05:02 AM,99,66
9/25/2026,1:05:03 AM,99,66
9/25/2026,1:05:04 AM,99,66
9/25/2026,1:05:05 AM,99,66
9/25/2026,1:05:06 AM,99,66
9/25/2026,1:05:07 AM,99,66
9/25/2026,1:05:08 AM,99,66
9/25/2026,1:05:09 AM,99,66
9/25/2026,1:05:10 AM,99,66
9/25/2026,1:05:11 AM,99,66
9/25/2026,1:05:12 AM,99,66
9/25/2026,1:05:13 AM,99,66
9/25/2026,1:05:14 AM,98,66
9/25/2026,1:05:15 AM,98,66
9/25/2026,1:05:16 AM,98,66
9/25/2026,1:05:17 AM,98,66
9/25/2026,1:05:18 AM,98,66
9/25/2026,1:05:19 AM,98,66
9/25/2026,1:05:20 AM,98,66
9/25/2026,1:05:21 AM,98,66
9/25/2026,1:05:22 AM,98,66
9/25/2026,1:05:23 AM,98,66
9/25/2026,1:05:24 AM,98,67
9/25/2026,1:05:25 AM,97,66
9/25/2026,1:05:26 AM,97,67
9/25/2026,1:05:27 AM,97,67
9/25/2026,1:05:28 AM,97,67
9/25/2026,1:05:29 AM,97,66
9/25/2026,1:05:30 AM,97,66
9/25/2026,1:05:31 AM,97,66
9/25/2026,1:05:32 AM,96,66
9/25/2026,1:05:33 AM,96,66
9/25/2026,1:05:34 AM,96,67
9/25/2026,1:05:35 AM,96,67
9/25/2026,1:05:36 AM,96,67
9/25/2026,1:05:37 AM,95,67
9/25/2026,1:05:38 AM,95,67
9/25/2026,1:05:39 AM,95,67
9/25/2026,1:05:40 AM,95,68
9/25/2026,1:05:41 AM,94,68
9/25/2026,1:05:42 AM,94,68
9/25/2026,1:05:43 AM,94,68
9/25/2026,1:05:44 AM,94,69
9/25/2026,1:05:45 AM,93,69
9/25/2026,1:05:46 AM,93,69
9/25/2026,1:05:47 AM,93,69
9/25/2026,1:05:48 AM,93,70
9/25/2026,1:05:49 AM,92,70
9/25/2026,1:05:50 AM,92,71
9/25/2026,1:05:51 AM,92,71
9/25/2026,1:05:52 AM,92,71
9/25/2026,1:05:53 AM,92,73
9/25/2026,1:05:54 AM,91,74
9/25/2026,1:05:55 AM,91,77
9/25/2026,1:05:56 AM,91,77
9/25/2026,1:05:57 AM,91,77
9/25/2026,1:05:58 AM,90,79
9/25/2026,1:05:59 AM,90,79
9/25/2026,1:06:00 AM,90,81
9/25/2026,1:06:01 AM,90,81
9/25/2026,1:06:02 AM,90,82
9/25/2026,1:06:03 AM,90,82
9/25/2026,1:06:04 AM,90,83
9/25/2026,1:06:05 AM,89,83
9/25/2026,1:06:06 AM,89,83
9/25/2026,1:06:07 AM,89,83
9/25/2026,1:06:08 AM,89,83
9/25/2026,1:06:09 AM,89,83
9/25/2026,1:06:10 AM,89,83
9/25/2026,1:06:11 AM,89,82
9/25/2026,1:06:12 AM,89,82
9/25/2026,1:06:13 AM,89,81
9/25/2026,1:06:14 AM,89,81
9/25/2026,1:06:15 AM,89,81
9/25/2026,1:06:16 AM,89,81
9/25/2026,1:06:17 AM,89,80
9/25/2026,1:06:18 AM,89,78
9/25/2026,1:06:19 AM,91,78
9/25/2026,1:06:20 AM,93,78
9/25/2026,1:06:21 AM,94,77
9/25/2026,1:06:22 AM,98,76
9/25/2026,1:06:23 AM,99,76
9/25/2026,1:06:24 AM,99,76
9/25/2026,1:06:25 AM,99,76
9/25/2026,1:06:26 AM,99,76
9/25/2026,1:06:27 AM,99,76
9/25/2026,1:06:28 AM,99,76
9/25/2026,1:06:29 AM,99,75
9/25/2026,1:06:30 AM,99,75
9/25/2026,1:06:31 AM,99,75
9/25/2026,1:06:32 AM,99,75
9/25/2026,1:06:33 AM,99,76
9/25/2026,1:06:34 AM,99,75
9/25/2026,1:06:35 AM,99,75
9/25/2026,1:06:36 AM,99,75
9/25/2026,1:06:37 AM,99,75
9/25/2026,1:06:38 AM,99,75
9/25/2026,1:06:39 AM,99,75
9/25/2026,1:06:40 AM,99,75
9/25/2026,1:06:41 AM,99,75
9/25/2026,1:06:42 AM,99,74
9/25/2026,1:06:43 AM,99,74
9/25/2026,1:06:44 AM,99,74
9/25/2026,1:06:45 AM,99,74
9/25/2026,1:06:46 AM,99,74
9/25/2026,1:06:47 AM,99,74
9/25/2026,1:06:48 AM,99,74
9/25/2026,1:06:49 AM,99,74
9/25/2026,1:06:50 AM,99,74
9/25/2026,1:06:51 AM,99,74
9/25/2026,1:06:52 AM,99,74
9/25/2026,1:06:53 AM,99,74
9/25/2026,1:06:54 AM,99,74
9/25/2026,1:06:55 AM,99,74
9/25/2026,1:06:56 AM,99,74
9/25/2026,1:06:57 AM,99,74
9/25/2026,1:06:58 AM,99,74
9/25/2026,1:06:59 AM,99,74
9/25/2026,1:07:00 AM,99,74
9/25/2026,1:07:01 AM,99,74
9/25/2026,1:07:02 AM,99,74
9/25/2026,1:07:03 AM,99,74
9/25/2026,1:07:04 AM,99,74
9/25/2026,1:07:05 AM,99,74
9/25/2026,1:07:06 AM,99,74
9/25/2026,1:07:07 AM,99,74
9/25/2026,1:07:08 AM,99,74
9/25/2026,1:07:09 AM,99,74
9/25/2026,1:07:10 AM,99,74
9/25/2026,1:07:11 AM,99,74
9/25/2026,1:07:12 AM,99,74
9/25/2026,1:07:13 AM,99,74
9/25/2026,1:07:14 AM,99,74
9/25/2026,1:07:15 AM,99,74
9/25/2026,1:07:16 AM,99,74
9/25/2026,1:07:17 AM,99,74
9/25/2026,1:07:18 AM,99,74
9/25/2026,1:07:19 AM,99,74
9/25/2026,1:07:20 AM,99,74
9/25/2026,1:07:21 AM,99,74
9/25/2026,1:07:22 AM,99,74
9/25/2026,1:07:23 AM,99,74
9/25/2026,1:07:24 AM,99,74
9/25/2026,1:07:25 AM,99,74
9/25/2026,1:07:26 AM,99,74
9/25/2026,1:07:27 AM,99,74
9/25/2026,1:07:28 AM,99,74
9/25/2026,1:07:29 AM,99,74
9/25/2026,1:07:30 AM,99,74
9/25/2026,1:07:31 AM,99,74
9/25/2026,1:07:32 AM,99,74
9/25/2026,1:07:33 AM,99,74
9/25/2026,1:07:34 AM,99,74
9/25/2026,1:07:35 AM,99,74
9/25/2026,1:07:36 AM,99,74
9/25/2026,1:07:37 AM,99,74
9/25/2026,1:07:38 AM,99,74
9/25/2026,1:07:39 AM,99,74
9/25/2026,1:07:40 AM,99,74
9/25/2026,1:07:41 AM,99,74
9/25/2026,1:07:42 AM,99,74
9/25/2026,1:07:43 AM,99,74
9/25/2026,1:07:44 AM,99,74
9/25/2026,1:07:45 AM,99,74
9/25/2026,1:07:46 AM,99,74
9/25/2026,1:07:47 AM,99,74
9/25/2026,1:07:48 AM,99,74
9/25/2026,1:07:49 AM,99,74
9/25/2026,1:07:50 AM,99,74
9/25/2026,1:07:51 AM,99,74
9/25/2026,1:07:52 AM,99,74
9/25/2026,1:07:53 AM,99,74
9/25/2026,1:07:54 AM,99,74
9/25/2026,1:07:55 AM,99,74
9/25/2026,1:07:56 AM,99,74
9/25/2026,1:07:57 AM,99,74
9/25/2026,1:07:58 AM,99,74
9/25/2026,1:07:59 AM,99,74
9/25/2026,1:08:00 AM,99,74
9/25/2026,1:08:01 AM,99,74
9/25/2026,1:08:02 AM,99,74
9/25/2026,1:08:03 AM,99,74
9/25/2026,1:08:04 AM,99,74
9/25/2026,1:08:05 AM,99,74
9/25/2026,1:08:06 AM,99,74
9/25/2026,1:08:07 AM,99,74
9/25/2026,1:08:08 AM,99,74
9/25/2026,1:08:09 AM,99,74
9/25/2026,1:08:10 AM,99,74
9/25/2026,1:08:11 AM,99,74
9/25/2026,1:08:12 AM,99,73
9/25/2026,1:08:13 AM,99,72
9/25/2026,1:08:14 AM,99,72
9/25/2026,1:08:15 AM,99,72
9/25/2026,1:08:16 AM,99,71
9/25/2026,1:08:17 AM,99,71
9/25/2026,1:08:18 AM,99,70
9/25/2026,1:08:19 AM,99,70
9/25/2026,1:08:20 AM,99,69
9/25/2026,1:08:21 AM,99,69
9/25/2026,1:08:22 AM,99,68
9/25/2026,1:08:23 AM,99,68
9/25/2026,1:08:24 AM,99,67
9/25/2026,1:08:25 AM,99,67
9/25/2026,1:08:26 AM,99,67
9/25/2026,1:08:27 AM,99,67
9/25/2026,1:08:28 AM,99,67
9/25/2026,1:08:29 AM,99,67
9/25/2026,1:08:30 AM,99,67
9/25/2026,1:08:31 AM,99,67
9/25/2026,1:08:32 AM,99,68
9/25/2026,1:08:33 AM,99,67
9/25/2026,1:08:34 AM,99,68
9/25/2026,1:08:35 AM,99,68
9/25/2026,1:08:36 AM,99,68
9/25/2026,1:08:37 AM,99,67
9/25/2026,1:08:38 AM,99,67
9/25/2026,1:08:39 AM,99,67
9/25/2026,1:08:40 AM,99,68
9/25/2026,1:08:41 AM,99,67
9/25/2026,1:08:42 AM,99,67
9/25/2026,1:08:43 AM,99,67
9/25/2026,1:08:44 AM,99,68
9/25/2026,1:08:45 AM,99,68
9/25/2026,1:08:46 AM,99,68
9/25/2026,1:08:47 AM,99,68
9/25/2026,1:08:48 AM,99,68
9/25/2026,1:08:49 AM,99,69
9/25/2026,1:08:50 AM,99,69
9/25/2026,1:08:51 AM,99,69
9/25/2026,1:08:52 AM,99,69
9/25/2026,1:08:53 AM,99,69
9/25/2026,1:08:54 AM,99,69
9/25/2026,1:08:55 AM,99,69
9/25/2026,1:08:56 AM,99,69
9/25/2026,1:08:57 AM,99,69
9/25/2026,1:08:58 AM,99,69
9/25/2026,1:08:59 AM,99,69
9/25/2026,1:09:00 AM,99,69
9/25/2026,1:09:01 AM,99,69
9/25/2026,1:09:02 AM,98,69
9/25/2026,1:09:03 AM,98,69
9/25/2026,1:09:04 AM,98,69
9/25/2026,1:09:05 AM,98,69
9/25/2026,1:09:06 AM,98,69
9/25/2026,1:09:07 AM,98,68
9/25/2026,1:09:08 AM,98,68
9/25/2026,1:09:09 AM,98,68
9/25/2026,1:09:10 AM,98,68
9/25/2026,1:09:11 AM,98,68
9/25/2026,1:09:12 AM,98,68
9/25/2026,1:09:13 AM,98,68
9/25/2026,1:09:14 AM,98,67
9/25/2026,1:09:15 AM,99,67
9/25/2026,1:09:16 AM,99,67
9/25/2026,1:09:17 AM,99,67
9/25/2026,1:09:18 AM,99,67
9/25/2026,1:09:19 AM,99,67
9/25/2026,1:09:20 AM,99,67
9/25/2026,1:09:21 AM,99,68
9/25/2026,1:09:22 AM,99,68
9/25/2026,1:09:23 AM,99,68
9/25/2026,1:09:24 AM,99,68
9/25/2026,1:09:25 AM,99,68
9/25/2026,1:09:26 AM,99,68
9/25/2026,1:09:27 AM,99,68
9/25/2026,1:09:28 AM,99,68
9/25/2026,1:09:29 AM,99,68
9/25/2026,1:09:30 AM,99,68
9/25/2026,1:09:31 AM,99,68
9/25/2026,1:09:32 AM,99,68
9/25/2026,1:09:33 AM,99,68
9/25/2026,1:09:34 AM,99,68
9/25/2026,1:09:35 AM,99,68
9/25/2026,1:09:36 AM,99,68
9/25/2026,1:09:37 AM,99,68
9/25/2026,1:09:38 AM,98,68
9/25/2026,1:09:39 AM,98,68
9/25/2026,1:09:40 AM,98,68
9/25/2026,1:09:41 AM,98,68
9/25/2026,1:09:42 AM,97,68
9/25/2026,1:09:43 AM,97,68
9/25/2026,1:09:44 AM,97,68
9/25/2026,1:09:45 AM,97,68
9/25/2026,1:09:46 AM,97,68
9/25/2026,1:09:47 AM,97,68
9/25/2026,1:09:48 AM,98,68
9/25/2026,1:09:49 AM,98,68
9/25/2026,1:09:50 AM,98,68
9/25/2026,1:09:51 AM,98,68
9/25/2026,1:09:52 AM,99,68
9/25/2026,1:09:53 AM,99,68
9/25/2026,1:09:54 AM,99,68
9/25/2026,1:09:55 AM,99,68
9/25/2026,1:09:56 AM,99,68
9/25/2026,1:09:57 AM,99,68
9/25/2026,1:09:58 AM,98,68
9/25/2026,1:09:59 AM,98,68
9/25/2026,1:10:00 AM,98,68
9/25/2026,1:10:01 AM,98,68
9/25/2026,1:10:02 AM,98,68
9/25/2026,1:10:03 AM,98,68
9/25/2026,1:10:04 AM,98,68
9/25/2026,1:10:05 AM,98,68
9/25/2026,1:10:06 AM,98,68
9/25/2026,1:10:07 AM,98,68
9/25/2026,1:10:08 AM,98,68
9/25/2026,1:10:09 AM,98,67
9/25/2026,1:10:10 AM,98,67
9/25/2026,1:10:11 AM,98,67
9/25/2026,1:10:12 AM,98,67
9/25/2026,1:10:13 AM,98,67
9/25/2026,1:10:14 AM,98,67
9/25/2026,1:10:15 AM,98,67
9/25/2026,1:10:16 AM,98,67
9/25/2026,1:10:17 AM,98,67
9/25/2026,1:10:18 AM,98,67
9/25/2026,1:10:19 AM,98,67
9/25/2026,1:10:20 AM,97,67
9/25/2026,1:10:21 AM,97,68
9/25/2026,1:10:22 AM,97,68
9/25/2026,1:10:23 AM,97,69
9/25/2026,1:10:24 AM,96,69
9/25/2026,1:10:25 AM,96,70
9/25/2026,1:10:26 AM,96,70
9/25/2026,1:10:27 AM,96,70
9/25/2026,1:10:28 AM,96,71
9/25/2026,1:10:29 AM,96,71
9/25/2026,1:10:30 AM,96,71
9/25/2026,1:10:31 AM,96,71
9/25/2026,1:10:32 AM,96,71
9/25/2026,1:10:33 AM,96,71
9/25/2026,1:10:34 AM,96,71
9/25/2026,1:10:35 AM,96,71
9/25/2026,1:10:36 AM,96,71
9/25/2026,1:10:37 AM,96,70
9/25/2026,1:10:38 AM,96,70
9/25/2026,1:10:39 AM,96,70
9/25/2026,1:10:40 AM,96,70
9/25/2026,1:10:41 AM,96,70
9/25/2026,1:10:42 AM,96,69
9/25/2026,1:10:43 AM,96,69
9/25/2026,1:10:44 AM,96,69
9/25/2026,1:10:45 AM,96,69
9/25/2026,1:10:46 AM,96,69
9/25/2026,1:10:47 AM,96,69
9/25/2026,1:10:48 AM,96,69
9/25/2026,1:10:49 AM,96,69
9/25/2026,1:10:50 AM,96,69
9/25/2026,1:10:51 AM,96,68
9/25/2026,1:10:52 AM,96,68
9/25/2026,1:10:53 AM,96,68
9/25/2026,1:10:54 AM,96,68
9/25/2026,1:10:55 AM,96,68
9/25/2026,1:10:56 AM,96,68
9/25/2026,1:10:57 AM,97,68
9/25/2026,1:10:58 AM,97,68
9/25/2026,1:10:59 AM,98,68
9/25/2026,1:11:00 AM,98,68
9/25/2026,1:11:01 AM,98,68
9/25/2026,1:11:02 AM,98,68
9/25/2026,1:11:03 AM,98,67
9/25/2026,1:11:04 AM,98,67
9/25/2026,1:11:05 AM,98,67
9/25/2026,1:11:06 AM,98,67
9/25/2026,1:11:07 AM,98,66
9/25/2026,1:11:08 AM,98,66
9/25/2026,1:11:09 AM,98,66
9/25/2026,1:11:10 AM,98,66
9/25/2026,1:11:11 AM,98,66
9/25/2026,1:11:12 AM,99,66
9/25/2026,1:11:13 AM,99,66
9/25/2026,1:11:14 AM,99,66
9/25/2026,1:11:15 AM,99,67
9/25/2026,1:11:16 AM,99,67
9/25/2026,1:11:17 AM,99,67
9/25/2026,1:11:18 AM,98,67
9/25/2026,1:11:19 AM,98,68
9/25/2026,1:11:20 AM,98,68
9/25/2026,1:11:21 AM,98,68
9/25/2026,1:11:22 AM,98,68
9/25/2026,1:11:23 AM,97,69
9/25/2026,1:11:24 AM,97,69
9/25/2026,1:11:25 AM,97,69
9/25/2026,1:11:26 AM,97,69
9/25/2026,1:11:27 AM,97,68
9/25/2026,1:11:28 AM,97,68
9/25/2026,1:11:29 AM,97,68
9/25/2026,1:11:30 AM,97,68
9/25/2026,1:11:31 AM,97,68
9/25/2026,1:11:32 AM,97,68
9/25/2026,1:11:33 AM,97,68
9/25/2026,1:11:34 AM,97,68
9/25/2026,1:11:35 AM,97,68
9/25/2026,1:11:36 AM,97,68
9/25/2026,1:11:37 AM,97,68
9/25/2026,1:11:38 AM,97,68
9/25/2026,1:11:39 AM,96,67
9/25/2026,1:11:40 AM,96,67
9/25/2026,1:11:41 AM,96,67
9/25/2026,1:11:42 AM,97,67
9/25/2026,1:11:43 AM,97,67
9/25/2026,1:11:44 AM,97,66
9/25/2026,1:11:45 AM,97,66
9/25/2026,1:11:46 AM,97,66
9/25/2026,1:11:47 AM,97,66
9/25/2026,1:11:48 AM,98,66
9/25/2026,1:11:49 AM,98,66
9/25/2026,1:11:50 AM,98,66
9/25/2026,1:11:51 AM,98,66
9/25/2026,1:11:52 AM,98,66
9/25/2026,1:11:53 AM,98,66
9/25/2026,1:11:54 AM,98,66
9/25/2026,1:11:55 AM,98,66
9/25/2026,1:11:56 AM,99,66
9/25/2026,1:11:57 AM,99,66
9/25/2026,1:11:58 AM,99,66
9/25/2026,1:11:59 AM,99,66
9/25/2026,1:12:00 AM,99,66
9/25/2026,1:12:01 AM,99,66
9/25/2026,1:12:02 AM,99,66
9/25/2026,1:12:03 AM,99,66
9/25/2026,1:12:04 AM,99,66
9/25/2026,1:12:05 AM,99,66
9/25/2026,1:12:06 AM,99,66
9/25/2026,1:12:07 AM,99,66
9/25/2026,1:12:08 AM,99,66
9/25/2026,1:12:09 AM,99,66
9/25/2026,1:12:10 AM,99,66
9/25/2026,1:12:11 AM,99,66
9/25/2026,1:12:12 AM,98,66
9/25/2026,1:12:13 AM,98,66
9/25/2026,1:12:14 AM,98,66
9/25/2026,1:12:15 AM,97,67
9/25/2026,1:12:16 AM,96,67
9/25/2026,1:12:17 AM,96,67
9/25/2026,1:12:18 AM,96,67
9/25/2026,1:12:19 AM,96,67
9/25/2026,1:12:20 AM,96,68
9/25/2026,1:12:21 AM,96,67
9/25/2026,1:12:22 AM,96,67
9/25/2026,1:12:23 AM,96,68
9/25/2026,1:12:24 AM,96,67
9/25/2026,1:12:25 AM,95,67
9/25/2026,1:12:26 AM,95,68
9/25/2026,1:12:27 AM,95,68
9/25/2026,1:12:28 AM,95,68
9/25/2026,1:12:29 AM,95,68
9/25/2026,1:12:30 AM,94,68
9/25/2026,1:12:31 AM,94,68
9/25/2026,1:12:32 AM,95,68
9/25/2026,1:12:33 AM,95,68
9/25/2026,1:12:34 AM,95,68
9/25/2026,1:12:35 AM,95,67
9/25/2026,1:12:36 AM,96,67
9/25/2026,1:12:37 AM,96,66
9/25/2026,1:12:38 AM,96,65
9/25/2026,1:12:39 AM,97,65
9/25/2026,1:12:40 AM,97,64
9/25/2026,1:12:41 AM,98,64
9/25/2026,1:12:42 AM,98,63
9/25/2026,1:12:43 AM,98,63
9/25/2026,1:12:44 AM,98,63
9/25/2026,1:12:45 AM,98,63
9/25/2026,1:12:46 AM,98,63
9/25/2026,1:12:47 AM,98,64
9/25/2026,1:12:48 AM,98,64
9/25/2026,1:12:49 AM,98,64
9/25/2026,1:12:50 AM,98,65
9/25/2026,1:12:51 AM,98,65
9/25/2026,1:12:52 AM,98,65
9/25/2026,1:12:53 AM,98,66
9/25/2026,1:12:54 AM,98,66
9/25/2026,1:12:55 AM,98,66
9/25/2026,1:12:56 AM,97,66
9/25/2026,1:12:57 AM,97,66
9/25/2026,1:12:58 AM,97,66
9/25/2026,1:12:59 AM,97,66
9/25/2026,1:13:00 AM,97,66
9/25/2026,1:13:01 AM,97,66
9/25/2026,1:13:02 AM,97,66
9/25/2026,1:13:03 AM,97,66
9/25/2026,1:13:04 AM,97,65
9/25/2026,1:13:05 AM,96,65
9/25/2026,1:13:06 AM,96,65
9/25/2026,1:13:07 AM,96,65
9/25/2026,1:13:08 AM,96,65
9/25/2026,1:13:09 AM,96,65
9/25/2026,1:13:10 AM,96,65
9/25/2026,1:13:11 AM,95,65
9/25/2026,1:13:12 AM,95,65
9/25/2026,1:13:13 AM,95,66
9/25/2026,1:13:14 AM,95,66
9/25/2026,1:13:15 AM,95,66
9/25/2026,1:13:16 AM,95,66
9/25/2026,1:13:17 AM,95,66
9/25/2026,1:13:18 AM,95,66
9/25/2026,1:13:19 AM,94,66
9/25/2026,1:13:20 AM,94,66
9/25/2026,1:13:21 AM,94,67
9/25/2026,1:13:22 AM,94,67
9/25/2026,1:13:23 AM,94,67
9/25/2026,1:13:24 AM,94,68
9/25/2026,1:13:25 AM,94,68
9/25/2026,1:13:26 AM,94,68
9/25/2026,1:13:27 AM,94,68
9/25/2026,1:13:28 AM,94,68
9/25/2026,1:13:29 AM,94,68
9/25/2026,1:13:30 AM,94,68
9/25/2026,1:13:31 AM,94,68
9/25/2026,1:13:32 AM,94,68
9/25/2026,1:13:33 AM,94,69
9/25/2026,1:13:34 AM,94,69
9/25/2026,1:13:35 AM,94,69
9/25/2026,1:13:36 AM,94,69
9/25/2026,1:13:37 AM,94,69
9/25/2026,1:13:38 AM,94,69
9/25/2026,1:13:39 AM,95,69
9/25/2026,1:13:40 AM,95,68
9/25/2026,1:13:41 AM,95,68
9/25/2026,1:13:42 AM,95,68
9/25/2026,1:13:43 AM,95,67
9/25/2026,1:13:44 AM,95,67
9/25/2026,1:13:45 AM,95,66
9/25/2026,1:13:46 AM,96,66
9/25/2026,1:13:47 AM,96,66
9/25/2026,1:13:48 AM,96,66
9/25/2026,1:13:49 AM,96,66
9/25/2026,1:13:50 AM,96,66
9/25/2026,1:13:51 AM,96,65
9/25/2026,1:13:52 AM,97,65
9/25/2026,1:13:53 AM,97,65
9/25/2026,1:13:54 AM,98,65
9/25/2026,1:13:55 AM,98,65
9/25/2026,1:13:56 AM,99,64
9/25/2026,1:13:57 AM,99,64
9/25/2026,1:13:58 AM,99,63
9/25/2026,1:13:59 AM,99,63
9/25/2026,1:14:00 AM,99,63
9/25/2026,1:14:01 AM,99,63
9/25/2026,1:14:02 AM,99,63
9/25/2026,1:14:03 AM,99,63
9/25/2026,1:14:04 AM,99,63
9/25/2026,1:14:05 AM,99,63
9/25/2026,1:14:06 AM,99,63
9/25/2026,1:14:07 AM,99,63
9/25/2026,1:14:08 AM,99,63
9/25/2026,1:14:09 AM,98,62
9/25/2026,1:14:10 AM,98,62
9/25/2026,1:14:11 AM,98,62
9/25/2026,1:14:12 AM,97,62
9/25/2026,1:14:13 AM,97,62
9/25/2026,1:14:14 AM,96,62
9/25/2026,1:14:15 AM,96,64
9/25/2026,1:14:16 AM,96,64
9/25/2026,1:14:17 AM,95,65
9/25/2026,1:14:18 AM,94,66
9/25/2026,1:14:19 AM,94,66
9/25/2026,1:14:20 AM,94,67
9/25/2026,1:14:21 AM,94,68
9/25/2026,1:14:22 AM,94,68
9/25/2026,1:14:23 AM,95,67
9/25/2026,1:14:24 AM,95,67
9/25/2026,1:14:25 AM,95,67
9/25/2026,1:14:26 AM,95,67
9/25/2026,1:14:27 AM,95,67
9/25/2026,1:14:28 AM,95,67
9/25/2026,1:14:29 AM,95,67
9/25/2026,1:14:30 AM,95,68
9/25/2026,1:14:31 AM,95,68
9/25/2026,1:14:32 AM,94,68
9/25/2026,1:14:33 AM,94,68
9/25/2026,1:14:34 AM,94,69
9/25/2026,1:14:35 AM,94,69
9/25/2026,1:14:36 AM,94,69
9/25/2026,1:14:37 AM,94,69
9/25/2026,1:14:38 AM,95,70
9/25/2026,1:14:39 AM,95,70
9/25/2026,1:14:40 AM,95,70
9/25/2026,1:14:41 AM,95,69
9/25/2026,1:14:42 AM,95,69
9/25/2026,1:14:43 AM,95,68
9/25/2026,1:14:44 AM,95,68
9/25/2026,1:14:45 AM,96,68
9/25/2026,1:14:46 AM,96,67
9/25/2026,1:14:47 AM,97,67
9/25/2026,1:14:48 AM,97,67
9/25/2026,1:14:49 AM,98,67
9/25/2026,1:14:50 AM,98,67
9/25/2026,1:14:51 AM,98,68
9/25/2026,1:14:52 AM,98,68
9/25/2026,1:14:53 AM,99,68
9/25/2026,1:14:54 AM,99,68
9/25/2026,1:14:55 AM,99,69
9/25/2026,1:14:56 AM,99,69
9/25/2026,1:14:57 AM,98,69
9/25/2026,1:14:58 AM,98,69
9/25/2026,1:14:59 AM,98,69
9/25/2026,1:15:00 AM,98,69
9/25/2026,1:15:01 AM,97,69
9/25/2026,1:15:02 AM,97,69
9/25/2026,1:15:03 AM,97,68
9/25/2026,1:15:04 AM,97,68
9/25/2026,1:15:05 AM,97,67
9/25/2026,1:15:06 AM,97,67
9/25/2026,1:15:07 AM,97,67
9/25/2026,1:15:08 AM,98,67
9/25/2026,1:15:09 AM,98,68
9/25/2026,1:15:10 AM,98,69
9/25/2026,1:15:11 AM,98,69
9/25/2026,1:15:12 AM,97,70
9/25/2026,1:15:13 AM,97,70
9/25/2026,1:15:14 AM,97,70
9/25/2026,1:15:15 AM,97,70
9/25/2026,1:15:16 AM,96,70
9/25/2026,1:15:17 AM,96,70
9/25/2026,1:15:18 AM,96,69
9/25/2026,1:15:19 AM,96,69
9/25/2026,1:15:20 AM,96,68
9/25/2026,1:15:21 AM,96,68
9/25/2026,1:15:22 AM,96,67
9/25/2026,1:15:23 AM,96,67
9/25/2026,1:15:24 AM,97,67
9/25/2026,1:15:25 AM,97,67
9/25/2026,1:15:26 AM,97,67
9/25/2026,1:15:27 AM,97,67
9/25/2026,1:15:28 AM,97,67
9/25/2026,1:15:29 AM,97,67
9/25/2026,1:15:30 AM,97,67
9/25/2026,1:15:31 AM,97,67
9/25/2026,1:15:32 AM,97,67
9/25/2026,1:15:33 AM,97,67
9/25/2026,1:15:34 AM,97,67
9/25/2026,1:15:35 AM,97,68
9/25/2026,1:15:36 AM,97,68
9/25/2026,1:15:37 AM,97,68
9/25/2026,1:15:38 AM,97,68
9/25/2026,1:15:39 AM,96,68
9/25/2026,1:15:40 AM,96,68
9/25/2026,1:15:41 AM,96,69
9/25/2026,1:15:42 AM,96,69
9/25/2026,1:15:43 AM,96,68
9/25/2026,1:15:44 AM,96,68
9/25/2026,1:15:45 AM,96,68
9/25/2026,1:15:46 AM,96,68
9/25/2026,1:15:47 AM,96,68
9/25/2026,1:15:48 AM,96,68
9/25/2026,1:15:49 AM,96,68
9/25/2026,1:15:50 AM,96,67
9/25/2026,1:15:51 AM,96,68
9/25/2026,1:15:52 AM,96,68
9/25/2026,1:15:53 AM,96,68
9/25/2026,1:15:54 AM,96,68
9/25/2026,1:15:55 AM,96,67
9/25/2026,1:15:56 AM,97,67
9/25/2026,1:15:57 AM,97,67
9/25/2026,1:15:58 AM,97,66
9/25/2026,1:15:59 AM,97,66
9/25/2026,1:16:00 AM,98,66
9/25/2026,1:16:01 AM,98,67
9/25/2026,1:16:02 AM,98,67
9/25/2026,1:16:03 AM,98,68
9/25/2026,1:16:04 AM,98,68
9/25/2026,1:16:05 AM,98,69
9/25/2026,1:16:06 AM,98,69
9/25/2026,1:16:07 AM,98,69
9/25/2026,1:16:08 AM,97,68
9/25/2026,1:16:09 AM,97,68
9/25/2026,1:16:10 AM,97,67
9/25/2026,1:16:11 AM,97,67
9/25/2026,1:16:12 AM,98,66
9/25/2026,1:16:13 AM,98,66
9/25/2026,1:16:14 AM,98,66
9/25/2026,1:16:15 AM,98,66
9/25/2026,1:16:16 AM,98,66
9/25/2026,1:16:17 AM,98,66
9/25/2026,1:16:18 AM,98,66
9/25/2026,1:16:19 AM,98,66
9/25/2026,1:16:20 AM,98,67
9/25/2026,1:16:21 AM,98,66
9/25/2026,1:16:22 AM,98,66
9/25/2026,1:16:23 AM,98,66
9/25/2026,1:16:24 AM,98,66
9/25/2026,1:16:25 AM,98,66
9/25/2026,1:16:26 AM,98,66
9/25/2026,1:16:27 AM,98,66
9/25/2026,1:16:28 AM,98,66
9/25/2026,1:16:29 AM,98,67
9/25/2026,1:16:30 AM,98,67
9/25/2026,1:16:31 AM,98,67
9/25/2026,1:16:32 AM,98,67
9/25/2026,1:16:33 AM,98,68
9/25/2026,1:16:34 AM,98,68
9/25/2026,1:16:35 AM,97,68
9/25/2026,1:16:36 AM,97,68
9/25/2026,1:16:37 AM,97,68
9/25/2026,1:16:38 AM,97,68
9/25/2026,1:16:39 AM,96,68
9/25/2026,1:16:40 AM,96,68
9/25/2026,1:16:41 AM,96,68
9/25/2026,1:16:42 AM,96,69
9/25/2026,1:16:43 AM,96,69
9/25/2026,1:16:44 AM,96,69
9/25/2026,1:16:45 AM,96,69
9/25/2026,1:16:46 AM,96,69
9/25/2026,1:16:47 AM,96,69
9/25/2026,1:16:48 AM,96,70
9/25/2026,1:16:49 AM,96,70
9/25/2026,1:16:50 AM,96,70
9/25/2026,1:16:51 AM,96,70
9/25/2026,1:16:52 AM,96,70
9/25/2026,1:16:53 AM,96,70
9/25/2026,1:16:54 AM,96,70
9/25/2026,1:16:55 AM,96,70
9/25/2026,1:16:56 AM,96,71
9/25/2026,1:16:57 AM,96,72
9/25/2026,1:16:58 AM,96,72
9/25/2026,1:16:59 AM,96,73
9/25/2026,1:17:00 AM,96,73
9/25/2026,1:17:01 AM,96,73
9/25/2026,1:17:02 AM,96,73
9/25/2026,1:17:03 AM,96,73
9/25/2026,1:17:04 AM,97,73
9/25/2026,1:17:05 AM,97,73
9/25/2026,1:17:06 AM,97,73
9/25/2026,1:17:07 AM,97,73
9/25/2026,1:17:08 AM,97,73
9/25/2026,1:17:09 AM,97,73
9/25/2026,1:17:10 AM,98,73
9/25/2026,1:17:11 AM,98,73
9/25/2026,1:17:12 AM,98,72
9/25/2026,1:17:13 AM,98,72
9/25/2026,1:17:14 AM,98,71
9/25/2026,1:17:15 AM,99,70
9/25/2026,1:17:16 AM,99,69
9/25/2026,1:17:17 AM,99,68
9/25/2026,1:17:18 AM,99,68
9/25/2026,1:17:19 AM,99,68
9/25/2026,1:17:20 AM,99,68
9/25/2026,1:17:21 AM,99,68
9/25/2026,1:17:22 AM,99,67
9/25/2026,1:17:23 AM,99,67
9/25/2026,1:17:24 AM,99,67
9/25/2026,1:17:25 AM,99,67
9/25/2026,1:17:26 AM,99,66
9/25/2026,1:17:27 AM,99,66
9/25/2026,1:17:28 AM,99,66
9/25/2026,1:17:29 AM,99,66
9/25/2026,1:17:30 AM,99,66
9/25/2026,1:17:31 AM,99,66
9/25/2026,1:17:32 AM,99,67
9/25/2026,1:17:33 AM,99,67
9/25/2026,1:17:34 AM,99,67
9/25/2026,1:17:35 AM,99,67
9/25/2026,1:17:36 AM,99,67
9/25/2026,1:17:37 AM,98,67
9/25/2026,1:17:38 AM,98,68
9/25/2026,1:17:39 AM,98,68
9/25/2026,1:17:40 AM,98,68
9/25/2026,1:17:41 AM,98,68
9/25/2026,1:17:42 AM,97,68
9/25/2026,1:17:43 AM,97,68
9/25/2026,1:17:44 AM,97,68
9/25/2026,1:17:45 AM,97,68
9/25/2026,1:17:46 AM,97,68
9/25/2026,1:17:47 AM,97,68
9/25/2026,1:17:48 AM,97,68
9/25/2026,1:17:49 AM,97,68
9/25/2026,1:17:50 AM,96,68
9/25/2026,1:17:51 AM,96,68
9/25/2026,1:17:52 AM,96,68
9/25/2026,1:17:53 AM,96,68
9/25/2026,1:17:54 AM,96,68
9/25/2026,1:17:55 AM,96,68
9/25/2026,1:17:56 AM,95,68
9/25/2026,1:17:57 AM,95,68
9/25/2026,1:17:58 AM,95,68
9/25/2026,1:17:59 AM,95,68
9/25/2026,1:18:00 AM,95,68
9/25/2026,1:18:01 AM,96,68
9/25/2026,1:18:02 AM,96,68
9/25/2026,1:18:03 AM,96,68
9/25/2026,1:18:04 AM,96,68
9/25/2026,1:18:05 AM,96,68
9/25/2026,1:18:06 AM,96,68
9/25/2026,1:18:07 AM,97,69
9/25/2026,1:18:08 AM,97,69
9/25/2026,1:18:09 AM,97,69
9/25/2026,1:18:10 AM,97,69
9/25/2026,1:18:11 AM,97,69
9/25/2026,1:18:12 AM,98,68
9/25/2026,1:18:13 AM,98,69
9/25/2026,1:18:14 AM,98,68
9/25/2026,1:18:15 AM,98,68
9/25/2026,1:18:16 AM,98,68
9/25/2026,1:18:17 AM,98,68
9/25/2026,1:18:18 AM,98,68
9/25/2026,1:18:19 AM,98,69
9/25/2026,1:18:20 AM,98,69
9/25/2026,1:18:21 AM,98,69
9/25/2026,1:18:22 AM,98,69
9/25/2026,1:18:23 AM,98,69
9/25/2026,1:18:24 AM,98,69
9/25/2026,1:18:25 AM,98,69
9/25/2026,1:18:26 AM,98,70
9/25/2026,1:18:27 AM,98,70
9/25/2026,1:18:28 AM,98,70
9/25/2026,1:18:29 AM,98,70
9/25/2026,1:18:30 AM,98,70
9/25/2026,1:18:31 AM,98,70
9/25/2026,1:18:32 AM,98,70
9/25/2026,1:18:33 AM,98,70
9/25/2026,1:18:34 AM,97,70
9/25/2026,1:18:35 AM,97,71
9/25/2026,1:18:36 AM,97,71
9/25/2026,1:18:37 AM,97,72
9/25/2026,1:18:38 AM,97,72
9/25/2026,1:18:39 AM,97,72
9/25/2026,1:18:40 AM,97,72
9/25/2026,1:18:41 AM,97,72
9/25/2026,1:18:42 AM,97,71
9/25/2026,1:18:43 AM,97,70
9/25/2026,1:18:44 AM,98,69
9/25/2026,1:18:45 AM,98,68
9/25/2026,1:18:46 AM,98,68
9/25/2026,1:18:47 AM,98,67
9/25/2026,1:18:48 AM,98,66
9/25/2026,1:18:49 AM,98,66
9/25/2026,1:18:50 AM,98,66
9/25/2026,1:18:51 AM,98,66
9/25/2026,1:18:52 AM,98,66
9/25/2026,1:18:53 AM,98,66
9/25/2026,1:18:54 AM,98,66
9/25/2026,1:18:55 AM,98,66
9/25/2026,1:18:56 AM,98,67
9/25/2026,1:18:57 AM,98,67
9/25/2026,1:18:58 AM,98,67
9/25/2026,1:18:59 AM,98,67
9/25/2026,1:19:00 AM,98,67
9/25/2026,1:19:01 AM,98,67
9/25/2026,1:19:02 AM,98,68
9/25/2026,1:19:03 AM,98,68
9/25/2026,1:19:04 AM,98,68
9/25/2026,1:19:05 AM,98,68
9/25/2026,1:19:06 AM,97,68
9/25/2026,1:19:07 AM,97,68
9/25/2026,1:19:08 AM,97,68
9/25/2026,1:19:09 AM,97,68
9/25/2026,1:19:10 AM,97,68
9/25/2026,1:19:11 AM,97,67
9/25/2026,1:19:12 AM,97,67
9/25/2026,1:19:13 AM,97,67
9/25/2026,1:19:14 AM,97,67
9/25/2026,1:19:15 AM,97,67
9/25/2026,1:19:16 AM,97,67
9/25/2026,1:19:17 AM,97,67
9/25/2026,1:19:18 AM,97,67
9/25/2026,1:19:19 AM,97,67
9/25/2026,1:19:20 AM,96,67
9/25/2026,1:19:21 AM,96,67
9/25/2026,1:19:22 AM,96,67
9/25/2026,1:19:23 AM,96,67
9/25/2026,1:19:24 AM,96,67
9/25/2026,1:19:25 AM,96,67
9/25/2026,1:19:26 AM,96,67
9/25/2026,1:19:27 AM,96,67
9/25/2026,1:19:28 AM,96,67
9/25/2026,1:19:29 AM,96,67
9/25/2026,1:19:30 AM,96,67
9/25/2026,1:19:31 AM,96,67
9/25/2026,1:19:32 AM,96,67
9/25/2026,1:19:33 AM,96,67
9/25/2026,1:19:34 AM,96,67
9/25/2026,1:19:35 AM,96,68
9/25/2026,1:19:36 AM,96,69
9/25/2026,1:19:37 AM,96,69
9/25/2026,1:19:38 AM,96,70
9/25/2026,1:19:39 AM,96,70
9/25/2026,1:19:40 AM,96,70
9/25/2026,1:19:41 AM,96,70
9/25/2026,1:19:42 AM,96,70
9/25/2026,1:19:43 AM,96,70
9/25/2026,1:19:44 AM,96,69
9/25/2026,1:19:45 AM,96,69
9/25/2026,1:19:46 AM,96,68
9/25/2026,1:19:47 AM,96,67
9/25/2026,1:19:48 AM,97,66
9/25/2026,1:19:49 AM,97,66
9/25/2026,1:19:50 AM,97,65
9/25/2026,1:19:51 AM,98,65
9/25/2026,1:19:52 AM,98,65
9/25/2026,1:19:53 AM,99,65
9/25/2026,1:19:54 AM,99,65
9/25/2026,1:19:55 AM,99,65
9/25/2026,1:19:56 AM,99,64
9/25/2026,1:19:57 AM,99,65
9/25/2026,1:19:58 AM,99,65
9/25/2026,1:19:59 AM,99,65
9/25/2026,1:20:00 AM,99,65
9/25/2026,1:20:01 AM,99,65
9/25/2026,1:20:02 AM,99,65
9/25/2026,1:20:03 AM,99,65
9/25/2026,1:20:04 AM,99,65
9/25/2026,1:20:05 AM,99,66
9/25/2026,1:20:06 AM,99,66
9/25/2026,1:20:07 AM,99,66
9/25/2026,1:20:08 AM,99,66
9/25/2026,1:20:09 AM,99,66
9/25/2026,1:20:10 AM,98,66
9/25/2026,1:20:11 AM,98,66
9/25/2026,1:20:12 AM,98,66
9/25/2026,1:20:13 AM,98,66
9/25/2026,1:20:14 AM,98,66
9/25/2026,1:20:15 AM,98,66
9/25/2026,1:20:16 AM,98,66
9/25/2026,1:20:17 AM,98,66
9/25/2026,1:20:18 AM,97,66
9/25/2026,1:20:19 AM,97,67
9/25/2026,1:20:20 AM,97,67
9/25/2026,1:20:21 AM,97,67
9/25/2026,1:20:22 AM,97,67
9/25/2026,1:20:23 AM,97,67
9/25/2026,1:20:24 AM,96,67
9/25/2026,1:20:25 AM,96,67
9/25/2026,1:20:26 AM,96,67
9/25/2026,1:20:27 AM,96,68
9/25/2026,1:20:28 AM,96,68
9/25/2026,1:20:29 AM,95,68
9/25/2026,1:20:30 AM,95,68
9/25/2026,1:20:31 AM,95,69
9/25/2026,1:20:32 AM,95,69
9/25/2026,1:20:33 AM,95,70
9/25/2026,1:20:34 AM,95,71
9/25/2026,1:20:35 AM,95,72
9/25/2026,1:20:36 AM,95,72
9/25/2026,1:20:37 AM,95,73
9/25/2026,1:20:38 AM,95,73
9/25/2026,1:20:39 AM,95,73
9/25/2026,1:20:40 AM,96,73
9/25/2026,1:20:41 AM,96,73
9/25/2026,1:20:42 AM,96,73
9/25/2026,1:20:43 AM,96,72
9/25/2026,1:20:44 AM,96,72
9/25/2026,1:20:45 AM,96,72
9/25/2026,1:20:46 AM,96,71
9/25/2026,1:20:47 AM,96,69
9/25/2026,1:20:48 AM,96,68
9/25/2026,1:20:49 AM,97,67
9/25/2026,1:20:50 AM,97,66
9/25/2026,1:20:51 AM,97,66
9/25/2026,1:20:52 AM,98,66
9/25/2026,1:20:53 AM,98,65
9/25/2026,1:20:54 AM,98,65
9/25/2026,1:20:55 AM,98,65
9/25/2026,1:20:56 AM,99,65
9/25/2026,1:20:57 AM,99,66
9/25/2026,1:20:58 AM,99,66
9/25/2026,1:20:59 AM,99,66
9/25/2026,1:21:00 AM,99,66
9/25/2026,1:21:01 AM,99,66
9/25/2026,1:21:02 AM,99,67
9/25/2026,1:21:03 AM,99,67
9/25/2026,1:21:04 AM,99,67
9/25/2026,1:21:05 AM,99,67
9/25/2026,1:21:06 AM,99,67
9/25/2026,1:21:07 AM,99,67
9/25/2026,1:21:08 AM,98,67
9/25/2026,1:21:09 AM,98,67
9/25/2026,1:21:10 AM,98,67
9/25/2026,1:21:11 AM,98,67
9/25/2026,1:21:12 AM,98,67
9/25/2026,1:21:13 AM,98,67
9/25/2026,1:21:14 AM,98,66
9/25/2026,1:21:15 AM,98,66
9/25/2026,1:21:16 AM,98,66
9/25/2026,1:21:17 AM,98,66
9/25/2026,1:21:18 AM,98,66
9/25/2026,1:21:19 AM,98,67
9/25/2026,1:21:20 AM,98,67
9/25/2026,1:21:21 AM,97,67
9/25/2026,1:21:22 AM,97,68
9/25/2026,1:21:23 AM,96,69
9/25/2026,1:21:24 AM,96,69
9/25/2026,1:21:25 AM,96,69
9/25/2026,1:21:26 AM,96,70
9/25/2026,1:21:27 AM,96,70
9/25/2026,1:21:28 AM,96,70
9/25/2026,1:21:29 AM,96,70
9/25/2026,1:21:30 AM,96,69
9/25/2026,1:21:31 AM,96,69
9/25/2026,1:21:32 AM,97,69
9/25/2026,1:21:33 AM,97,69
9/25/2026,1:21:34 AM,97,68
9/25/2026,1:21:35 AM,97,67
9/25/2026,1:21:36 AM,97,67
9/25/2026,1:21:37 AM,97,67
9/25/2026,1:21:38 AM,97,66
9/25/2026,1:21:39 AM,97,66
9/25/2026,1:21:40 AM,97,66
9/25/2026,1:21:41 AM,96,66
9/25/2026,1:21:42 AM,97,66
9/25/2026,1:21:43 AM,97,66
9/25/2026,1:21:44 AM,97,66
9/25/2026,1:21:45 AM,97,67
9/25/2026,1:21:46 AM,97,67
9/25/2026,1:21:47 AM,97,67
9/25/2026,1:21:48 AM,98,67
9/25/2026,1:21:49 AM,98,67
9/25/2026,1:21:50 AM,98,67
9/25/2026,1:21:51 AM,98,67
9/25/2026,1:21:52 AM,98,67
9/25/2026,1:21:53 AM,98,67
9/25/2026,1:21:54 AM,98,67
9/25/2026,1:21:55 AM,98,66
9/25/2026,1:21:56 AM,98,66
9/25/2026,1:21:57 AM,98,65
9/25/2026,1:21:58 AM,99,65
9/25/2026,1:21:59 AM,99,64
9/25/2026,1:22:00 AM,99,64
9/25/2026,1:22:01 AM,98,65
9/25/2026,1:22:02 AM,98,65
9/25/2026,1:22:03 AM,98,65
9/25/2026,1:22:04 AM,98,66
9/25/2026,1:22:05 AM,98,66
9/25/2026,1:22:06 AM,98,66
9/25/2026,1:22:07 AM,98,66
9/25/2026,1:22:08 AM,98,66
9/25/2026,1:22:09 AM,98,66
9/25/2026,1:22:10 AM,98,65
9/25/2026,1:22:11 AM,98,65
9/25/2026,1:22:12 AM,98,65
9/25/2026,1:22:13 AM,98,65
9/25/2026,1:22:14 AM,97,65
9/25/2026,1:22:15 AM,97,65
9/25/2026,1:22:16 AM,97,65
9/25/2026,1:22:17 AM,97,65
9/25/2026,1:22:18 AM,97,66
9/25/2026,1:22:19 AM,97,66
9/25/2026,1:22:20 AM,97,67
9/25/2026,1:22:21 AM,97,67
9/25/2026,1:22:22 AM,96,67
9/25/2026,1:22:23 AM,96,67
9/25/2026,1:22:24 AM,96,68
9/25/2026,1:22:25 AM,96,68
9/25/2026,1:22:26 AM,96,68
9/25/2026,1:22:27 AM,96,68
9/25/2026,1:22:28 AM,96,68
9/25/2026,1:22:29 AM,96,68
9/25/2026,1:22:30 AM,96,68
9/25/2026,1:22:31 AM,96,68
9/25/2026,1:22:32 AM,96,68
9/25/2026,1:22:33 AM,96,68
9/25/2026,1:22:34 AM,96,68
9/25/2026,1:22:35 AM,96,68
9/25/2026,1:22:36 AM,96,68
9/25/2026,1:22:37 AM,96,67
9/25/2026,1:22:38 AM,96,67
9/25/2026,1:22:39 AM,96,66
9/25/2026,1:22:40 AM,96,65
9/25/2026,1:22:41 AM,96,65
9/25/2026,1:22:42 AM,96,64
9/25/2026,1:22:43 AM,96,64
9/25/2026,1:22:44 AM,96,64
9/25/2026,1:22:45 AM,97,64
9/25/2026,1:22:46 AM,97,64
9/25/2026,1:22:47 AM,97,64
9/25/2026,1:22:48 AM,97,65
9/25/2026,1:22:49 AM,98,65
9/25/2026,1:22:50 AM,98,65
9/25/2026,1:22:51 AM,98,65
9/25/2026,1:22:52 AM,98,65
9/25/2026,1:22:53 AM,99,65
9/25/2026,1:22:54 AM,99,66
9/25/2026,1:22:55 AM,99,66
9/25/2026,1:22:56 AM,99,66
9/25/2026,1:22:57 AM,99,66
9/25/2026,1:22:58 AM,99,66
9/25/2026,1:22:59 AM,99,66
9/25/2026,1:23:00 AM,99,66
9/25/2026,1:23:01 AM,99,66
9/25/2026,1:23:02 AM,99,67
9/25/2026,1:23:03 AM,98,67
9/25/2026,1:23:04 AM,98,67
9/25/2026,1:23:05 AM,98,67
9/25/2026,1:23:06 AM,98,67
9/25/2026,1:23:07 AM,98,67
9/25/2026,1:23:08 AM,98,67
9/25/2026,1:23:09 AM,98,66
9/25/2026,1:23:10 AM,98,65
9/25/2026,1:23:11 AM,98,64
9/25/2026,1:23:12 AM,98,64
9/25/2026,1:23:13 AM,98,63
9/25/2026,1:23:14 AM,98,63
9/25/2026,1:23:15 AM,98,63
9/25/2026,1:23:16 AM,98,64
9/25/2026,1:23:17 AM,98,64
9/25/2026,1:23:18 AM,98,64
9/25/2026,1:23:19 AM,98,64
9/25/2026,1:23:20 AM,98,65
9/25/2026,1:23:21 AM,98,65
9/25/2026,1:23:22 AM,98,65
9/25/2026,1:23:23 AM,98,65
9/25/2026,1:23:24 AM,97,65
9/25/2026,1:23:25 AM,97,65
9/25/2026,1:23:26 AM,97,65
9/25/2026,1:23:27 AM,97,65
9/25/2026,1:23:28 AM,97,65
9/25/2026,1:23:29 AM,97,65
9/25/2026,1:23:30 AM,97,65
9/25/2026,1:23:31 AM,96,65
9/25/2026,1:23:32 AM,96,65
9/25/2026,1:23:33 AM,96,65
9/25/2026,1:23:34 AM,96,65
9/25/2026,1:23:35 AM,96,65
9/25/2026,1:23:36 AM,97,65
9/25/2026,1:23:37 AM,97,66
9/25/2026,1:23:38 AM,97,66
9/25/2026,1:23:39 AM,97,66
9/25/2026,1:23:40 AM,97,66
9/25/2026,1:23:41 AM,97,67
9/25/2026,1:23:42 AM,97,67
9/25/2026,1:23:43 AM,97,67
9/25/2026,1:23:44 AM,97,67
9/25/2026,1:23:45 AM,97,67
9/25/2026,1:23:46 AM,97,68
9/25/2026,1:23:47 AM,97,69
9/25/2026,1:23:48 AM,97,69
9/25/2026,1:23:49 AM,96,69
9/25/2026,1:23:50 AM,96,69
9/25/2026,1:23:51 AM,96,69
9/25/2026,1:23:52 AM,96,69
9/25/2026,1:23:53 AM,96,69
9/25/2026,1:23:54 AM,97,68
9/25/2026,1:23:55 AM,97,68
9/25/2026,1:23:56 AM,97,68
9/25/2026,1:23:57 AM,97,67
9/25/2026,1:23:58 AM,97,67
9/25/2026,1:23:59 AM,97,67
9/25/2026,1:24:00 AM,97,67
9/25/2026,1:24:01 AM,98,67
9/25/2026,1:24:02 AM,98,67
9/25/2026,1:24:03 AM,98,67
9/25/2026,1:24:04 AM,98,67
9/25/2026,1:24:05 AM,98,67
9/25/2026,1:24:06 AM,98,67
9/25/2026,1:24:07 AM,98,67
9/25/2026,1:24:08 AM,98,68
9/25/2026,1:24:09 AM,98,68
9/25/2026,1:24:10 AM,98,68
9/25/2026,1:24:11 AM,98,68
9/25/2026,1:24:12 AM,98,68
9/25/2026,1:24:13 AM,98,68
9/25/2026,1:24:14 AM,98,68
9/25/2026,1:24:15 AM,98,67
9/25/2026,1:24:16 AM,98,67
9/25/2026,1:24:17 AM,98,67
9/25/2026,1:24:18 AM,98,67
9/25/2026,1:24:19 AM,98,66
9/25/2026,1:24:20 AM,98,67
9/25/2026,1:24:21 AM,98,67
9/25/2026,1:24:22 AM,98,67
9/25/2026,1:24:23 AM,97,67
9/25/2026,1:24:24 AM,97,69
9/25/2026,1:24:25 AM,97,70
9/25/2026,1:24:26 AM,97,71
9/25/2026,1:24:27 AM,97,71
9/25/2026,1:24:28 AM,96,71
9/25/2026,1:24:29 AM,96,72
9/25/2026,1:24:30 AM,96,72
9/25/2026,1:24:31 AM,96,71
9/25/2026,1:24:32 AM,96,70
9/25/2026,1:24:33 AM,96,69
9/25/2026,1:24:34 AM,97,68
9/25/2026,1:24:35 AM,97,67
9/25/2026,1:24:36 AM,97,66
9/25/2026,1:24:37 AM,98,65
9/25/2026,1:24:38 AM,98,65
9/25/2026,1:24:39 AM,98,65
9/25/2026,1:24:40 AM,98,65
9/25/2026,1:24:41 AM,98,65
9/25/2026,1:24:42 AM,98,65
9/25/2026,1:24:43 AM,98,66
9/25/2026,1:24:44 AM,98,66
9/25/2026,1:24:45 AM,98,66
9/25/2026,1:24:46 AM,98,66
9/25/2026,1:24:47 AM,98,67
9/25/2026,1:24:48 AM,98,68
9/25/2026,1:24:49 AM,98,68
9/25/2026,1:24:50 AM,98,68
9/25/2026,1:24:51 AM,98,68
9/25/2026,1:24:52 AM,97,68
9/25/2026,1:24:53 AM,97,68
9/25/2026,1:24:54 AM,97,67
9/25/2026,1:24:55 AM,97,67
9/25/2026,1:24:56 AM,97,67
9/25/2026,1:24:57 AM,97,67
9/25/2026,1:24:58 AM,97,67
9/25/2026,1:24:59 AM,97,68
9/25/2026,1:25:00 AM,97,68
9/25/2026,1:25:01 AM,97,68
9/25/2026,1:25:02 AM,97,69
9/25/2026,1:25:03 AM,97,69
9/25/2026,1:25:04 AM,97,69
9/25/2026,1:25:05 AM,97,69
9/25/2026,1:25:06 AM,97,69
9/25/2026,1:25:07 AM,97,69
9/25/2026,1:25:08 AM,97,69
9/25/2026,1:25:09 AM,97,69
9/25/2026,1:25:10 AM,97,69
9/25/2026,1:25:11 AM,97,69
9/25/2026,1:25:12 AM,97,69
9/25/2026,1:25:13 AM,98,69
9/25/2026,1:25:14 AM,98,68
9/25/2026,1:25:15 AM,98,68
9/25/2026,1:25:16 AM,98,68
9/25/2026,1:25:17 AM,98,67
9/25/2026,1:25:18 AM,98,67
9/25/2026,1:25:19 AM,98,66
9/25/2026,1:25:20 AM,98,66
9/25/2026,1:25:21 AM,98,66
9/25/2026,1:25:22 AM,98,66
9/25/2026,1:25:23 AM,98,66
9/25/2026,1:25:24 AM,98,66
9/25/2026,1:25:25 AM,98,66
9/25/2026,1:25:26 AM,98,66
9/25/2026,1:25:27 AM,98,66
9/25/2026,1:25:28 AM,98,66
9/25/2026,1:25:29 AM,98,66
9/25/2026,1:25:30 AM,98,66
9/25/2026,1:25:31 AM,98,66
9/25/2026,1:25:32 AM,98,66
9/25/2026,1:25:33 AM,98,66
9/25/2026,1:25:34 AM,98,66
9/25/2026,1:25:35 AM,98,66
9/25/2026,1:25:36 AM,98,66
9/25/2026,1:25:37 AM,98,66
9/25/2026,1:25:38 AM,98,66
9/25/2026,1:25:39 AM,98,66
9/25/2026,1:25:40 AM,98,66
9/25/2026,1:25:41 AM,98,66
9/25/2026,1:25:42 AM,98,66
9/25/2026,1:25:43 AM,98,66
9/25/2026,1:25:44 AM,98,66
9/25/2026,1:25:45 AM,98,66
9/25/2026,1:25:46 AM,98,66
9/25/2026,1:25:47 AM,98,66
9/25/2026,1:25:48 AM,98,66
9/25/2026,1:25:49 AM,97,66
9/25/2026,1:25:50 AM,97,65
9/25/2026,1:25:51 AM,97,65
9/25/2026,1:25:52 AM,97,65
9/25/2026,1:25:53 AM,96,65
9/25/2026,1:25:54 AM,96,65
9/25/2026,1:25:55 AM,97,65
9/25/2026,1:25:56 AM,97,64
9/25/2026,1:25:57 AM,97,64
9/25/2026,1:25:58 AM,97,64
9/25/2026,1:25:59 AM,98,64
9/25/2026,1:26:00 AM,98,63
9/25/2026,1:26:01 AM,98,63
9/25/2026,1:26:02 AM,98,63
9/25/2026,1:26:03 AM,99,63
9/25/2026,1:26:04 AM,99,63
9/25/2026,1:26:05 AM,99,63
9/25/2026,1:26:06 AM,99,63
9/25/2026,1:26:07 AM,99,63
9/25/2026,1:26:08 AM,99,63
9/25/2026,1:26:09 AM,99,64
9/25/2026,1:26:10 AM,99,64
9/25/2026,1:26:11 AM,99,65
9/25/2026,1:26:12 AM,99,66
9/25/2026,1:26:13 AM,99,66
9/25/2026,1:26:14 AM,99,67
9/25/2026,1:26:15 AM,98,68
9/25/2026,1:26:16 AM,98,68
9/25/2026,1:26:17 AM,98,69
9/25/2026,1:26:18 AM,98,69
9/25/2026,1:26:19 AM,97,69
9/25/2026,1:26:20 AM,97,69
9/25/2026,1:26:21 AM,97,69
9/25/2026,1:26:22 AM,97,69
9/25/2026,1:26:23 AM,97,69
9/25/2026,1:26:24 AM,97,69
9/25/2026,1:26:25 AM,97,69
9/25/2026,1:26:26 AM,97,69
9/25/2026,1:26:27 AM,96,70
9/25/2026,1:26:28 AM,96,70
9/25/2026,1:26:29 AM,96,70
9/25/2026,1:26:30 AM,95,69
9/25/2026,1:26:31 AM,95,69
9/25/2026,1:26:32 AM,95,69
9/25/2026,1:26:33 AM,95,69
9/25/2026,1:26:34 AM,95,69
9/25/2026,1:26:35 AM,95,69
9/25/2026,1:26:36 AM,95,69
9/25/2026,1:26:37 AM,95,69
9/25/2026,1:26:38 AM,95,69
9/25/2026,1:26:39 AM,95,69
9/25/2026,1:26:40 AM,95,69
9/25/2026,1:26:41 AM,95,69
9/25/2026,1:26:42 AM,95,69
9/25/2026,1:26:43 AM,95,69
9/25/2026,1:26:44 AM,95,69
9/25/2026,1:26:45 AM,95,69
9/25/2026,1:26:46 AM,95,69
9/25/2026,1:26:47 AM,95,69
9/25/2026,1:26:48 AM,95,69
9/25/2026,1:26:49 AM,95,69
9/25/2026,1:26:50 AM,95,69
9/25/2026,1:26:51 AM,95,69
9/25/2026,1:26:52 AM,95,69
9/25/2026,1:26:53 AM,95,69
9/25/2026,1:26:54 AM,95,69
9/25/2026,1:26:55 AM,96,69
9/25/2026,1:26:56 AM,96,68
9/25/2026,1:26:57 AM,96,68
9/25/2026,1:26:58 AM,97,68
9/25/2026,1:26:59 AM,98,68
9/25/2026,1:27:00 AM,98,67
9/25/2026,1:27:01 AM,98,67
9/25/2026,1:27:02 AM,99,67
9/25/2026,1:27:03 AM,99,67
9/25/2026,1:27:04 AM,99,67
9/25/2026,1:27:05 AM,99,67
9/25/2026,1:27:06 AM,99,67
9/25/2026,1:27:07 AM,99,67
9/25/2026,1:27:08 AM,99,67
9/25/2026,1:27:09 AM,99,67
9/25/2026,1:27:10 AM,99,67
9/25/2026,1:27:11 AM,99,67
9/25/2026,1:27:12 AM,99,68
9/25/2026,1:27:13 AM,99,68
9/25/2026,1:27:14 AM,99,68
9/25/2026,1:27:15 AM,99,68
9/25/2026,1:27:16 AM,98,68
9/25/2026,1:27:17 AM,98,68
9/25/2026,1:27:18 AM,98,69
9/25/2026,1:27:19 AM,98,68
9/25/2026,1:27:20 AM,98,68
9/25/2026,1:27:21 AM,98,68
9/25/2026,1:27:22 AM,97,68
9/25/2026,1:27:23 AM,97,69
9/25/2026,1:27:24 AM,97,69
9/25/2026,1:27:25 AM,97,69
9/25/2026,1:27:26 AM,97,69
9/25/2026,1:27:27 AM,96,69
9/25/2026,1:27:28 AM,96,69
9/25/2026,1:27:29 AM,96,69
9/25/2026,1:27:30 AM,96,69
9/25/2026,1:27:31 AM,96,69
9/25/2026,1:27:32 AM,96,69
9/25/2026,1:27:33 AM,96,69
9/25/2026,1:27:34 AM,96,69
9/25/2026,1:27:35 AM,96,69
9/25/2026,1:27:36 AM,96,69
9/25/2026,1:27:37 AM,96,69
9/25/2026,1:27:38 AM,96,69
9/25/2026,1:27:39 AM,96,69
9/25/2026,1:27:40 AM,96,69
9/25/2026,1:27:41 AM,96,69
9/25/2026,1:27:42 AM,96,69
9/25/2026,1:27:43 AM,96,69
9/25/2026,1:27:44 AM,96,69
9/25/2026,1:27:45 AM,96,69
9/25/2026,1:27:46 AM,96,69
9/25/2026,1:27:47 AM,96,69
9/25/2026,1:27:48 AM,96,69
9/25/2026,1:27:49 AM,95,69
9/25/2026,1:27:50 AM,95,69
9/25/2026,1:27:51 AM,95,68
9/25/2026,1:27:52 AM,95,67
9/25/2026,1:27:53 AM,95,66
9/25/2026,1:27:54 AM,95,65
9/25/2026,1:27:55 AM,96,65
9/25/2026,1:27:56 AM,96,65
9/25/2026,1:27:57 AM,96,64
9/25/2026,1:27:58 AM,97,64
9/25/2026,1:27:59 AM,98,64
9/25/2026,1:28:00 AM,98,64
9/25/2026,1:28:01 AM,98,64
9/25/2026,1:28:02 AM,99,64
9/25/2026,1:28:03 AM,99,64
9/25/2026,1:28:04 AM,99,64
9/25/2026,1:28:05 AM,99,65
9/25/2026,1:28:06 AM,99,65
9/25/2026,1:28:07 AM,99,66
9/25/2026,1:28:08 AM,99,66
9/25/2026,1:28:09 AM,99,67
9/25/2026,1:28:10 AM,99,67
9/25/2026,1:28:11 AM,99,68
9/25/2026,1:28:12 AM,99,68
9/25/2026,1:28:13 AM,99,68
9/25/2026,1:28:14 AM,98,68
9/25/2026,1:28:15 AM,98,68
9/25/2026,1:28:16 AM,98,68
9/25/2026,1:28:17 AM,98,68
9/25/2026,1:28:18 AM,98,68
9/25/2026,1:28:19 AM,98,69
9/25/2026,1:28:20 AM,98,69
9/25/2026,1:28:21 AM,98,70
9/25/2026,1:28:22 AM,98,71
9/25/2026,1:28:23 AM,97,72
9/25/2026,1:28:24 AM,97,73
9/25/2026,1:28:25 AM,97,73
9/25/2026,1:28:26 AM,97,73
9/25/2026,1:28:27 AM,97,73
9/25/2026,1:28:28 AM,97,73
9/25/2026,1:28:29 AM,97,72
9/25/2026,1:28:30 AM,98,71
9/25/2026,1:28:31 AM,98,71
9/25/2026,1:28:32 AM,98,70
9/25/2026,1:28:33 AM,98,69
9/25/2026,1:28:34 AM,98,68
9/25/2026,1:28:35 AM,98,68
9/25/2026,1:28:36 AM,98,67
9/25/2026,1:28:37 AM,97,66
9/25/2026,1:28:38 AM,97,66
9/25/2026,1:28:39 AM,97,66
9/25/2026,1:28:40 AM,97,66
9/25/2026,1:28:41 AM,97,66
9/25/2026,1:28:42 AM,97,66
9/25/2026,1:28:43 AM,97,66
9/25/2026,1:28:44 AM,97,67
9/25/2026,1:28:45 AM,97,67
9/25/2026,1:28:46 AM,98,67
9/25/2026,1:28:47 AM,98,67
9/25/2026,1:28:48 AM,98,68
9/25/2026,1:28:49 AM,98,68
9/25/2026,1:28:50 AM,98,69
9/25/2026,1:28:51 AM,98,70
9/25/2026,1:28:52 AM,98,70
9/25/2026,1:28:53 AM,98,71
9/25/2026,1:28:54 AM,98,71
9/25/2026,1:28:55 AM,98,72
9/25/2026,1:28:56 AM,98,72
9/25/2026,1:28:57 AM,98,72
9/25/2026,1:28:58 AM,98,72
9/25/2026,1:28:59 AM,98,72
9/25/2026,1:29:00 AM,98,72
9/25/2026,1:29:01 AM,98,72
9/25/2026,1:29:02 AM,98,72
9/25/2026,1:29:03 AM,98,72
9/25/2026,1:29:04 AM,98,72
9/25/2026,1:29:05 AM,98,72
9/25/2026,1:29:06 AM,98,71
9/25/2026,1:29:07 AM,98,69
9/25/2026,1:29:08 AM,98,68
9/25/2026,1:29:09 AM,98,68
9/25/2026,1:29:10 AM,98,67
9/25/2026,1:29:11 AM,98,66
9/25/2026,1:29:12 AM,98,65
9/25/2026,1:29:13 AM,98,65
9/25/2026,1:29:14 AM,98,65
9/25/2026,1:29:15 AM,98,66
9/25/2026,1:29:16 AM,98,66
9/25/2026,1:29:17 AM,98,66
9/25/2026,1:29:18 AM,98,67
9/25/2026,1:29:19 AM,98,68
9/25/2026,1:29:20 AM,98,68
9/25/2026,1:29:21 AM,98,68
9/25/2026,1:29:22 AM,98,68
9/25/2026,1:29:23 AM,98,68
9/25/2026,1:29:24 AM,97,68
9/25/2026,1:29:25 AM,97,68
9/25/2026,1:29:26 AM,97,68
9/25/2026,1:29:27 AM,97,68
9/25/2026,1:29:28 AM,97,68
9/25/2026,1:29:29 AM,97,68
9/25/2026,1:29:30 AM,97,68
9/25/2026,1:29:31 AM,97,68
9/25/2026,1:29:32 AM,97,68
9/25/2026,1:29:33 AM,97,68
9/25/2026,1:29:34 AM,97,68
9/25/2026,1:29:35 AM,97,68
9/25/2026,1:29:36 AM,97,68
9/25/2026,1:29:37 AM,97,68
9/25/2026,1:29:38 AM,97,68
9/25/2026,1:29:39 AM,97,68
9/25/2026,1:29:40 AM,97,68
9/25/2026,1:29:41 AM,96,69
9/25/2026,1:29:42 AM,96,68
9/25/2026,1:29:43 AM,96,68
9/25/2026,1:29:44 AM,96,68
9/25/2026,1:29:45 AM,96,68
9/25/2026,1:29:46 AM,96,68
9/25/2026,1:29:47 AM,96,68
9/25/2026,1:29:48 AM,96,68
9/25/2026,1:29:49 AM,97,68
9/25/2026,1:29:50 AM,97,67
9/25/2026,1:29:51 AM,97,66
9/25/2026,1:29:52 AM,97,65
9/25/2026,1:29:53 AM,97,65
9/25/2026,1:29:54 AM,97,64
9/25/2026,1:29:55 AM,97,64
9/25/2026,1:29:56 AM,98,64
9/25/2026,1:29:57 AM,98,64
9/25/2026,1:29:58 AM,98,64
9/25/2026,1:29:59 AM,99,65
9/25/2026,1:30:00 AM,99,65
9/25/2026,1:30:01 AM,99,65
9/25/2026,1:30:02 AM,99,65
9/25/2026,1:30:03 AM,99,65
9/25/2026,1:30:04 AM,99,65
9/25/2026,1:30:05 AM,99,65
9/25/2026,1:30:06 AM,99,65
9/25/2026,1:30:07 AM,99,65
9/25/2026,1:30:08 AM,99,65
9/25/2026,1:30:09 AM,99,66
9/25/2026,1:30:10 AM,98,66
9/25/2026,1:30:11 AM,98,67
9/25/2026,1:30:12 AM,98,67
9/25/2026,1:30:13 AM,98,67
9/25/2026,1:30:14 AM,98,67
9/25/2026,1:30:15 AM,98,67
9/25/2026,1:30:16 AM,98,68
9/25/2026,1:30:17 AM,98,68
9/25/2026,1:30:18 AM,98,68
9/25/2026,1:30:19 AM,97,67
9/25/2026,1:30:20 AM,97,67
9/25/2026,1:30:21 AM,97,67
9/25/2026,1:30:22 AM,97,67
9/25/2026,1:30:23 AM,97,67
9/25/2026,1:30:24 AM,97,67
9/25/2026,1:30:25 AM,97,66
9/25/2026,1:30:26 AM,97,66
9/25/2026,1:30:27 AM,97,67
9/25/2026,1:30:28 AM,96,67
9/25/2026,1:30:29 AM,96,67
9/25/2026,1:30:30 AM,96,67
9/25/2026,1:30:31 AM,96,67
9/25/2026,1:30:32 AM,95,68
9/25/2026,1:30:33 AM,95,68
9/25/2026,1:30:34 AM,95,68
9/25/2026,1:30:35 AM,95,68
9/25/2026,1:30:36 AM,95,68
9/25/2026,1:30:37 AM,95,68
9/25/2026,1:30:38 AM,95,68
9/25/2026,1:30:39 AM,95,68
9/25/2026,1:30:40 AM,95,68
9/25/2026,1:30:41 AM,95,68
9/25/2026,1:30:42 AM,95,68
9/25/2026,1:30:43 AM,95,68
9/25/2026,1:30:44 AM,95,68
9/25/2026,1:30:45 AM,95,68
9/25/2026,1:30:46 AM,95,68
9/25/2026,1:30:47 AM,95,68
9/25/2026,1:30:48 AM,95,69
9/25/2026,1:30:49 AM,94,69
9/25/2026,1:30:50 AM,94,70
9/25/2026,1:30:51 AM,94,71
9/25/2026,1:30:52 AM,94,71
9/25/2026,1:30:53 AM,94,71
9/25/2026,1:30:54 AM,94,71
9/25/2026,1:30:55 AM,94,71
9/25/2026,1:30:56 AM,94,71
9/25/2026,1:30:57 AM,94,71
9/25/2026,1:30:58 AM,94,71
9/25/2026,1:30:59 AM,94,70
9/25/2026,1:31:00 AM,94,69
9/25/2026,1:31:01 AM,94,68
9/25/2026,1:31:02 AM,94,67
9/25/2026,1:31:03 AM,94,65
9/25/2026,1:31:04 AM,95,64
9/25/2026,1:31:05 AM,96,64
9/25/2026,1:31:06 AM,97,64
9/25/2026,1:31:07 AM,97,64
9/25/2026,1:31:08 AM,98,65
9/25/2026,1:31:09 AM,98,65
9/25/2026,1:31:10 AM,99,66
9/25/2026,1:31:11 AM,99,66
9/25/2026,1:31:12 AM,99,66
9/25/2026,1:31:13 AM,99,66
9/25/2026,1:31:14 AM,99,66
9/25/2026,1:31:15 AM,99,66
9/25/2026,1:31:16 AM,99,66
9/25/2026,1:31:17 AM,99,66
9/25/2026,1:31:18 AM,99,66
9/25/2026,1:31:19 AM,99,66
9/25/2026,1:31:20 AM,99,66
9/25/2026,1:31:21 AM,99,66
9/25/2026,1:31:22 AM,99,66
9/25/2026,1:31:23 AM,98,66
9/25/2026,1:31:24 AM,98,66
9/25/2026,1:31:25 AM,98,66
9/25/2026,1:31:26 AM,98,66
9/25/2026,1:31:27 AM,98,66
9/25/2026,1:31:28 AM,98,66
9/25/2026,1:31:29 AM,98,66
9/25/2026,1:31:30 AM,98,66
9/25/2026,1:31:31 AM,98,67
9/25/2026,1:31:32 AM,98,67
9/25/2026,1:31:33 AM,98,68
9/25/2026,1:31:34 AM,98,69
9/25/2026,1:31:35 AM,98,69
9/25/2026,1:31:36 AM,98,69
9/25/2026,1:31:37 AM,98,69
9/25/2026,1:31:38 AM,98,69
9/25/2026,1:31:39 AM,98,69
9/25/2026,1:31:40 AM,98,69
9/25/2026,1:31:41 AM,98,69
9/25/2026,1:31:42 AM,98,69
9/25/2026,1:31:43 AM,98,69
9/25/2026,1:31:44 AM,98,69
9/25/2026,1:31:45 AM,97,69
9/25/2026,1:31:46 AM,97,69
9/25/2026,1:31:47 AM,97,69
9/25/2026,1:31:48 AM,97,69
9/25/2026,1:31:49 AM,97,69
9/25/2026,1:31:50 AM,97,69
9/25/2026,1:31:51 AM,97,69
9/25/2026,1:31:52 AM,96,69
9/25/2026,1:31:53 AM,96,69
9/25/2026,1:31:54 AM,96,69
9/25/2026,1:31:55 AM,96,69
9/25/2026,1:31:56 AM,96,69
9/25/2026,1:31:57 AM,96,69
9/25/2026,1:31:58 AM,97,68
9/25/2026,1:31:59 AM,98,68
9/25/2026,1:32:00 AM,98,67
9/25/2026,1:32:01 AM,98,66
9/25/2026,1:32:02 AM,99,66
9/25/2026,1:32:03 AM,99,66
9/25/2026,1:32:04 AM,99,66
9/25/2026,1:32:05 AM,99,66
9/25/2026,1:32:06 AM,99,66
9/25/2026,1:32:07 AM,99,66
9/25/2026,1:32:08 AM,99,66
9/25/2026,1:32:09 AM,99,66
9/25/2026,1:32:10 AM,99,66
9/25/2026,1:32:11 AM,99,66
9/25/2026,1:32:12 AM,99,66
9/25/2026,1:32:13 AM,98,66
9/25/2026,1:32:14 AM,98,66
9/25/2026,1:32:15 AM,98,66
9/25/2026,1:32:16 AM,98,66
9/25/2026,1:32:17 AM,98,66
9/25/2026,1:32:18 AM,98,66
9/25/2026,1:32:19 AM,98,65
9/25/2026,1:32:20 AM,98,65
9/25/2026,1:32:21 AM,97,66
9/25/2026,1:32:22 AM,97,66
9/25/2026,1:32:23 AM,97,66
9/25/2026,1:32:24 AM,97,66
9/25/2026,1:32:25 AM,97,66
9/25/2026,1:32:26 AM,97,67
9/25/2026,1:32:27 AM,97,67
9/25/2026,1:32:28 AM,97,67
9/25/2026,1:32:29 AM,97,67
9/25/2026,1:32:30 AM,96,67
9/25/2026,1:32:31 AM,96,67
9/25/2026,1:32:32 AM,96,67
9/25/2026,1:32:33 AM,96,66
9/25/2026,1:32:34 AM,96,66
9/25/2026,1:32:35 AM,96,66
9/25/2026,1:32:36 AM,96,65
9/25/2026,1:32:37 AM,96,65
9/25/2026,1:32:38 AM,96,65
9/25/2026,1:32:39 AM,96,65
9/25/2026,1:32:40 AM,95,65
9/25/2026,1:32:41 AM,95,65
9/25/2026,1:32:42 AM,95,66
9/25/2026,1:32:43 AM,95,66
9/25/2026,1:32:44 AM,95,66
9/25/2026,1:32:45 AM,95,67
9/25/2026,1:32:46 AM,95,67
9/25/2026,1:32:47 AM,95,68
9/25/2026,1:32:48 AM,95,69
9/25/2026,1:32:49 AM,95,69
9/25/2026,1:32:50 AM,95,70
9/25/2026,1:32:51 AM,95,70
9/25/2026,1:32:52 AM,95,70
9/25/2026,1:32:53 AM,96,69
9/25/2026,1:32:54 AM,96,69
9/25/2026,1:32:55 AM,96,68
9/25/2026,1:32:56 AM,96,68
9/25/2026,1:32:57 AM,96,67
9/25/2026,1:32:58 AM,96,67
9/25/2026,1:32:59 AM,96,67
9/25/2026,1:33:00 AM,96,66
9/25/2026,1:33:01 AM,96,66
9/25/2026,1:33:02 AM,96,66
9/25/2026,1:33:03 AM,97,66
9/25/2026,1:33:04 AM,97,66
9/25/2026,1:33:05 AM,97,66
9/25/2026,1:33:06 AM,98,65
9/25/2026,1:33:07 AM,98,65
9/25/2026,1:33:08 AM,98,65
9/25/2026,1:33:09 AM,98,65
9/25/2026,1:33:10 AM,98,65
9/25/2026,1:33:11 AM,98,64
9/25/2026,1:33:12 AM,98,64
9/25/2026,1:33:13 AM,98,64
9/25/2026,1:33:14 AM,98,64
9/25/2026,1:33:15 AM,98,64
9/25/2026,1:33:16 AM,98,64
9/25/2026,1:33:17 AM,98,64
9/25/2026,1:33:18 AM,98,64
9/25/2026,1:33:19 AM,97,64
9/25/2026,1:33:20 AM,97,64
9/25/2026,1:33:21 AM,97,64
9/25/2026,1:33:22 AM,97,64
9/25/2026,1:33:23 AM,97,64
9/25/2026,1:33:24 AM,97,65
9/25/2026,1:33:25 AM,97,65
9/25/2026,1:33:26 AM,96,66
9/25/2026,1:33:27 AM,96,66
9/25/2026,1:33:28 AM,96,67
9/25/2026,1:33:29 AM,96,67
9/25/2026,1:33:30 AM,96,67
9/25/2026,1:33:31 AM,96,68
9/25/2026,1:33:32 AM,95,68
9/25/2026,1:33:33 AM,95,68
9/25/2026,1:33:34 AM,95,68
9/25/2026,1:33:35 AM,96,68
9/25/2026,1:33:36 AM,96,68
9/25/2026,1:33:37 AM,95,69
9/25/2026,1:33:38 AM,95,69
9/25/2026,1:33:39 AM,95,69
9/25/2026,1:33:40 AM,95,69
9/25/2026,1:33:41 AM,95,69
9/25/2026,1:33:42 AM,95,69
9/25/2026,1:33:43 AM,95,68
9/25/2026,1:33:44 AM,95,68
9/25/2026,1:33:45 AM,95,67
9/25/2026,1:33:46 AM,95,67
9/25/2026,1:33:47 AM,95,66
9/25/2026,1:33:48 AM,95,66
9/25/2026,1:33:49 AM,95,66
9/25/2026,1:33:50 AM,95,66
9/25/2026,1:33:51 AM,95,67
9/25/2026,1:33:52 AM,95,67
9/25/2026,1:33:53 AM,96,67
9/25/2026,1:33:54 AM,96,67
9/25/2026,1:33:55 AM,96,67
9/25/2026,1:33:56 AM,96,68
9/25/2026,1:33:57 AM,96,68
9/25/2026,1:33:58 AM,96,68
9/25/2026,1:33:59 AM,96,68
9/25/2026,1:34:00 AM,96,68
9/25/2026,1:34:01 AM,96,68
9/25/2026,1:34:02 AM,96,68
9/25/2026,1:34:03 AM,96,69
9/25/2026,1:34:04 AM,96,69
9/25/2026,1:34:05 AM,96,70
9/25/2026,1:34:06 AM,96,70
9/25/2026,1:34:07 AM,96,70
9/25/2026,1:34:08 AM,96,70
9/25/2026,1:34:09 AM,96,70
9/25/2026,1:34:10 AM,96,70
9/25/2026,1:34:11 AM,96,70
9/25/2026,1:34:12 AM,96,69
9/25/2026,1:34:13 AM,96,69
9/25/2026,1:34:14 AM,96,68
9/25/2026,1:34:15 AM,96,66
9/25/2026,1:34:16 AM,96,66
9/25/2026,1:34:17 AM,97,65
9/25/2026,1:34:18 AM,97,65
9/25/2026,1:34:19 AM,97,65
9/25/2026,1:34:20 AM,97,65
9/25/2026,1:34:21 AM,97,65
9/25/2026,1:34:22 AM,97,65
9/25/2026,1:34:23 AM,97,65
9/25/2026,1:34:24 AM,97,65
9/25/2026,1:34:25 AM,97,66
9/25/2026,1:34:26 AM,97,66
9/25/2026,1:34:27 AM,97,66
9/25/2026,1:34:28 AM,98,66
9/25/2026,1:34:29 AM,98,66
9/25/2026,1:34:30 AM,98,67
9/25/2026,1:34:31 AM,98,67
9/25/2026,1:34:32 AM,97,67
9/25/2026,1:34:33 AM,97,67
9/25/2026,1:34:34 AM,97,67
9/25/2026,1:34:35 AM,97,67
9/25/2026,1:34:36 AM,97,68
9/25/2026,1:34:37 AM,97,68
9/25/2026,1:34:38 AM,97,68
9/25/2026,1:34:39 AM,96,68
9/25/2026,1:34:40 AM,96,68
9/25/2026,1:34:41 AM,96,68
9/25/2026,1:34:42 AM,96,68
9/25/2026,1:34:43 AM,96,68
9/25/2026,1:34:44 AM,96,67
9/25/2026,1:34:45 AM,96,67
9/25/2026,1:34:46 AM,96,67
9/25/2026,1:34:47 AM,96,66
9/25/2026,1:34:48 AM,96,66
9/25/2026,1:34:49 AM,96,66
9/25/2026,1:34:50 AM,97,67
9/25/2026,1:34:51 AM,97,67
9/25/2026,1:34:52 AM,97,68
9/25/2026,1:34:53 AM,96,68
9/25/2026,1:34:54 AM,96,68
9/25/2026,1:34:55 AM,96,68
9/25/2026,1:34:56 AM,96,68
9/25/2026,1:34:57 AM,96,68
9/25/2026,1:34:58 AM,96,68
9/25/2026,1:34:59 AM,97,68
9/25/2026,1:35:00 AM,97,67
9/25/2026,1:35:01 AM,97,67
9/25/2026,1:35:02 AM,97,67
9/25/2026,1:35:03 AM,97,67
9/25/2026,1:35:04 AM,97,68
9/25/2026,1:35:05 AM,97,68
9/25/2026,1:35:06 AM,97,68
9/25/2026,1:35:07 AM,97,68
9/25/2026,1:35:08 AM,96,68
9/25/2026,1:35:09 AM,96,68
9/25/2026,1:35:10 AM,96,68
9/25/2026,1:35:11 AM,96,68
9/25/2026,1:35:12 AM,96,67
9/25/2026,1:35:13 AM,96,67
9/25/2026,1:35:14 AM,97,67
9/25/2026,1:35:15 AM,97,66
9/25/2026,1:35:16 AM,97,66
9/25/2026,1:35:17 AM,97,66
9/25/2026,1:35:18 AM,97,66
9/25/2026,1:35:19 AM,97,67
9/25/2026,1:35:20 AM,97,67
9/25/2026,1:35:21 AM,97,68
9/25/2026,1:35:22 AM,97,68
9/25/2026,1:35:23 AM,97,68
9/25/2026,1:35:24 AM,97,69
9/25/2026,1:35:25 AM,97,69
9/25/2026,1:35:26 AM,97,69
9/25/2026,1:35:27 AM,97,69
9/25/2026,1:35:28 AM,97,68
9/25/2026,1:35:29 AM,97,67
9/25/2026,1:35:30 AM,97,66
9/25/2026,1:35:31 AM,97,65
9/25/2026,1:35:32 AM,97,64
9/25/2026,1:35:33 AM,97,64
9/25/2026,1:35:34 AM,97,63
9/25/2026,1:35:35 AM,97,63
9/25/2026,1:35:36 AM,97,63
9/25/2026,1:35:37 AM,97,63
9/25/2026,1:35:38 AM,97,64
9/25/2026,1:35:39 AM,97,64
9/25/2026,1:35:40 AM,97,65
9/25/2026,1:35:41 AM,97,65
9/25/2026,1:35:42 AM,97,66
9/25/2026,1:35:43 AM,97,66
9/25/2026,1:35:44 AM,97,67
9/25/2026,1:35:45 AM,97,67
9/25/2026,1:35:46 AM,97,67
9/25/2026,1:35:47 AM,97,67
9/25/2026,1:35:48 AM,96,67
9/25/2026,1:35:49 AM,96,67
9/25/2026,1:35:50 AM,96,67
9/25/2026,1:35:51 AM,96,67
9/25/2026,1:35:52 AM,96,67
9/25/2026,1:35:53 AM,96,67
9/25/2026,1:35:54 AM,96,67
9/25/2026,1:35:55 AM,96,67
9/25/2026,1:35:56 AM,96,67
9/25/2026,1:35:57 AM,96,67
9/25/2026,1:35:58 AM,96,67
9/25/2026,1:35:59 AM,96,67
9/25/2026,1:36:00 AM,96,67
9/25/2026,1:36:01 AM,96,67
9/25/2026,1:36:02 AM,96,67
9/25/2026,1:36:03 AM,97,68
9/25/2026,1:36:04 AM,97,68
9/25/2026,1:36:05 AM,96,69
9/25/2026,1:36:06 AM,96,70
9/25/2026,1:36:07 AM,96,70
9/25/2026,1:36:08 AM,96,70
9/25/2026,1:36:09 AM,96,70
9/25/2026,1:36:10 AM,96,70
9/25/2026,1:36:11 AM,96,70
9/25/2026,1:36:12 AM,96,69
9/25/2026,1:36:13 AM,96,69
9/25/2026,1:36:14 AM,97,68
9/25/2026,1:36:15 AM,97,66
9/25/2026,1:36:16 AM,97,66
9/25/2026,1:36:17 AM,97,66
9/25/2026,1:36:18 AM,97,66
9/25/2026,1:36:19 AM,97,66
9/25/2026,1:36:20 AM,97,66
9/25/2026,1:36:21 AM,97,67
9/25/2026,1:36:22 AM,97,67
9/25/2026,1:36:23 AM,97,67
9/25/2026,1:36:24 AM,97,67
9/25/2026,1:36:25 AM,97,67
9/25/2026,1:36:26 AM,97,67
9/25/2026,1:36:27 AM,97,67
9/25/2026,1:36:28 AM,97,66
9/25/2026,1:36:29 AM,97,66
9/25/2026,1:36:30 AM,97,66
9/25/2026,1:36:31 AM,97,65
9/25/2026,1:36:32 AM,97,65
9/25/2026,1:36:33 AM,98,65
9/25/2026,1:36:34 AM,98,65
9/25/2026,1:36:35 AM,98,66
9/25/2026,1:36:36 AM,98,66
9/25/2026,1:36:37 AM,98,66
9/25/2026,1:36:38 AM,98,66
9/25/2026,1:36:39 AM,98,66
9/25/2026,1:36:40 AM,98,67
9/25/2026,1:36:41 AM,98,67
9/25/2026,1:36:42 AM,98,67
9/25/2026,1:36:43 AM,98,67
9/25/2026,1:36:44 AM,97,67
9/25/2026,1:36:45 AM,97,68
9/25/2026,1:36:46 AM,97,69
9/25/2026,1:36:47 AM,97,69
9/25/2026,1:36:48 AM,96,69
9/25/2026,1:36:49 AM,96,69
9/25/2026,1:36:50 AM,96,69
9/25/2026,1:36:51 AM,96,69
9/25/2026,1:36:52 AM,96,68
9/25/2026,1:36:53 AM,96,67
9/25/2026,1:36:54 AM,96,66
9/25/2026,1:36:55 AM,96,65
9/25/2026,1:36:56 AM,96,65
9/25/2026,1:36:57 AM,97,64
9/25/2026,1:36:58 AM,97,64
9/25/2026,1:36:59 AM,97,64
9/25/2026,1:37:00 AM,97,64
9/25/2026,1:37:01 AM,97,64
9/25/2026,1:37:02 AM,97,64
9/25/2026,1:37:03 AM,97,65
9/25/2026,1:37:04 AM,97,65
9/25/2026,1:37:05 AM,97,65
9/25/2026,1:37:06 AM,97,66
9/25/2026,1:37:07 AM,97,67
9/25/2026,1:37:08 AM,97,67
9/25/2026,1:37:09 AM,97,67
9/25/2026,1:37:10 AM,97,68
9/25/2026,1:37:11 AM,97,68
9/25/2026,1:37:12 AM,96,68
9/25/2026,1:37:13 AM,96,68
9/25/2026,1:37:14 AM,96,68
9/25/2026,1:37:15 AM,96,68
9/25/2026,1:37:16 AM,96,69
9/25/2026,1:37:17 AM,96,69
9/25/2026,1:37:18 AM,96,70
9/25/2026,1:37:19 AM,96,71
9/25/2026,1:37:20 AM,96,71
9/25/2026,1:37:21 AM,96,72
9/25/2026,1:37:22 AM,96,72
9/25/2026,1:37:23 AM,96,72
9/25/2026,1:37:24 AM,96,72
9/25/2026,1:37:25 AM,96,72
9/25/2026,1:37:26 AM,96,72
9/25/2026,1:37:27 AM,96,72
9/25/2026,1:37:28 AM,96,72
9/25/2026,1:37:29 AM,97,72
9/25/2026,1:37:30 AM,97,72
9/25/2026,1:37:31 AM,97,72
9/25/2026,1:37:32 AM,97,71
9/25/2026,1:37:33 AM,97,69
9/25/2026,1:37:34 AM,97,67
9/25/2026,1:37:35 AM,97,67
9/25/2026,1:37:36 AM,97,66
9/25/2026,1:37:37 AM,97,65
9/25/2026,1:37:38 AM,98,65
9/25/2026,1:37:39 AM,98,65
9/25/2026,1:37:40 AM,98,65
9/25/2026,1:37:41 AM,98,65
9/25/2026,1:37:42 AM,98,66
9/25/2026,1:37:43 AM,98,66
9/25/2026,1:37:44 AM,98,67
9/25/2026,1:37:45 AM,98,68
9/25/2026,1:37:46 AM,98,68
9/25/2026,1:37:47 AM,98,69
9/25/2026,1:37:48 AM,97,69
9/25/2026,1:37:49 AM,97,69
9/25/2026,1:37:50 AM,97,69
9/25/2026,1:37:51 AM,97,69
9/25/2026,1:37:52 AM,97,68
9/25/2026,1:37:53 AM,97,68
9/25/2026,1:37:54 AM,97,67
9/25/2026,1:37:55 AM,97,67
9/25/2026,1:37:56 AM,97,66
9/25/2026,1:37:57 AM,97,66
9/25/2026,1:37:58 AM,97,66
9/25/2026,1:37:59 AM,97,66
9/25/2026,1:38:00 AM,97,66
9/25/2026,1:38:01 AM,97,66
9/25/2026,1:38:02 AM,97,66
9/25/2026,1:38:03 AM,97,66
9/25/2026,1:38:04 AM,97,67
9/25/2026,1:38:05 AM,97,68
9/25/2026,1:38:06 AM,97,68
9/25/2026,1:38:07 AM,97,68
9/25/2026,1:38:08 AM,96,68
9/25/2026,1:38:09 AM,96,68
9/25/2026,1:38:10 AM,96,68
9/25/2026,1:38:11 AM,96,68
9/25/2026,1:38:12 AM,96,68
9/25/2026,1:38:13 AM,96,67
9/25/2026,1:38:14 AM,96,68
9/25/2026,1:38:15 AM,96,68
9/25/2026,1:38:16 AM,96,68
9/25/2026,1:38:17 AM,96,68
9/25/2026,1:38:18 AM,96,68
9/25/2026,1:38:19 AM,96,68
9/25/2026,1:38:20 AM,96,69
9/25/2026,1:38:21 AM,96,68
9/25/2026,1:38:22 AM,96,68
9/25/2026,1:38:23 AM,96,69
9/25/2026,1:38:24 AM,96,69
9/25/2026,1:38:25 AM,96,69
9/25/2026,1:38:26 AM,96,68
9/25/2026,1:38:27 AM,96,68
9/25/2026,1:38:28 AM,97,68
9/25/2026,1:38:29 AM,97,67
9/25/2026,1:38:30 AM,97,67
9/25/2026,1:38:31 AM,97,67
9/25/2026,1:38:32 AM,97,67
9/25/2026,1:38:33 AM,97,67
9/25/2026,1:38:34 AM,97,67
9/25/2026,1:38:35 AM,97,66
9/25/2026,1:38:36 AM,97,66
9/25/2026,1:38:37 AM,97,66
9/25/2026,1:38:38 AM,97,66
9/25/2026,1:38:39 AM,97,66
9/25/2026,1:38:40 AM,98,66
9/25/2026,1:38:41 AM,98,66
9/25/2026,1:38:42 AM,98,66
9/25/2026,1:38:43 AM,98,66
9/25/2026,1:38:44 AM,98,66
9/25/2026,1:38:45 AM,98,67
9/25/2026,1:38:46 AM,98,67
9/25/2026,1:38:47 AM,98,67
9/25/2026,1:38:48 AM,98,67
9/25/2026,1:38:49 AM,97,67
9/25/2026,1:38:50 AM,97,67
9/25/2026,1:38:51 AM,97,68
9/25/2026,1:38:52 AM,97,68
9/25/2026,1:38:53 AM,97,68
9/25/2026,1:38:54 AM,97,68
9/25/2026,1:38:55 AM,97,68
9/25/2026,1:38:56 AM,96,68
9/25/2026,1:38:57 AM,96,68
9/25/2026,1:38:58 AM,96,68
9/25/2026,1:38:59 AM,96,68
9/25/2026,1:39:00 AM,96,68
9/25/2026,1:39:01 AM,96,68
9/25/2026,1:39:02 AM,96,69
9/25/2026,1:39:03 AM,96,70
9/25/2026,1:39:04 AM,96,70
9/25/2026,1:39:05 AM,96,71
9/25/2026,1:39:06 AM,96,72
9/25/2026,1:39:07 AM,96,72
9/25/2026,1:39:08 AM,96,72
9/25/2026,1:39:09 AM,96,72
9/25/2026,1:39:10 AM,96,71
9/25/2026,1:39:11 AM,96,70
9/25/2026,1:39:12 AM,96,69
9/25/2026,1:39:13 AM,96,69
9/25/2026,1:39:14 AM,96,68
9/25/2026,1:39:15 AM,96,67
9/25/2026,1:39:16 AM,96,66
9/25/2026,1:39:17 AM,97,66
9/25/2026,1:39:18 AM,97,65
9/25/2026,1:39:19 AM,97,65
9/25/2026,1:39:20 AM,97,65
9/25/2026,1:39:21 AM,97,65
9/25/2026,1:39:22 AM,97,65
9/25/2026,1:39:23 AM,97,65
9/25/2026,1:39:24 AM,97,65
9/25/2026,1:39:25 AM,97,66
9/25/2026,1:39:26 AM,97,66
9/25/2026,1:39:27 AM,98,66
9/25/2026,1:39:28 AM,98,67
9/25/2026,1:39:29 AM,98,67
9/25/2026,1:39:30 AM,98,67
9/25/2026,1:39:31 AM,98,67
9/25/2026,1:39:32 AM,98,67
9/25/2026,1:39:33 AM,98,67
9/25/2026,1:39:34 AM,98,67
9/25/2026,1:39:35 AM,97,68
9/25/2026,1:39:36 AM,97,69
9/25/2026,1:39:37 AM,97,69
9/25/2026,1:39:38 AM,97,69
9/25/2026,1:39:39 AM,97,70
9/25/2026,1:39:40 AM,97,70
9/25/2026,1:39:41 AM,96,70
9/25/2026,1:39:42 AM,96,69
9/25/2026,1:39:43 AM,96,69
9/25/2026,1:39:44 AM,97,68
9/25/2026,1:39:45 AM,97,67
9/25/2026,1:39:46 AM,97,67
9/25/2026,1:39:47 AM,97,66
9/25/2026,1:39:48 AM,97,66
9/25/2026,1:39:49 AM,97,66
9/25/2026,1:39:50 AM,97,65
9/25/2026,1:39:51 AM,97,65
9/25/2026,1:39:52 AM,97,65
9/25/2026,1:39:53 AM,97,65
9/25/2026,1:39:54 AM,97,65
9/25/2026,1:39:55 AM,97,66
9/25/2026,1:39:56 AM,97,66
9/25/2026,1:39:57 AM,97,66
9/25/2026,1:39:58 AM,97,66
9/25/2026,1:39:59 AM,97,66
9/25/2026,1:40:00 AM,96,67
9/25/2026,1:40:01 AM,96,67
9/25/2026,1:40:02 AM,96,67
9/25/2026,1:40:03 AM,96,67
9/25/2026,1:40:04 AM,96,67
9/25/2026,1:40:05 AM,96,67
9/25/2026,1:40:06 AM,96,67
9/25/2026,1:40:07 AM,96,67
9/25/2026,1:40:08 AM,96,67
9/25/2026,1:40:09 AM,96,67
9/25/2026,1:40:10 AM,96,67
9/25/2026,1:40:11 AM,96,68
9/25/2026,1:40:12 AM,96,68
9/25/2026,1:40:13 AM,96,68
9/25/2026,1:40:14 AM,96,68
9/25/2026,1:40:15 AM,96,68
9/25/2026,1:40:16 AM,96,68
9/25/2026,1:40:17 AM,96,68
9/25/2026,1:40:18 AM,96,68
9/25/2026,1:40:19 AM,96,68
9/25/2026,1:40:20 AM,96,67
9/25/2026,1:40:21 AM,96,67
9/25/2026,1:40:22 AM,96,67
9/25/2026,1:40:23 AM,96,67
9/25/2026,1:40:24 AM,96,68
9/25/2026,1:40:25 AM,96,68
9/25/2026,1:40:26 AM,96,67
9/25/2026,1:40:27 AM,96,67
9/25/2026,1:40:28 AM,96,67
9/25/2026,1:40:29 AM,96,66
9/25/2026,1:40:30 AM,96,66
9/25/2026,1:40:31 AM,96,67
9/25/2026,1:40:32 AM,96,66
9/25/2026,1:40:33 AM,96,66
9/25/2026,1:40:34 AM,97,66
9/25/2026,1:40:35 AM,97,66
9/25/2026,1:40:36 AM,97,66
9/25/2026,1:40:37 AM,97,66
9/25/2026,1:40:38 AM,97,66
9/25/2026,1:40:39 AM,97,66
9/25/2026,1:40:40 AM,97,66
9/25/2026,1:40:41 AM,97,66
9/25/2026,1:40:42 AM,97,66
9/25/2026,1:40:43 AM,97,66
9/25/2026,1:40:44 AM,98,66
9/25/2026,1:40:45 AM,98,66
9/25/2026,1:40:46 AM,98,67
9/25/2026,1:40:47 AM,98,67
9/25/2026,1:40:48 AM,98,67
9/25/2026,1:40:49 AM,98,67
9/25/2026,1:40:50 AM,98,67
9/25/2026,1:40:51 AM,98,67
9/25/2026,1:40:52 AM,98,67
9/25/2026,1:40:53 AM,98,67
9/25/2026,1:40:54 AM,97,67
9/25/2026,1:40:55 AM,97,67
9/25/2026,1:40:56 AM,97,67
9/25/2026,1:40:57 AM,97,67
9/25/2026,1:40:58 AM,97,67
9/25/2026,1:40:59 AM,97,66
9/25/2026,1:41:00 AM,97,66
9/25/2026,1:41:01 AM,97,66
9/25/2026,1:41:02 AM,97,66
9/25/2026,1:41:03 AM,97,65
9/25/2026,1:41:04 AM,97,65
9/25/2026,1:41:05 AM,97,65
9/25/2026,1:41:06 AM,97,66
9/25/2026,1:41:07 AM,96,66
9/25/2026,1:41:08 AM,96,66
9/25/2026,1:41:09 AM,96,67
9/25/2026,1:41:10 AM,96,67
9/25/2026,1:41:11 AM,96,67
9/25/2026,1:41:12 AM,96,67
9/25/2026,1:41:13 AM,96,67
9/25/2026,1:41:14 AM,96,66
9/25/2026,1:41:15 AM,96,66
9/25/2026,1:41:16 AM,96,66
9/25/2026,1:41:17 AM,96,66
9/25/2026,1:41:18 AM,96,66
9/25/2026,1:41:19 AM,96,66
9/25/2026,1:41:20 AM,96,66
9/25/2026,1:41:21 AM,96,67
9/25/2026,1:41:22 AM,96,68
9/25/2026,1:41:23 AM,96,68
9/25/2026,1:41:24 AM,96,69
9/25/2026,1:41:25 AM,96,69
9/25/2026,1:41:26 AM,96,69
9/25/2026,1:41:27 AM,95,69
9/25/2026,1:41:28 AM,95,69
9/25/2026,1:41:29 AM,95,69
9/25/2026,1:41:30 AM,95,68
9/25/2026,1:41:31 AM,95,68
9/25/2026,1:41:32 AM,96,67
9/25/2026,1:41:33 AM,96,67
9/25/2026,1:41:34 AM,96,66
9/25/2026,1:41:35 AM,96,66
9/25/2026,1:41:36 AM,96,66
9/25/2026,1:41:37 AM,96,66
9/25/2026,1:41:38 AM,96,66
9/25/2026,1:41:39 AM,96,66
9/25/2026,1:41:40 AM,96,66
9/25/2026,1:41:41 AM,96,66
9/25/2026,1:41:42 AM,96,65
9/25/2026,1:41:43 AM,97,65
9/25/2026,1:41:44 AM,97,65
9/25/2026,1:41:45 AM,97,65
9/25/2026,1:41:46 AM,97,65
9/25/2026,1:41:47 AM,98,64
9/25/2026,1:41:48 AM,98,64
9/25/2026,1:41:49 AM,98,64
9/25/2026,1:41:50 AM,98,64
9/25/2026,1:41:51 AM,98,63
9/25/2026,1:41:52 AM,98,63
9/25/2026,1:41:53 AM,98,63
9/25/2026,1:41:54 AM,98,63
9/25/2026,1:41:55 AM,98,62
9/25/2026,1:41:56 AM,98,62
9/25/2026,1:41:57 AM,98,62
9/25/2026,1:41:58 AM,98,62
9/25/2026,1:41:59 AM,98,62
9/25/2026,1:42:00 AM,98,62
9/25/2026,1:42:01 AM,97,62
9/25/2026,1:42:02 AM,97,62
9/25/2026,1:42:03 AM,97,62
9/25/2026,1:42:04 AM,97,62
9/25/2026,1:42:05 AM,97,62
9/25/2026,1:42:06 AM,97,62
9/25/2026,1:42:07 AM,97,62
9/25/2026,1:42:08 AM,97,62
9/25/2026,1:42:09 AM,97,62
9/25/2026,1:42:10 AM,96,62
9/25/2026,1:42:11 AM,96,63
9/25/2026,1:42:12 AM,96,63
9/25/2026,1:42:13 AM,96,63
9/25/2026,1:42:14 AM,96,64
9/25/2026,1:42:15 AM,96,64
9/25/2026,1:42:16 AM,96,64
9/25/2026,1:42:17 AM,96,65
9/25/2026,1:42:18 AM,96,65
9/25/2026,1:42:19 AM,96,65
9/25/2026,1:42:20 AM,96,66
9/25/2026,1:42:21 AM,96,68
9/25/2026,1:42:22 AM,96,68
9/25/2026,1:42:23 AM,96,68
9/25/2026,1:42:24 AM,96,69
9/25/2026,1:42:25 AM,96,69
9/25/2026,1:42:26 AM,96,70
9/25/2026,1:42:27 AM,96,70
9/25/2026,1:42:28 AM,96,70
9/25/2026,1:42:29 AM,96,70
9/25/2026,1:42:30 AM,96,70
9/25/2026,1:42:31 AM,95,70
9/25/2026,1:42:32 AM,95,69
9/25/2026,1:42:33 AM,95,69
9/25/2026,1:42:34 AM,95,68
9/25/2026,1:42:35 AM,94,67
9/25/2026,1:42:36 AM,94,66
9/25/2026,1:42:37 AM,94,65
9/25/2026,1:42:38 AM,94,64
9/25/2026,1:42:39 AM,94,64
9/25/2026,1:42:40 AM,94,63
9/25/2026,1:42:41 AM,94,63
9/25/2026,1:42:42 AM,94,63
9/25/2026,1:42:43 AM,95,63
9/25/2026,1:42:44 AM,96,63
9/25/2026,1:42:45 AM,97,63
9/25/2026,1:42:46 AM,98,63
9/25/2026,1:42:47 AM,98,63
9/25/2026,1:42:48 AM,99,62
9/25/2026,1:42:49 AM,99,62
9/25/2026,1:42:50 AM,99,62
9/25/2026,1:42:51 AM,99,62
9/25/2026,1:42:52 AM,99,62
9/25/2026,1:42:53 AM,99,62
9/25/2026,1:42:54 AM,99,62
9/25/2026,1:42:55 AM,99,62
9/25/2026,1:42:56 AM,99,62
9/25/2026,1:42:57 AM,99,63
9/25/2026,1:42:58 AM,98,63
9/25/2026,1:42:59 AM,98,63
9/25/2026,1:43:00 AM,98,64
9/25/2026,1:43:01 AM,98,64
9/25/2026,1:43:02 AM,98,64
9/25/2026,1:43:03 AM,97,63
9/25/2026,1:43:04 AM,97,63
9/25/2026,1:43:05 AM,97,62
9/25/2026,1:43:06 AM,97,62
9/25/2026,1:43:07 AM,97,62
9/25/2026,1:43:08 AM,97,61
9/25/2026,1:43:09 AM,97,61
9/25/2026,1:43:10 AM,97,61
9/25/2026,1:43:11 AM,97,61
9/25/2026,1:43:12 AM,97,61
9/25/2026,1:43:13 AM,97,61
9/25/2026,1:43:14 AM,97,61
9/25/2026,1:43:15 AM,96,61
9/25/2026,1:43:16 AM,96,62
9/25/2026,1:43:17 AM,96,62
9/25/2026,1:43:18 AM,96,62
9/25/2026,1:43:19 AM,96,62
9/25/2026,1:43:20 AM,95,63
9/25/2026,1:43:21 AM,95,63
9/25/2026,1:43:22 AM,95,63
9/25/2026,1:43:23 AM,95,63
9/25/2026,1:43:24 AM,95,63
9/25/2026,1:43:25 AM,94,63
9/25/2026,1:43:26 AM,94,64
9/25/2026,1:43:27 AM,94,64
9/25/2026,1:43:28 AM,94,64
9/25/2026,1:43:29 AM,94,65
9/25/2026,1:43:30 AM,94,66
9/25/2026,1:43:31 AM,94,67
9/25/2026,1:43:32 AM,93,67
9/25/2026,1:43:33 AM,93,68
9/25/2026,1:43:34 AM,93,68
9/25/2026,1:43:35 AM,92,68
9/25/2026,1:43:36 AM,92,68
9/25/2026,1:43:37 AM,92,68
9/25/2026,1:43:38 AM,92,68
9/25/2026,1:43:39 AM,92,68
9/25/2026,1:43:40 AM,92,68
9/25/2026,1:43:41 AM,92,68
9/25/2026,1:43:42 AM,92,68
9/25/2026,1:43:43 AM,92,68
9/25/2026,1:43:44 AM,91,68
9/25/2026,1:43:45 AM,91,68
9/25/2026,1:43:46 AM,91,68
9/25/2026,1:43:47 AM,91,68
9/25/2026,1:43:48 AM,90,67
9/25/2026,1:43:49 AM,90,67
9/25/2026,1:43:50 AM,90,68
9/25/2026,1:43:51 AM,90,68
9/25/2026,1:43:52 AM,90,68
9/25/2026,1:43:53 AM,90,68
9/25/2026,1:43:54 AM,90,68
9/25/2026,1:43:55 AM,90,68
9/25/2026,1:43:56 AM,90,68
9/25/2026,1:43:57 AM,91,68
9/25/2026,1:43:58 AM,91,68
9/25/2026,1:43:59 AM,92,68
9/25/2026,1:44:00 AM,92,68
9/25/2026,1:44:01 AM,93,68
9/25/2026,1:44:02 AM,93,69
9/25/2026,1:44:03 AM,93,69
9/25/2026,1:44:04 AM,93,69
9/25/2026,1:44:05 AM,93,69
9/25/2026,1:44:06 AM,93,69
9/25/2026,1:44:07 AM,93,69
9/25/2026,1:44:08 AM,93,68
9/25/2026,1:44:09 AM,93,68
9/25/2026,1:44:10 AM,93,68
9/25/2026,1:44:11 AM,93,68
9/25/2026,1:44:12 AM,93,68
9/25/2026,1:44:13 AM,93,69
9/25/2026,1:44:14 AM,93,69
9/25/2026,1:44:15 AM,93,69
9/25/2026,1:44:16 AM,93,69
9/25/2026,1:44:17 AM,93,69
9/25/2026,1:44:18 AM,93,69
9/25/2026,1:44:19 AM,93,69
9/25/2026,1:44:20 AM,93,69
9/25/2026,1:44:21 AM,93,69
9/25/2026,1:44:22 AM,93,69
9/25/2026,1:44:23 AM,93,69
9/25/2026,1:44:24 AM,93,69
9/25/2026,1:44:25 AM,93,69
9/25/2026,1:44:26 AM,93,69
9/25/2026,1:44:27 AM,93,69
9/25/2026,1:44:28 AM,93,69
9/25/2026,1:44:29 AM,93,69
9/25/2026,1:44:30 AM,93,69
9/25/2026,1:44:31 AM,93,69
9/25/2026,1:44:32 AM,93,69
9/25/2026,1:44:33 AM,93,70
9/25/2026,1:44:34 AM,93,71
9/25/2026,1:44:35 AM,93,72
9/25/2026,1:44:36 AM,93,74
9/25/2026,1:44:37 AM,92,75
9/25/2026,1:44:38 AM,91,75
9/25/2026,1:44:39 AM,91,77
9/25/2026,1:44:40 AM,91,77
9/25/2026,1:44:41 AM,91,77
9/25/2026,1:44:42 AM,91,77
9/25/2026,1:44:43 AM,91,77
9/25/2026,1:44:44 AM,91,78
9/25/2026,1:44:45 AM,92,78
9/25/2026,1:44:46 AM,93,78
9/25/2026,1:44:47 AM,96,77
9/25/2026,1:44:48 AM,97,77
9/25/2026,1:44:49 AM,98,76
9/25/2026,1:44:50 AM,99,76
9/25/2026,1:44:51 AM,99,76
9/25/2026,1:44:52 AM,99,76
9/25/2026,1:44:53 AM,99,76
9/25/2026,1:44:54 AM,99,76
9/25/2026,1:44:55 AM,99,76
9/25/2026,1:44:56 AM,99,76
9/25/2026,1:44:57 AM,99,76
9/25/2026,1:44:58 AM,99,76
9/25/2026,1:44:59 AM,99,75
9/25/2026,1:45:00 AM,99,75
9/25/2026,1:45:01 AM,99,75
9/25/2026,1:45:02 AM,99,75
9/25/2026,1:45:03 AM,99,74
9/25/2026,1:45:04 AM,99,74
9/25/2026,1:45:05 AM,99,74
9/25/2026,1:45:06 AM,99,74
9/25/2026,1:45:07 AM,99,74
9/25/2026,1:45:08 AM,99,74
9/25/2026,1:45:09 AM,99,74
9/25/2026,1:45:10 AM,99,73
9/25/2026,1:45:11 AM,99,71
9/25/2026,1:45:12 AM,99,69
9/25/2026,1:45:13 AM,99,68
9/25/2026,1:45:14 AM,99,66
9/25/2026,1:45:15 AM,99,65
9/25/2026,1:45:16 AM,99,64
9/25/2026,1:45:17 AM,99,62
9/25/2026,1:45:18 AM,99,61
9/25/2026,1:45:19 AM,99,61
9/25/2026,1:45:20 AM,99,62
9/25/2026,1:45:21 AM,99,62
9/25/2026,1:45:22 AM,99,62
9/25/2026,1:45:23 AM,99,62
9/25/2026,1:45:24 AM,99,62
9/25/2026,1:45:25 AM,99,62
9/25/2026,1:45:26 AM,99,62
9/25/2026,1:45:27 AM,99,62
9/25/2026,1:45:28 AM,98,62
9/25/2026,1:45:29 AM,98,61
9/25/2026,1:45:30 AM,98,61
9/25/2026,1:45:31 AM,98,61
9/25/2026,1:45:32 AM,98,61
9/25/2026,1:45:33 AM,98,61
9/25/2026,1:45:34 AM,98,61
9/25/2026,1:45:35 AM,98,60
9/25/2026,1:45:36 AM,98,60
9/25/2026,1:45:37 AM,98,60
9/25/2026,1:45:38 AM,98,60
9/25/2026,1:45:39 AM,98,60
9/25/2026,1:45:40 AM,97,59
9/25/2026,1:45:41 AM,97,59
9/25/2026,1:45:42 AM,97,59
9/25/2026,1:45:43 AM,97,59
9/25/2026,1:45:44 AM,97,60
9/25/2026,1:45:45 AM,97,60
9/25/2026,1:45:46 AM,96,60
9/25/2026,1:45:47 AM,96,60
9/25/2026,1:45:48 AM,96,60
9/25/2026,1:45:49 AM,96,60
9/25/2026,1:45:50 AM,96,60
9/25/2026,1:45:51 AM,96,60
9/25/2026,1:45:52 AM,96,60
9/25/2026,1:45:53 AM,96,61
9/25/2026,1:45:54 AM,96,62
9/25/2026,1:45:55 AM,96,62
9/25/2026,1:45:56 AM,95,62
9/25/2026,1:45:57 AM,95,63
9/25/2026,1:45:58 AM,95,63
9/25/2026,1:45:59 AM,95,63
9/25/2026,1:46:00 AM,94,63
9/25/2026,1:46:01 AM,94,63
9/25/2026,1:46:02 AM,94,63
9/25/2026,1:46:03 AM,94,63
9/25/2026,1:46:04 AM,93,63
9/25/2026,1:46:05 AM,93,62
9/25/2026,1:46:06 AM,93,62
9/25/2026,1:46:07 AM,93,62
9/25/2026,1:46:08 AM,93,62
9/25/2026,1:46:09 AM,92,62
9/25/2026,1:46:10 AM,92,62
9/25/2026,1:46:11 AM,92,62
9/25/2026,1:46:12 AM,92,61
9/25/2026,1:46:13 AM,92,61
9/25/2026,1:46:14 AM,92,61
9/25/2026,1:46:15 AM,92,61
9/25/2026,1:46:16 AM,93,61
9/25/2026,1:46:17 AM,94,61
9/25/2026,1:46:18 AM,94,61
9/25/2026,1:46:19 AM,94,61
9/25/2026,1:46:20 AM,95,61
9/25/2026,1:46:21 AM,95,61
9/25/2026,1:46:22 AM,96,61
9/25/2026,1:46:23 AM,97,61
9/25/2026,1:46:24 AM,98,61
9/25/2026,1:46:25 AM,98,61
9/25/2026,1:46:26 AM,98,61
9/25/2026,1:46:27 AM,98,61
9/25/2026,1:46:28 AM,98,61
9/25/2026,1:46:29 AM,98,61
9/25/2026,1:46:30 AM,98,61
9/25/2026,1:46:31 AM,98,61
9/25/2026,1:46:32 AM,98,61
9/25/2026,1:46:33 AM,97,61
9/25/2026,1:46:34 AM,97,61
9/25/2026,1:46:35 AM,97,61
9/25/2026,1:46:36 AM,97,61
9/25/2026,1:46:37 AM,96,61
9/25/2026,1:46:38 AM,96,61
9/25/2026,1:46:39 AM,96,61
9/25/2026,1:46:40 AM,96,61
9/25/2026,1:46:41 AM,96,61
9/25/2026,1:46:42 AM,96,61
9/25/2026,1:46:43 AM,96,61
9/25/2026,1:46:44 AM,95,61
9/25/2026,1:46:45 AM,95,61
9/25/2026,1:46:46 AM,95,61
9/25/2026,1:46:47 AM,94,61
9/25/2026,1:46:48 AM,94,61
9/25/2026,1:46:49 AM,94,61
9/25/2026,1:46:50 AM,94,60
9/25/2026,1:46:51 AM,93,62
9/25/2026,1:46:52 AM,93,62
9/25/2026,1:46:53 AM,93,62
9/25/2026,1:46:54 AM,93,64
9/25/2026,1:46:55 AM,93,65
9/25/2026,1:46:56 AM,92,67
9/25/2026,1:46:57 AM,92,67
9/25/2026,1:46:58 AM,92,68
9/25/2026,1:46:59 AM,92,72
9/25/2026,1:47:00 AM,92,72
9/25/2026,1:47:01 AM,91,72
9/25/2026,1:47:02 AM,91,72
9/25/2026,1:47:03 AM,91,72
9/25/2026,1:47:04 AM,91,72
9/25/2026,1:47:05 AM,91,73
9/25/2026,1:47:06 AM,91,73
9/25/2026,1:47:07 AM,91,71
9/25/2026,1:47:08 AM,92,70
9/25/2026,1:47:09 AM,92,69
9/25/2026,1:47:10 AM,93,68
9/25/2026,1:47:11 AM,94,67
9/25/2026,1:47:12 AM,95,66
9/25/2026,1:47:13 AM,96,65
9/25/2026,1:47:14 AM,97,65
9/25/2026,1:47:15 AM,98,65
9/25/2026,1:47:16 AM,98,65
9/25/2026,1:47:17 AM,99,65
9/25/2026,1:47:18 AM,99,65
9/25/2026,1:47:19 AM,99,66
9/25/2026,1:47:20 AM,99,66
9/25/2026,1:47:21 AM,99,66
9/25/2026,1:47:22 AM,99,65
9/25/2026,1:47:23 AM,99,65
9/25/2026,1:47:24 AM,99,65
9/25/2026,1:47:25 AM,99,65
9/25/2026,1:47:26 AM,99,65
9/25/2026,1:47:27 AM,99,65
9/25/2026,1:47:28 AM,99,65
9/25/2026,1:47:29 AM,99,65
9/25/2026,1:47:30 AM,99,65
9/25/2026,1:47:31 AM,99,65
9/25/2026,1:47:32 AM,99,65
9/25/2026,1:47:33 AM,99,65
9/25/2026,1:47:34 AM,99,65
9/25/2026,1:47:35 AM,99,64
9/25/2026,1:47:36 AM,99,64
9/25/2026,1:47:37 AM,99,64
9/25/2026,1:47:38 AM,99,64
9/25/2026,1:47:39 AM,99,64
9/25/2026,1:47:40 AM,99,64
9/25/2026,1:47:41 AM,99,64
9/25/2026,1:47:42 AM,99,64
9/25/2026,1:47:43 AM,99,64
9/25/2026,1:47:44 AM,98,64
9/25/2026,1:47:45 AM,98,64
9/25/2026,1:47:46 AM,98,64
9/25/2026,1:47:47 AM,98,64
9/25/2026,1:47:48 AM,98,64
9/25/2026,1:47:49 AM,98,64
9/25/2026,1:47:50 AM,98,63
9/25/2026,1:47:51 AM,98,63
9/25/2026,1:47:52 AM,98,63
9/25/2026,1:47:53 AM,97,63
9/25/2026,1:47:54 AM,97,63
9/25/2026,1:47:55 AM,97,63
9/25/2026,1:47:56 AM,97,63
9/25/2026,1:47:57 AM,97,63
9/25/2026,1:47:58 AM,96,63
9/25/2026,1:47:59 AM,96,63
9/25/2026,1:48:00 AM,96,63
9/25/2026,1:48:01 AM,96,63
9/25/2026,1:48:02 AM,96,63
9/25/2026,1:48:03 AM,96,63
9/25/2026,1:48:04 AM,96,63
9/25/2026,1:48:05 AM,96,63
9/25/2026,1:48:06 AM,96,63
9/25/2026,1:48:07 AM,96,63
9/25/2026,1:48:08 AM,96,63
9/25/2026,1:48:09 AM,96,63
9/25/2026,1:48:10 AM,96,63
9/25/2026,1:48:11 AM,96,63
9/25/2026,1:48:12 AM,96,63
9/25/2026,1:48:13 AM,96,63
9/25/2026,1:48:14 AM,96,63
9/25/2026,1:48:15 AM,96,63
9/25/2026,1:48:16 AM,96,63
9/25/2026,1:48:17 AM,96,63
9/25/2026,1:48:18 AM,96,63
9/25/2026,1:48:19 AM,96,63
9/25/2026,1:48:20 AM,96,63
9/25/2026,1:48:21 AM,96,63
9/25/2026,1:48:22 AM,96,63
9/25/2026,1:48:23 AM,96,63
9/25/2026,1:48:24 AM,96,63
9/25/2026,1:48:25 AM,96,63
9/25/2026,1:48:26 AM,95,63
9/25/2026,1:48:27 AM,95,63
9/25/2026,1:48:28 AM,96,63
9/25/2026,1:48:29 AM,96,63
9/25/2026,1:48:30 AM,96,65
9/25/2026,1:48:31 AM,97,67
9/25/2026,1:48:32 AM,98,67
9/25/2026,1:48:33 AM,99,68
9/25/2026,1:48:34 AM,99,68
9/25/2026,1:48:35 AM,99,68
9/25/2026,1:48:36 AM,99,68
9/25/2026,1:48:37 AM,99,70
9/25/2026,1:48:38 AM,99,70
9/25/2026,1:48:39 AM,99,71
9/25/2026,1:48:40 AM,99,71
9/25/2026,1:48:41 AM,99,71
9/25/2026,1:48:42 AM,99,70
9/25/2026,1:48:43 AM,99,69
9/25/2026,1:48:44 AM,99,69
9/25/2026,1:48:45 AM,99,69
9/25/2026,1:48:46 AM,99,69
9/25/2026,1:48:47 AM,99,68
9/25/2026,1:48:48 AM,99,68
9/25/2026,1:48:49 AM,99,68
9/25/2026,1:48:50 AM,99,68
9/25/2026,1:48:51 AM,99,68
9/25/2026,1:48:52 AM,99,68
9/25/2026,1:48:53 AM,99,68
9/25/2026,1:48:54 AM,99,68
9/25/2026,1:48:55 AM,99,68
9/25/2026,1:48:56 AM,99,67
9/25/2026,1:48:57 AM,99,67
9/25/2026,1:48:58 AM,99,66
9/25/2026,1:48:59 AM,99,65
9/25/2026,1:49:00 AM,99,64
9/25/2026,1:49:01 AM,99,63
9/25/2026,1:49:02 AM,99,62
9/25/2026,1:49:03 AM,99,62
9/25/2026,1:49:04 AM,99,61
9/25/2026,1:49:05 AM,99,60
9/25/2026,1:49:06 AM,99,60
9/25/2026,1:49:07 AM,99,60
9/25/2026,1:49:08 AM,99,60
9/25/2026,1:49:09 AM,99,60
9/25/2026,1:49:10 AM,99,60
9/25/2026,1:49:11 AM,99,60
9/25/2026,1:49:12 AM,99,60
9/25/2026,1:49:13 AM,99,60
9/25/2026,1:49:14 AM,99,60
9/25/2026,1:49:15 AM,99,60
9/25/2026,1:49:16 AM,99,60
9/25/2026,1:49:17 AM,99,60
9/25/2026,1:49:18 AM,99,60
9/25/2026,1:49:19 AM,99,60
9/25/2026,1:49:20 AM,99,60
9/25/2026,1:49:21 AM,99,60
9/25/2026,1:49:22 AM,99,61
9/25/2026,1:49:23 AM,99,61
9/25/2026,1:49:24 AM,98,62
9/25/2026,1:49:25 AM,98,62
9/25/2026,1:49:26 AM,98,62
9/25/2026,1:49:27 AM,98,62
9/25/2026,1:49:28 AM,98,62
9/25/2026,1:49:29 AM,98,62
9/25/2026,1:49:30 AM,98,62
9/25/2026,1:49:31 AM,98,62
9/25/2026,1:49:32 AM,98,62
9/25/2026,1:49:33 AM,98,62
9/25/2026,1:49:34 AM,98,62
9/25/2026,1:49:35 AM,98,62
9/25/2026,1:49:36 AM,98,62
9/25/2026,1:49:37 AM,98,62
9/25/2026,1:49:38 AM,98,63
9/25/2026,1:49:39 AM,98,63
9/25/2026,1:49:40 AM,98,64
9/25/2026,1:49:41 AM,98,64
9/25/2026,1:49:42 AM,98,65
9/25/2026,1:49:43 AM,98,65
9/25/2026,1:49:44 AM,98,65
9/25/2026,1:49:45 AM,98,65
9/25/2026,1:49:46 AM,98,65
9/25/2026,1:49:47 AM,98,65
9/25/2026,1:49:48 AM,98,65
9/25/2026,1:49:49 AM,98,64
9/25/2026,1:49:50 AM,98,64
9/25/2026,1:49:51 AM,98,64
9/25/2026,1:49:52 AM,98,64
9/25/2026,1:49:53 AM,97,64
9/25/2026,1:49:54 AM,97,64
9/25/2026,1:49:55 AM,97,65
9/25/2026,1:49:56 AM,97,65
9/25/2026,1:49:57 AM,97,65
9/25/2026,1:49:58 AM,97,66
9/25/2026,1:49:59 AM,96,66
9/25/2026,1:50:00 AM,96,66
9/25/2026,1:50:01 AM,96,66
9/25/2026,1:50:02 AM,96,66
9/25/2026,1:50:03 AM,96,66
9/25/2026,1:50:04 AM,96,66
9/25/2026,1:50:05 AM,96,66
9/25/2026,1:50:06 AM,95,67
9/25/2026,1:50:07 AM,95,67
9/25/2026,1:50:08 AM,95,67
9/25/2026,1:50:09 AM,95,67
9/25/2026,1:50:10 AM,95,67
9/25/2026,1:50:11 AM,95,67
9/25/2026,1:50:12 AM,95,66
9/25/2026,1:50:13 AM,95,66
9/25/2026,1:50:14 AM,95,66
9/25/2026,1:50:15 AM,95,66
9/25/2026,1:50:16 AM,95,66
9/25/2026,1:50:17 AM,95,66
9/25/2026,1:50:18 AM,95,66
9/25/2026,1:50:19 AM,95,66
9/25/2026,1:50:20 AM,95,66
9/25/2026,1:50:21 AM,95,66
9/25/2026,1:50:22 AM,95,66
9/25/2026,1:50:23 AM,95,66
9/25/2026,1:50:24 AM,95,66
9/25/2026,1:50:25 AM,95,66
9/25/2026,1:50:26 AM,95,66
9/25/2026,1:50:27 AM,95,66
9/25/2026,1:50:28 AM,95,65
9/25/2026,1:50:29 AM,95,66
9/25/2026,1:50:30 AM,95,66
9/25/2026,1:50:31 AM,95,66
9/25/2026,1:50:32 AM,95,66
9/25/2026,1:50:33 AM,94,66
9/25/2026,1:50:34 AM,94,66
9/25/2026,1:50:35 AM,94,66
9/25/2026,1:50:36 AM,94,66
9/25/2026,1:50:37 AM,94,66
9/25/2026,1:50:38 AM,94,67
9/25/2026,1:50:39 AM,94,68
9/25/2026,1:50:40 AM,94,69
9/25/2026,1:50:41 AM,94,69
9/25/2026,1:50:42 AM,94,70
9/25/2026,1:50:43 AM,94,70
9/25/2026,1:50:44 AM,94,70
9/25/2026,1:50:45 AM,94,69
9/25/2026,1:50:46 AM,94,69
9/25/2026,1:50:47 AM,94,68
9/25/2026,1:50:48 AM,94,67
9/25/2026,1:50:49 AM,94,66
9/25/2026,1:50:50 AM,93,66
9/25/2026,1:50:51 AM,93,65
9/25/2026,1:50:52 AM,93,65
9/25/2026,1:50:53 AM,93,65
9/25/2026,1:50:54 AM,93,65
9/25/2026,1:50:55 AM,93,65
9/25/2026,1:50:56 AM,93,65
9/25/2026,1:50:57 AM,93,66
9/25/2026,1:50:58 AM,93,66
9/25/2026,1:50:59 AM,92,66
9/25/2026,1:51:00 AM,92,66
9/25/2026,1:51:01 AM,92,66
9/25/2026,1:51:02 AM,92,66
9/25/2026,1:51:03 AM,92,66
9/25/2026,1:51:04 AM,93,67
9/25/2026,1:51:05 AM,93,67
9/25/2026,1:51:06 AM,93,67
9/25/2026,1:51:07 AM,94,67
9/25/2026,1:51:08 AM,94,67
9/25/2026,1:51:09 AM,95,67
9/25/2026,1:51:10 AM,95,67
9/25/2026,1:51:11 AM,95,67
9/25/2026,1:51:12 AM,95,67
9/25/2026,1:51:13 AM,95,67
9/25/2026,1:51:14 AM,95,67
9/25/2026,1:51:15 AM,95,67
9/25/2026,1:51:16 AM,95,67
9/25/2026,1:51:17 AM,95,68
9/25/2026,1:51:18 AM,95,68
9/25/2026,1:51:19 AM,95,68
9/25/2026,1:51:20 AM,94,68
9/25/2026,1:51:21 AM,94,69
9/25/2026,1:51:22 AM,94,69
9/25/2026,1:51:23 AM,94,69
9/25/2026,1:51:24 AM,94,69
9/25/2026,1:51:25 AM,94,69
9/25/2026,1:51:26 AM,94,69
9/25/2026,1:51:27 AM,94,69
9/25/2026,1:51:28 AM,94,69
9/25/2026,1:51:29 AM,94,69
9/25/2026,1:51:30 AM,94,69
9/25/2026,1:51:31 AM,94,69
9/25/2026,1:51:32 AM,94,69
9/25/2026,1:51:33 AM,94,69
9/25/2026,1:51:34 AM,94,69
9/25/2026,1:51:35 AM,94,69
9/25/2026,1:51:36 AM,94,69
9/25/2026,1:51:37 AM,94,69
9/25/2026,1:51:38 AM,94,69
9/25/2026,1:51:39 AM,94,69
9/25/2026,1:51:40 AM,94,69
9/25/2026,1:51:41 AM,94,69
9/25/2026,1:51:42 AM,94,69
9/25/2026,1:51:43 AM,94,69
9/25/2026,1:51:44 AM,94,69
9/25/2026,1:51:45 AM,94,69
9/25/2026,1:51:46 AM,94,69
9/25/2026,1:51:47 AM,94,69
9/25/2026,1:51:48 AM,94,69
9/25/2026,1:51:49 AM,94,69
9/25/2026,1:51:50 AM,94,69
9/25/2026,1:51:51 AM,94,69
9/25/2026,1:51:52 AM,94,69
9/25/2026,1:51:53 AM,94,69
9/25/2026,1:51:54 AM,94,69
9/25/2026,1:51:55 AM,94,69
9/25/2026,1:51:56 AM,94,69
9/25/2026,1:51:57 AM,94,69
9/25/2026,1:51:58 AM,94,69
9/25/2026,1:51:59 AM,94,69
9/25/2026,1:52:00 AM,94,69
9/25/2026,1:52:01 AM,94,69
9/25/2026,1:52:02 AM,94,69
9/25/2026,1:52:03 AM,94,70
9/25/2026,1:52:04 AM,94,70
9/25/2026,1:52:05 AM,94,70
9/25/2026,1:52:06 AM,95,70
9/25/2026,1:52:07 AM,95,71
9/25/2026,1:52:08 AM,95,71
9/25/2026,1:52:09 AM,95,71
9/25/2026,1:52:10 AM,96,72
9/25/2026,1:52:11 AM,96,72
9/25/2026,1:52:12 AM,96,72
9/25/2026,1:52:13 AM,96,72
9/25/2026,1:52:14 AM,96,72
9/25/2026,1:52:15 AM,97,72
9/25/2026,1:52:16 AM,98,72
9/25/2026,1:52:17 AM,98,72
9/25/2026,1:52:18 AM,98,72
9/25/2026,1:52:19 AM,98,72
9/25/2026,1:52:20 AM,98,72
9/25/2026,1:52:21 AM,98,72
9/25/2026,1:52:22 AM,98,72
9/25/2026,1:52:23 AM,98,72
9/25/2026,1:52:24 AM,98,72
9/25/2026,1:52:25 AM,98,72
9/25/2026,1:52:26 AM,98,72
9/25/2026,1:52:27 AM,98,72
9/25/2026,1:52:28 AM,98,72
9/25/2026,1:52:29 AM,98,72
9/25/2026,1:52:30 AM,98,72
9/25/2026,1:52:31 AM,98,72
9/25/2026,1:52:32 AM,98,72
9/25/2026,1:52:33 AM,98,72
9/25/2026,1:52:34 AM,98,72
9/25/2026,1:52:35 AM,98,72
9/25/2026,1:52:36 AM,98,72
9/25/2026,1:52:37 AM,98,72
9/25/2026,1:52:38 AM,99,72
9/25/2026,1:52:39 AM,99,72
9/25/2026,1:52:40 AM,99,72
9/25/2026,1:52:41 AM,99,72
9/25/2026,1:52:42 AM,99,72
9/25/2026,1:52:43 AM,99,72
9/25/2026,1:52:44 AM,99,71
9/25/2026,1:52:45 AM,99,70
9/25/2026,1:52:46 AM,99,70
9/25/2026,1:52:47 AM,99,69
9/25/2026,1:52:48 AM,99,68
9/25/2026,1:52:49 AM,99,68
9/25/2026,1:52:50 AM,99,67
9/25/2026,1:52:51 AM,99,67
9/25/2026,1:52:52 AM,99,67
9/25/2026,1:52:53 AM,99,66
9/25/2026,1:52:54 AM,99,66
9/25/2026,1:52:55 AM,99,66
9/25/2026,1:52:56 AM,99,65
9/25/2026,1:52:57 AM,99,65
9/25/2026,1:52:58 AM,99,65
9/25/2026,1:52:59 AM,99,65
9/25/2026,1:53:00 AM,99,65
9/25/2026,1:53:01 AM,99,65
9/25/2026,1:53:02 AM,99,65
9/25/2026,1:53:03 AM,99,65
9/25/2026,1:53:04 AM,99,66
9/25/2026,1:53:05 AM,99,66
9/25/2026,1:53:06 AM,99,66
9/25/2026,1:53:07 AM,99,66
9/25/2026,1:53:08 AM,99,66
9/25/2026,1:53:09 AM,99,66
9/25/2026,1:53:10 AM,99,67
9/25/2026,1:53:11 AM,99,67
9/25/2026,1:53:12 AM,99,67
9/25/2026,1:53:13 AM,99,67
9/25/2026,1:53:14 AM,99,67
9/25/2026,1:53:15 AM,99,67
9/25/2026,1:53:16 AM,99,67
9/25/2026,1:53:17 AM,99,67
9/25/2026,1:53:18 AM,99,68
9/25/2026,1:53:19 AM,99,67
9/25/2026,1:53:20 AM,99,68
9/25/2026,1:53:21 AM,99,68
9/25/2026,1:53:22 AM,99,68
9/25/2026,1:53:23 AM,99,68
9/25/2026,1:53:24 AM,99,68
9/25/2026,1:53:25 AM,99,68
9/25/2026,1:53:26 AM,99,68
9/25/2026,1:53:27 AM,98,68
9/25/2026,1:53:28 AM,98,68
9/25/2026,1:53:29 AM,98,67
9/25/2026,1:53:30 AM,98,67
9/25/2026,1:53:31 AM,98,67
9/25/2026,1:53:32 AM,98,66
9/25/2026,1:53:33 AM,98,66
9/25/2026,1:53:34 AM,98,65
9/25/2026,1:53:35 AM,98,65
9/25/2026,1:53:36 AM,98,64
9/25/2026,1:53:37 AM,98,64
9/25/2026,1:53:38 AM,98,63
9/25/2026,1:53:39 AM,98,63
9/25/2026,1:53:40 AM,98,62
9/25/2026,1:53:41 AM,98,62
9/25/2026,1:53:42 AM,99,62
9/25/2026,1:53:43 AM,99,62
9/25/2026,1:53:44 AM,99,62
9/25/2026,1:53:45 AM,99,62
9/25/2026,1:53:46 AM,99,62
9/25/2026,1:53:47 AM,99,62
9/25/2026,1:53:48 AM,99,62
9/25/2026,1:53:49 AM,99,62
9/25/2026,1:53:50 AM,99,62
9/25/2026,1:53:51 AM,99,61
9/25/2026,1:53:52 AM,99,61
9/25/2026,1:53:53 AM,99,61
9/25/2026,1:53:54 AM,99,60
9/25/2026,1:53:55 AM,99,60
9/25/2026,1:53:56 AM,99,60
9/25/2026,1:53:57 AM,99,60
9/25/2026,1:53:58 AM,99,60
9/25/2026,1:53:59 AM,99,60
9/25/2026,1:54:00 AM,99,60
9/25/2026,1:54:01 AM,99,60
9/25/2026,1:54:02 AM,98,60
9/25/2026,1:54:03 AM,98,60
9/25/2026,1:54:04 AM,98,60
9/25/2026,1:54:05 AM,98,61
9/25/2026,1:54:06 AM,98,61
9/25/2026,1:54:07 AM,98,62
9/25/2026,1:54:08 AM,98,62
9/25/2026,1:54:09 AM,98,62
9/25/2026,1:54:10 AM,98,62
9/25/2026,1:54:11 AM,98,62
9/25/2026,1:54:12 AM,98,62
9/25/2026,1:54:13 AM,97,62
9/25/2026,1:54:14 AM,97,62
9/25/2026,1:54:15 AM,97,62
9/25/2026,1:54:16 AM,97,62
9/25/2026,1:54:17 AM,97,62
9/25/2026,1:54:18 AM,97,62
9/25/2026,1:54:19 AM,96,63
9/25/2026,1:54:20 AM,96,63
9/25/2026,1:54:21 AM,96,64
9/25/2026,1:54:22 AM,96,65
9/25/2026,1:54:23 AM,96,65
9/25/2026,1:54:24 AM,96,67
9/25/2026,1:54:25 AM,95,68
9/25/2026,1:54:26 AM,95,68
9/25/2026,1:54:27 AM,95,69
9/25/2026,1:54:28 AM,95,69
9/25/2026,1:54:29 AM,95,69
9/25/2026,1:54:30 AM,95,68
9/25/2026,1:54:31 AM,95,68
9/25/2026,1:54:32 AM,95,68
9/25/2026,1:54:33 AM,95,68
9/25/2026,1:54:34 AM,95,67
9/25/2026,1:54:35 AM,95,67
9/25/2026,1:54:36 AM,95,67
9/25/2026,1:54:37 AM,95,67
9/25/2026,1:54:38 AM,95,66
9/25/2026,1:54:39 AM,95,66
9/25/2026,1:54:40 AM,95,66
9/25/2026,1:54:41 AM,95,65
9/25/2026,1:54:42 AM,95,65
9/25/2026,1:54:43 AM,95,65
9/25/2026,1:54:44 AM,95,64
9/25/2026,1:54:45 AM,95,64
9/25/2026,1:54:46 AM,95,63
9/25/2026,1:54:47 AM,95,63
9/25/2026,1:54:48 AM,95,63
9/25/2026,1:54:49 AM,95,63
9/25/2026,1:54:50 AM,96,63
9/25/2026,1:54:51 AM,96,63
9/25/2026,1:54:52 AM,96,63
9/25/2026,1:54:53 AM,97,63
9/25/2026,1:54:54 AM,97,63
9/25/2026,1:54:55 AM,98,63
9/25/2026,1:54:56 AM,98,62
9/25/2026,1:54:57 AM,98,62
9/25/2026,1:54:58 AM,98,62
9/25/2026,1:54:59 AM,99,62
9/25/2026,1:55:00 AM,99,62
9/25/2026,1:55:01 AM,99,62
9/25/2026,1:55:02 AM,99,62
9/25/2026,1:55:03 AM,99,62
9/25/2026,1:55:04 AM,99,61
9/25/2026,1:55:05 AM,99,61
9/25/2026,1:55:06 AM,99,61
9/25/2026,1:55:07 AM,99,61
9/25/2026,1:55:08 AM,99,61
9/25/2026,1:55:09 AM,99,61
9/25/2026,1:55:10 AM,99,61
9/25/2026,1:55:11 AM,99,61
9/25/2026,1:55:12 AM,99,61
9/25/2026,1:55:13 AM,99,61
9/25/2026,1:55:14 AM,99,62
9/25/2026,1:55:15 AM,99,62
9/25/2026,1:55:16 AM,99,62
9/25/2026,1:55:17 AM,99,62
9/25/2026,1:55:18 AM,99,62
9/25/2026,1:55:19 AM,98,62
9/25/2026,1:55:20 AM,98,62
9/25/2026,1:55:21 AM,98,62
9/25/2026,1:55:22 AM,98,62
9/25/2026,1:55:23 AM,98,62
9/25/2026,1:55:24 AM,98,63
9/25/2026,1:55:25 AM,98,64
9/25/2026,1:55:26 AM,98,64
9/25/2026,1:55:27 AM,98,64
9/25/2026,1:55:28 AM,98,64
9/25/2026,1:55:29 AM,98,64
9/25/2026,1:55:30 AM,98,64
9/25/2026,1:55:31 AM,98,64
9/25/2026,1:55:32 AM,98,65
9/25/2026,1:55:33 AM,98,65
9/25/2026,1:55:34 AM,98,65
9/25/2026,1:55:35 AM,98,65
9/25/2026,1:55:36 AM,98,65
9/25/2026,1:55:37 AM,97,65
9/25/2026,1:55:38 AM,97,65
9/25/2026,1:55:39 AM,97,64
9/25/2026,1:55:40 AM,97,64
9/25/2026,1:55:41 AM,97,64
9/25/2026,1:55:42 AM,97,63
9/25/2026,1:55:43 AM,97,62
9/25/2026,1:55:44 AM,97,62
9/25/2026,1:55:45 AM,97,61
9/25/2026,1:55:46 AM,96,61
9/25/2026,1:55:47 AM,96,61
9/25/2026,1:55:48 AM,96,60
9/25/2026,1:55:49 AM,96,59
9/25/2026,1:55:50 AM,96,58
9/25/2026,1:55:51 AM,96,58
9/25/2026,1:55:52 AM,95,58
9/25/2026,1:55:53 AM,95,58
9/25/2026,1:55:54 AM,95,58
9/25/2026,1:55:55 AM,95,58
9/25/2026,1:55:56 AM,95,57
9/25/2026,1:55:57 AM,95,57
9/25/2026,1:55:58 AM,95,58
9/25/2026,1:55:59 AM,96,58
9/25/2026,1:56:00 AM,96,58
9/25/2026,1:56:01 AM,96,58
9/25/2026,1:56:02 AM,97,58
9/25/2026,1:56:03 AM,97,58
9/25/2026,1:56:04 AM,98,58
9/25/2026,1:56:05 AM,98,58
9/25/2026,1:56:06 AM,98,58
9/25/2026,1:56:07 AM,98,58
9/25/2026,1:56:08 AM,98,58
9/25/2026,1:56:09 AM,98,58
9/25/2026,1:56:10 AM,98,58
9/25/2026,1:56:11 AM,98,58
9/25/2026,1:56:12 AM,98,59
9/25/2026,1:56:13 AM,98,59
9/25/2026,1:56:14 AM,98,59
9/25/2026,1:56:15 AM,98,59
9/25/2026,1:56:16 AM,98,59
9/25/2026,1:56:17 AM,98,60
9/25/2026,1:56:18 AM,98,60
9/25/2026,1:56:19 AM,98,60
9/25/2026,1:56:20 AM,98,60
9/25/2026,1:56:21 AM,98,60
9/25/2026,1:56:22 AM,98,60
9/25/2026,1:56:23 AM,98,60
9/25/2026,1:56:24 AM,97,60
9/25/2026,1:56:25 AM,97,60
9/25/2026,1:56:26 AM,97,60
9/25/2026,1:56:27 AM,97,60
9/25/2026,1:56:28 AM,97,61
9/25/2026,1:56:29 AM,97,62
9/25/2026,1:56:30 AM,97,62
9/25/2026,1:56:31 AM,97,62
9/25/2026,1:56:32 AM,97,62
9/25/2026,1:56:33 AM,97,63
9/25/2026,1:56:34 AM,97,66
9/25/2026,1:56:35 AM,97,66
9/25/2026,1:56:36 AM,97,66
9/25/2026,1:56:37 AM,97,67
9/25/2026,1:56:38 AM,97,68
9/25/2026,1:56:39 AM,97,68
9/25/2026,1:56:40 AM,97,68
9/25/2026,1:56:41 AM,96,69
9/25/2026,1:56:42 AM,96,69
9/25/2026,1:56:43 AM,96,69
9/25/2026,1:56:44 AM,95,68
9/25/2026,1:56:45 AM,95,68
9/25/2026,1:56:46 AM,95,67
9/25/2026,1:56:47 AM,95,67
9/25/2026,1:56:48 AM,95,67
9/25/2026,1:56:49 AM,94,66
9/25/2026,1:56:50 AM,94,66
9/25/2026,1:56:51 AM,94,65
9/25/2026,1:56:52 AM,94,65
9/25/2026,1:56:53 AM,93,64
9/25/2026,1:56:54 AM,93,63
9/25/2026,1:56:55 AM,93,63
9/25/2026,1:56:56 AM,93,63
9/25/2026,1:56:57 AM,93,62
9/25/2026,1:56:58 AM,93,62
9/25/2026,1:56:59 AM,93,62
9/25/2026,1:57:00 AM,93,62
9/25/2026,1:57:01 AM,94,61
9/25/2026,1:57:02 AM,95,61
9/25/2026,1:57:03 AM,96,61
9/25/2026,1:57:04 AM,97,61
9/25/2026,1:57:05 AM,98,61
9/25/2026,1:57:06 AM,99,61
9/25/2026,1:57:07 AM,99,61
9/25/2026,1:57:08 AM,99,62
9/25/2026,1:57:09 AM,99,62
9/25/2026,1:57:10 AM,99,62
9/25/2026,1:57:11 AM,99,63
9/25/2026,1:57:12 AM,99,63
9/25/2026,1:57:13 AM,99,64
9/25/2026,1:57:14 AM,99,64
9/25/2026,1:57:15 AM,99,64
9/25/2026,1:57:16 AM,99,63
9/25/2026,1:57:17 AM,99,63
9/25/2026,1:57:18 AM,99,63
9/25/2026,1:57:19 AM,99,63
9/25/2026,1:57:20 AM,99,62
9/25/2026,1:57:21 AM,99,62
9/25/2026,1:57:22 AM,99,61
9/25/2026,1:57:23 AM,99,60
9/25/2026,1:57:24 AM,99,60
9/25/2026,1:57:25 AM,99,60
9/25/2026,1:57:26 AM,99,60
9/25/2026,1:57:27 AM,99,60
9/25/2026,1:57:28 AM,99,60
9/25/2026,1:57:29 AM,99,60
9/25/2026,1:57:30 AM,99,60
9/25/2026,1:57:31 AM,99,61
9/25/2026,1:57:32 AM,99,61
9/25/2026,1:57:33 AM,99,62
9/25/2026,1:57:34 AM,98,62
9/25/2026,1:57:35 AM,98,62
9/25/2026,1:57:36 AM,98,62
9/25/2026,1:57:37 AM,98,62
9/25/2026,1:57:38 AM,98,62
9/25/2026,1:57:39 AM,98,61
9/25/2026,1:57:40 AM,98,61
9/25/2026,1:57:41 AM,98,61
9/25/2026,1:57:42 AM,98,61
9/25/2026,1:57:43 AM,98,61
9/25/2026,1:57:44 AM,98,60
9/25/2026,1:57:45 AM,98,60
9/25/2026,1:57:46 AM,98,60
9/25/2026,1:57:47 AM,98,60
9/25/2026,1:57:48 AM,98,60
9/25/2026,1:57:49 AM,97,60
9/25/2026,1:57:50 AM,97,60
9/25/2026,1:57:51 AM,97,60
9/25/2026,1:57:52 AM,97,60
9/25/2026,1:57:53 AM,97,60
9/25/2026,1:57:54 AM,97,60
9/25/2026,1:57:55 AM,97,60
9/25/2026,1:57:56 AM,97,60
9/25/2026,1:57:57 AM,97,60
9/25/2026,1:57:58 AM,97,60
9/25/2026,1:57:59 AM,97,60
9/25/2026,1:58:00 AM,97,60
9/25/2026,1:58:01 AM,97,60
9/25/2026,1:58:02 AM,97,60
9/25/2026,1:58:03 AM,97,60
9/25/2026,1:58:04 AM,97,60
9/25/2026,1:58:05 AM,97,60
9/25/2026,1:58:06 AM,97,60
9/25/2026,1:58:07 AM,97,60
9/25/2026,1:58:08 AM,97,60
9/25/2026,1:58:09 AM,97,60
9/25/2026,1:58:10 AM,97,60
9/25/2026,1:58:11 AM,97,60
9/25/2026,1:58:12 AM,97,60
9/25/2026,1:58:13 AM,97,60
9/25/2026,1:58:14 AM,97,60
9/25/2026,1:58:15 AM,97,60
9/25/2026,1:58:16 AM,97,60
9/25/2026,1:58:17 AM,96,60
9/25/2026,1:58:18 AM,96,60
9/25/2026,1:58:19 AM,96,60
9/25/2026,1:58:20 AM,96,60
9/25/2026,1:58:21 AM,95,60
9/25/2026,1:58:22 AM,95,61
9/25/2026,1:58:23 AM,95,62
9/25/2026,1:58:24 AM,95,63
9/25/2026,1:58:25 AM,95,64
9/25/2026,1:58:26 AM,95,64
9/25/2026,1:58:27 AM,94,66
9/25/2026,1:58:28 AM,94,67
9/25/2026,1:58:29 AM,93,67
9/25/2026,1:58:30 AM,93,67
9/25/2026,1:58:31 AM,93,67
9/25/2026,1:58:32 AM,93,67
9/25/2026,1:58:33 AM,94,66
9/25/2026,1:58:34 AM,94,66
9/25/2026,1:58:35 AM,95,66
9/25/2026,1:58:36 AM,95,66
9/25/2026,1:58:37 AM,96,65
9/25/2026,1:58:38 AM,98,65
9/25/2026,1:58:39 AM,98,65
9/25/2026,1:58:40 AM,99,65
9/25/2026,1:58:41 AM,99,64
9/25/2026,1:58:42 AM,99,64
9/25/2026,1:58:43 AM,99,64
9/25/2026,1:58:44 AM,99,64
9/25/2026,1:58:45 AM,99,64
9/25/2026,1:58:46 AM,99,64
9/25/2026,1:58:47 AM,99,65
9/25/2026,1:58:48 AM,99,65
9/25/2026,1:58:49 AM,99,64
9/25/2026,1:58:50 AM,99,64
9/25/2026,1:58:51 AM,99,64
9/25/2026,1:58:52 AM,99,64
9/25/2026,1:58:53 AM,99,63
9/25/2026,1:58:54 AM,99,62
9/25/2026,1:58:55 AM,99,61
9/25/2026,1:58:56 AM,99,60
9/25/2026,1:58:57 AM,99,60
9/25/2026,1:58:58 AM,99,59
9/25/2026,1:58:59 AM,99,59
9/25/2026,1:59:00 AM,99,58
9/25/2026,1:59:01 AM,99,58
9/25/2026,1:59:02 AM,99,58
9/25/2026,1:59:03 AM,99,58
9/25/2026,1:59:04 AM,99,59
9/25/2026,1:59:05 AM,99,59
9/25/2026,1:59:06 AM,99,59
9/25/2026,1:59:07 AM,99,59
9/25/2026,1:59:08 AM,99,59
9/25/2026,1:59:09 AM,99,59
9/25/2026,1:59:10 AM,99,60
9/25/2026,1:59:11 AM,99,60
9/25/2026,1:59:12 AM,99,60
9/25/2026,1:59:13 AM,99,60
9/25/2026,1:59:14 AM,99,60
9/25/2026,1:59:15 AM,99,60
9/25/2026,1:59:16 AM,99,60
9/25/2026,1:59:17 AM,99,61
9/25/2026,1:59:18 AM,99,62
9/25/2026,1:59:19 AM,99,62
9/25/2026,1:59:20 AM,99,62
9/25/2026,1:59:21 AM,99,62
9/25/2026,1:59:22 AM,99,63
9/25/2026,1:59:23 AM,98,63
9/25/2026,1:59:24 AM,98,63
9/25/2026,1:59:25 AM,98,63
9/25/2026,1:59:26 AM,98,63
9/25/2026,1:59:27 AM,98,63
9/25/2026,1:59:28 AM,98,63
9/25/2026,1:59:29 AM,98,63
9/25/2026,1:59:30 AM,98,63
9/25/2026,1:59:31 AM,98,63
9/25/2026,1:59:32 AM,98,63
9/25/2026,1:59:33 AM,98,63
9/25/2026,1:59:34 AM,98,63
9/25/2026,1:59:35 AM,98,63
9/25/2026,1:59:36 AM,98,64
9/25/2026,1:59:37 AM,98,64
9/25/2026,1:59:38 AM,98,64
9/25/2026,1:59:39 AM,98,64
9/25/2026,1:59:40 AM,97,64
9/25/2026,1:59:41 AM,97,64
9/25/2026,1:59:42 AM,97,64
9/25/2026,1:59:43 AM,97,64
9/25/2026,1:59:44 AM,97,64
9/25/2026,1:59:45 AM,97,63
9/25/2026,1:59:46 AM,97,63
9/25/2026,1:59:47 AM,97,62
9/25/2026,1:59:48 AM,97,61
9/25/2026,1:59:49 AM,97,60
9/25/2026,1:59:50 AM,97,59
9/25/2026,1:59:51 AM,96,59
9/25/2026,1:59:52 AM,96,58
9/25/2026,1:59:53 AM,96,58
9/25/2026,1:59:54 AM,96,57
9/25/2026,1:59:55 AM,96,57
9/25/2026,1:59:56 AM,96,57
9/25/2026,1:59:57 AM,96,57
9/25/2026,1:59:58 AM,96,58
9/25/2026,1:59:59 AM,96,58
9/25/2026,2:00:00 AM,96,58
9/25/2026,2:00:01 AM,97,58
9/25/2026,2:00:02 AM,97,59
9/25/2026,2:00:03 AM,97,59
9/25/2026,2:00:04 AM,98,59
9/25/2026,2:00:05 AM,98,59
9/25/2026,2:00:06 AM,98,59
9/25/2026,2:00:07 AM,99,59
9/25/2026,2:00:08 AM,99,59
9/25/2026,2:00:09 AM,99,59
9/25/2026,2:00:10 AM,99,59
9/25/2026,2:00:11 AM,99,59
9/25/2026,2:00:12 AM,99,59
9/25/2026,2:00:13 AM,99,59
9/25/2026,2:00:14 AM,99,59
9/25/2026,2:00:15 AM,99,59
9/25/2026,2:00:16 AM,99,60
9/25/2026,2:00:17 AM,99,60
9/25/2026,2:00:18 AM,99,60
9/25/2026,2:00:19 AM,99,60
9/25/2026,2:00:20 AM,99,60
9/25/2026,2:00:21 AM,99,60
9/25/2026,2:00:22 AM,99,61
9/25/2026,2:00:23 AM,99,61
9/25/2026,2:00:24 AM,99,61
9/25/2026,2:00:25 AM,99,61
9/25/2026,2:00:26 AM,99,61
9/25/2026,2:00:27 AM,99,61
9/25/2026,2:00:28 AM,99,61
9/25/2026,2:00:29 AM,99,61
9/25/2026,2:00:30 AM,99,61
9/25/2026,2:00:31 AM,99,61
9/25/2026,2:00:32 AM,99,60
9/25/2026,2:00:33 AM,99,60
9/25/2026,2:00:34 AM,99,60
9/25/2026,2:00:35 AM,99,60
9/25/2026,2:00:36 AM,99,60
9/25/2026,2:00:37 AM,99,60
9/25/2026,2:00:38 AM,99,60
9/25/2026,2:00:39 AM,99,60
9/25/2026,2:00:40 AM,98,60
9/25/2026,2:00:41 AM,98,60
9/25/2026,2:00:42 AM,98,60
9/25/2026,2:00:43 AM,98,60
9/25/2026,2:00:44 AM,98,60
9/25/2026,2:00:45 AM,98,60
9/25/2026,2:00:46 AM,98,60
9/25/2026,2:00:47 AM,98,60
9/25/2026,2:00:48 AM,98,60
9/25/2026,2:00:49 AM,98,60
9/25/2026,2:00:50 AM,98,60
9/25/2026,2:00:51 AM,98,60
9/25/2026,2:00:52 AM,98,60
9/25/2026,2:00:53 AM,98,60
9/25/2026,2:00:54 AM,98,61
9/25/2026,2:00:55 AM,98,61
9/25/2026,2:00:56 AM,98,62
9/25/2026,2:00:57 AM,97,62
9/25/2026,2:00:58 AM,97,62
9/25/2026,2:00:59 AM,97,62
9/25/2026,2:01:00 AM,97,62
9/25/2026,2:01:01 AM,97,62
9/25/2026,2:01:02 AM,97,62
9/25/2026,2:01:03 AM,97,62
9/25/2026,2:01:04 AM,96,62
9/25/2026,2:01:05 AM,96,62
9/25/2026,2:01:06 AM,96,62
9/25/2026,2:01:07 AM,96,62
9/25/2026,2:01:08 AM,96,62
9/25/2026,2:01:09 AM,96,62
9/25/2026,2:01:10 AM,96,62
9/25/2026,2:01:11 AM,96,61
9/25/2026,2:01:12 AM,96,61
9/25/2026,2:01:13 AM,97,61
9/25/2026,2:01:14 AM,97,61
9/25/2026,2:01:15 AM,98,61
9/25/2026,2:01:16 AM,98,61
9/25/2026,2:01:17 AM,99,61
9/25/2026,2:01:18 AM,99,60
9/25/2026,2:01:19 AM,99,60
9/25/2026,2:01:20 AM,99,60
9/25/2026,2:01:21 AM,99,60
9/25/2026,2:01:22 AM,99,59
9/25/2026,2:01:23 AM,99,59
9/25/2026,2:01:24 AM,99,59
9/25/2026,2:01:25 AM,99,60
9/25/2026,2:01:26 AM,99,60
9/25/2026,2:01:27 AM,99,60
9/25/2026,2:01:28 AM,99,60
9/25/2026,2:01:29 AM,99,60
9/25/2026,2:01:30 AM,99,60
9/25/2026,2:01:31 AM,99,60
9/25/2026,2:01:32 AM,99,60
9/25/2026,2:01:33 AM,99,61
9/25/2026,2:01:34 AM,99,61
9/25/2026,2:01:35 AM,99,60
9/25/2026,2:01:36 AM,99,60
9/25/2026,2:01:37 AM,99,60
9/25/2026,2:01:38 AM,99,60
9/25/2026,2:01:39 AM,99,60
9/25/2026,2:01:40 AM,99,60
9/25/2026,2:01:41 AM,99,59
9/25/2026,2:01:42 AM,99,59
9/25/2026,2:01:43 AM,99,59
9/25/2026,2:01:44 AM,99,59
9/25/2026,2:01:45 AM,99,59
9/25/2026,2:01:46 AM,99,59
9/25/2026,2:01:47 AM,99,59
9/25/2026,2:01:48 AM,99,59
9/25/2026,2:01:49 AM,99,59
9/25/2026,2:01:50 AM,99,59
9/25/2026,2:01:51 AM,99,59
9/25/2026,2:01:52 AM,99,60
9/25/2026,2:01:53 AM,99,60
9/25/2026,2:01:54 AM,99,60
9/25/2026,2:01:55 AM,99,60
9/25/2026,2:01:56 AM,99,60
9/25/2026,2:01:57 AM,99,60
9/25/2026,2:01:58 AM,99,60
9/25/2026,2:01:59 AM,99,61
9/25/2026,2:02:00 AM,99,61
9/25/2026,2:02:01 AM,99,61
9/25/2026,2:02:02 AM,99,61
9/25/2026,2:02:03 AM,99,61
9/25/2026,2:02:04 AM,99,62
9/25/2026,2:02:05 AM,99,62
9/25/2026,2:02:06 AM,98,63
9/25/2026,2:02:07 AM,98,64
9/25/2026,2:02:08 AM,98,64
9/25/2026,2:02:09 AM,98,65
9/25/2026,2:02:10 AM,98,66
9/25/2026,2:02:11 AM,98,67
9/25/2026,2:02:12 AM,98,67
9/25/2026,2:02:13 AM,98,68
9/25/2026,2:02:14 AM,98,70
9/25/2026,2:02:15 AM,98,71
9/25/2026,2:02:16 AM,98,71
9/25/2026,2:02:17 AM,98,72
9/25/2026,2:02:18 AM,98,73
9/25/2026,2:02:19 AM,98,74
9/25/2026,2:02:20 AM,98,74
9/25/2026,2:02:21 AM,98,75
9/25/2026,2:02:22 AM,98,75
9/25/2026,2:02:23 AM,98,75
9/25/2026,2:02:24 AM,98,75
9/25/2026,2:02:25 AM,98,75
9/25/2026,2:02:26 AM,98,75
9/25/2026,2:02:27 AM,98,75
9/25/2026,2:02:28 AM,98,75
9/25/2026,2:02:29 AM,98,75
9/25/2026,2:02:30 AM,98,75
9/25/2026,2:02:31 AM,98,75
9/25/2026,2:02:32 AM,98,75
9/25/2026,2:02:33 AM,98,75
9/25/2026,2:02:34 AM,98,75
9/25/2026,2:02:35 AM,98,75
9/25/2026,2:02:36 AM,98,75
9/25/2026,2:02:37 AM,98,75
9/25/2026,2:02:38 AM,97,75
9/25/2026,2:02:39 AM,97,75
9/25/2026,2:02:40 AM,97,75
9/25/2026,2:02:41 AM,97,75
9/25/2026,2:02:42 AM,97,75
9/25/2026,2:02:43 AM,97,75
9/25/2026,2:02:44 AM,97,75
9/25/2026,2:02:45 AM,97,75
9/25/2026,2:02:46 AM,97,75
9/25/2026,2:02:47 AM,97,75
9/25/2026,2:02:48 AM,97,75
9/25/2026,2:02:49 AM,97,75
9/25/2026,2:02:50 AM,97,75
9/25/2026,2:02:51 AM,97,75
9/25/2026,2:02:52 AM,97,75
9/25/2026,2:02:53 AM,97,75
9/25/2026,2:02:54 AM,97,75
9/25/2026,2:02:55 AM,97,75
9/25/2026,2:02:56 AM,97,75
9/25/2026,2:02:57 AM,97,75
9/25/2026,2:02:58 AM,97,75
9/25/2026,2:02:59 AM,97,75
9/25/2026,2:03:00 AM,97,75
9/25/2026,2:03:01 AM,97,75
9/25/2026,2:03:02 AM,97,75
9/25/2026,2:03:03 AM,97,75
9/25/2026,2:03:04 AM,97,75
9/25/2026,2:03:05 AM,97,75
9/25/2026,2:03:06 AM,97,75
9/25/2026,2:03:07 AM,97,75
9/25/2026,2:03:08 AM,97,75
9/25/2026,2:03:09 AM,97,75
9/25/2026,2:03:10 AM,97,75
9/25/2026,2:03:11 AM,,
9/25/2026,2:03:12 AM,,
9/25/2026,2:03:13 AM,,
9/25/2026,2:03:14 AM,,
9/25/2026,2:03:15 AM,,
9/25/2026,2:03:16 AM,,
9/25/2026,2:03:17 AM,,
9/25/2026,2:03:18 AM,,
9/25/2026,2:03:19 AM,,
9/25/2026,2:03:20 AM,,
9/25/2026,2:03:21 AM,,
9/25/2026,2:03:22 AM,,
9/25/2026,2:03:23 AM,,
9/25/2026,2:03:24 AM,,
9/25/2026,2:03:25 AM,,
9/25/2026,2:03:26 AM,,
9/25/2026,2:03:27 AM,,
9/25/2026,2:03:28 AM,,
9/25/2026,2:03:29 AM,,
9/25/2026,2:03:30 AM,,
9/25/2026,2:03:31 AM,,
9/25/2026,2:03:32 AM,,
9/25/2026,2:03:33 AM,,
9/25/2026,2:03:34 AM,99,58
9/25/2026,2:03:35 AM,99,58
9/25/2026,2:03:36 AM,99,58
9/25/2026,2:03:37 AM,99,58
9/25/2026,2:03:38 AM,99,58
9/25/2026,2:03:39 AM,99,58
9/25/2026,2:03:40 AM,99,58
9/25/2026,2:03:41 AM,99,58
9/25/2026,2:03:42 AM,99,58
9/25/2026,2:03:43 AM,99,58
9/25/2026,2:03:44 AM,99,58
9/25/2026,2:03:45 AM,99,58
9/25/2026,2:03:46 AM,99,58
9/25/2026,2:03:47 AM,99,58
9/25/2026,2:03:48 AM,99,58
9/25/2026,2:03:49 AM,99,58
9/25/2026,2:03:50 AM,99,58
9/25/2026,2:03:51 AM,99,58
9/25/2026,2:03:52 AM,99,58
9/25/2026,2:03:53 AM,99,58
9/25/2026,2:03:54 AM,99,58
9/25/2026,2:03:55 AM,99,58
9/25/2026,2:03:56 AM,99,58
9/25/2026,2:03:57 AM,99,58
9/25/2026,2:03:58 AM,99,58
9/25/2026,2:03:59 AM,99,58
9/25/2026,2:04:00 AM,99,58
9/25/2026,2:04:01 AM,99,58
9/25/2026,2:04:02 AM,99,58
9/25/2026,2:04:03 AM,99,58
9/25/2026,2:04:04 AM,99,58
9/25/2026,2:04:05 AM,99,58
9/25/2026,2:04:06 AM,99,58
9/25/2026,2:04:07 AM,99,58
9/25/2026,2:04:08 AM,99,58
9/25/2026,2:04:09 AM,99,58
9/25/2026,2:04:10 AM,99,58
9/25/2026,2:04:11 AM,99,58
9/25/2026,2:04:12 AM,99,58
9/25/2026,2:04:13 AM,99,58
9/25/2026,2:04:14 AM,99,58
9/25/2026,2:04:15 AM,99,58
9/25/2026,2:04:16 AM,99,58
9/25/2026,2:04:17 AM,99,58
9/25/2026,2:04:18 AM,99,58
9/25/2026,2:04:19 AM,99,58
9/25/2026,2:04:20 AM,99,58
9/25/2026,2:04:21 AM,99,58
9/25/2026,2:04:22 AM,99,58
9/25/2026,2:04:23 AM,99,58
9/25/2026,2:04:24 AM,99,58
9/25/2026,2:04:25 AM,99,58
9/25/2026,2:04:26 AM,99,58
9/25/2026,2:04:27 AM,99,58
9/25/2026,2:04:28 AM,99,58
9/25/2026,2:04:29 AM,99,58
9/25/2026,2:04:30 AM,99,58
9/25/2026,2:04:31 AM,99,58
9/25/2026,2:04:32 AM,99,58
9/25/2026,2:04:33 AM,99,58
9/25/2026,2:04:34 AM,99,58
9/25/2026,2:04:35 AM,99,58
9/25/2026,2:04:36 AM,99,58
9/25/2026,2:04:37 AM,99,58
9/25/2026,2:04:38 AM,99,58
9/25/2026,2:04:39 AM,99,58
9/25/2026,2:04:40 AM,99,58
9/25/2026,2:04:41 AM,99,58
9/25/2026,2:04:42 AM,99,58
9/25/2026,2:04:43 AM,99,58
9/25/2026,2:04:44 AM,99,58
9/25/2026,2:04:45 AM,99,58
9/25/2026,2:04:46 AM,99,58
9/25/2026,2:04:47 AM,99,58
9/25/2026,2:04:48 AM,99,58
9/25/2026,2:04:49 AM,99,58
9/25/2026,2:04:50 AM,99,58
9/25/2026,2:04:51 AM,99,58
9/25/2026,2:04:52 AM,99,58
9/25/2026,2:04:53 AM,99,58
9/25/2026,2:04:54 AM,99,58
9/25/2026,2:04:55 AM,99,58
9/25/2026,2:04:56 AM,99,58
9/25/2026,2:04:57 AM,99,58
9/25/2026,2:04:58 AM,99,58
9/25/2026,2:04:59 AM,99,58
9/25/2026,2:05:00 AM,99,58
9/25/2026,2:05:01 AM,99,58
9/25/2026,2:05:02 AM,99,58
9/25/2026,2:05:03 AM,99,58
9/25/2026,2:05:04 AM,99,58
9/25/2026,2:05:05 AM,99,58
9/25/2026,2:05:06 AM,99,58
9/25/2026,2:05:07 AM,99,57
9/25/2026,2:05:08 AM,99,57
9/25/2026,2:05:09 AM,99,57
9/25/2026,2:05:10 AM,99,57
9/25/2026,2:05:11 AM,99,57
9/25/2026,2:05:12 AM,99,57
9/25/2026,2:05:13 AM,99,57
9/25/2026,2:05:14 AM,99,57
9/25/2026,2:05:15 AM,99,57
9/25/2026,2:05:16 AM,99,57
9/25/2026,2:05:17 AM,99,57
9/25/2026,2:05:18 AM,99,57
9/25/2026,2:05:19 AM,99,57
9/25/2026,2:05:20 AM,99,63
9/25/2026,2:05:21 AM,99,64
9/25/2026,2:05:22 AM,99,66
9/25/2026,2:05:23 AM,99,66
9/25/2026,2:05:24 AM,99,66
9/25/2026,2:05:25 AM,99,66
9/25/2026,2:05:26 AM,99,66
9/25/2026,2:05:27 AM,99,66
9/25/2026,2:05:28 AM,99,66
9/25/2026,2:05:29 AM,98,66
9/25/2026,2:05:30 AM,98,66
9/25/2026,2:05:31 AM,98,66
9/25/2026,2:05:32 AM,98,66
9/25/2026,2:05:33 AM,98,65
9/25/2026,2:05:34 AM,98,65
9/25/2026,2:05:35 AM,98,65
9/25/2026,2:05:36 AM,98,65
9/25/2026,2:05:37 AM,98,65
9/25/2026,2:05:38 AM,98,65
9/25/2026,2:05:39 AM,98,65
9/25/2026,2:05:40 AM,98,65
9/25/2026,2:05:41 AM,98,65
9/25/2026,2:05:42 AM,98,65
9/25/2026,2:05:43 AM,99,65
9/25/2026,2:05:44 AM,98,64
9/25/2026,2:05:45 AM,99,64
9/25/2026,2:05:46 AM,99,64
9/25/2026,2:05:47 AM,98,64
9/25/2026,2:05:48 AM,98,64
9/25/2026,2:05:49 AM,98,64
9/25/2026,2:05:50 AM,98,64
9/25/2026,2:05:51 AM,98,64
9/25/2026,2:05:52 AM,98,64
9/25/2026,2:05:53 AM,98,64
9/25/2026,2:05:54 AM,98,64
9/25/2026,2:05:55 AM,97,64
9/25/2026,2:05:56 AM,97,64
9/25/2026,2:05:57 AM,97,64
9/25/2026,2:05:58 AM,97,64
9/25/2026,2:05:59 AM,97,64
9/25/2026,2:06:00 AM,96,64
9/25/2026,2:06:01 AM,96,64
9/25/2026,2:06:02 AM,96,64
9/25/2026,2:06:03 AM,95,64
9/25/2026,2:06:04 AM,95,64
9/25/2026,2:06:05 AM,95,64
9/25/2026,2:06:06 AM,95,64
9/25/2026,2:06:07 AM,95,64
9/25/2026,2:06:08 AM,94,64
9/25/2026,2:06:09 AM,94,64
9/25/2026,2:06:10 AM,94,64
9/25/2026,2:06:11 AM,94,64
9/25/2026,2:06:12 AM,93,64
9/25/2026,2:06:13 AM,93,64
9/25/2026,2:06:14 AM,93,64
9/25/2026,2:06:15 AM,93,64
9/25/2026,2:06:16 AM,93,64
9/25/2026,2:06:17 AM,93,64
9/25/2026,2:06:18 AM,93,64
9/25/2026,2:06:19 AM,93,65
9/25/2026,2:06:20 AM,93,65
9/25/2026,2:06:21 AM,93,65
9/25/2026,2:06:22 AM,93,65
9/25/2026,2:06:23 AM,93,66
9/25/2026,2:06:24 AM,93,67
9/25/2026,2:06:25 AM,93,67
9/25/2026,2:06:26 AM,93,67
9/25/2026,2:06:27 AM,93,67
9/25/2026,2:06:28 AM,93,67
9/25/2026,2:06:29 AM,93,67
9/25/2026,2:06:30 AM,93,68
9/25/2026,2:06:31 AM,93,68
9/25/2026,2:06:32 AM,93,68
9/25/2026,2:06:33 AM,93,68
9/25/2026,2:06:34 AM,93,68
9/25/2026,2:06:35 AM,93,68
9/25/2026,2:06:36 AM,93,68
9/25/2026,2:06:37 AM,93,68
9/25/2026,2:06:38 AM,93,68
9/25/2026,2:06:39 AM,93,68
9/25/2026,2:06:40 AM,93,68
9/25/2026,2:06:41 AM,93,68
9/25/2026,2:06:42 AM,93,68
9/25/2026,2:06:43 AM,93,68
9/25/2026,2:06:44 AM,93,68
9/25/2026,2:06:45 AM,93,68
9/25/2026,2:06:46 AM,93,68
9/25/2026,2:06:47 AM,93,68
9/25/2026,2:06:48 AM,93,68
9/25/2026,2:06:49 AM,93,68
9/25/2026,2:06:50 AM,93,68
9/25/2026,2:06:51 AM,93,68
9/25/2026,2:06:52 AM,93,68
9/25/2026,2:06:53 AM,93,68
9/25/2026,2:06:54 AM,93,68
9/25/2026,2:06:55 AM,93,68
9/25/2026,2:06:56 AM,93,68
9/25/2026,2:06:57 AM,93,68
9/25/2026,2:06:58 AM,93,68
9/25/2026,2:06:59 AM,93,68
9/25/2026,2:07:00 AM,93,68
9/25/2026,2:07:01 AM,93,68
9/25/2026,2:07:02 AM,94,68
9/25/2026,2:07:03 AM,94,68
9/25/2026,2:07:04 AM,94,67
9/25/2026,2:07:05 AM,94,67
9/25/2026,2:07:06 AM,94,66
9/25/2026,2:07:07 AM,95,65
9/25/2026,2:07:08 AM,95,64
9/25/2026,2:07:09 AM,95,64
9/25/2026,2:07:10 AM,96,63
9/25/2026,2:07:11 AM,96,63
9/25/2026,2:07:12 AM,96,62
9/25/2026,2:07:13 AM,96,62
9/25/2026,2:07:14 AM,97,62
9/25/2026,2:07:15 AM,98,62
9/25/2026,2:07:16 AM,98,62
9/25/2026,2:07:17 AM,99,62
9/25/2026,2:07:18 AM,99,63
9/25/2026,2:07:19 AM,99,63
9/25/2026,2:07:20 AM,99,63
9/25/2026,2:07:21 AM,99,63
9/25/2026,2:07:22 AM,99,63
9/25/2026,2:07:23 AM,99,63
9/25/2026,2:07:24 AM,99,63
9/25/2026,2:07:25 AM,99,63
9/25/2026,2:07:26 AM,99,63
9/25/2026,2:07:27 AM,99,63
9/25/2026,2:07:28 AM,99,63
9/25/2026,2:07:29 AM,99,63
9/25/2026,2:07:30 AM,99,64
9/25/2026,2:07:31 AM,99,64
9/25/2026,2:07:32 AM,99,64
9/25/2026,2:07:33 AM,99,64
9/25/2026,2:07:34 AM,99,64
9/25/2026,2:07:35 AM,99,64
9/25/2026,2:07:36 AM,99,64
9/25/2026,2:07:37 AM,99,64
9/25/2026,2:07:38 AM,99,64
9/25/2026,2:07:39 AM,99,65
9/25/2026,2:07:40 AM,99,65
9/25/2026,2:07:41 AM,98,65
9/25/2026,2:07:42 AM,98,65
9/25/2026,2:07:43 AM,98,65
9/25/2026,2:07:44 AM,98,65
9/25/2026,2:07:45 AM,98,65
9/25/2026,2:07:46 AM,98,65
9/25/2026,2:07:47 AM,98,65
9/25/2026,2:07:48 AM,98,65
9/25/2026,2:07:49 AM,98,65
9/25/2026,2:07:50 AM,98,65
9/25/2026,2:07:51 AM,97,65
9/25/2026,2:07:52 AM,96,65
9/25/2026,2:07:53 AM,96,65
9/25/2026,2:07:54 AM,96,65
9/25/2026,2:07:55 AM,95,65
9/25/2026,2:07:56 AM,95,65
9/25/2026,2:07:57 AM,95,65
9/25/2026,2:07:58 AM,95,65
9/25/2026,2:07:59 AM,95,65
9/25/2026,2:08:00 AM,95,65
9/25/2026,2:08:01 AM,95,65
9/25/2026,2:08:02 AM,95,65
9/25/2026,2:08:03 AM,95,65
9/25/2026,2:08:04 AM,95,65
9/25/2026,2:08:05 AM,95,65
9/25/2026,2:08:06 AM,95,65
9/25/2026,2:08:07 AM,95,65
9/25/2026,2:08:08 AM,95,65
9/25/2026,2:08:09 AM,95,65
9/25/2026,2:08:10 AM,95,65
9/25/2026,2:08:11 AM,95,65
9/25/2026,2:08:12 AM,95,65
9/25/2026,2:08:13 AM,95,65
9/25/2026,2:08:14 AM,95,65
9/25/2026,2:08:15 AM,95,65
9/25/2026,2:08:16 AM,95,65
9/25/2026,2:08:17 AM,94,65
9/25/2026,2:08:18 AM,94,65
9/25/2026,2:08:19 AM,94,65
9/25/2026,2:08:20 AM,94,65
9/25/2026,2:08:21 AM,94,64
9/25/2026,2:08:22 AM,94,64
9/25/2026,2:08:23 AM,94,64
9/25/2026,2:08:24 AM,95,64
9/25/2026,2:08:25 AM,95,64
9/25/2026,2:08:26 AM,95,64
9/25/2026,2:08:27 AM,96,64
9/25/2026,2:08:28 AM,97,63
9/25/2026,2:08:29 AM,97,63
9/25/2026,2:08:30 AM,98,63
9/25/2026,2:08:31 AM,98,63
9/25/2026,2:08:32 AM,99,63
9/25/2026,2:08:33 AM,99,63
9/25/2026,2:08:34 AM,99,63
9/25/2026,2:08:35 AM,99,63
9/25/2026,2:08:36 AM,99,63
9/25/2026,2:08:37 AM,99,62
9/25/2026,2:08:38 AM,99,62
9/25/2026,2:08:39 AM,99,62
9/25/2026,2:08:40 AM,99,62
9/25/2026,2:08:41 AM,99,62
9/25/2026,2:08:42 AM,99,62
9/25/2026,2:08:43 AM,99,62
9/25/2026,2:08:44 AM,99,62
9/25/2026,2:08:45 AM,99,62
9/25/2026,2:08:46 AM,98,62
9/25/2026,2:08:47 AM,98,62
9/25/2026,2:08:48 AM,98,62
9/25/2026,2:08:49 AM,98,62
9/25/2026,2:08:50 AM,98,62
9/25/2026,2:08:51 AM,97,62
9/25/2026,2:08:52 AM,97,62
9/25/2026,2:08:53 AM,97,62
9/25/2026,2:08:54 AM,97,62
9/25/2026,2:08:55 AM,97,62
9/25/2026,2:08:56 AM,97,62
9/25/2026,2:08:57 AM,97,62
9/25/2026,2:08:58 AM,97,62
9/25/2026,2:08:59 AM,97,62
9/25/2026,2:09:00 AM,97,62
9/25/2026,2:09:01 AM,96,62
9/25/2026,2:09:02 AM,96,62
9/25/2026,2:09:03 AM,96,62
9/25/2026,2:09:04 AM,96,62
9/25/2026,2:09:05 AM,96,62
9/25/2026,2:09:06 AM,96,63
9/25/2026,2:09:07 AM,96,63
9/25/2026,2:09:08 AM,96,63
9/25/2026,2:09:09 AM,96,63
9/25/2026,2:09:10 AM,96,63
9/25/2026,2:09:11 AM,96,63
9/25/2026,2:09:12 AM,96,64
9/25/2026,2:09:13 AM,96,64
9/25/2026,2:09:14 AM,96,64
9/25/2026,2:09:15 AM,96,64
9/25/2026,2:09:16 AM,96,64
9/25/2026,2:09:17 AM,96,64
9/25/2026,2:09:18 AM,96,64
9/25/2026,2:09:19 AM,96,65
9/25/2026,2:09:20 AM,96,65
9/25/2026,2:09:21 AM,96,65
9/25/2026,2:09:22 AM,96,65
9/25/2026,2:09:23 AM,96,65
9/25/2026,2:09:24 AM,96,65
9/25/2026,2:09:25 AM,96,64
9/25/2026,2:09:26 AM,96,64
9/25/2026,2:09:27 AM,96,64
9/25/2026,2:09:28 AM,96,64
9/25/2026,2:09:29 AM,96,64
9/25/2026,2:09:30 AM,95,64
9/25/2026,2:09:31 AM,95,64
9/25/2026,2:09:32 AM,95,64
9/25/2026,2:09:33 AM,95,63
9/25/2026,2:09:34 AM,95,63
9/25/2026,2:09:35 AM,96,63
9/25/2026,2:09:36 AM,96,63
9/25/2026,2:09:37 AM,97,63
9/25/2026,2:09:38 AM,97,63
9/25/2026,2:09:39 AM,98,63
9/25/2026,2:09:40 AM,98,63
9/25/2026,2:09:41 AM,98,64
9/25/2026,2:09:42 AM,98,64
9/25/2026,2:09:43 AM,98,64
9/25/2026,2:09:44 AM,98,63
9/25/2026,2:09:45 AM,98,63
9/25/2026,2:09:46 AM,98,63
9/25/2026,2:09:47 AM,98,63
9/25/2026,2:09:48 AM,98,62
9/25/2026,2:09:49 AM,97,62
9/25/2026,2:09:50 AM,97,62
9/25/2026,2:09:51 AM,97,62
9/25/2026,2:09:52 AM,97,62
9/25/2026,2:09:53 AM,97,62
9/25/2026,2:09:54 AM,97,61
9/25/2026,2:09:55 AM,97,61
9/25/2026,2:09:56 AM,97,61
9/25/2026,2:09:57 AM,97,61
9/25/2026,2:09:58 AM,97,61
9/25/2026,2:09:59 AM,98,61
9/25/2026,2:10:00 AM,98,61
9/25/2026,2:10:01 AM,98,62
9/25/2026,2:10:02 AM,98,62
9/25/2026,2:10:03 AM,98,63
9/25/2026,2:10:04 AM,98,63
9/25/2026,2:10:05 AM,97,63
9/25/2026,2:10:06 AM,97,63
9/25/2026,2:10:07 AM,97,63
9/25/2026,2:10:08 AM,97,63
9/25/2026,2:10:09 AM,97,63
9/25/2026,2:10:10 AM,96,63
9/25/2026,2:10:11 AM,96,63
9/25/2026,2:10:12 AM,96,63
9/25/2026,2:10:13 AM,96,62
9/25/2026,2:10:14 AM,96,62
9/25/2026,2:10:15 AM,96,62
9/25/2026,2:10:16 AM,95,62
9/25/2026,2:10:17 AM,95,62
9/25/2026,2:10:18 AM,95,62
9/25/2026,2:10:19 AM,95,62
9/25/2026,2:10:20 AM,95,62
9/25/2026,2:10:21 AM,95,62
9/25/2026,2:10:22 AM,95,62
9/25/2026,2:10:23 AM,95,62
9/25/2026,2:10:24 AM,95,62
9/25/2026,2:10:25 AM,95,62
9/25/2026,2:10:26 AM,95,62
9/25/2026,2:10:27 AM,95,62
9/25/2026,2:10:28 AM,95,62
9/25/2026,2:10:29 AM,95,62
9/25/2026,2:10:30 AM,95,62
9/25/2026,2:10:31 AM,95,62
9/25/2026,2:10:32 AM,95,62
9/25/2026,2:10:33 AM,95,62
9/25/2026,2:10:34 AM,95,62
9/25/2026,2:10:35 AM,95,62
9/25/2026,2:10:36 AM,95,62
9/25/2026,2:10:37 AM,95,62
9/25/2026,2:10:38 AM,95,62
9/25/2026,2:10:39 AM,95,62
9/25/2026,2:10:40 AM,95,62
9/25/2026,2:10:41 AM,95,62
9/25/2026,2:10:42 AM,95,62
9/25/2026,2:10:43 AM,95,62
9/25/2026,2:10:44 AM,95,62
9/25/2026,2:10:45 AM,95,62
9/25/2026,2:10:46 AM,95,62
9/25/2026,2:10:47 AM,95,62
9/25/2026,2:10:48 AM,95,62
9/25/2026,2:10:49 AM,94,62
9/25/2026,2:10:50 AM,94,62
9/25/2026,2:10:51 AM,94,63
9/25/2026,2:10:52 AM,94,63
9/25/2026,2:10:53 AM,94,64
9/25/2026,2:10:54 AM,94,64
9/25/2026,2:10:55 AM,94,65
9/25/2026,2:10:56 AM,93,65
9/25/2026,2:10:57 AM,93,66
9/25/2026,2:10:58 AM,94,66
9/25/2026,2:10:59 AM,94,66
9/25/2026,2:11:00 AM,94,66
9/25/2026,2:11:01 AM,94,66
9/25/2026,2:11:02 AM,94,66
9/25/2026,2:11:03 AM,94,65
9/25/2026,2:11:04 AM,96,65
9/25/2026,2:11:05 AM,98,64
9/25/2026,2:11:06 AM,99,64
9/25/2026,2:11:07 AM,99,64
9/25/2026,2:11:08 AM,99,63
9/25/2026,2:11:09 AM,99,63
9/25/2026,2:11:10 AM,99,63
9/25/2026,2:11:11 AM,99,63
9/25/2026,2:11:12 AM,99,63
9/25/2026,2:11:13 AM,99,63
9/25/2026,2:11:14 AM,99,63
9/25/2026,2:11:15 AM,99,63
9/25/2026,2:11:16 AM,99,63
9/25/2026,2:11:17 AM,99,63
9/25/2026,2:11:18 AM,99,63
9/25/2026,2:11:19 AM,99,63
9/25/2026,2:11:20 AM,99,63
9/25/2026,2:11:21 AM,99,63
9/25/2026,2:11:22 AM,99,63
9/25/2026,2:11:23 AM,99,63
9/25/2026,2:11:24 AM,99,63
9/25/2026,2:11:25 AM,99,62
9/25/2026,2:11:26 AM,99,62
9/25/2026,2:11:27 AM,99,62
9/25/2026,2:11:28 AM,99,62
9/25/2026,2:11:29 AM,99,62
9/25/2026,2:11:30 AM,99,62
9/25/2026,2:11:31 AM,99,62
9/25/2026,2:11:32 AM,99,62
9/25/2026,2:11:33 AM,98,62
9/25/2026,2:11:34 AM,98,62
9/25/2026,2:11:35 AM,98,62
9/25/2026,2:11:36 AM,98,62
9/25/2026,2:11:37 AM,98,62
9/25/2026,2:11:38 AM,98,62
9/25/2026,2:11:39 AM,98,62
9/25/2026,2:11:40 AM,98,62
9/25/2026,2:11:41 AM,97,62
9/25/2026,2:11:42 AM,97,62
9/25/2026,2:11:43 AM,97,62
9/25/2026,2:11:44 AM,97,62
9/25/2026,2:11:45 AM,97,62
9/25/2026,2:11:46 AM,97,62
9/25/2026,2:11:47 AM,97,63
9/25/2026,2:11:48 AM,97,63
9/25/2026,2:11:49 AM,97,63
9/25/2026,2:11:50 AM,97,63
9/25/2026,2:11:51 AM,97,63
9/25/2026,2:11:52 AM,97,63
9/25/2026,2:11:53 AM,97,62
9/25/2026,2:11:54 AM,96,62
9/25/2026,2:11:55 AM,96,62
9/25/2026,2:11:56 AM,96,62
9/25/2026,2:11:57 AM,96,62
9/25/2026,2:11:58 AM,96,61
9/25/2026,2:11:59 AM,96,61
9/25/2026,2:12:00 AM,96,61
9/25/2026,2:12:01 AM,96,61
9/25/2026,2:12:02 AM,96,61
9/25/2026,2:12:03 AM,96,61
9/25/2026,2:12:04 AM,95,61
9/25/2026,2:12:05 AM,95,61
9/25/2026,2:12:06 AM,95,61
9/25/2026,2:12:07 AM,95,61
9/25/2026,2:12:08 AM,95,61
9/25/2026,2:12:09 AM,95,61
9/25/2026,2:12:10 AM,95,61
9/25/2026,2:12:11 AM,95,61
9/25/2026,2:12:12 AM,95,61
9/25/2026,2:12:13 AM,95,61
9/25/2026,2:12:14 AM,95,61
9/25/2026,2:12:15 AM,95,61
9/25/2026,2:12:16 AM,95,61
9/25/2026,2:12:17 AM,95,61
9/25/2026,2:12:18 AM,95,61
9/25/2026,2:12:19 AM,95,61
9/25/2026,2:12:20 AM,95,61
9/25/2026,2:12:21 AM,95,61
9/25/2026,2:12:22 AM,95,61
9/25/2026,2:12:23 AM,95,61
9/25/2026,2:12:24 AM,95,61
9/25/2026,2:12:25 AM,95,61
9/25/2026,2:12:26 AM,95,61
9/25/2026,2:12:27 AM,95,61
9/25/2026,2:12:28 AM,95,61
9/25/2026,2:12:29 AM,95,61
9/25/2026,2:12:30 AM,95,61
9/25/2026,2:12:31 AM,95,61
9/25/2026,2:12:32 AM,95,61
9/25/2026,2:12:33 AM,95,61
9/25/2026,2:12:34 AM,95,61
9/25/2026,2:12:35 AM,95,61
9/25/2026,2:12:36 AM,95,61
9/25/2026,2:12:37 AM,95,61
9/25/2026,2:12:38 AM,95,61
9/25/2026,2:12:39 AM,95,61
9/25/2026,2:12:40 AM,95,61
9/25/2026,2:12:41 AM,95,61
9/25/2026,2:12:42 AM,95,61
9/25/2026,2:12:43 AM,95,61
9/25/2026,2:12:44 AM,95,61
9/25/2026,2:12:45 AM,95,61
9/25/2026,2:12:46 AM,96,61
9/25/2026,2:12:47 AM,96,61
9/25/2026,2:12:48 AM,96,61
9/25/2026,2:12:49 AM,96,61
9/25/2026,2:12:50 AM,97,61
9/25/2026,2:12:51 AM,98,62
9/25/2026,2:12:52 AM,99,62
9/25/2026,2:12:53 AM,99,62
9/25/2026,2:12:54 AM,99,63
9/25/2026,2:12:55 AM,99,63
9/25/2026,2:12:56 AM,99,63
9/25/2026,2:12:57 AM,99,64
9/25/2026,2:12:58 AM,99,64
9/25/2026,2:12:59 AM,99,64
9/25/2026,2:13:00 AM,99,64
9/25/2026,2:13:01 AM,99,63
9/25/2026,2:13:02 AM,99,63
9/25/2026,2:13:03 AM,99,63
9/25/2026,2:13:04 AM,99,63
9/25/2026,2:13:05 AM,99,63
9/25/2026,2:13:06 AM,99,62
9/25/2026,2:13:07 AM,99,62
9/25/2026,2:13:08 AM,99,62
9/25/2026,2:13:09 AM,99,62
9/25/2026,2:13:10 AM,99,62
9/25/2026,2:13:11 AM,99,62
9/25/2026,2:13:12 AM,99,62
9/25/2026,2:13:13 AM,99,61
9/25/2026,2:13:14 AM,99,61
9/25/2026,2:13:15 AM,99,61
9/25/2026,2:13:16 AM,99,61
9/25/2026,2:13:17 AM,99,61
9/25/2026,2:13:18 AM,99,61
9/25/2026,2:13:19 AM,99,61
9/25/2026,2:13:20 AM,99,61
9/25/2026,2:13:21 AM,99,61
9/25/2026,2:13:22 AM,99,61
9/25/2026,2:13:23 AM,99,61
9/25/2026,2:13:24 AM,99,61
9/25/2026,2:13:25 AM,99,61
9/25/2026,2:13:26 AM,99,61
9/25/2026,2:13:27 AM,99,61
9/25/2026,2:13:28 AM,99,61
9/25/2026,2:13:29 AM,99,61
9/25/2026,2:13:30 AM,99,61
9/25/2026,2:13:31 AM,99,61
9/25/2026,2:13:32 AM,99,61
9/25/2026,2:13:33 AM,99,61
9/25/2026,2:13:34 AM,99,62
9/25/2026,2:13:35 AM,99,62
9/25/2026,2:13:36 AM,98,62
9/25/2026,2:13:37 AM,98,62
9/25/2026,2:13:38 AM,98,63
9/25/2026,2:13:39 AM,97,63
9/25/2026,2:13:40 AM,97,63
9/25/2026,2:13:41 AM,96,62
9/25/2026,2:13:42 AM,96,62
9/25/2026,2:13:43 AM,96,62
9/25/2026,2:13:44 AM,96,62
9/25/2026,2:13:45 AM,96,62
9/25/2026,2:13:46 AM,95,62
9/25/2026,2:13:47 AM,95,62
9/25/2026,2:13:48 AM,95,62
9/25/2026,2:13:49 AM,95,63
9/25/2026,2:13:50 AM,94,63
9/25/2026,2:13:51 AM,94,63
9/25/2026,2:13:52 AM,95,63
9/25/2026,2:13:53 AM,95,63
9/25/2026,2:13:54 AM,94,64
9/25/2026,2:13:55 AM,94,64
9/25/2026,2:13:56 AM,94,65
9/25/2026,2:13:57 AM,94,65
9/25/2026,2:13:58 AM,94,65
9/25/2026,2:13:59 AM,94,65
9/25/2026,2:14:00 AM,94,65
9/25/2026,2:14:01 AM,94,65
9/25/2026,2:14:02 AM,95,65
9/25/2026,2:14:03 AM,94,65
9/25/2026,2:14:04 AM,94,64
9/25/2026,2:14:05 AM,95,64
9/25/2026,2:14:06 AM,94,63
9/25/2026,2:14:07 AM,94,62
9/25/2026,2:14:08 AM,95,62
9/25/2026,2:14:09 AM,95,62
9/25/2026,2:14:10 AM,95,62
9/25/2026,2:14:11 AM,95,62
9/25/2026,2:14:12 AM,95,61
9/25/2026,2:14:13 AM,95,62
9/25/2026,2:14:14 AM,95,62
9/25/2026,2:14:15 AM,95,63
9/25/2026,2:14:16 AM,95,63
9/25/2026,2:14:17 AM,95,63
9/25/2026,2:14:18 AM,96,63
9/25/2026,2:14:19 AM,96,63
9/25/2026,2:14:20 AM,96,62
9/25/2026,2:14:21 AM,96,62
9/25/2026,2:14:22 AM,96,62
9/25/2026,2:14:23 AM,95,62
9/25/2026,2:14:24 AM,95,62
9/25/2026,2:14:25 AM,95,62
9/25/2026,2:14:26 AM,95,62
9/25/2026,2:14:27 AM,95,62
9/25/2026,2:14:28 AM,95,62
9/25/2026,2:14:29 AM,95,62
9/25/2026,2:14:30 AM,95,62
9/25/2026,2:14:31 AM,94,62
9/25/2026,2:14:32 AM,94,62
9/25/2026,2:14:33 AM,94,62
9/25/2026,2:14:34 AM,94,62
9/25/2026,2:14:35 AM,94,63
9/25/2026,2:14:36 AM,93,63
9/25/2026,2:14:37 AM,93,63
9/25/2026,2:14:38 AM,93,63
9/25/2026,2:14:39 AM,93,63
9/25/2026,2:14:40 AM,93,63
9/25/2026,2:14:41 AM,93,63
9/25/2026,2:14:42 AM,93,63
9/25/2026,2:14:43 AM,93,63
9/25/2026,2:14:44 AM,93,63
9/25/2026,2:14:45 AM,93,63
9/25/2026,2:14:46 AM,93,63
9/25/2026,2:14:47 AM,93,63
9/25/2026,2:14:48 AM,93,63
9/25/2026,2:14:49 AM,93,63
9/25/2026,2:14:50 AM,93,63
9/25/2026,2:14:51 AM,93,63
9/25/2026,2:14:52 AM,93,63
9/25/2026,2:14:53 AM,93,63
9/25/2026,2:14:54 AM,93,63
9/25/2026,2:14:55 AM,93,63
9/25/2026,2:14:56 AM,93,63
9/25/2026,2:14:57 AM,93,63
9/25/2026,2:14:58 AM,93,63
9/25/2026,2:14:59 AM,93,63
9/25/2026,2:15:00 AM,93,63
9/25/2026,2:15:01 AM,93,63
9/25/2026,2:15:02 AM,93,63
9/25/2026,2:15:03 AM,93,63
9/25/2026,2:15:04 AM,93,63
9/25/2026,2:15:05 AM,93,64
9/25/2026,2:15:06 AM,93,64
9/25/2026,2:15:07 AM,93,64
9/25/2026,2:15:08 AM,93,64
9/25/2026,2:15:09 AM,93,65
9/25/2026,2:15:10 AM,93,65
9/25/2026,2:15:11 AM,93,65
9/25/2026,2:15:12 AM,93,65
9/25/2026,2:15:13 AM,93,66
9/25/2026,2:15:14 AM,93,66
9/25/2026,2:15:15 AM,93,66
9/25/2026,2:15:16 AM,93,66
9/25/2026,2:15:17 AM,93,66
9/25/2026,2:15:18 AM,93,66
9/25/2026,2:15:19 AM,93,66
9/25/2026,2:15:20 AM,93,66
9/25/2026,2:15:21 AM,93,66
9/25/2026,2:15:22 AM,93,66
9/25/2026,2:15:23 AM,93,66
9/25/2026,2:15:24 AM,93,66
9/25/2026,2:15:25 AM,93,66
9/25/2026,2:15:26 AM,93,66
9/25/2026,2:15:27 AM,93,66
9/25/2026,2:15:28 AM,93,65
9/25/2026,2:15:29 AM,93,65
9/25/2026,2:15:30 AM,93,65
9/25/2026,2:15:31 AM,93,64
9/25/2026,2:15:32 AM,93,64
9/25/2026,2:15:33 AM,93,64
9/25/2026,2:15:34 AM,93,64
9/25/2026,2:15:35 AM,93,63
9/25/2026,2:15:36 AM,93,63
9/25/2026,2:15:37 AM,93,63
9/25/2026,2:15:38 AM,93,63
9/25/2026,2:15:39 AM,93,63
9/25/2026,2:15:40 AM,93,63
9/25/2026,2:15:41 AM,93,63
9/25/2026,2:15:42 AM,94,63
9/25/2026,2:15:43 AM,94,63
9/25/2026,2:15:44 AM,94,63
9/25/2026,2:15:45 AM,95,63
9/25/2026,2:15:46 AM,95,62
9/25/2026,2:15:47 AM,95,62
9/25/2026,2:15:48 AM,96,62
9/25/2026,2:15:49 AM,96,62
9/25/2026,2:15:50 AM,96,62
9/25/2026,2:15:51 AM,97,62
9/25/2026,2:15:52 AM,98,62
9/25/2026,2:15:53 AM,98,62
9/25/2026,2:15:54 AM,98,62
9/25/2026,2:15:55 AM,98,62
9/25/2026,2:15:56 AM,98,62
9/25/2026,2:15:57 AM,98,63
9/25/2026,2:15:58 AM,98,63
9/25/2026,2:15:59 AM,98,63
9/25/2026,2:16:00 AM,98,63
9/25/2026,2:16:01 AM,97,63
9/25/2026,2:16:02 AM,97,63
9/25/2026,2:16:03 AM,97,63
9/25/2026,2:16:04 AM,97,62
9/25/2026,2:16:05 AM,97,62
9/25/2026,2:16:06 AM,97,62
9/25/2026,2:16:07 AM,97,62
9/25/2026,2:16:08 AM,97,62
9/25/2026,2:16:09 AM,97,62
9/25/2026,2:16:10 AM,97,62
9/25/2026,2:16:11 AM,97,62
9/25/2026,2:16:12 AM,97,62
9/25/2026,2:16:13 AM,97,62
9/25/2026,2:16:14 AM,97,62
9/25/2026,2:16:15 AM,97,62
9/25/2026,2:16:16 AM,97,62
9/25/2026,2:16:17 AM,97,62
9/25/2026,2:16:18 AM,97,62
9/25/2026,2:16:19 AM,97,62
9/25/2026,2:16:20 AM,97,62
9/25/2026,2:16:21 AM,97,62
9/25/2026,2:16:22 AM,97,62
9/25/2026,2:16:23 AM,97,62
9/25/2026,2:16:24 AM,97,62
9/25/2026,2:16:25 AM,97,62
9/25/2026,2:16:26 AM,97,62
9/25/2026,2:16:27 AM,97,62
9/25/2026,2:16:28 AM,97,62
9/25/2026,2:16:29 AM,97,62
9/25/2026,2:16:30 AM,97,62
9/25/2026,2:16:31 AM,97,62
9/25/2026,2:16:32 AM,97,62
9/25/2026,2:16:33 AM,97,62
9/25/2026,2:16:34 AM,97,62
9/25/2026,2:16:35 AM,97,62
9/25/2026,2:16:36 AM,97,62
9/25/2026,2:16:37 AM,97,62
9/25/2026,2:16:38 AM,97,62
9/25/2026,2:16:39 AM,97,62
9/25/2026,2:16:40 AM,97,62
9/25/2026,2:16:41 AM,98,63
9/25/2026,2:16:42 AM,98,63
9/25/2026,2:16:43 AM,98,63
9/25/2026,2:16:44 AM,98,63
9/25/2026,2:16:45 AM,98,63
9/25/2026,2:16:46 AM,98,63
9/25/2026,2:16:47 AM,98,63
9/25/2026,2:16:48 AM,98,62
9/25/2026,2:16:49 AM,98,62
9/25/2026,2:16:50 AM,98,62
9/25/2026,2:16:51 AM,99,62
9/25/2026,2:16:52 AM,99,62
9/25/2026,2:16:53 AM,99,62
9/25/2026,2:16:54 AM,99,62
9/25/2026,2:16:55 AM,99,61
9/25/2026,2:16:56 AM,99,61
9/25/2026,2:16:57 AM,99,61
9/25/2026,2:16:58 AM,99,61
9/25/2026,2:16:59 AM,99,61
9/25/2026,2:17:00 AM,99,61
9/25/2026,2:17:01 AM,99,61
9/25/2026,2:17:02 AM,99,61
9/25/2026,2:17:03 AM,99,61
9/25/2026,2:17:04 AM,99,61
9/25/2026,2:17:05 AM,99,61
9/25/2026,2:17:06 AM,99,61
9/25/2026,2:17:07 AM,99,61
9/25/2026,2:17:08 AM,99,61
9/25/2026,2:17:09 AM,99,60
9/25/2026,2:17:10 AM,99,61
9/25/2026,2:17:11 AM,99,61
9/25/2026,2:17:12 AM,99,60
9/25/2026,2:17:13 AM,99,60
9/25/2026,2:17:14 AM,99,61
9/25/2026,2:17:15 AM,99,60
9/25/2026,2:17:16 AM,99,60
9/25/2026,2:17:17 AM,99,60
9/25/2026,2:17:18 AM,99,61
9/25/2026,2:17:19 AM,99,61
9/25/2026,2:17:20 AM,99,61
9/25/2026,2:17:21 AM,99,61
9/25/2026,2:17:22 AM,99,61
9/25/2026,2:17:23 AM,99,61
9/25/2026,2:17:24 AM,98,61
9/25/2026,2:17:25 AM,98,61
9/25/2026,2:17:26 AM,98,61
9/25/2026,2:17:27 AM,98,61
9/25/2026,2:17:28 AM,98,61
9/25/2026,2:17:29 AM,98,61
9/25/2026,2:17:30 AM,98,61
9/25/2026,2:17:31 AM,98,61
9/25/2026,2:17:32 AM,98,61
9/25/2026,2:17:33 AM,98,61
9/25/2026,2:17:34 AM,98,61
9/25/2026,2:17:35 AM,98,61
9/25/2026,2:17:36 AM,98,61
9/25/2026,2:17:37 AM,98,61
9/25/2026,2:17:38 AM,98,61
9/25/2026,2:17:39 AM,98,61
9/25/2026,2:17:40 AM,98,61
9/25/2026,2:17:41 AM,98,61
9/25/2026,2:17:42 AM,98,61
9/25/2026,2:17:43 AM,98,61
9/25/2026,2:17:44 AM,98,61
9/25/2026,2:17:45 AM,98,61
9/25/2026,2:17:46 AM,98,61
9/25/2026,2:17:47 AM,98,61
9/25/2026,2:17:48 AM,98,61
9/25/2026,2:17:49 AM,98,61
9/25/2026,2:17:50 AM,98,61
9/25/2026,2:17:51 AM,98,61
9/25/2026,2:17:52 AM,98,61
9/25/2026,2:17:53 AM,98,61
9/25/2026,2:17:54 AM,98,61
9/25/2026,2:17:55 AM,98,61
9/25/2026,2:17:56 AM,98,61
9/25/2026,2:17:57 AM,98,61
9/25/2026,2:17:58 AM,98,61
9/25/2026,2:17:59 AM,98,61
9/25/2026,2:18:00 AM,98,61
9/25/2026,2:18:01 AM,98,61
9/25/2026,2:18:02 AM,98,61
9/25/2026,2:18:03 AM,98,61
9/25/2026,2:18:04 AM,98,61
9/25/2026,2:18:05 AM,97,61
9/25/2026,2:18:06 AM,97,61
9/25/2026,2:18:07 AM,97,62
9/25/2026,2:18:08 AM,97,62
9/25/2026,2:18:09 AM,97,62
9/25/2026,2:18:10 AM,97,63
9/25/2026,2:18:11 AM,97,64
9/25/2026,2:18:12 AM,97,64
9/25/2026,2:18:13 AM,97,65
9/25/2026,2:18:14 AM,98,66
9/25/2026,2:18:15 AM,98,66
9/25/2026,2:18:16 AM,98,67
9/25/2026,2:18:17 AM,99,67
9/25/2026,2:18:18 AM,99,67
9/25/2026,2:18:19 AM,99,67
9/25/2026,2:18:20 AM,99,67
9/25/2026,2:18:21 AM,99,67
9/25/2026,2:18:22 AM,99,67
9/25/2026,2:18:23 AM,99,66
9/25/2026,2:18:24 AM,99,66
9/25/2026,2:18:25 AM,99,66
9/25/2026,2:18:26 AM,99,66
9/25/2026,2:18:27 AM,99,66
9/25/2026,2:18:28 AM,99,66
9/25/2026,2:18:29 AM,99,66
9/25/2026,2:18:30 AM,99,66
9/25/2026,2:18:31 AM,99,65
9/25/2026,2:18:32 AM,99,65
9/25/2026,2:18:33 AM,99,64
9/25/2026,2:18:34 AM,99,64
9/25/2026,2:18:35 AM,99,63
9/25/2026,2:18:36 AM,99,63
9/25/2026,2:18:37 AM,99,63
9/25/2026,2:18:38 AM,99,63
9/25/2026,2:18:39 AM,99,62
9/25/2026,2:18:40 AM,99,62
9/25/2026,2:18:41 AM,99,62
9/25/2026,2:18:42 AM,99,62
9/25/2026,2:18:43 AM,99,62
9/25/2026,2:18:44 AM,99,62
9/25/2026,2:18:45 AM,99,62
9/25/2026,2:18:46 AM,99,62
9/25/2026,2:18:47 AM,99,62
9/25/2026,2:18:48 AM,99,62
9/25/2026,2:18:49 AM,99,62
9/25/2026,2:18:50 AM,99,62
9/25/2026,2:18:51 AM,99,62
9/25/2026,2:18:52 AM,98,62
9/25/2026,2:18:53 AM,98,61
9/25/2026,2:18:54 AM,98,61
9/25/2026,2:18:55 AM,98,61
9/25/2026,2:18:56 AM,98,61
9/25/2026,2:18:57 AM,98,61
9/25/2026,2:18:58 AM,98,61
9/25/2026,2:18:59 AM,98,61
9/25/2026,2:19:00 AM,98,61
9/25/2026,2:19:01 AM,97,61
9/25/2026,2:19:02 AM,97,61
9/25/2026,2:19:03 AM,97,62
9/25/2026,2:19:04 AM,97,62
9/25/2026,2:19:05 AM,97,62
9/25/2026,2:19:06 AM,97,63
9/25/2026,2:19:07 AM,97,63
9/25/2026,2:19:08 AM,96,64
9/25/2026,2:19:09 AM,96,65
9/25/2026,2:19:10 AM,96,65
9/25/2026,2:19:11 AM,96,66
9/25/2026,2:19:12 AM,96,65
9/25/2026,2:19:13 AM,96,65
9/25/2026,2:19:14 AM,96,65
9/25/2026,2:19:15 AM,96,65
9/25/2026,2:19:16 AM,96,64
9/25/2026,2:19:17 AM,95,64
9/25/2026,2:19:18 AM,95,63
9/25/2026,2:19:19 AM,95,62
9/25/2026,2:19:20 AM,95,61
9/25/2026,2:19:21 AM,95,60
9/25/2026,2:19:22 AM,95,60
9/25/2026,2:19:23 AM,95,59
9/25/2026,2:19:24 AM,95,59
9/25/2026,2:19:25 AM,95,59
9/25/2026,2:19:26 AM,95,59
9/25/2026,2:19:27 AM,95,59
9/25/2026,2:19:28 AM,95,59
9/25/2026,2:19:29 AM,95,59
9/25/2026,2:19:30 AM,95,59
9/25/2026,2:19:31 AM,95,59
9/25/2026,2:19:32 AM,95,59
9/25/2026,2:19:33 AM,95,59
9/25/2026,2:19:34 AM,95,59
9/25/2026,2:19:35 AM,95,59
9/25/2026,2:19:36 AM,95,59
9/25/2026,2:19:37 AM,95,59
9/25/2026,2:19:38 AM,95,59
9/25/2026,2:19:39 AM,95,59
9/25/2026,2:19:40 AM,95,59
9/25/2026,2:19:41 AM,95,59
9/25/2026,2:19:42 AM,95,59
9/25/2026,2:19:43 AM,95,59
9/25/2026,2:19:44 AM,95,59
9/25/2026,2:19:45 AM,95,59
9/25/2026,2:19:46 AM,95,59
9/25/2026,2:19:47 AM,95,59
9/25/2026,2:19:48 AM,95,59
9/25/2026,2:19:49 AM,95,59
9/25/2026,2:19:50 AM,95,59
9/25/2026,2:19:51 AM,95,59
9/25/2026,2:19:52 AM,95,59
9/25/2026,2:19:53 AM,95,59
9/25/2026,2:19:54 AM,95,59
9/25/2026,2:19:55 AM,95,59
9/25/2026,2:19:56 AM,95,59
9/25/2026,2:19:57 AM,95,59
9/25/2026,2:19:58 AM,95,59
9/25/2026,2:19:59 AM,95,59
9/25/2026,2:20:00 AM,95,59
9/25/2026,2:20:01 AM,95,59
9/25/2026,2:20:02 AM,95,59
9/25/2026,2:20:03 AM,95,59
9/25/2026,2:20:04 AM,95,59
9/25/2026,2:20:05 AM,95,59
9/25/2026,2:20:06 AM,96,59
9/25/2026,2:20:07 AM,96,60
9/25/2026,2:20:08 AM,96,60
9/25/2026,2:20:09 AM,96,61
9/25/2026,2:20:10 AM,96,61
9/25/2026,2:20:11 AM,96,62
9/25/2026,2:20:12 AM,96,62
9/25/2026,2:20:13 AM,97,63
9/25/2026,2:20:14 AM,98,63
9/25/2026,2:20:15 AM,98,63
9/25/2026,2:20:16 AM,99,63
9/25/2026,2:20:17 AM,99,63
9/25/2026,2:20:18 AM,99,64
9/25/2026,2:20:19 AM,99,64
9/25/2026,2:20:20 AM,99,64
9/25/2026,2:20:21 AM,99,64
9/25/2026,2:20:22 AM,99,64
9/25/2026,2:20:23 AM,99,64
9/25/2026,2:20:24 AM,99,64
9/25/2026,2:20:25 AM,99,64
9/25/2026,2:20:26 AM,99,64
9/25/2026,2:20:27 AM,99,63
9/25/2026,2:20:28 AM,99,63
9/25/2026,2:20:29 AM,99,63
9/25/2026,2:20:30 AM,99,63
9/25/2026,2:20:31 AM,99,62
9/25/2026,2:20:32 AM,99,62
9/25/2026,2:20:33 AM,99,62
9/25/2026,2:20:34 AM,99,62
9/25/2026,2:20:35 AM,99,62
9/25/2026,2:20:36 AM,99,63
9/25/2026,2:20:37 AM,99,63
9/25/2026,2:20:38 AM,99,63
9/25/2026,2:20:39 AM,99,63
9/25/2026,2:20:40 AM,99,63
9/25/2026,2:20:41 AM,99,62
9/25/2026,2:20:42 AM,99,62
9/25/2026,2:20:43 AM,99,61
9/25/2026,2:20:44 AM,99,60
9/25/2026,2:20:45 AM,99,60
9/25/2026,2:20:46 AM,99,59
9/25/2026,2:20:47 AM,98,58
9/25/2026,2:20:48 AM,98,58
9/25/2026,2:20:49 AM,98,58
9/25/2026,2:20:50 AM,98,58
9/25/2026,2:20:51 AM,98,58
9/25/2026,2:20:52 AM,98,59
9/25/2026,2:20:53 AM,98,60
9/25/2026,2:20:54 AM,98,60
9/25/2026,2:20:55 AM,98,61
9/25/2026,2:20:56 AM,98,61
9/25/2026,2:20:57 AM,98,61
9/25/2026,2:20:58 AM,98,61
9/25/2026,2:20:59 AM,98,61
9/25/2026,2:21:00 AM,98,60
9/25/2026,2:21:01 AM,98,60
9/25/2026,2:21:02 AM,98,59
9/25/2026,2:21:03 AM,97,59
9/25/2026,2:21:04 AM,97,59
9/25/2026,2:21:05 AM,97,59
9/25/2026,2:21:06 AM,97,59
9/25/2026,2:21:07 AM,97,59
9/25/2026,2:21:08 AM,97,59
9/25/2026,2:21:09 AM,97,59
9/25/2026,2:21:10 AM,96,59
9/25/2026,2:21:11 AM,96,59
9/25/2026,2:21:12 AM,96,59
9/25/2026,2:21:13 AM,96,60
9/25/2026,2:21:14 AM,96,60
9/25/2026,2:21:15 AM,96,61
9/25/2026,2:21:16 AM,96,61
9/25/2026,2:21:17 AM,95,61
9/25/2026,2:21:18 AM,95,61
9/25/2026,2:21:19 AM,95,62
9/25/2026,2:21:20 AM,95,62
9/25/2026,2:21:21 AM,96,62
9/25/2026,2:21:22 AM,96,62
9/25/2026,2:21:23 AM,96,62
9/25/2026,2:21:24 AM,96,62
9/25/2026,2:21:25 AM,96,62
9/25/2026,2:21:26 AM,96,62
9/25/2026,2:21:27 AM,96,62
9/25/2026,2:21:28 AM,96,62
9/25/2026,2:21:29 AM,96,62
9/25/2026,2:21:30 AM,96,62
9/25/2026,2:21:31 AM,96,62
9/25/2026,2:21:32 AM,96,62
9/25/2026,2:21:33 AM,96,62
9/25/2026,2:21:34 AM,95,62
9/25/2026,2:21:35 AM,95,62
9/25/2026,2:21:36 AM,95,62
9/25/2026,2:21:37 AM,95,63
9/25/2026,2:21:38 AM,95,63
9/25/2026,2:21:39 AM,95,63
9/25/2026,2:21:40 AM,95,63
9/25/2026,2:21:41 AM,95,63
9/25/2026,2:21:42 AM,95,63
9/25/2026,2:21:43 AM,94,63
9/25/2026,2:21:44 AM,94,64
9/25/2026,2:21:45 AM,94,64
9/25/2026,2:21:46 AM,94,64
9/25/2026,2:21:47 AM,94,64
9/25/2026,2:21:48 AM,94,64
9/25/2026,2:21:49 AM,94,64
9/25/2026,2:21:50 AM,93,64
9/25/2026,2:21:51 AM,93,64
9/25/2026,2:21:52 AM,93,64
9/25/2026,2:21:53 AM,92,64
9/25/2026,2:21:54 AM,92,64
9/25/2026,2:21:55 AM,92,64
9/25/2026,2:21:56 AM,92,65
9/25/2026,2:21:57 AM,91,65
9/25/2026,2:21:58 AM,91,66
9/25/2026,2:21:59 AM,91,66
9/25/2026,2:22:00 AM,91,66
9/25/2026,2:22:01 AM,91,66
9/25/2026,2:22:02 AM,91,66
9/25/2026,2:22:03 AM,91,66
9/25/2026,2:22:04 AM,91,66
9/25/2026,2:22:05 AM,91,66
9/25/2026,2:22:06 AM,91,66
9/25/2026,2:22:07 AM,91,66
9/25/2026,2:22:08 AM,91,66
9/25/2026,2:22:09 AM,91,66
9/25/2026,2:22:10 AM,91,66
9/25/2026,2:22:11 AM,91,66
9/25/2026,2:22:12 AM,91,66
9/25/2026,2:22:13 AM,91,66
9/25/2026,2:22:14 AM,91,66
9/25/2026,2:22:15 AM,91,66
9/25/2026,2:22:16 AM,91,66
9/25/2026,2:22:17 AM,91,66
9/25/2026,2:22:18 AM,91,66
9/25/2026,2:22:19 AM,91,66
9/25/2026,2:22:20 AM,91,66
9/25/2026,2:22:21 AM,91,66
9/25/2026,2:22:22 AM,91,66
9/25/2026,2:22:23 AM,91,66
9/25/2026,2:22:24 AM,91,66
9/25/2026,2:22:25 AM,91,66
9/25/2026,2:22:26 AM,91,66
9/25/2026,2:22:27 AM,91,67
9/25/2026,2:22:28 AM,90,67
9/25/2026,2:22:29 AM,89,69
9/25/2026,2:22:30 AM,89,70
9/25/2026,2:22:31 AM,88,71
9/25/2026,2:22:32 AM,87,71
9/25/2026,2:22:33 AM,86,72
9/25/2026,2:22:34 AM,86,72
9/25/2026,2:22:35 AM,85,72
9/25/2026,2:22:36 AM,85,72
9/25/2026,2:22:37 AM,85,72
9/25/2026,2:22:38 AM,85,71
9/25/2026,2:22:39 AM,85,71
9/25/2026,2:22:40 AM,85,71
9/25/2026,2:22:41 AM,85,71
9/25/2026,2:22:42 AM,85,71
9/25/2026,2:22:43 AM,85,71
9/25/2026,2:22:44 AM,85,71
9/25/2026,2:22:45 AM,85,71
9/25/2026,2:22:46 AM,85,71
9/25/2026,2:22:47 AM,85,71
9/25/2026,2:22:48 AM,85,71
9/25/2026,2:22:49 AM,85,71
9/25/2026,2:22:50 AM,85,71
9/25/2026,2:22:51 AM,85,71
9/25/2026,2:22:52 AM,85,71
9/25/2026,2:22:53 AM,85,71
9/25/2026,2:22:54 AM,85,71
9/25/2026,2:22:55 AM,85,71
9/25/2026,2:22:56 AM,85,71
9/25/2026,2:22:57 AM,85,71
9/25/2026,2:22:58 AM,85,71
9/25/2026,2:22:59 AM,85,71
9/25/2026,2:23:00 AM,85,71
9/25/2026,2:23:01 AM,85,71
9/25/2026,2:23:02 AM,85,71
9/25/2026,2:23:03 AM,85,71
9/25/2026,2:23:04 AM,85,71
9/25/2026,2:23:05 AM,85,71
9/25/2026,2:23:06 AM,85,70
9/25/2026,2:23:07 AM,85,70
9/25/2026,2:23:08 AM,85,70
9/25/2026,2:23:09 AM,85,70
9/25/2026,2:23:10 AM,85,70
9/25/2026,2:23:11 AM,85,70
9/25/2026,2:23:12 AM,85,70
9/25/2026,2:23:13 AM,85,70
9/25/2026,2:23:14 AM,85,70
9/25/2026,2:23:15 AM,85,70
9/25/2026,2:23:16 AM,85,70
9/25/2026,2:23:17 AM,85,70
9/25/2026,2:23:18 AM,85,70
9/25/2026,2:23:19 AM,85,69
9/25/2026,2:23:20 AM,85,69
9/25/2026,2:23:21 AM,85,69
9/25/2026,2:23:22 AM,85,69
9/25/2026,2:23:23 AM,85,69
9/25/2026,2:23:24 AM,85,68
9/25/2026,2:23:25 AM,85,68
9/25/2026,2:23:26 AM,85,68
9/25/2026,2:23:27 AM,85,68
9/25/2026,2:23:28 AM,85,67
9/25/2026,2:23:29 AM,85,67
9/25/2026,2:23:30 AM,85,67
9/25/2026,2:23:31 AM,85,67
9/25/2026,2:23:32 AM,85,67
9/25/2026,2:23:33 AM,85,67
9/25/2026,2:23:34 AM,85,67
9/25/2026,2:23:35 AM,85,67
9/25/2026,2:23:36 AM,85,67
9/25/2026,2:23:37 AM,85,67
9/25/2026,2:23:38 AM,85,67
9/25/2026,2:23:39 AM,85,66
9/25/2026,2:23:40 AM,85,66
9/25/2026,2:23:41 AM,85,66
9/25/2026,2:23:42 AM,85,66
9/25/2026,2:23:43 AM,85,66
9/25/2026,2:23:44 AM,85,66
9/25/2026,2:23:45 AM,85,65
9/25/2026,2:23:46 AM,85,65
9/25/2026,2:23:47 AM,85,65
9/25/2026,2:23:48 AM,85,65
9/25/2026,2:23:49 AM,85,65
9/25/2026,2:23:50 AM,85,65
9/25/2026,2:23:51 AM,85,65
9/25/2026,2:23:52 AM,85,65
9/25/2026,2:23:53 AM,85,65
9/25/2026,2:23:54 AM,85,65
9/25/2026,2:23:55 AM,85,65
9/25/2026,2:23:56 AM,85,65
9/25/2026,2:23:57 AM,85,65
9/25/2026,2:23:58 AM,85,65
9/25/2026,2:23:59 AM,85,65
9/25/2026,2:24:00 AM,85,65
9/25/2026,2:24:01 AM,85,65
9/25/2026,2:24:02 AM,85,65
9/25/2026,2:24:03 AM,85,65
9/25/2026,2:24:04 AM,85,65
9/25/2026,2:24:05 AM,85,65
9/25/2026,2:24:06 AM,85,65
9/25/2026,2:24:07 AM,85,65
9/25/2026,2:24:08 AM,85,65
9/25/2026,2:24:09 AM,85,65
9/25/2026,2:24:10 AM,85,65
9/25/2026,2:24:11 AM,85,65
9/25/2026,2:24:12 AM,85,65
9/25/2026,2:24:13 AM,85,65
9/25/2026,2:24:14 AM,85,65
9/25/2026,2:24:15 AM,85,65
9/25/2026,2:24:16 AM,85,65
9/25/2026,2:24:17 AM,85,65
9/25/2026,2:24:18 AM,85,65
9/25/2026,2:24:19 AM,85,65
9/25/2026,2:24:20 AM,85,65
9/25/2026,2:24:21 AM,85,65
9/25/2026,2:24:22 AM,85,65
9/25/2026,2:24:23 AM,85,65
9/25/2026,2:24:24 AM,85,65
9/25/2026,2:24:25 AM,85,65
9/25/2026,2:24:26 AM,85,65
9/25/2026,2:24:27 AM,85,65
9/25/2026,2:24:28 AM,86,65
9/25/2026,2:24:29 AM,86,65
9/25/2026,2:24:30 AM,86,65
9/25/2026,2:24:31 AM,86,65
9/25/2026,2:24:32 AM,86,65
9/25/2026,2:24:33 AM,86,65
9/25/2026,2:24:34 AM,86,65
9/25/2026,2:24:35 AM,86,65
9/25/2026,2:24:36 AM,86,65
9/25/2026,2:24:37 AM,86,65
9/25/2026,2:24:38 AM,86,65
9/25/2026,2:24:39 AM,86,66
9/25/2026,2:24:40 AM,86,66
9/25/2026,2:24:41 AM,86,66
9/25/2026,2:24:42 AM,86,67
9/25/2026,2:24:43 AM,86,67
9/25/2026,2:24:44 AM,86,67
9/25/2026,2:24:45 AM,86,67
9/25/2026,2:24:46 AM,86,67
9/25/2026,2:24:47 AM,86,67
9/25/2026,2:24:48 AM,86,68
9/25/2026,2:24:49 AM,86,68
9/25/2026,2:24:50 AM,86,68
9/25/2026,2:24:51 AM,86,68
9/25/2026,2:24:52 AM,86,68
9/25/2026,2:24:53 AM,86,68
9/25/2026,2:24:54 AM,86,68
9/25/2026,2:24:55 AM,86,68
9/25/2026,2:24:56 AM,86,68
9/25/2026,2:24:57 AM,86,68
9/25/2026,2:24:58 AM,86,68
9/25/2026,2:24:59 AM,86,68
9/25/2026,2:25:00 AM,86,68
9/25/2026,2:25:01 AM,86,68
9/25/2026,2:25:02 AM,86,67
9/25/2026,2:25:03 AM,86,67
9/25/2026,2:25:04 AM,86,67
9/25/2026,2:25:05 AM,86,67
9/25/2026,2:25:06 AM,86,67
9/25/2026,2:25:07 AM,86,67
9/25/2026,2:25:08 AM,86,67
9/25/2026,2:25:09 AM,86,67
9/25/2026,2:25:10 AM,86,67
9/25/2026,2:25:11 AM,86,67
9/25/2026,2:25:12 AM,86,67
9/25/2026,2:25:13 AM,86,67
9/25/2026,2:25:14 AM,86,67
9/25/2026,2:25:15 AM,86,67
9/25/2026,2:25:16 AM,86,68
9/25/2026,2:25:17 AM,86,68
9/25/2026,2:25:18 AM,86,68
9/25/2026,2:25:19 AM,86,68
9/25/2026,2:25:20 AM,86,68
9/25/2026,2:25:21 AM,86,68
9/25/2026,2:25:22 AM,86,68
9/25/2026,2:25:23 AM,86,68
9/25/2026,2:25:24 AM,86,68
9/25/2026,2:25:25 AM,86,68
9/25/2026,2:25:26 AM,86,68
9/25/2026,2:25:27 AM,86,68
9/25/2026,2:25:28 AM,86,68
9/25/2026,2:25:29 AM,86,68
9/25/2026,2:25:30 AM,86,68
9/25/2026,2:25:31 AM,86,68
9/25/2026,2:25:32 AM,86,68
9/25/2026,2:25:33 AM,86,68
9/25/2026,2:25:34 AM,86,68
9/25/2026,2:25:35 AM,87,68
9/25/2026,2:25:36 AM,89,69
9/25/2026,2:25:37 AM,91,69
9/25/2026,2:25:38 AM,93,70
9/25/2026,2:25:39 AM,93,70
9/25/2026,2:25:40 AM,93,70
9/25/2026,2:25:41 AM,93,70
9/25/2026,2:25:42 AM,93,70
9/25/2026,2:25:43 AM,93,70
9/25/2026,2:25:44 AM,93,70
9/25/2026,2:25:45 AM,95,70
9/25/2026,2:25:46 AM,96,70
9/25/2026,2:25:47 AM,98,70
9/25/2026,2:25:48 AM,99,70
9/25/2026,2:25:49 AM,99,69
9/25/2026,2:25:50 AM,99,69
9/25/2026,2:25:51 AM,99,69
9/25/2026,2:25:52 AM,99,69
9/25/2026,2:25:53 AM,99,69
9/25/2026,2:25:54 AM,99,69
9/25/2026,2:25:55 AM,99,69
9/25/2026,2:25:56 AM,99,69
9/25/2026,2:25:57 AM,99,69
9/25/2026,2:25:58 AM,99,69
9/25/2026,2:25:59 AM,99,69
9/25/2026,2:26:00 AM,99,69
9/25/2026,2:26:01 AM,99,69
9/25/2026,2:26:02 AM,99,69
9/25/2026,2:26:03 AM,99,69
9/25/2026,2:26:04 AM,99,69
9/25/2026,2:26:05 AM,99,69
9/25/2026,2:26:06 AM,99,69
9/25/2026,2:26:07 AM,99,69
9/25/2026,2:26:08 AM,99,69
9/25/2026,2:26:09 AM,99,69
9/25/2026,2:26:10 AM,99,69
9/25/2026,2:26:11 AM,99,69
9/25/2026,2:26:12 AM,99,69
9/25/2026,2:26:13 AM,99,69
9/25/2026,2:26:14 AM,99,70
9/25/2026,2:26:15 AM,99,70
9/25/2026,2:26:16 AM,99,70
9/25/2026,2:26:17 AM,99,70
9/25/2026,2:26:18 AM,99,70
9/25/2026,2:26:19 AM,99,71
9/25/2026,2:26:20 AM,99,71
9/25/2026,2:26:21 AM,99,71
9/25/2026,2:26:22 AM,99,71
9/25/2026,2:26:23 AM,99,71
9/25/2026,2:26:24 AM,99,71
9/25/2026,2:26:25 AM,99,71
9/25/2026,2:26:26 AM,99,71
9/25/2026,2:26:27 AM,99,72
9/25/2026,2:26:28 AM,99,72
9/25/2026,2:26:29 AM,99,72
9/25/2026,2:26:30 AM,99,72
9/25/2026,2:26:31 AM,99,72
9/25/2026,2:26:32 AM,99,72
9/25/2026,2:26:33 AM,99,73
9/25/2026,2:26:34 AM,99,73
9/25/2026,2:26:35 AM,99,73
9/25/2026,2:26:36 AM,99,73
9/25/2026,2:26:37 AM,99,73
9/25/2026,2:26:38 AM,99,73
9/25/2026,2:26:39 AM,99,73
9/25/2026,2:26:40 AM,99,73
9/25/2026,2:26:41 AM,99,73
9/25/2026,2:26:42 AM,99,73
9/25/2026,2:26:43 AM,99,73
9/25/2026,2:26:44 AM,99,73
9/25/2026,2:26:45 AM,99,72
9/25/2026,2:26:46 AM,99,72
9/25/2026,2:26:47 AM,99,72
9/25/2026,2:26:48 AM,99,72
9/25/2026,2:26:49 AM,99,72
9/25/2026,2:26:50 AM,99,72
9/25/2026,2:26:51 AM,99,72
9/25/2026,2:26:52 AM,99,72
9/25/2026,2:26:53 AM,99,72
9/25/2026,2:26:54 AM,99,72
9/25/2026,2:26:55 AM,99,72
9/25/2026,2:26:56 AM,99,72
9/25/2026,2:26:57 AM,99,72
9/25/2026,2:26:58 AM,99,72
9/25/2026,2:26:59 AM,99,72
9/25/2026,2:27:00 AM,99,72
9/25/2026,2:27:01 AM,99,72
9/25/2026,2:27:02 AM,99,72
9/25/2026,2:27:03 AM,99,72
9/25/2026,2:27:04 AM,99,72
9/25/2026,2:27:05 AM,99,72
9/25/2026,2:27:06 AM,99,72
9/25/2026,2:27:07 AM,99,72
9/25/2026,2:27:08 AM,99,72
9/25/2026,2:27:09 AM,99,72
9/25/2026,2:27:10 AM,99,72
9/25/2026,2:27:11 AM,99,72
9/25/2026,2:27:12 AM,99,72
9/25/2026,2:27:13 AM,99,72
9/25/2026,2:27:14 AM,99,72
9/25/2026,2:27:15 AM,99,72
9/25/2026,2:27:16 AM,99,72
9/25/2026,2:27:17 AM,99,72
9/25/2026,2:27:18 AM,99,72
9/25/2026,2:27:19 AM,99,72
9/25/2026,2:27:20 AM,99,72
9/25/2026,2:27:21 AM,99,71
9/25/2026,2:27:22 AM,99,70
9/25/2026,2:27:23 AM,99,70
9/25/2026,2:27:24 AM,99,69
9/25/2026,2:27:25 AM,99,68
9/25/2026,2:27:26 AM,99,68
9/25/2026,2:27:27 AM,99,68
9/25/2026,2:27:28 AM,99,68
9/25/2026,2:27:29 AM,99,68
9/25/2026,2:27:30 AM,99,68
9/25/2026,2:27:31 AM,99,68
9/25/2026,2:27:32 AM,99,68
9/25/2026,2:27:33 AM,99,68
9/25/2026,2:27:34 AM,99,68
9/25/2026,2:27:35 AM,99,68
9/25/2026,2:27:36 AM,99,68
9/25/2026,2:27:37 AM,99,68
9/25/2026,2:27:38 AM,99,68
9/25/2026,2:27:39 AM,99,68
9/25/2026,2:27:40 AM,99,68
9/25/2026,2:27:41 AM,99,68
9/25/2026,2:27:42 AM,99,68
9/25/2026,2:27:43 AM,99,68
9/25/2026,2:27:44 AM,99,68
9/25/2026,2:27:45 AM,99,68
9/25/2026,2:27:46 AM,99,68
9/25/2026,2:27:47 AM,99,68
9/25/2026,2:27:48 AM,99,68
9/25/2026,2:27:49 AM,99,68
9/25/2026,2:27:50 AM,99,68
9/25/2026,2:27:51 AM,99,68
9/25/2026,2:27:52 AM,99,68
9/25/2026,2:27:53 AM,99,68
9/25/2026,2:27:54 AM,99,68
9/25/2026,2:27:55 AM,99,68
9/25/2026,2:27:56 AM,99,68
9/25/2026,2:27:57 AM,99,68
9/25/2026,2:27:58 AM,99,68
9/25/2026,2:27:59 AM,99,68
9/25/2026,2:28:00 AM,99,68
9/25/2026,2:28:01 AM,99,68
9/25/2026,2:28:02 AM,99,68
9/25/2026,2:28:03 AM,99,68
9/25/2026,2:28:04 AM,99,69
9/25/2026,2:28:05 AM,99,69
9/25/2026,2:28:06 AM,99,69
9/25/2026,2:28:07 AM,99,69
9/25/2026,2:28:08 AM,99,69
9/25/2026,2:28:09 AM,99,69
9/25/2026,2:28:10 AM,99,69
9/25/2026,2:28:11 AM,99,69
9/25/2026,2:28:12 AM,99,69
9/25/2026,2:28:13 AM,99,69
9/25/2026,2:28:14 AM,99,68
9/25/2026,2:28:15 AM,99,68
9/25/2026,2:28:16 AM,99,68
9/25/2026,2:28:17 AM,99,69
9/25/2026,2:28:18 AM,99,69
9/25/2026,2:28:19 AM,99,69
9/25/2026,2:28:20 AM,99,69
9/25/2026,2:28:21 AM,99,69
9/25/2026,2:28:22 AM,99,69
9/25/2026,2:28:23 AM,99,69
9/25/2026,2:28:24 AM,99,69
9/25/2026,2:28:25 AM,99,69
9/25/2026,2:28:26 AM,99,69
9/25/2026,2:28:27 AM,99,69
9/25/2026,2:28:28 AM,99,69
9/25/2026,2:28:29 AM,99,68
9/25/2026,2:28:30 AM,99,68
9/25/2026,2:28:31 AM,99,68
9/25/2026,2:28:32 AM,99,68
9/25/2026,2:28:33 AM,99,68
9/25/2026,2:28:34 AM,99,68
9/25/2026,2:28:35 AM,99,68
9/25/2026,2:28:36 AM,99,68
9/25/2026,2:28:37 AM,99,68
9/25/2026,2:28:38 AM,99,68
9/25/2026,2:28:39 AM,99,68
9/25/2026,2:28:40 AM,99,69
9/25/2026,2:28:41 AM,99,69
9/25/2026,2:28:42 AM,99,69
9/25/2026,2:28:43 AM,99,69
9/25/2026,2:28:44 AM,99,69
9/25/2026,2:28:45 AM,99,69
9/25/2026,2:28:46 AM,99,69
9/25/2026,2:28:47 AM,99,69
9/25/2026,2:28:48 AM,99,69
9/25/2026,2:28:49 AM,99,69
9/25/2026,2:28:50 AM,99,69
9/25/2026,2:28:51 AM,99,69
9/25/2026,2:28:52 AM,99,69
9/25/2026,2:28:53 AM,99,68
9/25/2026,2:28:54 AM,99,69
9/25/2026,2:28:55 AM,99,68
9/25/2026,2:28:56 AM,99,68
9/25/2026,2:28:57 AM,99,68
9/25/2026,2:28:58 AM,99,68
9/25/2026,2:28:59 AM,99,69
9/25/2026,2:29:00 AM,99,69
9/25/2026,2:29:01 AM,99,69
9/25/2026,2:29:02 AM,99,69
9/25/2026,2:29:03 AM,99,69
9/25/2026,2:29:04 AM,99,69
9/25/2026,2:29:05 AM,99,69
9/25/2026,2:29:06 AM,99,70
9/25/2026,2:29:07 AM,99,70
9/25/2026,2:29:08 AM,99,70
9/25/2026,2:29:09 AM,99,69
9/25/2026,2:29:10 AM,99,69
9/25/2026,2:29:11 AM,99,69
9/25/2026,2:29:12 AM,99,69
9/25/2026,2:29:13 AM,98,70
9/25/2026,2:29:14 AM,98,70
9/25/2026,2:29:15 AM,98,70
9/25/2026,2:29:16 AM,98,70
9/25/2026,2:29:17 AM,98,70
9/25/2026,2:29:18 AM,98,70
9/25/2026,2:29:19 AM,98,70
9/25/2026,2:29:20 AM,98,70
9/25/2026,2:29:21 AM,98,70
9/25/2026,2:29:22 AM,98,70
9/25/2026,2:29:23 AM,98,70
9/25/2026,2:29:24 AM,98,70
9/25/2026,2:29:25 AM,98,70
9/25/2026,2:29:26 AM,98,70
9/25/2026,2:29:27 AM,98,70
9/25/2026,2:29:28 AM,98,70
9/25/2026,2:29:29 AM,97,70
9/25/2026,2:29:30 AM,97,70
9/25/2026,2:29:31 AM,97,70
9/25/2026,2:29:32 AM,97,70
9/25/2026,2:29:33 AM,97,70
9/25/2026,2:29:34 AM,97,70
9/25/2026,2:29:35 AM,97,69
9/25/2026,2:29:36 AM,96,68
9/25/2026,2:29:37 AM,96,68
9/25/2026,2:29:38 AM,96,68
9/25/2026,2:29:39 AM,96,68
9/25/2026,2:29:40 AM,96,68
9/25/2026,2:29:41 AM,95,68
9/25/2026,2:29:42 AM,95,68
9/25/2026,2:29:43 AM,95,69
9/25/2026,2:29:44 AM,94,69
9/25/2026,2:29:45 AM,94,70
9/25/2026,2:29:46 AM,94,70
9/25/2026,2:29:47 AM,94,72
9/25/2026,2:29:48 AM,93,72
9/25/2026,2:29:49 AM,93,73
9/25/2026,2:29:50 AM,93,73
9/25/2026,2:29:51 AM,92,74
9/25/2026,2:29:52 AM,92,74
9/25/2026,2:29:53 AM,92,74
9/25/2026,2:29:54 AM,92,73
9/25/2026,2:29:55 AM,92,73
9/25/2026,2:29:56 AM,92,72
9/25/2026,2:29:57 AM,92,72
9/25/2026,2:29:58 AM,92,72
9/25/2026,2:29:59 AM,92,72
9/25/2026,2:30:00 AM,92,73
9/25/2026,2:30:01 AM,92,72
9/25/2026,2:30:02 AM,92,72
9/25/2026,2:30:03 AM,92,71
9/25/2026,2:30:04 AM,92,71
9/25/2026,2:30:05 AM,92,71
9/25/2026,2:30:06 AM,92,71
9/25/2026,2:30:07 AM,92,71
9/25/2026,2:30:08 AM,92,71
9/25/2026,2:30:09 AM,92,70
9/25/2026,2:30:10 AM,92,70
9/25/2026,2:30:11 AM,91,70
9/25/2026,2:30:12 AM,91,69
9/25/2026,2:30:13 AM,92,69
9/25/2026,2:30:14 AM,92,69
9/25/2026,2:30:15 AM,93,69
9/25/2026,2:30:16 AM,93,69
9/25/2026,2:30:17 AM,94,69
9/25/2026,2:30:18 AM,95,69
9/25/2026,2:30:19 AM,96,69
9/25/2026,2:30:20 AM,98,69
9/25/2026,2:30:21 AM,98,69
9/25/2026,2:30:22 AM,98,69
9/25/2026,2:30:23 AM,99,69
9/25/2026,2:30:24 AM,99,69
9/25/2026,2:30:25 AM,99,69
9/25/2026,2:30:26 AM,99,69
9/25/2026,2:30:27 AM,99,68
9/25/2026,2:30:28 AM,99,68
9/25/2026,2:30:29 AM,99,68
9/25/2026,2:30:30 AM,98,68
9/25/2026,2:30:31 AM,98,68
9/25/2026,2:30:32 AM,98,67
9/25/2026,2:30:33 AM,98,67
9/25/2026,2:30:34 AM,98,67
9/25/2026,2:30:35 AM,98,67
9/25/2026,2:30:36 AM,98,67
9/25/2026,2:30:37 AM,98,67
9/25/2026,2:30:38 AM,98,67
9/25/2026,2:30:39 AM,98,67
9/25/2026,2:30:40 AM,98,67
9/25/2026,2:30:41 AM,97,67
9/25/2026,2:30:42 AM,97,68
9/25/2026,2:30:43 AM,97,68
9/25/2026,2:30:44 AM,97,68
9/25/2026,2:30:45 AM,96,68
9/25/2026,2:30:46 AM,96,68
9/25/2026,2:30:47 AM,96,68
9/25/2026,2:30:48 AM,96,68
9/25/2026,2:30:49 AM,96,68
9/25/2026,2:30:50 AM,95,68
9/25/2026,2:30:51 AM,95,68
9/25/2026,2:30:52 AM,95,69
9/25/2026,2:30:53 AM,95,69
9/25/2026,2:30:54 AM,95,69
9/25/2026,2:30:55 AM,94,69
9/25/2026,2:30:56 AM,94,69
9/25/2026,2:30:57 AM,94,69
9/25/2026,2:30:58 AM,94,69
9/25/2026,2:30:59 AM,94,69
9/25/2026,2:31:00 AM,94,69
9/25/2026,2:31:01 AM,94,69
9/25/2026,2:31:02 AM,94,69
9/25/2026,2:31:03 AM,94,69
9/25/2026,2:31:04 AM,93,70
9/25/2026,2:31:05 AM,93,71
9/25/2026,2:31:06 AM,93,71
9/25/2026,2:31:07 AM,93,72
9/25/2026,2:31:08 AM,93,72
9/25/2026,2:31:09 AM,93,73
9/25/2026,2:31:10 AM,92,73
9/25/2026,2:31:11 AM,92,73
9/25/2026,2:31:12 AM,92,73
9/25/2026,2:31:13 AM,92,73
9/25/2026,2:31:14 AM,92,72
9/25/2026,2:31:15 AM,92,72
9/25/2026,2:31:16 AM,92,71
9/25/2026,2:31:17 AM,92,71
9/25/2026,2:31:18 AM,92,71
9/25/2026,2:31:19 AM,92,71
9/25/2026,2:31:20 AM,92,70
9/25/2026,2:31:21 AM,92,70
9/25/2026,2:31:22 AM,92,70
9/25/2026,2:31:23 AM,92,69
9/25/2026,2:31:24 AM,92,69
9/25/2026,2:31:25 AM,92,69
9/25/2026,2:31:26 AM,93,69
9/25/2026,2:31:27 AM,94,69
9/25/2026,2:31:28 AM,95,69
9/25/2026,2:31:29 AM,95,69
9/25/2026,2:31:30 AM,96,69
9/25/2026,2:31:31 AM,97,69
9/25/2026,2:31:32 AM,97,69
9/25/2026,2:31:33 AM,98,69
9/25/2026,2:31:34 AM,98,68
9/25/2026,2:31:35 AM,98,67
9/25/2026,2:31:36 AM,98,67
9/25/2026,2:31:37 AM,98,67
9/25/2026,2:31:38 AM,98,67
9/25/2026,2:31:39 AM,98,66
9/25/2026,2:31:40 AM,98,66
9/25/2026,2:31:41 AM,98,66
9/25/2026,2:31:42 AM,98,66
9/25/2026,2:31:43 AM,98,66
9/25/2026,2:31:44 AM,97,66
9/25/2026,2:31:45 AM,97,66
9/25/2026,2:31:46 AM,97,66
9/25/2026,2:31:47 AM,97,66
9/25/2026,2:31:48 AM,96,67
9/25/2026,2:31:49 AM,96,67
9/25/2026,2:31:50 AM,96,67
9/25/2026,2:31:51 AM,95,68
9/25/2026,2:31:52 AM,95,68
9/25/2026,2:31:53 AM,94,68
9/25/2026,2:31:54 AM,94,69
9/25/2026,2:31:55 AM,93,69
9/25/2026,2:31:56 AM,93,69
9/25/2026,2:31:57 AM,93,69
9/25/2026,2:31:58 AM,92,70
9/25/2026,2:31:59 AM,92,70
9/25/2026,2:32:00 AM,92,69
9/25/2026,2:32:01 AM,92,70
9/25/2026,2:32:02 AM,92,70
9/25/2026,2:32:03 AM,92,69
9/25/2026,2:32:04 AM,92,69
9/25/2026,2:32:05 AM,92,70
9/25/2026,2:32:06 AM,92,70
9/25/2026,2:32:07 AM,92,70
9/25/2026,2:32:08 AM,92,70
9/25/2026,2:32:09 AM,92,70
9/25/2026,2:32:10 AM,92,69
9/25/2026,2:32:11 AM,92,69
9/25/2026,2:32:12 AM,92,69
9/25/2026,2:32:13 AM,92,69
9/25/2026,2:32:14 AM,92,68
9/25/2026,2:32:15 AM,92,68
9/25/2026,2:32:16 AM,92,67
9/25/2026,2:32:17 AM,93,67
9/25/2026,2:32:18 AM,93,66
9/25/2026,2:32:19 AM,93,66
9/25/2026,2:32:20 AM,93,66
9/25/2026,2:32:21 AM,93,66
9/25/2026,2:32:22 AM,93,66
9/25/2026,2:32:23 AM,94,65
9/25/2026,2:32:24 AM,94,65
9/25/2026,2:32:25 AM,94,66
9/25/2026,2:32:26 AM,95,66
9/25/2026,2:32:27 AM,95,66
9/25/2026,2:32:28 AM,96,67
9/25/2026,2:32:29 AM,97,67
9/25/2026,2:32:30 AM,97,67
9/25/2026,2:32:31 AM,98,68
9/25/2026,2:32:32 AM,98,68
9/25/2026,2:32:33 AM,98,68
9/25/2026,2:32:34 AM,98,68
9/25/2026,2:32:35 AM,98,68
9/25/2026,2:32:36 AM,98,68
9/25/2026,2:32:37 AM,98,68
9/25/2026,2:32:38 AM,98,68
9/25/2026,2:32:39 AM,98,67
9/25/2026,2:32:40 AM,98,67
9/25/2026,2:32:41 AM,98,67
9/25/2026,2:32:42 AM,97,66
9/25/2026,2:32:43 AM,97,66
9/25/2026,2:32:44 AM,97,66
9/25/2026,2:32:45 AM,97,66
9/25/2026,2:32:46 AM,97,66
9/25/2026,2:32:47 AM,96,66
9/25/2026,2:32:48 AM,96,66
9/25/2026,2:32:49 AM,96,67
9/25/2026,2:32:50 AM,96,67
9/25/2026,2:32:51 AM,95,68
9/25/2026,2:32:52 AM,95,68
9/25/2026,2:32:53 AM,95,68
9/25/2026,2:32:54 AM,95,68
9/25/2026,2:32:55 AM,94,69
9/25/2026,2:32:56 AM,94,69
9/25/2026,2:32:57 AM,94,69
9/25/2026,2:32:58 AM,94,69
9/25/2026,2:32:59 AM,94,69
9/25/2026,2:33:00 AM,94,69
9/25/2026,2:33:01 AM,94,69
9/25/2026,2:33:02 AM,94,69
9/25/2026,2:33:03 AM,94,69
9/25/2026,2:33:04 AM,94,69
9/25/2026,2:33:05 AM,94,70
9/25/2026,2:33:06 AM,94,71
9/25/2026,2:33:07 AM,94,71
9/25/2026,2:33:08 AM,94,71
9/25/2026,2:33:09 AM,94,71
9/25/2026,2:33:10 AM,94,71
9/25/2026,2:33:11 AM,94,71
9/25/2026,2:33:12 AM,94,71
9/25/2026,2:33:13 AM,94,71
9/25/2026,2:33:14 AM,94,71
9/25/2026,2:33:15 AM,94,71
9/25/2026,2:33:16 AM,94,71
9/25/2026,2:33:17 AM,94,71
9/25/2026,2:33:18 AM,94,70
9/25/2026,2:33:19 AM,94,69
9/25/2026,2:33:20 AM,94,68
9/25/2026,2:33:21 AM,94,68
9/25/2026,2:33:22 AM,94,67
9/25/2026,2:33:23 AM,94,66
9/25/2026,2:33:24 AM,94,65
9/25/2026,2:33:25 AM,94,64
9/25/2026,2:33:26 AM,94,63
9/25/2026,2:33:27 AM,94,63
9/25/2026,2:33:28 AM,94,64
9/25/2026,2:33:29 AM,94,64
9/25/2026,2:33:30 AM,94,64
9/25/2026,2:33:31 AM,94,64
9/25/2026,2:33:32 AM,94,64
9/25/2026,2:33:33 AM,95,64
9/25/2026,2:33:34 AM,95,64
9/25/2026,2:33:35 AM,96,64
9/25/2026,2:33:36 AM,97,64
9/25/2026,2:33:37 AM,98,64
9/25/2026,2:33:38 AM,99,64
9/25/2026,2:33:39 AM,99,64
9/25/2026,2:33:40 AM,99,64
9/25/2026,2:33:41 AM,99,64
9/25/2026,2:33:42 AM,99,64
9/25/2026,2:33:43 AM,99,64
9/25/2026,2:33:44 AM,99,64
9/25/2026,2:33:45 AM,99,64
9/25/2026,2:33:46 AM,99,65
9/25/2026,2:33:47 AM,99,65
9/25/2026,2:33:48 AM,98,65
9/25/2026,2:33:49 AM,98,65
9/25/2026,2:33:50 AM,98,65
9/25/2026,2:33:51 AM,98,65
9/25/2026,2:33:52 AM,98,65
9/25/2026,2:33:53 AM,98,65
9/25/2026,2:33:54 AM,97,66
9/25/2026,2:33:55 AM,97,66
9/25/2026,2:33:56 AM,97,66
9/25/2026,2:33:57 AM,96,66
9/25/2026,2:33:58 AM,96,67
9/25/2026,2:33:59 AM,96,67
9/25/2026,2:34:00 AM,96,67
9/25/2026,2:34:01 AM,95,67
9/25/2026,2:34:02 AM,95,67
9/25/2026,2:34:03 AM,95,67
9/25/2026,2:34:04 AM,95,67
9/25/2026,2:34:05 AM,95,67
9/25/2026,2:34:06 AM,94,67
9/25/2026,2:34:07 AM,94,67
9/25/2026,2:34:08 AM,94,67
9/25/2026,2:34:09 AM,94,68
9/25/2026,2:34:10 AM,94,69
9/25/2026,2:34:11 AM,94,70
9/25/2026,2:34:12 AM,94,70
9/25/2026,2:34:13 AM,94,71
9/25/2026,2:34:14 AM,94,72
9/25/2026,2:34:15 AM,94,72
9/25/2026,2:34:16 AM,94,73
9/25/2026,2:34:17 AM,94,74
9/25/2026,2:34:18 AM,94,74
9/25/2026,2:34:19 AM,94,74
9/25/2026,2:34:20 AM,93,74
9/25/2026,2:34:21 AM,93,73
9/25/2026,2:34:22 AM,93,72
9/25/2026,2:34:23 AM,93,71
9/25/2026,2:34:24 AM,93,69
9/25/2026,2:34:25 AM,93,68
9/25/2026,2:34:26 AM,93,67
9/25/2026,2:34:27 AM,93,66
9/25/2026,2:34:28 AM,93,65
9/25/2026,2:34:29 AM,93,64
9/25/2026,2:34:30 AM,93,64
9/25/2026,2:34:31 AM,93,63
9/25/2026,2:34:32 AM,93,63
9/25/2026,2:34:33 AM,93,63
9/25/2026,2:34:34 AM,93,63
9/25/2026,2:34:35 AM,93,64
9/25/2026,2:34:36 AM,93,64
9/25/2026,2:34:37 AM,93,64
9/25/2026,2:34:38 AM,94,64
9/25/2026,2:34:39 AM,94,64
9/25/2026,2:34:40 AM,94,63
9/25/2026,2:34:41 AM,94,63
9/25/2026,2:34:42 AM,94,63
9/25/2026,2:34:43 AM,95,63
9/25/2026,2:34:44 AM,96,63
9/25/2026,2:34:45 AM,96,63
9/25/2026,2:34:46 AM,97,63
9/25/2026,2:34:47 AM,98,63
9/25/2026,2:34:48 AM,99,64
9/25/2026,2:34:49 AM,99,64
9/25/2026,2:34:50 AM,99,64
9/25/2026,2:34:51 AM,99,64
9/25/2026,2:34:52 AM,99,64
9/25/2026,2:34:53 AM,99,64
9/25/2026,2:34:54 AM,99,64
9/25/2026,2:34:55 AM,99,65
9/25/2026,2:34:56 AM,99,64
9/25/2026,2:34:57 AM,98,65
9/25/2026,2:34:58 AM,98,65
9/25/2026,2:34:59 AM,98,65
9/25/2026,2:35:00 AM,98,65
9/25/2026,2:35:01 AM,98,65
9/25/2026,2:35:02 AM,98,65
9/25/2026,2:35:03 AM,97,65
9/25/2026,2:35:04 AM,97,65
9/25/2026,2:35:05 AM,97,66
9/25/2026,2:35:06 AM,97,66
9/25/2026,2:35:07 AM,97,66
9/25/2026,2:35:08 AM,96,67
9/25/2026,2:35:09 AM,96,67
9/25/2026,2:35:10 AM,96,67
9/25/2026,2:35:11 AM,96,68
9/25/2026,2:35:12 AM,96,69
9/25/2026,2:35:13 AM,95,70
9/25/2026,2:35:14 AM,95,71
9/25/2026,2:35:15 AM,95,71
9/25/2026,2:35:16 AM,95,71
9/25/2026,2:35:17 AM,95,71
9/25/2026,2:35:18 AM,95,71
9/25/2026,2:35:19 AM,95,71
9/25/2026,2:35:20 AM,95,70
9/25/2026,2:35:21 AM,95,70
9/25/2026,2:35:22 AM,95,69
9/25/2026,2:35:23 AM,95,69
9/25/2026,2:35:24 AM,95,69
9/25/2026,2:35:25 AM,95,69
9/25/2026,2:35:26 AM,95,69
9/25/2026,2:35:27 AM,95,69
9/25/2026,2:35:28 AM,95,69
9/25/2026,2:35:29 AM,95,69
9/25/2026,2:35:30 AM,95,69
9/25/2026,2:35:31 AM,95,69
9/25/2026,2:35:32 AM,95,68
9/25/2026,2:35:33 AM,95,67
9/25/2026,2:35:34 AM,95,67
9/25/2026,2:35:35 AM,95,66
9/25/2026,2:35:36 AM,95,66
9/25/2026,2:35:37 AM,95,65
9/25/2026,2:35:38 AM,95,64
9/25/2026,2:35:39 AM,95,63
9/25/2026,2:35:40 AM,94,63
9/25/2026,2:35:41 AM,94,63
9/25/2026,2:35:42 AM,94,64
9/25/2026,2:35:43 AM,94,64
9/25/2026,2:35:44 AM,94,64
9/25/2026,2:35:45 AM,94,65
9/25/2026,2:35:46 AM,95,65
9/25/2026,2:35:47 AM,95,65
9/25/2026,2:35:48 AM,97,65
9/25/2026,2:35:49 AM,98,65
9/25/2026,2:35:50 AM,98,66
9/25/2026,2:35:51 AM,98,66
9/25/2026,2:35:52 AM,99,66
9/25/2026,2:35:53 AM,99,66
9/25/2026,2:35:54 AM,99,66
9/25/2026,2:35:55 AM,99,66
9/25/2026,2:35:56 AM,99,66
9/25/2026,2:35:57 AM,99,66
9/25/2026,2:35:58 AM,99,66
9/25/2026,2:35:59 AM,99,66
9/25/2026,2:36:00 AM,98,66
9/25/2026,2:36:01 AM,98,66
9/25/2026,2:36:02 AM,98,66
9/25/2026,2:36:03 AM,98,66
9/25/2026,2:36:04 AM,98,66
9/25/2026,2:36:05 AM,98,66
9/25/2026,2:36:06 AM,98,67
9/25/2026,2:36:07 AM,98,67
9/25/2026,2:36:08 AM,98,67
9/25/2026,2:36:09 AM,98,67
9/25/2026,2:36:10 AM,98,67
9/25/2026,2:36:11 AM,98,67
9/25/2026,2:36:12 AM,98,66
9/25/2026,2:36:13 AM,98,66
9/25/2026,2:36:14 AM,98,66
9/25/2026,2:36:15 AM,98,66
9/25/2026,2:36:16 AM,98,66
9/25/2026,2:36:17 AM,98,66
9/25/2026,2:36:18 AM,98,66
9/25/2026,2:36:19 AM,97,67
9/25/2026,2:36:20 AM,97,68
9/25/2026,2:36:21 AM,97,68
9/25/2026,2:36:22 AM,97,68
9/25/2026,2:36:23 AM,97,68
9/25/2026,2:36:24 AM,97,68
9/25/2026,2:36:25 AM,97,68
9/25/2026,2:36:26 AM,97,68
9/25/2026,2:36:27 AM,97,68
9/25/2026,2:36:28 AM,97,68
9/25/2026,2:36:29 AM,97,68
9/25/2026,2:36:30 AM,97,69
9/25/2026,2:36:31 AM,97,69
9/25/2026,2:36:32 AM,97,70
9/25/2026,2:36:33 AM,96,70
9/25/2026,2:36:34 AM,96,71
9/25/2026,2:36:35 AM,96,71
9/25/2026,2:36:36 AM,96,71
9/25/2026,2:36:37 AM,96,70
9/25/2026,2:36:38 AM,96,70
9/25/2026,2:36:39 AM,96,69
9/25/2026,2:36:40 AM,96,69
9/25/2026,2:36:41 AM,96,69
9/25/2026,2:36:42 AM,96,69
9/25/2026,2:36:43 AM,96,69
9/25/2026,2:36:44 AM,96,69
9/25/2026,2:36:45 AM,96,68
9/25/2026,2:36:46 AM,96,67
9/25/2026,2:36:47 AM,96,67
9/25/2026,2:36:48 AM,96,66
9/25/2026,2:36:49 AM,96,66
9/25/2026,2:36:50 AM,96,66
9/25/2026,2:36:51 AM,96,65
9/25/2026,2:36:52 AM,95,65
9/25/2026,2:36:53 AM,95,65
9/25/2026,2:36:54 AM,95,65
9/25/2026,2:36:55 AM,95,66
9/25/2026,2:36:56 AM,96,66
9/25/2026,2:36:57 AM,96,66
9/25/2026,2:36:58 AM,97,67
9/25/2026,2:36:59 AM,97,67
9/25/2026,2:37:00 AM,98,67
9/25/2026,2:37:01 AM,98,67
9/25/2026,2:37:02 AM,98,67
9/25/2026,2:37:03 AM,98,66
9/25/2026,2:37:04 AM,99,66
9/25/2026,2:37:05 AM,99,65
9/25/2026,2:37:06 AM,99,65
9/25/2026,2:37:07 AM,99,65
9/25/2026,2:37:08 AM,99,65
9/25/2026,2:37:09 AM,99,65
9/25/2026,2:37:10 AM,99,65
9/25/2026,2:37:11 AM,99,66
9/25/2026,2:37:12 AM,99,66
9/25/2026,2:37:13 AM,98,67
9/25/2026,2:37:14 AM,98,67
9/25/2026,2:37:15 AM,98,67
9/25/2026,2:37:16 AM,98,67
9/25/2026,2:37:17 AM,98,67
9/25/2026,2:37:18 AM,98,66
9/25/2026,2:37:19 AM,98,66
9/25/2026,2:37:20 AM,98,65
9/25/2026,2:37:21 AM,98,65
9/25/2026,2:37:22 AM,98,64
9/25/2026,2:37:23 AM,98,64
9/25/2026,2:37:24 AM,98,64
9/25/2026,2:37:25 AM,98,64
9/25/2026,2:37:26 AM,98,65
9/25/2026,2:37:27 AM,98,65
9/25/2026,2:37:28 AM,97,65
9/25/2026,2:37:29 AM,97,65
9/25/2026,2:37:30 AM,97,65
9/25/2026,2:37:31 AM,96,65
9/25/2026,2:37:32 AM,96,65
9/25/2026,2:37:33 AM,96,66
9/25/2026,2:37:34 AM,96,66
9/25/2026,2:37:35 AM,96,66
9/25/2026,2:37:36 AM,96,66
9/25/2026,2:37:37 AM,95,67
9/25/2026,2:37:38 AM,95,67
9/25/2026,2:37:39 AM,95,67
9/25/2026,2:37:40 AM,95,67
9/25/2026,2:37:41 AM,95,68
9/25/2026,2:37:42 AM,96,68
9/25/2026,2:37:43 AM,96,67
9/25/2026,2:37:44 AM,96,67
9/25/2026,2:37:45 AM,96,67
9/25/2026,2:37:46 AM,96,67
9/25/2026,2:37:47 AM,96,66
9/25/2026,2:37:48 AM,96,66
9/25/2026,2:37:49 AM,96,66
9/25/2026,2:37:50 AM,96,66
9/25/2026,2:37:51 AM,96,66
9/25/2026,2:37:52 AM,96,66
9/25/2026,2:37:53 AM,96,66
9/25/2026,2:37:54 AM,96,66
9/25/2026,2:37:55 AM,97,66
9/25/2026,2:37:56 AM,97,66
9/25/2026,2:37:57 AM,97,66
9/25/2026,2:37:58 AM,97,65
9/25/2026,2:37:59 AM,97,65
9/25/2026,2:38:00 AM,98,65
9/25/2026,2:38:01 AM,98,65
9/25/2026,2:38:02 AM,98,64
9/25/2026,2:38:03 AM,98,64
9/25/2026,2:38:04 AM,98,64
9/25/2026,2:38:05 AM,98,64
9/25/2026,2:38:06 AM,98,64
9/25/2026,2:38:07 AM,98,64
9/25/2026,2:38:08 AM,98,65
9/25/2026,2:38:09 AM,98,65
9/25/2026,2:38:10 AM,98,65
9/25/2026,2:38:11 AM,98,65
9/25/2026,2:38:12 AM,98,65
9/25/2026,2:38:13 AM,98,65
9/25/2026,2:38:14 AM,98,66
9/25/2026,2:38:15 AM,98,66
9/25/2026,2:38:16 AM,98,66
9/25/2026,2:38:17 AM,98,66
9/25/2026,2:38:18 AM,98,66
9/25/2026,2:38:19 AM,98,66
9/25/2026,2:38:20 AM,98,66
9/25/2026,2:38:21 AM,97,66
9/25/2026,2:38:22 AM,97,66
9/25/2026,2:38:23 AM,97,66
9/25/2026,2:38:24 AM,97,66
9/25/2026,2:38:25 AM,97,66
9/25/2026,2:38:26 AM,97,66
9/25/2026,2:38:27 AM,97,66
9/25/2026,2:38:28 AM,97,66
9/25/2026,2:38:29 AM,97,66
9/25/2026,2:38:30 AM,96,66
9/25/2026,2:38:31 AM,96,66
9/25/2026,2:38:32 AM,96,67
9/25/2026,2:38:33 AM,96,67
9/25/2026,2:38:34 AM,96,67
9/25/2026,2:38:35 AM,96,68
9/25/2026,2:38:36 AM,96,68
9/25/2026,2:38:37 AM,96,69
9/25/2026,2:38:38 AM,96,70
9/25/2026,2:38:39 AM,96,70
9/25/2026,2:38:40 AM,96,70
9/25/2026,2:38:41 AM,96,70
9/25/2026,2:38:42 AM,96,70
9/25/2026,2:38:43 AM,96,70
9/25/2026,2:38:44 AM,96,69
9/25/2026,2:38:45 AM,96,68
9/25/2026,2:38:46 AM,96,68
9/25/2026,2:38:47 AM,96,67
9/25/2026,2:38:48 AM,96,67
9/25/2026,2:38:49 AM,96,66
9/25/2026,2:38:50 AM,96,66
9/25/2026,2:38:51 AM,96,66
9/25/2026,2:38:52 AM,96,66
9/25/2026,2:38:53 AM,96,65
9/25/2026,2:38:54 AM,96,66
9/25/2026,2:38:55 AM,96,65
9/25/2026,2:38:56 AM,96,65
9/25/2026,2:38:57 AM,96,65
9/25/2026,2:38:58 AM,96,65
9/25/2026,2:38:59 AM,96,65
9/25/2026,2:39:00 AM,97,65
9/25/2026,2:39:01 AM,97,65
9/25/2026,2:39:02 AM,97,66
9/25/2026,2:39:03 AM,98,66
9/25/2026,2:39:04 AM,98,66
9/25/2026,2:39:05 AM,98,66
9/25/2026,2:39:06 AM,98,66
9/25/2026,2:39:07 AM,98,67
9/25/2026,2:39:08 AM,98,67
9/25/2026,2:39:09 AM,98,67
9/25/2026,2:39:10 AM,98,67
9/25/2026,2:39:11 AM,98,67
9/25/2026,2:39:12 AM,98,67
9/25/2026,2:39:13 AM,98,66
9/25/2026,2:39:14 AM,98,66
9/25/2026,2:39:15 AM,98,66
9/25/2026,2:39:16 AM,98,66
9/25/2026,2:39:17 AM,98,66
9/25/2026,2:39:18 AM,98,66
9/25/2026,2:39:19 AM,98,66
9/25/2026,2:39:20 AM,98,66
9/25/2026,2:39:21 AM,98,66
9/25/2026,2:39:22 AM,98,66
9/25/2026,2:39:23 AM,98,66
9/25/2026,2:39:24 AM,98,66
9/25/2026,2:39:25 AM,98,66
9/25/2026,2:39:26 AM,98,67
9/25/2026,2:39:27 AM,98,67
9/25/2026,2:39:28 AM,97,67
9/25/2026,2:39:29 AM,97,67
9/25/2026,2:39:30 AM,97,67
9/25/2026,2:39:31 AM,97,67
9/25/2026,2:39:32 AM,97,67
9/25/2026,2:39:33 AM,97,67
9/25/2026,2:39:34 AM,97,67
9/25/2026,2:39:35 AM,97,67
9/25/2026,2:39:36 AM,97,67
9/25/2026,2:39:37 AM,96,68
9/25/2026,2:39:38 AM,96,68
9/25/2026,2:39:39 AM,96,69
9/25/2026,2:39:40 AM,96,69
9/25/2026,2:39:41 AM,96,69
9/25/2026,2:39:42 AM,96,69
9/25/2026,2:39:43 AM,96,69
9/25/2026,2:39:44 AM,96,69
9/25/2026,2:39:45 AM,96,68
9/25/2026,2:39:46 AM,96,68
9/25/2026,2:39:47 AM,96,68
9/25/2026,2:39:48 AM,96,68
9/25/2026,2:39:49 AM,96,68
9/25/2026,2:39:50 AM,96,68
9/25/2026,2:39:51 AM,96,67
9/25/2026,2:39:52 AM,96,67
9/25/2026,2:39:53 AM,96,67
9/25/2026,2:39:54 AM,96,67
9/25/2026,2:39:55 AM,96,67
9/25/2026,2:39:56 AM,96,67
9/25/2026,2:39:57 AM,96,67
9/25/2026,2:39:58 AM,96,67
9/25/2026,2:39:59 AM,96,67
9/25/2026,2:40:00 AM,96,67
9/25/2026,2:40:01 AM,97,67
9/25/2026,2:40:02 AM,97,66
9/25/2026,2:40:03 AM,97,66
9/25/2026,2:40:04 AM,97,66
9/25/2026,2:40:05 AM,98,66
9/25/2026,2:40:06 AM,98,66
9/25/2026,2:40:07 AM,98,66
9/25/2026,2:40:08 AM,98,66
9/25/2026,2:40:09 AM,98,66
9/25/2026,2:40:10 AM,98,66
9/25/2026,2:40:11 AM,98,66
9/25/2026,2:40:12 AM,98,66
9/25/2026,2:40:13 AM,98,67
9/25/2026,2:40:14 AM,98,67
9/25/2026,2:40:15 AM,98,67
9/25/2026,2:40:16 AM,98,67
9/25/2026,2:40:17 AM,98,68
9/25/2026,2:40:18 AM,98,68
9/25/2026,2:40:19 AM,98,68
9/25/2026,2:40:20 AM,98,68
9/25/2026,2:40:21 AM,98,68
9/25/2026,2:40:22 AM,98,67
9/25/2026,2:40:23 AM,98,67
9/25/2026,2:40:24 AM,98,67
9/25/2026,2:40:25 AM,98,67
9/25/2026,2:40:26 AM,98,68
9/25/2026,2:40:27 AM,98,68
9/25/2026,2:40:28 AM,98,68
9/25/2026,2:40:29 AM,98,68
9/25/2026,2:40:30 AM,98,68
9/25/2026,2:40:31 AM,97,68
9/25/2026,2:40:32 AM,97,69
9/25/2026,2:40:33 AM,97,69
9/25/2026,2:40:34 AM,97,69
9/25/2026,2:40:35 AM,97,69
9/25/2026,2:40:36 AM,97,68
9/25/2026,2:40:37 AM,97,68
9/25/2026,2:40:38 AM,97,68
9/25/2026,2:40:39 AM,97,68
9/25/2026,2:40:40 AM,97,68
9/25/2026,2:40:41 AM,97,68
9/25/2026,2:40:42 AM,97,68
9/25/2026,2:40:43 AM,97,68
9/25/2026,2:40:44 AM,97,67
9/25/2026,2:40:45 AM,97,67
9/25/2026,2:40:46 AM,97,68
9/25/2026,2:40:47 AM,97,67
9/25/2026,2:40:48 AM,97,67
9/25/2026,2:40:49 AM,97,67
9/25/2026,2:40:50 AM,97,68
9/25/2026,2:40:51 AM,97,68
9/25/2026,2:40:52 AM,97,68
9/25/2026,2:40:53 AM,97,68
9/25/2026,2:40:54 AM,97,68
9/25/2026,2:40:55 AM,97,68
9/25/2026,2:40:56 AM,97,68
9/25/2026,2:40:57 AM,97,68
9/25/2026,2:40:58 AM,97,68
9/25/2026,2:40:59 AM,97,68
9/25/2026,2:41:00 AM,97,68
9/25/2026,2:41:01 AM,97,68
9/25/2026,2:41:02 AM,97,68
9/25/2026,2:41:03 AM,97,68
9/25/2026,2:41:04 AM,97,68
9/25/2026,2:41:05 AM,97,68
9/25/2026,2:41:06 AM,97,68
9/25/2026,2:41:07 AM,98,68
9/25/2026,2:41:08 AM,98,68
9/25/2026,2:41:09 AM,98,68
9/25/2026,2:41:10 AM,98,68
9/25/2026,2:41:11 AM,98,68
9/25/2026,2:41:12 AM,98,68
9/25/2026,2:41:13 AM,98,68
9/25/2026,2:41:14 AM,98,68
9/25/2026,2:41:15 AM,98,68
9/25/2026,2:41:16 AM,98,68
9/25/2026,2:41:17 AM,98,68
9/25/2026,2:41:18 AM,98,68
9/25/2026,2:41:19 AM,98,68
9/25/2026,2:41:20 AM,98,68
9/25/2026,2:41:21 AM,98,68
9/25/2026,2:41:22 AM,98,68
9/25/2026,2:41:23 AM,98,68
9/25/2026,2:41:24 AM,98,68
9/25/2026,2:41:25 AM,98,68
9/25/2026,2:41:26 AM,98,68
9/25/2026,2:41:27 AM,97,68
9/25/2026,2:41:28 AM,97,68
9/25/2026,2:41:29 AM,97,68
9/25/2026,2:41:30 AM,97,69
9/25/2026,2:41:31 AM,97,69
9/25/2026,2:41:32 AM,97,69
9/25/2026,2:41:33 AM,97,69
9/25/2026,2:41:34 AM,97,70
9/25/2026,2:41:35 AM,97,70
9/25/2026,2:41:36 AM,97,70
9/25/2026,2:41:37 AM,97,70
9/25/2026,2:41:38 AM,97,70
9/25/2026,2:41:39 AM,97,70
9/25/2026,2:41:40 AM,97,70
9/25/2026,2:41:41 AM,97,70
9/25/2026,2:41:42 AM,97,69
9/25/2026,2:41:43 AM,97,69
9/25/2026,2:41:44 AM,97,69
9/25/2026,2:41:45 AM,97,69
9/25/2026,2:41:46 AM,97,69
9/25/2026,2:41:47 AM,96,69
9/25/2026,2:41:48 AM,96,69
9/25/2026,2:41:49 AM,96,70
9/25/2026,2:41:50 AM,96,70
9/25/2026,2:41:51 AM,96,70
9/25/2026,2:41:52 AM,96,70
9/25/2026,2:41:53 AM,97,70
9/25/2026,2:41:54 AM,97,70
9/25/2026,2:41:55 AM,97,70
9/25/2026,2:41:56 AM,97,69
9/25/2026,2:41:57 AM,97,69
9/25/2026,2:41:58 AM,97,68
9/25/2026,2:41:59 AM,97,68
9/25/2026,2:42:00 AM,97,67
9/25/2026,2:42:01 AM,97,67
9/25/2026,2:42:02 AM,97,66
9/25/2026,2:42:03 AM,97,66
9/25/2026,2:42:04 AM,97,66
9/25/2026,2:42:05 AM,97,66
9/25/2026,2:42:06 AM,97,66
9/25/2026,2:42:07 AM,97,66
9/25/2026,2:42:08 AM,98,66
9/25/2026,2:42:09 AM,98,66
9/25/2026,2:42:10 AM,98,66
9/25/2026,2:42:11 AM,98,67
9/25/2026,2:42:12 AM,98,67
9/25/2026,2:42:13 AM,98,67
9/25/2026,2:42:14 AM,98,67
9/25/2026,2:42:15 AM,98,67
9/25/2026,2:42:16 AM,98,68
9/25/2026,2:42:17 AM,98,68
9/25/2026,2:42:18 AM,98,68
9/25/2026,2:42:19 AM,98,68
9/25/2026,2:42:20 AM,98,68
9/25/2026,2:42:21 AM,98,68
9/25/2026,2:42:22 AM,98,68
9/25/2026,2:42:23 AM,98,68
9/25/2026,2:42:24 AM,98,68
9/25/2026,2:42:25 AM,98,68
9/25/2026,2:42:26 AM,97,68
9/25/2026,2:42:27 AM,97,69
9/25/2026,2:42:28 AM,97,69
9/25/2026,2:42:29 AM,97,69
9/25/2026,2:42:30 AM,97,69
9/25/2026,2:42:31 AM,97,69
9/25/2026,2:42:32 AM,97,69
9/25/2026,2:42:33 AM,97,69
9/25/2026,2:42:34 AM,97,70
9/25/2026,2:42:35 AM,96,70
9/25/2026,2:42:36 AM,96,70
9/25/2026,2:42:37 AM,96,70
9/25/2026,2:42:38 AM,96,70
9/25/2026,2:42:39 AM,96,70
9/25/2026,2:42:40 AM,96,70
9/25/2026,2:42:41 AM,96,70
9/25/2026,2:42:42 AM,96,70
9/25/2026,2:42:43 AM,96,70
9/25/2026,2:42:44 AM,96,70
9/25/2026,2:42:45 AM,96,70
9/25/2026,2:42:46 AM,96,70
9/25/2026,2:42:47 AM,96,70
9/25/2026,2:42:48 AM,96,70
9/25/2026,2:42:49 AM,96,70
9/25/2026,2:42:50 AM,96,70
9/25/2026,2:42:51 AM,97,69
9/25/2026,2:42:52 AM,97,69
9/25/2026,2:42:53 AM,97,68
9/25/2026,2:42:54 AM,97,68
9/25/2026,2:42:55 AM,97,68
9/25/2026,2:42:56 AM,97,68
9/25/2026,2:42:57 AM,97,68
9/25/2026,2:42:58 AM,97,68
9/25/2026,2:42:59 AM,97,68
9/25/2026,2:43:00 AM,98,68
9/25/2026,2:43:01 AM,98,68
9/25/2026,2:43:02 AM,98,69
9/25/2026,2:43:03 AM,98,69
9/25/2026,2:43:04 AM,98,69
9/25/2026,2:43:05 AM,98,70
9/25/2026,2:43:06 AM,98,70
9/25/2026,2:43:07 AM,98,70
9/25/2026,2:43:08 AM,98,70
9/25/2026,2:43:09 AM,98,70
9/25/2026,2:43:10 AM,98,70
9/25/2026,2:43:11 AM,98,69
9/25/2026,2:43:12 AM,98,69
9/25/2026,2:43:13 AM,98,69
9/25/2026,2:43:14 AM,98,69
9/25/2026,2:43:15 AM,98,69
9/25/2026,2:43:16 AM,98,70
9/25/2026,2:43:17 AM,98,70
9/25/2026,2:43:18 AM,98,70
9/25/2026,2:43:19 AM,98,70
9/25/2026,2:43:20 AM,98,70
9/25/2026,2:43:21 AM,98,70
9/25/2026,2:43:22 AM,98,71
9/25/2026,2:43:23 AM,98,71
9/25/2026,2:43:24 AM,98,71
9/25/2026,2:43:25 AM,97,71
9/25/2026,2:43:26 AM,97,71
9/25/2026,2:43:27 AM,97,71
9/25/2026,2:43:28 AM,97,71
9/25/2026,2:43:29 AM,97,71
9/25/2026,2:43:30 AM,97,71
9/25/2026,2:43:31 AM,97,71
9/25/2026,2:43:32 AM,97,71
9/25/2026,2:43:33 AM,97,71
9/25/2026,2:43:34 AM,97,71
9/25/2026,2:43:35 AM,97,70
9/25/2026,2:43:36 AM,97,70
9/25/2026,2:43:37 AM,97,70
9/25/2026,2:43:38 AM,97,70
9/25/2026,2:43:39 AM,97,70
9/25/2026,2:43:40 AM,97,70
9/25/2026,2:43:41 AM,97,70
9/25/2026,2:43:42 AM,97,71
9/25/2026,2:43:43 AM,97,71
9/25/2026,2:43:44 AM,97,72
9/25/2026,2:43:45 AM,97,72
9/25/2026,2:43:46 AM,97,72
9/25/2026,2:43:47 AM,97,72
9/25/2026,2:43:48 AM,97,73
9/25/2026,2:43:49 AM,97,72
9/25/2026,2:43:50 AM,97,73
9/25/2026,2:43:51 AM,97,73
9/25/2026,2:43:52 AM,97,73
9/25/2026,2:43:53 AM,97,74
9/25/2026,2:43:54 AM,97,74
9/25/2026,2:43:55 AM,97,74
9/25/2026,2:43:56 AM,97,74
9/25/2026,2:43:57 AM,97,73
9/25/2026,2:43:58 AM,97,72
9/25/2026,2:43:59 AM,97,71
9/25/2026,2:44:00 AM,97,70
9/25/2026,2:44:01 AM,97,69
9/25/2026,2:44:02 AM,97,68
9/25/2026,2:44:03 AM,97,68
9/25/2026,2:44:04 AM,97,67
9/25/2026,2:44:05 AM,97,67
9/25/2026,2:44:06 AM,97,67
9/25/2026,2:44:07 AM,97,67
9/25/2026,2:44:08 AM,98,67
9/25/2026,2:44:09 AM,98,67
9/25/2026,2:44:10 AM,98,67
9/25/2026,2:44:11 AM,98,67
9/25/2026,2:44:12 AM,98,67
9/25/2026,2:44:13 AM,98,68
9/25/2026,2:44:14 AM,98,68
9/25/2026,2:44:15 AM,98,68
9/25/2026,2:44:16 AM,98,68
9/25/2026,2:44:17 AM,98,68
9/25/2026,2:44:18 AM,98,69
9/25/2026,2:44:19 AM,98,69
9/25/2026,2:44:20 AM,98,69
9/25/2026,2:44:21 AM,98,69
9/25/2026,2:44:22 AM,98,69
9/25/2026,2:44:23 AM,98,69
9/25/2026,2:44:24 AM,98,69
9/25/2026,2:44:25 AM,98,69
9/25/2026,2:44:26 AM,98,69
9/25/2026,2:44:27 AM,98,70
9/25/2026,2:44:28 AM,98,70
9/25/2026,2:44:29 AM,98,70
9/25/2026,2:44:30 AM,97,70
9/25/2026,2:44:31 AM,97,70
9/25/2026,2:44:32 AM,97,70
9/25/2026,2:44:33 AM,97,70
9/25/2026,2:44:34 AM,97,70
9/25/2026,2:44:35 AM,97,70
9/25/2026,2:44:36 AM,97,70
9/25/2026,2:44:37 AM,97,70
9/25/2026,2:44:38 AM,96,70
9/25/2026,2:44:39 AM,96,70
9/25/2026,2:44:40 AM,96,70
9/25/2026,2:44:41 AM,96,70
9/25/2026,2:44:42 AM,96,70
9/25/2026,2:44:43 AM,96,70
9/25/2026,2:44:44 AM,96,70
9/25/2026,2:44:45 AM,96,71
9/25/2026,2:44:46 AM,96,72
9/25/2026,2:44:47 AM,96,72
9/25/2026,2:44:48 AM,96,72
9/25/2026,2:44:49 AM,96,71
9/25/2026,2:44:50 AM,96,71
9/25/2026,2:44:51 AM,96,71
9/25/2026,2:44:52 AM,96,70
9/25/2026,2:44:53 AM,96,69
9/25/2026,2:44:54 AM,96,67
9/25/2026,2:44:55 AM,96,66
9/25/2026,2:44:56 AM,96,66
9/25/2026,2:44:57 AM,96,66
9/25/2026,2:44:58 AM,96,66
9/25/2026,2:44:59 AM,96,65
9/25/2026,2:45:00 AM,96,66
9/25/2026,2:45:01 AM,96,66
9/25/2026,2:45:02 AM,96,67
9/25/2026,2:45:03 AM,96,67
9/25/2026,2:45:04 AM,96,68
9/25/2026,2:45:05 AM,96,68
9/25/2026,2:45:06 AM,96,68
9/25/2026,2:45:07 AM,97,69
9/25/2026,2:45:08 AM,97,69
9/25/2026,2:45:09 AM,98,69
9/25/2026,2:45:10 AM,98,70
9/25/2026,2:45:11 AM,98,70
9/25/2026,2:45:12 AM,98,70
9/25/2026,2:45:13 AM,98,70
9/25/2026,2:45:14 AM,98,70
9/25/2026,2:45:15 AM,98,70
9/25/2026,2:45:16 AM,98,70
9/25/2026,2:45:17 AM,98,70
9/25/2026,2:45:18 AM,98,70
9/25/2026,2:45:19 AM,98,70
9/25/2026,2:45:20 AM,98,70
9/25/2026,2:45:21 AM,98,70
9/25/2026,2:45:22 AM,98,70
9/25/2026,2:45:23 AM,98,70
9/25/2026,2:45:24 AM,98,70
9/25/2026,2:45:25 AM,98,71
9/25/2026,2:45:26 AM,98,71
9/25/2026,2:45:27 AM,98,71
9/25/2026,2:45:28 AM,98,71
9/25/2026,2:45:29 AM,98,71
9/25/2026,2:45:30 AM,97,71
9/25/2026,2:45:31 AM,97,71
9/25/2026,2:45:32 AM,97,71
9/25/2026,2:45:33 AM,97,71
9/25/2026,2:45:34 AM,97,71
9/25/2026,2:45:35 AM,97,71
9/25/2026,2:45:36 AM,97,71
9/25/2026,2:45:37 AM,97,70
9/25/2026,2:45:38 AM,97,71
9/25/2026,2:45:39 AM,97,70
9/25/2026,2:45:40 AM,97,70
9/25/2026,2:45:41 AM,96,70
9/25/2026,2:45:42 AM,96,70
9/25/2026,2:45:43 AM,96,70
9/25/2026,2:45:44 AM,96,70
9/25/2026,2:45:45 AM,96,70
9/25/2026,2:45:46 AM,96,70
9/25/2026,2:45:47 AM,96,70
9/25/2026,2:45:48 AM,96,70
9/25/2026,2:45:49 AM,96,70
9/25/2026,2:45:50 AM,96,70
9/25/2026,2:45:51 AM,96,70
9/25/2026,2:45:52 AM,96,70
9/25/2026,2:45:53 AM,96,70
9/25/2026,2:45:54 AM,96,70
9/25/2026,2:45:55 AM,96,70
9/25/2026,2:45:56 AM,96,70
9/25/2026,2:45:57 AM,97,70
9/25/2026,2:45:58 AM,97,70
9/25/2026,2:45:59 AM,97,70
9/25/2026,2:46:00 AM,97,70
9/25/2026,2:46:01 AM,97,70
9/25/2026,2:46:02 AM,97,70
9/25/2026,2:46:03 AM,97,70
9/25/2026,2:46:04 AM,97,70
9/25/2026,2:46:05 AM,97,70
9/25/2026,2:46:06 AM,98,70
9/25/2026,2:46:07 AM,98,70
9/25/2026,2:46:08 AM,98,70
9/25/2026,2:46:09 AM,98,70
9/25/2026,2:46:10 AM,98,70
9/25/2026,2:46:11 AM,98,70
9/25/2026,2:46:12 AM,98,70
9/25/2026,2:46:13 AM,98,70
9/25/2026,2:46:14 AM,98,70
9/25/2026,2:46:15 AM,98,71
9/25/2026,2:46:16 AM,98,71
9/25/2026,2:46:17 AM,98,71
9/25/2026,2:46:18 AM,98,71
9/25/2026,2:46:19 AM,98,71
9/25/2026,2:46:20 AM,98,71
9/25/2026,2:46:21 AM,98,71
9/25/2026,2:46:22 AM,98,70
9/25/2026,2:46:23 AM,98,70
9/25/2026,2:46:24 AM,98,69
9/25/2026,2:46:25 AM,98,69
9/25/2026,2:46:26 AM,98,69
9/25/2026,2:46:27 AM,98,69
9/25/2026,2:46:28 AM,98,68
9/25/2026,2:46:29 AM,98,68
9/25/2026,2:46:30 AM,98,68
9/25/2026,2:46:31 AM,98,68
9/25/2026,2:46:32 AM,98,68
9/25/2026,2:46:33 AM,98,68
9/25/2026,2:46:34 AM,98,68
9/25/2026,2:46:35 AM,98,67
9/25/2026,2:46:36 AM,98,68
9/25/2026,2:46:37 AM,98,68
9/25/2026,2:46:38 AM,98,68
9/25/2026,2:46:39 AM,98,68
9/25/2026,2:46:40 AM,97,68
9/25/2026,2:46:41 AM,97,68
9/25/2026,2:46:42 AM,97,68
9/25/2026,2:46:43 AM,97,69
9/25/2026,2:46:44 AM,97,69
9/25/2026,2:46:45 AM,97,69
9/25/2026,2:46:46 AM,97,69
9/25/2026,2:46:47 AM,97,69
9/25/2026,2:46:48 AM,97,70
9/25/2026,2:46:49 AM,97,70
9/25/2026,2:46:50 AM,97,70
9/25/2026,2:46:51 AM,97,70
9/25/2026,2:46:52 AM,97,70
9/25/2026,2:46:53 AM,97,70
9/25/2026,2:46:54 AM,97,70
9/25/2026,2:46:55 AM,97,70
9/25/2026,2:46:56 AM,97,70
9/25/2026,2:46:57 AM,97,70
9/25/2026,2:46:58 AM,97,70
9/25/2026,2:46:59 AM,97,70
9/25/2026,2:47:00 AM,97,70
9/25/2026,2:47:01 AM,97,70
9/25/2026,2:47:02 AM,97,70
9/25/2026,2:47:03 AM,97,70
9/25/2026,2:47:04 AM,97,70
9/25/2026,2:47:05 AM,97,70
9/25/2026,2:47:06 AM,97,70
9/25/2026,2:47:07 AM,97,70
9/25/2026,2:47:08 AM,97,70
9/25/2026,2:47:09 AM,97,70
9/25/2026,2:47:10 AM,97,70
9/25/2026,2:47:11 AM,97,70
9/25/2026,2:47:12 AM,97,70
9/25/2026,2:47:13 AM,97,70
9/25/2026,2:47:14 AM,97,70
9/25/2026,2:47:15 AM,97,70
9/25/2026,2:47:16 AM,97,70
9/25/2026,2:47:17 AM,97,70
9/25/2026,2:47:18 AM,97,70
9/25/2026,2:47:19 AM,97,70
9/25/2026,2:47:20 AM,97,71
9/25/2026,2:47:21 AM,97,71
9/25/2026,2:47:22 AM,97,71
9/25/2026,2:47:23 AM,97,71
9/25/2026,2:47:24 AM,97,71
9/25/2026,2:47:25 AM,97,71
9/25/2026,2:47:26 AM,98,71
9/25/2026,2:47:27 AM,98,72
9/25/2026,2:47:28 AM,98,71
9/25/2026,2:47:29 AM,98,71
9/25/2026,2:47:30 AM,98,71
9/25/2026,2:47:31 AM,98,71
9/25/2026,2:47:32 AM,98,71
9/25/2026,2:47:33 AM,98,71
9/25/2026,2:47:34 AM,97,71
9/25/2026,2:47:35 AM,97,71
9/25/2026,2:47:36 AM,97,71
9/25/2026,2:47:37 AM,97,70
9/25/2026,2:47:38 AM,97,70
9/25/2026,2:47:39 AM,98,70
9/25/2026,2:47:40 AM,98,70
9/25/2026,2:47:41 AM,98,70
9/25/2026,2:47:42 AM,98,70
9/25/2026,2:47:43 AM,98,70
9/25/2026,2:47:44 AM,98,70
9/25/2026,2:47:45 AM,98,70
9/25/2026,2:47:46 AM,98,70
9/25/2026,2:47:47 AM,98,70
9/25/2026,2:47:48 AM,98,70
9/25/2026,2:47:49 AM,98,69
9/25/2026,2:47:50 AM,98,69
9/25/2026,2:47:51 AM,98,69
9/25/2026,2:47:52 AM,98,69
9/25/2026,2:47:53 AM,98,69
9/25/2026,2:47:54 AM,98,69
9/25/2026,2:47:55 AM,98,69
9/25/2026,2:47:56 AM,98,69
9/25/2026,2:47:57 AM,98,69
9/25/2026,2:47:58 AM,97,69
9/25/2026,2:47:59 AM,97,69
9/25/2026,2:48:00 AM,97,69
9/25/2026,2:48:01 AM,97,70
9/25/2026,2:48:02 AM,97,70
9/25/2026,2:48:03 AM,97,70
9/25/2026,2:48:04 AM,97,71
9/25/2026,2:48:05 AM,97,71
9/25/2026,2:48:06 AM,97,71
9/25/2026,2:48:07 AM,97,72
9/25/2026,2:48:08 AM,97,72
9/25/2026,2:48:09 AM,97,72
9/25/2026,2:48:10 AM,97,72
9/25/2026,2:48:11 AM,97,72
9/25/2026,2:48:12 AM,97,72
9/25/2026,2:48:13 AM,97,72
9/25/2026,2:48:14 AM,97,71
9/25/2026,2:48:15 AM,97,71
9/25/2026,2:48:16 AM,97,71
9/25/2026,2:48:17 AM,97,71
9/25/2026,2:48:18 AM,97,71
9/25/2026,2:48:19 AM,97,71
9/25/2026,2:48:20 AM,97,70
9/25/2026,2:48:21 AM,97,70
9/25/2026,2:48:22 AM,97,70
9/25/2026,2:48:23 AM,97,71
9/25/2026,2:48:24 AM,97,70
9/25/2026,2:48:25 AM,97,70
9/25/2026,2:48:26 AM,97,71
9/25/2026,2:48:27 AM,97,71
9/25/2026,2:48:28 AM,97,71
9/25/2026,2:48:29 AM,97,71
9/25/2026,2:48:30 AM,97,71
9/25/2026,2:48:31 AM,98,71
9/25/2026,2:48:32 AM,98,71
9/25/2026,2:48:33 AM,98,71
9/25/2026,2:48:34 AM,98,71
9/25/2026,2:48:35 AM,98,71
9/25/2026,2:48:36 AM,98,71
9/25/2026,2:48:37 AM,98,71
9/25/2026,2:48:38 AM,98,71
9/25/2026,2:48:39 AM,98,71
9/25/2026,2:48:40 AM,98,71
9/25/2026,2:48:41 AM,98,72
9/25/2026,2:48:42 AM,98,72
9/25/2026,2:48:43 AM,98,72
9/25/2026,2:48:44 AM,98,73
9/25/2026,2:48:45 AM,98,72
9/25/2026,2:48:46 AM,98,72
9/25/2026,2:48:47 AM,98,72
9/25/2026,2:48:48 AM,97,72
9/25/2026,2:48:49 AM,97,72
9/25/2026,2:48:50 AM,97,71
9/25/2026,2:48:51 AM,97,71
9/25/2026,2:48:52 AM,97,71
9/25/2026,2:48:53 AM,97,71
9/25/2026,2:48:54 AM,97,71
9/25/2026,2:48:55 AM,97,71
9/25/2026,2:48:56 AM,97,71
9/25/2026,2:48:57 AM,97,71
9/25/2026,2:48:58 AM,97,71
9/25/2026,2:48:59 AM,97,71
9/25/2026,2:49:00 AM,97,71
9/25/2026,2:49:01 AM,97,71
9/25/2026,2:49:02 AM,97,71
9/25/2026,2:49:03 AM,97,71
9/25/2026,2:49:04 AM,97,70
9/25/2026,2:49:05 AM,97,71
9/25/2026,2:49:06 AM,97,70
9/25/2026,2:49:07 AM,97,70
9/25/2026,2:49:08 AM,97,70
9/25/2026,2:49:09 AM,97,71
9/25/2026,2:49:10 AM,97,71
9/25/2026,2:49:11 AM,97,71
9/25/2026,2:49:12 AM,97,72
9/25/2026,2:49:13 AM,97,72
9/25/2026,2:49:14 AM,97,73
9/25/2026,2:49:15 AM,97,73
9/25/2026,2:49:16 AM,97,73
9/25/2026,2:49:17 AM,97,72
9/25/2026,2:49:18 AM,97,72
9/25/2026,2:49:19 AM,97,70
9/25/2026,2:49:20 AM,97,70
9/25/2026,2:49:21 AM,97,69
9/25/2026,2:49:22 AM,97,69
9/25/2026,2:49:23 AM,97,69
9/25/2026,2:49:24 AM,97,69
9/25/2026,2:49:25 AM,97,69
9/25/2026,2:49:26 AM,97,69
9/25/2026,2:49:27 AM,97,69
9/25/2026,2:49:28 AM,97,69
9/25/2026,2:49:29 AM,97,69
9/25/2026,2:49:30 AM,97,69
9/25/2026,2:49:31 AM,98,69
9/25/2026,2:49:32 AM,98,70
9/25/2026,2:49:33 AM,98,70
9/25/2026,2:49:34 AM,98,70
9/25/2026,2:49:35 AM,98,70
9/25/2026,2:49:36 AM,98,70
9/25/2026,2:49:37 AM,98,70
9/25/2026,2:49:38 AM,98,70
9/25/2026,2:49:39 AM,98,70
9/25/2026,2:49:40 AM,98,70
9/25/2026,2:49:41 AM,98,71
9/25/2026,2:49:42 AM,98,71
9/25/2026,2:49:43 AM,98,71
9/25/2026,2:49:44 AM,97,71
9/25/2026,2:49:45 AM,97,71
9/25/2026,2:49:46 AM,97,71
9/25/2026,2:49:47 AM,97,71
9/25/2026,2:49:48 AM,97,71
9/25/2026,2:49:49 AM,97,71
9/25/2026,2:49:50 AM,97,71
9/25/2026,2:49:51 AM,97,71
9/25/2026,2:49:52 AM,97,71
9/25/2026,2:49:53 AM,97,71
9/25/2026,2:49:54 AM,97,71
9/25/2026,2:49:55 AM,97,71
9/25/2026,2:49:56 AM,97,71
9/25/2026,2:49:57 AM,97,71
9/25/2026,2:49:58 AM,97,71
9/25/2026,2:49:59 AM,97,71
9/25/2026,2:50:00 AM,97,71
9/25/2026,2:50:01 AM,97,71
9/25/2026,2:50:02 AM,97,73
9/25/2026,2:50:03 AM,97,73
9/25/2026,2:50:04 AM,97,74
9/25/2026,2:50:05 AM,97,74
9/25/2026,2:50:06 AM,97,75
9/25/2026,2:50:07 AM,97,75
9/25/2026,2:50:08 AM,97,75
9/25/2026,2:50:09 AM,97,74
9/25/2026,2:50:10 AM,97,74
9/25/2026,2:50:11 AM,97,72
9/25/2026,2:50:12 AM,97,70
9/25/2026,2:50:13 AM,97,70
9/25/2026,2:50:14 AM,97,69
9/25/2026,2:50:15 AM,97,69
9/25/2026,2:50:16 AM,97,69
9/25/2026,2:50:17 AM,97,68
9/25/2026,2:50:18 AM,97,68
9/25/2026,2:50:19 AM,97,69
9/25/2026,2:50:20 AM,97,69
9/25/2026,2:50:21 AM,97,69
9/25/2026,2:50:22 AM,97,69
9/25/2026,2:50:23 AM,98,69
9/25/2026,2:50:24 AM,98,69
9/25/2026,2:50:25 AM,98,70
9/25/2026,2:50:26 AM,98,70
9/25/2026,2:50:27 AM,98,71
9/25/2026,2:50:28 AM,98,71
9/25/2026,2:50:29 AM,98,72
9/25/2026,2:50:30 AM,98,72
9/25/2026,2:50:31 AM,98,72
9/25/2026,2:50:32 AM,98,72
9/25/2026,2:50:33 AM,98,72
9/25/2026,2:50:34 AM,98,72
9/25/2026,2:50:35 AM,98,71
9/25/2026,2:50:36 AM,98,70
9/25/2026,2:50:37 AM,98,69
9/25/2026,2:50:38 AM,98,69
9/25/2026,2:50:39 AM,98,69
9/25/2026,2:50:40 AM,98,69
9/25/2026,2:50:41 AM,98,69
9/25/2026,2:50:42 AM,98,69
9/25/2026,2:50:43 AM,98,70
9/25/2026,2:50:44 AM,98,70
9/25/2026,2:50:45 AM,98,70
9/25/2026,2:50:46 AM,98,70
9/25/2026,2:50:47 AM,98,71
9/25/2026,2:50:48 AM,98,71
9/25/2026,2:50:49 AM,98,71
9/25/2026,2:50:50 AM,98,71
9/25/2026,2:50:51 AM,98,71
9/25/2026,2:50:52 AM,97,71
9/25/2026,2:50:53 AM,97,71
9/25/2026,2:50:54 AM,97,70
9/25/2026,2:50:55 AM,97,70
9/25/2026,2:50:56 AM,97,70
9/25/2026,2:50:57 AM,97,70
9/25/2026,2:50:58 AM,97,70
9/25/2026,2:50:59 AM,97,70
9/25/2026,2:51:00 AM,97,70
9/25/2026,2:51:01 AM,97,71
9/25/2026,2:51:02 AM,97,71
9/25/2026,2:51:03 AM,97,71
9/25/2026,2:51:04 AM,97,71
9/25/2026,2:51:05 AM,97,71
9/25/2026,2:51:06 AM,97,71
9/25/2026,2:51:07 AM,97,71
9/25/2026,2:51:08 AM,97,71
9/25/2026,2:51:09 AM,97,71
9/25/2026,2:51:10 AM,97,71
9/25/2026,2:51:11 AM,97,72
9/25/2026,2:51:12 AM,97,71
9/25/2026,2:51:13 AM,97,71
9/25/2026,2:51:14 AM,97,71
9/25/2026,2:51:15 AM,97,71
9/25/2026,2:51:16 AM,97,71
9/25/2026,2:51:17 AM,97,70
9/25/2026,2:51:18 AM,97,70
9/25/2026,2:51:19 AM,97,70
9/25/2026,2:51:20 AM,97,69
9/25/2026,2:51:21 AM,97,69
9/25/2026,2:51:22 AM,97,69
9/25/2026,2:51:23 AM,97,69
9/25/2026,2:51:24 AM,97,69
9/25/2026,2:51:25 AM,97,69
9/25/2026,2:51:26 AM,97,70
9/25/2026,2:51:27 AM,97,70
9/25/2026,2:51:28 AM,97,70
9/25/2026,2:51:29 AM,97,70
9/25/2026,2:51:30 AM,97,70
9/25/2026,2:51:31 AM,97,71
9/25/2026,2:51:32 AM,97,71
9/25/2026,2:51:33 AM,97,72
9/25/2026,2:51:34 AM,97,72
9/25/2026,2:51:35 AM,97,72
9/25/2026,2:51:36 AM,97,72
9/25/2026,2:51:37 AM,97,72
9/25/2026,2:51:38 AM,97,72
9/25/2026,2:51:39 AM,97,72
9/25/2026,2:51:40 AM,97,72
9/25/2026,2:51:41 AM,97,71
9/25/2026,2:51:42 AM,97,71
9/25/2026,2:51:43 AM,97,71
9/25/2026,2:51:44 AM,97,71
9/25/2026,2:51:45 AM,97,71
9/25/2026,2:51:46 AM,97,70
9/25/2026,2:51:47 AM,97,70
9/25/2026,2:51:48 AM,97,71
9/25/2026,2:51:49 AM,97,70
9/25/2026,2:51:50 AM,97,70
9/25/2026,2:51:51 AM,97,70
9/25/2026,2:51:52 AM,97,70
9/25/2026,2:51:53 AM,97,71
9/25/2026,2:51:54 AM,97,71
9/25/2026,2:51:55 AM,97,72
9/25/2026,2:51:56 AM,97,72
9/25/2026,2:51:57 AM,97,72
9/25/2026,2:51:58 AM,97,72
9/25/2026,2:51:59 AM,97,72
9/25/2026,2:52:00 AM,97,71
9/25/2026,2:52:01 AM,97,70
9/25/2026,2:52:02 AM,97,70
9/25/2026,2:52:03 AM,97,69
9/25/2026,2:52:04 AM,97,69
9/25/2026,2:52:05 AM,97,69
9/25/2026,2:52:06 AM,97,69
9/25/2026,2:52:07 AM,97,69
9/25/2026,2:52:08 AM,97,69
9/25/2026,2:52:09 AM,97,69
9/25/2026,2:52:10 AM,98,69
9/25/2026,2:52:11 AM,98,69
9/25/2026,2:52:12 AM,98,70
9/25/2026,2:52:13 AM,98,70
9/25/2026,2:52:14 AM,98,70
9/25/2026,2:52:15 AM,98,71
9/25/2026,2:52:16 AM,98,71
9/25/2026,2:52:17 AM,98,71
9/25/2026,2:52:18 AM,98,71
9/25/2026,2:52:19 AM,98,71
9/25/2026,2:52:20 AM,98,71
9/25/2026,2:52:21 AM,98,71
9/25/2026,2:52:22 AM,97,71
9/25/2026,2:52:23 AM,97,71
9/25/2026,2:52:24 AM,97,71
9/25/2026,2:52:25 AM,97,70
9/25/2026,2:52:26 AM,97,70
9/25/2026,2:52:27 AM,97,70
9/25/2026,2:52:28 AM,97,71
9/25/2026,2:52:29 AM,97,70
9/25/2026,2:52:30 AM,97,70
9/25/2026,2:52:31 AM,97,70
9/25/2026,2:52:32 AM,97,70
9/25/2026,2:52:33 AM,97,70
9/25/2026,2:52:34 AM,97,71
9/25/2026,2:52:35 AM,97,71
9/25/2026,2:52:36 AM,97,71
9/25/2026,2:52:37 AM,97,71
9/25/2026,2:52:38 AM,97,71
9/25/2026,2:52:39 AM,97,72
9/25/2026,2:52:40 AM,97,72
9/25/2026,2:52:41 AM,97,72
9/25/2026,2:52:42 AM,97,73
9/25/2026,2:52:43 AM,97,73
9/25/2026,2:52:44 AM,97,73
9/25/2026,2:52:45 AM,97,72
9/25/2026,2:52:46 AM,97,72
9/25/2026,2:52:47 AM,97,72
9/25/2026,2:52:48 AM,97,71
9/25/2026,2:52:49 AM,97,71
9/25/2026,2:52:50 AM,97,71
9/25/2026,2:52:51 AM,97,71
9/25/2026,2:52:52 AM,97,70
9/25/2026,2:52:53 AM,97,70
9/25/2026,2:52:54 AM,97,70
9/25/2026,2:52:55 AM,97,70
9/25/2026,2:52:56 AM,97,71
9/25/2026,2:52:57 AM,97,71
9/25/2026,2:52:58 AM,97,71
9/25/2026,2:52:59 AM,97,71
9/25/2026,2:53:00 AM,97,71
9/25/2026,2:53:01 AM,97,71
9/25/2026,2:53:02 AM,97,71
9/25/2026,2:53:03 AM,97,71
9/25/2026,2:53:04 AM,97,71
9/25/2026,2:53:05 AM,97,71
9/25/2026,2:53:06 AM,97,71
9/25/2026,2:53:07 AM,97,71
9/25/2026,2:53:08 AM,97,71
9/25/2026,2:53:09 AM,97,71
9/25/2026,2:53:10 AM,97,71
9/25/2026,2:53:11 AM,97,71
9/25/2026,2:53:12 AM,97,71
9/25/2026,2:53:13 AM,97,71
9/25/2026,2:53:14 AM,97,71
9/25/2026,2:53:15 AM,97,71
9/25/2026,2:53:16 AM,97,71
9/25/2026,2:53:17 AM,97,71
9/25/2026,2:53:18 AM,97,71
9/25/2026,2:53:19 AM,97,71
9/25/2026,2:53:20 AM,97,71
9/25/2026,2:53:21 AM,97,70
9/25/2026,2:53:22 AM,97,70
9/25/2026,2:53:23 AM,97,71
9/25/2026,2:53:24 AM,97,70
9/25/2026,2:53:25 AM,97,71
9/25/2026,2:53:26 AM,97,71
9/25/2026,2:53:27 AM,98,71
9/25/2026,2:53:28 AM,98,71
9/25/2026,2:53:29 AM,98,71
9/25/2026,2:53:30 AM,98,72
9/25/2026,2:53:31 AM,98,71
9/25/2026,2:53:32 AM,98,71
9/25/2026,2:53:33 AM,98,71
9/25/2026,2:53:34 AM,98,71
9/25/2026,2:53:35 AM,98,71
9/25/2026,2:53:36 AM,98,71
9/25/2026,2:53:37 AM,98,71
9/25/2026,2:53:38 AM,97,71
9/25/2026,2:53:39 AM,97,71
9/25/2026,2:53:40 AM,97,71
9/25/2026,2:53:41 AM,97,72
9/25/2026,2:53:42 AM,97,72
9/25/2026,2:53:43 AM,97,72
9/25/2026,2:53:44 AM,97,72
9/25/2026,2:53:45 AM,97,73
9/25/2026,2:53:46 AM,97,73
9/25/2026,2:53:47 AM,97,73
9/25/2026,2:53:48 AM,97,73
9/25/2026,2:53:49 AM,97,73
9/25/2026,2:53:50 AM,97,73
9/25/2026,2:53:51 AM,97,73
9/25/2026,2:53:52 AM,97,73
9/25/2026,2:53:53 AM,97,73
9/25/2026,2:53:54 AM,97,73
9/25/2026,2:53:55 AM,97,73
9/25/2026,2:53:56 AM,97,73
9/25/2026,2:53:57 AM,97,73
9/25/2026,2:53:58 AM,97,73
9/25/2026,2:53:59 AM,97,73
9/25/2026,2:54:00 AM,97,72
9/25/2026,2:54:01 AM,97,72
9/25/2026,2:54:02 AM,97,72
9/25/2026,2:54:03 AM,97,72
9/25/2026,2:54:04 AM,97,72
9/25/2026,2:54:05 AM,97,71
9/25/2026,2:54:06 AM,97,72
9/25/2026,2:54:07 AM,97,72
9/25/2026,2:54:08 AM,97,72
9/25/2026,2:54:09 AM,97,72
9/25/2026,2:54:10 AM,97,72
9/25/2026,2:54:11 AM,97,72
9/25/2026,2:54:12 AM,97,72
9/25/2026,2:54:13 AM,97,72
9/25/2026,2:54:14 AM,97,72
9/25/2026,2:54:15 AM,97,72
9/25/2026,2:54:16 AM,97,71
9/25/2026,2:54:17 AM,97,71
9/25/2026,2:54:18 AM,97,71
9/25/2026,2:54:19 AM,97,71
9/25/2026,2:54:20 AM,97,71
9/25/2026,2:54:21 AM,97,71
9/25/2026,2:54:22 AM,97,71
9/25/2026,2:54:23 AM,97,71
9/25/2026,2:54:24 AM,97,72
9/25/2026,2:54:25 AM,97,73
9/25/2026,2:54:26 AM,97,73
9/25/2026,2:54:27 AM,97,74
9/25/2026,2:54:28 AM,97,74
9/25/2026,2:54:29 AM,97,74
9/25/2026,2:54:30 AM,97,74
9/25/2026,2:54:31 AM,97,74
9/25/2026,2:54:32 AM,97,73
9/25/2026,2:54:33 AM,97,72
9/25/2026,2:54:34 AM,97,70
9/25/2026,2:54:35 AM,97,70
9/25/2026,2:54:36 AM,97,69
9/25/2026,2:54:37 AM,97,69
9/25/2026,2:54:38 AM,97,69
9/25/2026,2:54:39 AM,97,69
9/25/2026,2:54:40 AM,97,69
9/25/2026,2:54:41 AM,98,69
9/25/2026,2:54:42 AM,98,69
9/25/2026,2:54:43 AM,98,69
9/25/2026,2:54:44 AM,98,69
9/25/2026,2:54:45 AM,98,69
9/25/2026,2:54:46 AM,98,70
9/25/2026,2:54:47 AM,98,70
9/25/2026,2:54:48 AM,98,70
9/25/2026,2:54:49 AM,98,70
9/25/2026,2:54:50 AM,98,71
9/25/2026,2:54:51 AM,98,70
9/25/2026,2:54:52 AM,98,70
9/25/2026,2:54:53 AM,97,70
9/25/2026,2:54:54 AM,97,70
9/25/2026,2:54:55 AM,97,70
9/25/2026,2:54:56 AM,97,70
9/25/2026,2:54:57 AM,97,70
9/25/2026,2:54:58 AM,97,70
9/25/2026,2:54:59 AM,97,70
9/25/2026,2:55:00 AM,97,71
9/25/2026,2:55:01 AM,97,71
9/25/2026,2:55:02 AM,97,71
9/25/2026,2:55:03 AM,97,71
9/25/2026,2:55:04 AM,97,71
9/25/2026,2:55:05 AM,97,71
9/25/2026,2:55:06 AM,97,71
9/25/2026,2:55:07 AM,97,71
9/25/2026,2:55:08 AM,97,71
9/25/2026,2:55:09 AM,97,71
9/25/2026,2:55:10 AM,97,71
9/25/2026,2:55:11 AM,97,71
9/25/2026,2:55:12 AM,97,71
9/25/2026,2:55:13 AM,97,71
9/25/2026,2:55:14 AM,97,71
9/25/2026,2:55:15 AM,97,71
9/25/2026,2:55:16 AM,97,71
9/25/2026,2:55:17 AM,97,70
9/25/2026,2:55:18 AM,97,70
9/25/2026,2:55:19 AM,97,70
9/25/2026,2:55:20 AM,97,70
9/25/2026,2:55:21 AM,97,70
9/25/2026,2:55:22 AM,97,71
9/25/2026,2:55:23 AM,97,71
9/25/2026,2:55:24 AM,97,71
9/25/2026,2:55:25 AM,97,72
9/25/2026,2:55:26 AM,97,73
9/25/2026,2:55:27 AM,97,73
9/25/2026,2:55:28 AM,97,74
9/25/2026,2:55:29 AM,97,75
9/25/2026,2:55:30 AM,97,74
9/25/2026,2:55:31 AM,97,74
9/25/2026,2:55:32 AM,97,74
9/25/2026,2:55:33 AM,97,73
9/25/2026,2:55:34 AM,97,71
9/25/2026,2:55:35 AM,97,71
9/25/2026,2:55:36 AM,97,70
9/25/2026,2:55:37 AM,97,69
9/25/2026,2:55:38 AM,97,69
9/25/2026,2:55:39 AM,97,69
9/25/2026,2:55:40 AM,97,69
9/25/2026,2:55:41 AM,97,69
9/25/2026,2:55:42 AM,97,69
9/25/2026,2:55:43 AM,97,69
9/25/2026,2:55:44 AM,97,69
9/25/2026,2:55:45 AM,98,70
9/25/2026,2:55:46 AM,98,70
9/25/2026,2:55:47 AM,98,70
9/25/2026,2:55:48 AM,98,70
9/25/2026,2:55:49 AM,98,70
9/25/2026,2:55:50 AM,98,70
9/25/2026,2:55:51 AM,98,70
9/25/2026,2:55:52 AM,98,70
9/25/2026,2:55:53 AM,98,70
9/25/2026,2:55:54 AM,98,70
9/25/2026,2:55:55 AM,98,70
9/25/2026,2:55:56 AM,98,71
9/25/2026,2:55:57 AM,98,71
9/25/2026,2:55:58 AM,97,71
9/25/2026,2:55:59 AM,97,71
9/25/2026,2:56:00 AM,97,71
9/25/2026,2:56:01 AM,97,71
9/25/2026,2:56:02 AM,97,71
9/25/2026,2:56:03 AM,97,71
9/25/2026,2:56:04 AM,97,71
9/25/2026,2:56:05 AM,97,71
9/25/2026,2:56:06 AM,97,71
9/25/2026,2:56:07 AM,97,72
9/25/2026,2:56:08 AM,97,72
9/25/2026,2:56:09 AM,97,72
9/25/2026,2:56:10 AM,97,73
9/25/2026,2:56:11 AM,97,74
9/25/2026,2:56:12 AM,97,74
9/25/2026,2:56:13 AM,97,74
9/25/2026,2:56:14 AM,97,73
9/25/2026,2:56:15 AM,97,73
9/25/2026,2:56:16 AM,97,72
9/25/2026,2:56:17 AM,97,71
9/25/2026,2:56:18 AM,97,70
9/25/2026,2:56:19 AM,97,69
9/25/2026,2:56:20 AM,97,69
9/25/2026,2:56:21 AM,97,68
9/25/2026,2:56:22 AM,97,68
9/25/2026,2:56:23 AM,97,68
9/25/2026,2:56:24 AM,97,68
9/25/2026,2:56:25 AM,97,68
9/25/2026,2:56:26 AM,97,68
9/25/2026,2:56:27 AM,97,68
9/25/2026,2:56:28 AM,97,68
9/25/2026,2:56:29 AM,97,69
9/25/2026,2:56:30 AM,97,69
9/25/2026,2:56:31 AM,98,69
9/25/2026,2:56:32 AM,98,69
9/25/2026,2:56:33 AM,98,69
9/25/2026,2:56:34 AM,98,70
9/25/2026,2:56:35 AM,98,70
9/25/2026,2:56:36 AM,98,70
9/25/2026,2:56:37 AM,98,70
9/25/2026,2:56:38 AM,98,70
9/25/2026,2:56:39 AM,98,70
9/25/2026,2:56:40 AM,98,70
9/25/2026,2:56:41 AM,98,70
9/25/2026,2:56:42 AM,98,69
9/25/2026,2:56:43 AM,97,69
9/25/2026,2:56:44 AM,97,69
9/25/2026,2:56:45 AM,97,69
9/25/2026,2:56:46 AM,97,69
9/25/2026,2:56:47 AM,97,69
9/25/2026,2:56:48 AM,97,69
9/25/2026,2:56:49 AM,97,69
9/25/2026,2:56:50 AM,97,69
9/25/2026,2:56:51 AM,97,70
9/25/2026,2:56:52 AM,97,71
9/25/2026,2:56:53 AM,97,71
9/25/2026,2:56:54 AM,97,72
9/25/2026,2:56:55 AM,97,72
9/25/2026,2:56:56 AM,97,73
9/25/2026,2:56:57 AM,97,73
9/25/2026,2:56:58 AM,97,73
9/25/2026,2:56:59 AM,97,73
9/25/2026,2:57:00 AM,97,73
9/25/2026,2:57:01 AM,97,73
9/25/2026,2:57:02 AM,97,72
9/25/2026,2:57:03 AM,97,72
9/25/2026,2:57:04 AM,97,71
9/25/2026,2:57:05 AM,97,71
9/25/2026,2:57:06 AM,97,70
9/25/2026,2:57:07 AM,97,70
9/25/2026,2:57:08 AM,97,69
9/25/2026,2:57:09 AM,97,69
9/25/2026,2:57:10 AM,97,69
9/25/2026,2:57:11 AM,97,69
9/25/2026,2:57:12 AM,97,69
9/25/2026,2:57:13 AM,97,69
9/25/2026,2:57:14 AM,97,69
9/25/2026,2:57:15 AM,97,69
9/25/2026,2:57:16 AM,97,69
9/25/2026,2:57:17 AM,97,69
9/25/2026,2:57:18 AM,97,70
9/25/2026,2:57:19 AM,97,70
9/25/2026,2:57:20 AM,97,70
9/25/2026,2:57:21 AM,97,70
9/25/2026,2:57:22 AM,97,70
9/25/2026,2:57:23 AM,97,70
9/25/2026,2:57:24 AM,97,70
9/25/2026,2:57:25 AM,97,70
9/25/2026,2:57:26 AM,97,71
9/25/2026,2:57:27 AM,97,71
9/25/2026,2:57:28 AM,97,71
9/25/2026,2:57:29 AM,97,71
9/25/2026,2:57:30 AM,97,71
9/25/2026,2:57:31 AM,97,71
9/25/2026,2:57:32 AM,97,70
9/25/2026,2:57:33 AM,97,70
9/25/2026,2:57:34 AM,97,70
9/25/2026,2:57:35 AM,97,70
9/25/2026,2:57:36 AM,97,70
9/25/2026,2:57:37 AM,97,70
9/25/2026,2:57:38 AM,97,70
9/25/2026,2:57:39 AM,97,70
9/25/2026,2:57:40 AM,97,70
9/25/2026,2:57:41 AM,97,70
9/25/2026,2:57:42 AM,97,70
9/25/2026,2:57:43 AM,97,69
9/25/2026,2:57:44 AM,97,70
9/25/2026,2:57:45 AM,97,70
9/25/2026,2:57:46 AM,97,70
9/25/2026,2:57:47 AM,97,69
9/25/2026,2:57:48 AM,97,70
9/25/2026,2:57:49 AM,97,70
9/25/2026,2:57:50 AM,97,70
9/25/2026,2:57:51 AM,97,70
9/25/2026,2:57:52 AM,97,70
9/25/2026,2:57:53 AM,97,70
9/25/2026,2:57:54 AM,97,70
9/25/2026,2:57:55 AM,97,71
9/25/2026,2:57:56 AM,97,71
9/25/2026,2:57:57 AM,97,71
9/25/2026,2:57:58 AM,97,71
9/25/2026,2:57:59 AM,97,71
9/25/2026,2:58:00 AM,97,71
9/25/2026,2:58:01 AM,97,71
9/25/2026,2:58:02 AM,97,71
9/25/2026,2:58:03 AM,97,71
9/25/2026,2:58:04 AM,97,71
9/25/2026,2:58:05 AM,97,71
9/25/2026,2:58:06 AM,97,71
9/25/2026,2:58:07 AM,97,71
9/25/2026,2:58:08 AM,97,71
9/25/2026,2:58:09 AM,97,71
9/25/2026,2:58:10 AM,97,71
9/25/2026,2:58:11 AM,97,70
9/25/2026,2:58:12 AM,97,70
9/25/2026,2:58:13 AM,97,70
9/25/2026,2:58:14 AM,97,70
9/25/2026,2:58:15 AM,97,70
9/25/2026,2:58:16 AM,97,70
9/25/2026,2:58:17 AM,97,70
9/25/2026,2:58:18 AM,97,70
9/25/2026,2:58:19 AM,97,70
9/25/2026,2:58:20 AM,97,70
9/25/2026,2:58:21 AM,97,70
9/25/2026,2:58:22 AM,97,71
9/25/2026,2:58:23 AM,97,71
9/25/2026,2:58:24 AM,97,71
9/25/2026,2:58:25 AM,97,71
9/25/2026,2:58:26 AM,97,70
9/25/2026,2:58:27 AM,97,71
9/25/2026,2:58:28 AM,97,71
9/25/2026,2:58:29 AM,97,71
9/25/2026,2:58:30 AM,98,70
9/25/2026,2:58:31 AM,98,70
9/25/2026,2:58:32 AM,98,70
9/25/2026,2:58:33 AM,98,70
9/25/2026,2:58:34 AM,98,70
9/25/2026,2:58:35 AM,98,70
9/25/2026,2:58:36 AM,98,70
9/25/2026,2:58:37 AM,98,70
9/25/2026,2:58:38 AM,98,70
9/25/2026,2:58:39 AM,98,70
9/25/2026,2:58:40 AM,98,70
9/25/2026,2:58:41 AM,98,70
9/25/2026,2:58:42 AM,98,71
9/25/2026,2:58:43 AM,98,71
9/25/2026,2:58:44 AM,98,71
9/25/2026,2:58:45 AM,98,71
9/25/2026,2:58:46 AM,98,72
9/25/2026,2:58:47 AM,98,73
9/25/2026,2:58:48 AM,98,73
9/25/2026,2:58:49 AM,97,73
9/25/2026,2:58:50 AM,97,73
9/25/2026,2:58:51 AM,97,73
9/25/2026,2:58:52 AM,97,72
9/25/2026,2:58:53 AM,97,71
9/25/2026,2:58:54 AM,97,70
9/25/2026,2:58:55 AM,97,69
9/25/2026,2:58:56 AM,97,68
9/25/2026,2:58:57 AM,97,68
9/25/2026,2:58:58 AM,98,69
9/25/2026,2:58:59 AM,98,69
9/25/2026,2:59:00 AM,97,69
9/25/2026,2:59:01 AM,97,69
9/25/2026,2:59:02 AM,97,69
9/25/2026,2:59:03 AM,97,69
9/25/2026,2:59:04 AM,97,69
9/25/2026,2:59:05 AM,97,69
9/25/2026,2:59:06 AM,97,69
9/25/2026,2:59:07 AM,97,68
9/25/2026,2:59:08 AM,98,68
9/25/2026,2:59:09 AM,98,68
9/25/2026,2:59:10 AM,98,68
9/25/2026,2:59:11 AM,98,69
9/25/2026,2:59:12 AM,98,69
9/25/2026,2:59:13 AM,98,69
9/25/2026,2:59:14 AM,98,70
9/25/2026,2:59:15 AM,98,70
9/25/2026,2:59:16 AM,98,70
9/25/2026,2:59:17 AM,98,70
9/25/2026,2:59:18 AM,98,70
9/25/2026,2:59:19 AM,98,70
9/25/2026,2:59:20 AM,98,69
9/25/2026,2:59:21 AM,98,69
9/25/2026,2:59:22 AM,97,69
9/25/2026,2:59:23 AM,97,69
9/25/2026,2:59:24 AM,97,69
9/25/2026,2:59:25 AM,97,69
9/25/2026,2:59:26 AM,97,69
9/25/2026,2:59:27 AM,97,69
9/25/2026,2:59:28 AM,97,69
9/25/2026,2:59:29 AM,97,69
9/25/2026,2:59:30 AM,97,69
9/25/2026,2:59:31 AM,97,69
9/25/2026,2:59:32 AM,97,69
9/25/2026,2:59:33 AM,97,69
9/25/2026,2:59:34 AM,97,69
9/25/2026,2:59:35 AM,97,69
9/25/2026,2:59:36 AM,97,69
9/25/2026,2:59:37 AM,97,69
9/25/2026,2:59:38 AM,97,69
9/25/2026,2:59:39 AM,97,69
9/25/2026,2:59:40 AM,,
9/25/2026,2:59:41 AM,,
9/25/2026,2:59:42 AM,,
9/25/2026,2:59:43 AM,,
9/25/2026,2:59:44 AM,,
9/25/2026,2:59:45 AM,,
9/25/2026,2:59:46 AM,,
9/25/2026,2:59:47 AM,,
9/25/2026,2:59:48 AM,,
9/25/2026,2:59:49 AM,97,66
9/25/2026,2:59:50 AM,97,66
9/25/2026,2:59:51 AM,97,66
9/25/2026,2:59:52 AM,97,66
9/25/2026,2:59:53 AM,97,66
9/25/2026,2:59:54 AM,97,66
9/25/2026,2:59:55 AM,98,66
9/25/2026,2:59:56 AM,98,66
9/25/2026,2:59:57 AM,98,66
9/25/2026,2:59:58 AM,98,66
9/25/2026,2:59:59 AM,98,66
9/25/2026,3:00:00 AM,99,66
9/25/2026,3:00:01 AM,99,66
9/25/2026,3:00:02 AM,99,66
9/25/2026,3:00:03 AM,99,66
9/25/2026,3:00:04 AM,99,66
9/25/2026,3:00:05 AM,99,66
9/25/2026,3:00:06 AM,99,66
9/25/2026,3:00:07 AM,99,66
9/25/2026,3:00:08 AM,99,66
9/25/2026,3:00:09 AM,99,66
9/25/2026,3:00:10 AM,99,66
9/25/2026,3:00:11 AM,99,66
9/25/2026,3:00:12 AM,98,66
9/25/2026,3:00:13 AM,98,67
9/25/2026,3:00:14 AM,98,67
9/25/2026,3:00:15 AM,98,67
9/25/2026,3:00:16 AM,98,67
9/25/2026,3:00:17 AM,98,68
9/25/2026,3:00:18 AM,98,68
9/25/2026,3:00:19 AM,98,68
9/25/2026,3:00:20 AM,97,68
9/25/2026,3:00:21 AM,97,69
9/25/2026,3:00:22 AM,97,69
9/25/2026,3:00:23 AM,97,69
9/25/2026,3:00:24 AM,97,69
9/25/2026,3:00:25 AM,97,69
9/25/2026,3:00:26 AM,97,69
9/25/2026,3:00:27 AM,97,69
9/25/2026,3:00:28 AM,97,69
9/25/2026,3:00:29 AM,97,69
9/25/2026,3:00:30 AM,97,69
9/25/2026,3:00:31 AM,97,69
9/25/2026,3:00:32 AM,97,69
9/25/2026,3:00:33 AM,97,69
9/25/2026,3:00:34 AM,97,69
9/25/2026,3:00:35 AM,97,69
9/25/2026,3:00:36 AM,97,69
9/25/2026,3:00:37 AM,97,69
9/25/2026,3:00:38 AM,97,69
9/25/2026,3:00:39 AM,97,69
9/25/2026,3:00:40 AM,97,69
9/25/2026,3:00:41 AM,97,69
9/25/2026,3:00:42 AM,96,69
9/25/2026,3:00:43 AM,97,69
9/25/2026,3:00:44 AM,97,70
9/25/2026,3:00:45 AM,97,70
9/25/2026,3:00:46 AM,97,69
9/25/2026,3:00:47 AM,97,69
9/25/2026,3:00:48 AM,98,69
9/25/2026,3:00:49 AM,98,69
9/25/2026,3:00:50 AM,98,69
9/25/2026,3:00:51 AM,98,69
9/25/2026,3:00:52 AM,98,69
9/25/2026,3:00:53 AM,99,69
9/25/2026,3:00:54 AM,99,68
9/25/2026,3:00:55 AM,99,68
9/25/2026,3:00:56 AM,99,68
9/25/2026,3:00:57 AM,98,68
9/25/2026,3:00:58 AM,98,68
9/25/2026,3:00:59 AM,98,67
9/25/2026,3:01:00 AM,98,68
9/25/2026,3:01:01 AM,98,68
9/25/2026,3:01:02 AM,98,68
9/25/2026,3:01:03 AM,98,68
9/25/2026,3:01:04 AM,98,68
9/25/2026,3:01:05 AM,98,68
9/25/2026,3:01:06 AM,98,68
9/25/2026,3:01:07 AM,98,68
9/25/2026,3:01:08 AM,98,68
9/25/2026,3:01:09 AM,98,68
9/25/2026,3:01:10 AM,98,68
9/25/2026,3:01:11 AM,98,69
9/25/2026,3:01:12 AM,97,69
9/25/2026,3:01:13 AM,97,69
9/25/2026,3:01:14 AM,97,69
9/25/2026,3:01:15 AM,97,69
9/25/2026,3:01:16 AM,97,69
9/25/2026,3:01:17 AM,97,69
9/25/2026,3:01:18 AM,97,69
9/25/2026,3:01:19 AM,97,69
9/25/2026,3:01:20 AM,97,69
9/25/2026,3:01:21 AM,97,69
9/25/2026,3:01:22 AM,97,69
9/25/2026,3:01:23 AM,97,69
9/25/2026,3:01:24 AM,97,69
9/25/2026,3:01:25 AM,97,69
9/25/2026,3:01:26 AM,97,69
9/25/2026,3:01:27 AM,97,69
9/25/2026,3:01:28 AM,96,69
9/25/2026,3:01:29 AM,96,69
9/25/2026,3:01:30 AM,96,69
9/25/2026,3:01:31 AM,96,69
9/25/2026,3:01:32 AM,96,69
9/25/2026,3:01:33 AM,96,69
9/25/2026,3:01:34 AM,96,68
9/25/2026,3:01:35 AM,96,68
9/25/2026,3:01:36 AM,96,67
9/25/2026,3:01:37 AM,96,66
9/25/2026,3:01:38 AM,96,66
9/25/2026,3:01:39 AM,96,65
9/25/2026,3:01:40 AM,97,65
9/25/2026,3:01:41 AM,97,65
9/25/2026,3:01:42 AM,97,65
9/25/2026,3:01:43 AM,97,65
9/25/2026,3:01:44 AM,97,65
9/25/2026,3:01:45 AM,97,64
9/25/2026,3:01:46 AM,98,65
9/25/2026,3:01:47 AM,98,65
9/25/2026,3:01:48 AM,98,65
9/25/2026,3:01:49 AM,98,65
9/25/2026,3:01:50 AM,98,65
9/25/2026,3:01:51 AM,99,65
9/25/2026,3:01:52 AM,99,65
9/25/2026,3:01:53 AM,99,66
9/25/2026,3:01:54 AM,99,66
9/25/2026,3:01:55 AM,98,66
9/25/2026,3:01:56 AM,98,66
9/25/2026,3:01:57 AM,98,66
9/25/2026,3:01:58 AM,98,66
9/25/2026,3:01:59 AM,98,66
9/25/2026,3:02:00 AM,98,66
9/25/2026,3:02:01 AM,98,66
9/25/2026,3:02:02 AM,98,66
9/25/2026,3:02:03 AM,98,66
9/25/2026,3:02:04 AM,98,66
9/25/2026,3:02:05 AM,98,66
9/25/2026,3:02:06 AM,98,66
9/25/2026,3:02:07 AM,97,66
9/25/2026,3:02:08 AM,97,66
9/25/2026,3:02:09 AM,97,66
9/25/2026,3:02:10 AM,97,66
9/25/2026,3:02:11 AM,97,66
9/25/2026,3:02:12 AM,96,66
9/25/2026,3:02:13 AM,96,66
9/25/2026,3:02:14 AM,96,67
9/25/2026,3:02:15 AM,96,67
9/25/2026,3:02:16 AM,96,66
9/25/2026,3:02:17 AM,96,66
9/25/2026,3:02:18 AM,96,66
9/25/2026,3:02:19 AM,95,66
9/25/2026,3:02:20 AM,95,65
9/25/2026,3:02:21 AM,95,65
9/25/2026,3:02:22 AM,95,65
9/25/2026,3:02:23 AM,95,64
9/25/2026,3:02:24 AM,95,64
9/25/2026,3:02:25 AM,95,63
9/25/2026,3:02:26 AM,95,63
9/25/2026,3:02:27 AM,95,62
9/25/2026,3:02:28 AM,95,62
9/25/2026,3:02:29 AM,95,62
9/25/2026,3:02:30 AM,94,61
9/25/2026,3:02:31 AM,94,61
9/25/2026,3:02:32 AM,94,60
9/25/2026,3:02:33 AM,94,60
9/25/2026,3:02:34 AM,94,60
9/25/2026,3:02:35 AM,94,60
9/25/2026,3:02:36 AM,94,59
9/25/2026,3:02:37 AM,94,59
9/25/2026,3:02:38 AM,94,59
9/25/2026,3:02:39 AM,94,59
9/25/2026,3:02:40 AM,94,59
9/25/2026,3:02:41 AM,94,59
9/25/2026,3:02:42 AM,94,59
9/25/2026,3:02:43 AM,94,59
9/25/2026,3:02:44 AM,93,59
9/25/2026,3:02:45 AM,93,59
9/25/2026,3:02:46 AM,93,59
9/25/2026,3:02:47 AM,93,59
9/25/2026,3:02:48 AM,93,59
9/25/2026,3:02:49 AM,93,59
9/25/2026,3:02:50 AM,93,59
9/25/2026,3:02:51 AM,93,59
9/25/2026,3:02:52 AM,93,59
9/25/2026,3:02:53 AM,93,59
9/25/2026,3:02:54 AM,93,59
9/25/2026,3:02:55 AM,93,59
9/25/2026,3:02:56 AM,92,59
9/25/2026,3:02:57 AM,92,59
9/25/2026,3:02:58 AM,92,59
9/25/2026,3:02:59 AM,92,59
9/25/2026,3:03:00 AM,92,60
9/25/2026,3:03:01 AM,91,62
9/25/2026,3:03:02 AM,92,63
9/25/2026,3:03:03 AM,92,63
9/25/2026,3:03:04 AM,92,63
9/25/2026,3:03:05 AM,92,63
9/25/2026,3:03:06 AM,92,63
9/25/2026,3:03:07 AM,92,64
9/25/2026,3:03:08 AM,92,65
9/25/2026,3:03:09 AM,92,66
9/25/2026,3:03:10 AM,92,68
9/25/2026,3:03:11 AM,92,69
9/25/2026,3:03:12 AM,92,69
9/25/2026,3:03:13 AM,92,68
9/25/2026,3:03:14 AM,92,67
9/25/2026,3:03:15 AM,92,67
9/25/2026,3:03:16 AM,92,67
9/25/2026,3:03:17 AM,92,67
9/25/2026,3:03:18 AM,92,67
9/25/2026,3:03:19 AM,92,67
9/25/2026,3:03:20 AM,92,67
9/25/2026,3:03:21 AM,92,67
9/25/2026,3:03:22 AM,92,67
9/25/2026,3:03:23 AM,92,67
9/25/2026,3:03:24 AM,92,67
9/25/2026,3:03:25 AM,92,66
9/25/2026,3:03:26 AM,93,65
9/25/2026,3:03:27 AM,95,65
9/25/2026,3:03:28 AM,96,64
9/25/2026,3:03:29 AM,98,63
9/25/2026,3:03:30 AM,98,63
9/25/2026,3:03:31 AM,99,62
9/25/2026,3:03:32 AM,99,61
9/25/2026,3:03:33 AM,99,61
9/25/2026,3:03:34 AM,99,61
9/25/2026,3:03:35 AM,99,61
9/25/2026,3:03:36 AM,99,61
9/25/2026,3:03:37 AM,99,60
9/25/2026,3:03:38 AM,99,60
9/25/2026,3:03:39 AM,99,60
9/25/2026,3:03:40 AM,99,60
9/25/2026,3:03:41 AM,99,60
9/25/2026,3:03:42 AM,99,60
9/25/2026,3:03:43 AM,99,60
9/25/2026,3:03:44 AM,99,60
9/25/2026,3:03:45 AM,98,59
9/25/2026,3:03:46 AM,98,59
9/25/2026,3:03:47 AM,98,59
9/25/2026,3:03:48 AM,98,59
9/25/2026,3:03:49 AM,98,60
9/25/2026,3:03:50 AM,98,60
9/25/2026,3:03:51 AM,98,60
9/25/2026,3:03:52 AM,98,60
9/25/2026,3:03:53 AM,98,60
9/25/2026,3:03:54 AM,98,60
9/25/2026,3:03:55 AM,98,61
9/25/2026,3:03:56 AM,98,62
9/25/2026,3:03:57 AM,98,62
9/25/2026,3:03:58 AM,98,63
9/25/2026,3:03:59 AM,98,64
9/25/2026,3:04:00 AM,98,65
9/25/2026,3:04:01 AM,98,66
9/25/2026,3:04:02 AM,98,66
9/25/2026,3:04:03 AM,98,66
9/25/2026,3:04:04 AM,98,66
9/25/2026,3:04:05 AM,98,66
9/25/2026,3:04:06 AM,98,65
9/25/2026,3:04:07 AM,98,64
9/25/2026,3:04:08 AM,98,64
9/25/2026,3:04:09 AM,98,63
9/25/2026,3:04:10 AM,98,63
9/25/2026,3:04:11 AM,98,63
9/25/2026,3:04:12 AM,98,62
9/25/2026,3:04:13 AM,98,62
9/25/2026,3:04:14 AM,98,62
9/25/2026,3:04:15 AM,98,62
9/25/2026,3:04:16 AM,98,62
9/25/2026,3:04:17 AM,97,62
9/25/2026,3:04:18 AM,97,61
9/25/2026,3:04:19 AM,97,61
9/25/2026,3:04:20 AM,97,61
9/25/2026,3:04:21 AM,97,60
9/25/2026,3:04:22 AM,97,60
9/25/2026,3:04:23 AM,97,60
9/25/2026,3:04:24 AM,97,59
9/25/2026,3:04:25 AM,97,59
9/25/2026,3:04:26 AM,98,59
9/25/2026,3:04:27 AM,98,59
9/25/2026,3:04:28 AM,98,59
9/25/2026,3:04:29 AM,98,59
9/25/2026,3:04:30 AM,98,59
9/25/2026,3:04:31 AM,98,60
9/25/2026,3:04:32 AM,98,60
9/25/2026,3:04:33 AM,98,60
9/25/2026,3:04:34 AM,98,60
9/25/2026,3:04:35 AM,98,60
9/25/2026,3:04:36 AM,98,60
9/25/2026,3:04:37 AM,98,60
9/25/2026,3:04:38 AM,98,60
9/25/2026,3:04:39 AM,98,60
9/25/2026,3:04:40 AM,98,60
9/25/2026,3:04:41 AM,98,59
9/25/2026,3:04:42 AM,98,59
9/25/2026,3:04:43 AM,98,58
9/25/2026,3:04:44 AM,98,58
9/25/2026,3:04:45 AM,98,58
9/25/2026,3:04:46 AM,98,58
9/25/2026,3:04:47 AM,98,58
9/25/2026,3:04:48 AM,98,58
9/25/2026,3:04:49 AM,98,58
9/25/2026,3:04:50 AM,97,58
9/25/2026,3:04:51 AM,97,58
9/25/2026,3:04:52 AM,97,59
9/25/2026,3:04:53 AM,97,59
9/25/2026,3:04:54 AM,97,59
9/25/2026,3:04:55 AM,97,60
9/25/2026,3:04:56 AM,97,60
9/25/2026,3:04:57 AM,97,60
9/25/2026,3:04:58 AM,96,61
9/25/2026,3:04:59 AM,96,61
9/25/2026,3:05:00 AM,96,61
9/25/2026,3:05:01 AM,96,61
9/25/2026,3:05:02 AM,95,61
9/25/2026,3:05:03 AM,95,61
9/25/2026,3:05:04 AM,95,61
9/25/2026,3:05:05 AM,95,61
9/25/2026,3:05:06 AM,95,62
9/25/2026,3:05:07 AM,95,61
9/25/2026,3:05:08 AM,95,61
9/25/2026,3:05:09 AM,95,62
9/25/2026,3:05:10 AM,95,62
9/25/2026,3:05:11 AM,95,62
9/25/2026,3:05:12 AM,94,62
9/25/2026,3:05:13 AM,94,62
9/25/2026,3:05:14 AM,94,62
9/25/2026,3:05:15 AM,94,61
9/25/2026,3:05:16 AM,94,61
9/25/2026,3:05:17 AM,94,61
9/25/2026,3:05:18 AM,94,61
9/25/2026,3:05:19 AM,93,61
9/25/2026,3:05:20 AM,93,61
9/25/2026,3:05:21 AM,93,61
9/25/2026,3:05:22 AM,93,62
9/25/2026,3:05:23 AM,93,62
9/25/2026,3:05:24 AM,93,62
9/25/2026,3:05:25 AM,93,62
9/25/2026,3:05:26 AM,92,62
9/25/2026,3:05:27 AM,92,62
9/25/2026,3:05:28 AM,92,62
9/25/2026,3:05:29 AM,92,62
9/25/2026,3:05:30 AM,91,62
9/25/2026,3:05:31 AM,91,62
9/25/2026,3:05:32 AM,91,62
9/25/2026,3:05:33 AM,91,63
9/25/2026,3:05:34 AM,91,63
9/25/2026,3:05:35 AM,90,63
9/25/2026,3:05:36 AM,90,63
9/25/2026,3:05:37 AM,90,64
9/25/2026,3:05:38 AM,90,65
9/25/2026,3:05:39 AM,90,65
9/25/2026,3:05:40 AM,90,65
9/25/2026,3:05:41 AM,89,65
9/25/2026,3:05:42 AM,89,65
9/25/2026,3:05:43 AM,89,65
9/25/2026,3:05:44 AM,88,65
9/25/2026,3:05:45 AM,88,65
9/25/2026,3:05:46 AM,88,65
9/25/2026,3:05:47 AM,88,65
9/25/2026,3:05:48 AM,88,65
9/25/2026,3:05:49 AM,87,65
9/25/2026,3:05:50 AM,87,65
9/25/2026,3:05:51 AM,87,65
9/25/2026,3:05:52 AM,87,65
9/25/2026,3:05:53 AM,87,65
9/25/2026,3:05:54 AM,87,65
9/25/2026,3:05:55 AM,87,65
9/25/2026,3:05:56 AM,87,65
9/25/2026,3:05:57 AM,87,65
9/25/2026,3:05:58 AM,87,65
9/25/2026,3:05:59 AM,86,66
9/25/2026,3:06:00 AM,86,67
9/25/2026,3:06:01 AM,86,67
9/25/2026,3:06:02 AM,85,68
9/25/2026,3:06:03 AM,85,69
9/25/2026,3:06:04 AM,85,69
9/25/2026,3:06:05 AM,84,70
9/25/2026,3:06:06 AM,84,70
9/25/2026,3:06:07 AM,85,71
9/25/2026,3:06:08 AM,85,71
9/25/2026,3:06:09 AM,85,71
9/25/2026,3:06:10 AM,85,71
9/25/2026,3:06:11 AM,86,72
9/25/2026,3:06:12 AM,88,72
9/25/2026,3:06:13 AM,90,72
9/25/2026,3:06:14 AM,92,73
9/25/2026,3:06:15 AM,96,73
9/25/2026,3:06:16 AM,98,73
9/25/2026,3:06:17 AM,99,72
9/25/2026,3:06:18 AM,99,71
9/25/2026,3:06:19 AM,99,70
9/25/2026,3:06:20 AM,99,69
9/25/2026,3:06:21 AM,99,67
9/25/2026,3:06:22 AM,99,66
9/25/2026,3:06:23 AM,99,65
9/25/2026,3:06:24 AM,99,64
9/25/2026,3:06:25 AM,99,63
9/25/2026,3:06:26 AM,99,62
9/25/2026,3:06:27 AM,99,62
9/25/2026,3:06:28 AM,99,62
9/25/2026,3:06:29 AM,99,62
9/25/2026,3:06:30 AM,99,62
9/25/2026,3:06:31 AM,99,62
9/25/2026,3:06:32 AM,99,62
9/25/2026,3:06:33 AM,99,61
9/25/2026,3:06:34 AM,99,61
9/25/2026,3:06:35 AM,99,61
9/25/2026,3:06:36 AM,99,61
9/25/2026,3:06:37 AM,99,61
9/25/2026,3:06:38 AM,99,61
9/25/2026,3:06:39 AM,99,61
9/25/2026,3:06:40 AM,99,60
9/25/2026,3:06:41 AM,99,60
9/25/2026,3:06:42 AM,99,60
9/25/2026,3:06:43 AM,99,61
9/25/2026,3:06:44 AM,99,60
9/25/2026,3:06:45 AM,99,60
9/25/2026,3:06:46 AM,99,60
9/25/2026,3:06:47 AM,99,60
9/25/2026,3:06:48 AM,99,60
9/25/2026,3:06:49 AM,99,60
9/25/2026,3:06:50 AM,99,60
9/25/2026,3:06:51 AM,98,60
9/25/2026,3:06:52 AM,98,60
9/25/2026,3:06:53 AM,98,60
9/25/2026,3:06:54 AM,98,60
9/25/2026,3:06:55 AM,98,60
9/25/2026,3:06:56 AM,98,60
9/25/2026,3:06:57 AM,98,59
9/25/2026,3:06:58 AM,98,59
9/25/2026,3:06:59 AM,98,59
9/25/2026,3:07:00 AM,98,59
9/25/2026,3:07:01 AM,98,59
9/25/2026,3:07:02 AM,98,58
9/25/2026,3:07:03 AM,98,58
9/25/2026,3:07:04 AM,97,58
9/25/2026,3:07:05 AM,97,58
9/25/2026,3:07:06 AM,97,59
9/25/2026,3:07:07 AM,97,59
9/25/2026,3:07:08 AM,97,59
9/25/2026,3:07:09 AM,97,59
9/25/2026,3:07:10 AM,97,59
9/25/2026,3:07:11 AM,97,59
9/25/2026,3:07:12 AM,97,59
9/25/2026,3:07:13 AM,96,59
9/25/2026,3:07:14 AM,96,59
9/25/2026,3:07:15 AM,96,59
9/25/2026,3:07:16 AM,96,59
9/25/2026,3:07:17 AM,96,59
9/25/2026,3:07:18 AM,96,59
9/25/2026,3:07:19 AM,96,60
9/25/2026,3:07:20 AM,96,60
9/25/2026,3:07:21 AM,95,60
9/25/2026,3:07:22 AM,95,60
9/25/2026,3:07:23 AM,95,61
9/25/2026,3:07:24 AM,95,61
9/25/2026,3:07:25 AM,95,61
9/25/2026,3:07:26 AM,95,61
9/25/2026,3:07:27 AM,95,61
9/25/2026,3:07:28 AM,95,61
9/25/2026,3:07:29 AM,94,61
9/25/2026,3:07:30 AM,94,61
9/25/2026,3:07:31 AM,94,62
9/25/2026,3:07:32 AM,94,63
9/25/2026,3:07:33 AM,93,64
9/25/2026,3:07:34 AM,93,64
9/25/2026,3:07:35 AM,93,66
9/25/2026,3:07:36 AM,93,67
9/25/2026,3:07:37 AM,93,69
9/25/2026,3:07:38 AM,93,71
9/25/2026,3:07:39 AM,92,73
9/25/2026,3:07:40 AM,92,74
9/25/2026,3:07:41 AM,92,74
9/25/2026,3:07:42 AM,92,75
9/25/2026,3:07:43 AM,92,76
9/25/2026,3:07:44 AM,92,77
9/25/2026,3:07:45 AM,91,77
9/25/2026,3:07:46 AM,91,78
9/25/2026,3:07:47 AM,91,79
9/25/2026,3:07:48 AM,91,79
9/25/2026,3:07:49 AM,91,79
9/25/2026,3:07:50 AM,91,79
9/25/2026,3:07:51 AM,91,79
9/25/2026,3:07:52 AM,91,80
9/25/2026,3:07:53 AM,90,80
9/25/2026,3:07:54 AM,90,80
9/25/2026,3:07:55 AM,90,80
9/25/2026,3:07:56 AM,90,79
9/25/2026,3:07:57 AM,90,77
9/25/2026,3:07:58 AM,89,77
9/25/2026,3:07:59 AM,89,77
9/25/2026,3:08:00 AM,89,77
9/25/2026,3:08:01 AM,89,77
9/25/2026,3:08:02 AM,89,77
9/25/2026,3:08:03 AM,89,76
9/25/2026,3:08:04 AM,89,73
9/25/2026,3:08:05 AM,89,70
9/25/2026,3:08:06 AM,89,68
9/25/2026,3:08:07 AM,90,66
9/25/2026,3:08:08 AM,91,64
9/25/2026,3:08:09 AM,93,63
9/25/2026,3:08:10 AM,95,62
9/25/2026,3:08:11 AM,97,61
9/25/2026,3:08:12 AM,98,61
9/25/2026,3:08:13 AM,99,61
9/25/2026,3:08:14 AM,99,61
9/25/2026,3:08:15 AM,99,61
9/25/2026,3:08:16 AM,99,61
9/25/2026,3:08:17 AM,99,60
9/25/2026,3:08:18 AM,99,60
9/25/2026,3:08:19 AM,99,60
9/25/2026,3:08:20 AM,99,60
9/25/2026,3:08:21 AM,99,59
9/25/2026,3:08:22 AM,99,59
9/25/2026,3:08:23 AM,99,59
9/25/2026,3:08:24 AM,99,59
9/25/2026,3:08:25 AM,99,59
9/25/2026,3:08:26 AM,99,59
9/25/2026,3:08:27 AM,99,59
9/25/2026,3:08:28 AM,99,59
9/25/2026,3:08:29 AM,99,58
9/25/2026,3:08:30 AM,99,58
9/25/2026,3:08:31 AM,99,58
9/25/2026,3:08:32 AM,99,58
9/25/2026,3:08:33 AM,99,58
9/25/2026,3:08:34 AM,99,58
9/25/2026,3:08:35 AM,99,58
9/25/2026,3:08:36 AM,99,58
9/25/2026,3:08:37 AM,99,57
9/25/2026,3:08:38 AM,99,57
9/25/2026,3:08:39 AM,99,57
9/25/2026,3:08:40 AM,99,57
9/25/2026,3:08:41 AM,99,57
9/25/2026,3:08:42 AM,99,57
9/25/2026,3:08:43 AM,99,57
9/25/2026,3:08:44 AM,99,57
9/25/2026,3:08:45 AM,99,57
9/25/2026,3:08:46 AM,99,57
9/25/2026,3:08:47 AM,99,57
9/25/2026,3:08:48 AM,99,57
9/25/2026,3:08:49 AM,99,57
9/25/2026,3:08:50 AM,99,57
9/25/2026,3:08:51 AM,98,57
9/25/2026,3:08:52 AM,98,57
9/25/2026,3:08:53 AM,98,57
9/25/2026,3:08:54 AM,98,57
9/25/2026,3:08:55 AM,98,57
9/25/2026,3:08:56 AM,98,57
9/25/2026,3:08:57 AM,98,57
9/25/2026,3:08:58 AM,98,57
9/25/2026,3:08:59 AM,98,57
9/25/2026,3:09:00 AM,98,57
9/25/2026,3:09:01 AM,97,57
9/25/2026,3:09:02 AM,97,57
9/25/2026,3:09:03 AM,97,57
9/25/2026,3:09:04 AM,97,57
9/25/2026,3:09:05 AM,97,57
9/25/2026,3:09:06 AM,97,57
9/25/2026,3:09:07 AM,97,57
9/25/2026,3:09:08 AM,97,57
9/25/2026,3:09:09 AM,97,57
9/25/2026,3:09:10 AM,97,57
9/25/2026,3:09:11 AM,97,57
9/25/2026,3:09:12 AM,96,58
9/25/2026,3:09:13 AM,96,58
9/25/2026,3:09:14 AM,96,58
9/25/2026,3:09:15 AM,96,58
9/25/2026,3:09:16 AM,96,59
9/25/2026,3:09:17 AM,96,59
9/25/2026,3:09:18 AM,96,59
9/25/2026,3:09:19 AM,96,59
9/25/2026,3:09:20 AM,96,59
9/25/2026,3:09:21 AM,96,59
9/25/2026,3:09:22 AM,96,58
9/25/2026,3:09:23 AM,96,58
9/25/2026,3:09:24 AM,96,58
9/25/2026,3:09:25 AM,96,58
9/25/2026,3:09:26 AM,96,58
9/25/2026,3:09:27 AM,96,58
9/25/2026,3:09:28 AM,96,58
9/25/2026,3:09:29 AM,97,58
9/25/2026,3:09:30 AM,97,59
9/25/2026,3:09:31 AM,98,59
9/25/2026,3:09:32 AM,98,59
9/25/2026,3:09:33 AM,99,59
9/25/2026,3:09:34 AM,99,59
9/25/2026,3:09:35 AM,99,58
9/25/2026,3:09:36 AM,99,58
9/25/2026,3:09:37 AM,99,58
9/25/2026,3:09:38 AM,99,58
9/25/2026,3:09:39 AM,99,58
9/25/2026,3:09:40 AM,99,58
9/25/2026,3:09:41 AM,99,58
9/25/2026,3:09:42 AM,99,57
9/25/2026,3:09:43 AM,99,58
9/25/2026,3:09:44 AM,99,58
9/25/2026,3:09:45 AM,99,58
9/25/2026,3:09:46 AM,99,58
9/25/2026,3:09:47 AM,99,58
9/25/2026,3:09:48 AM,99,57
9/25/2026,3:09:49 AM,99,57
9/25/2026,3:09:50 AM,99,57
9/25/2026,3:09:51 AM,99,57
9/25/2026,3:09:52 AM,99,57
9/25/2026,3:09:53 AM,99,57
9/25/2026,3:09:54 AM,99,57
9/25/2026,3:09:55 AM,99,56
9/25/2026,3:09:56 AM,99,56
9/25/2026,3:09:57 AM,99,56
9/25/2026,3:09:58 AM,99,56
9/25/2026,3:09:59 AM,99,56
9/25/2026,3:10:00 AM,99,56
9/25/2026,3:10:01 AM,99,56
9/25/2026,3:10:02 AM,99,56
9/25/2026,3:10:03 AM,99,55
9/25/2026,3:10:04 AM,99,55
9/25/2026,3:10:05 AM,99,55
9/25/2026,3:10:06 AM,99,55
9/25/2026,3:10:07 AM,99,55
9/25/2026,3:10:08 AM,99,56
9/25/2026,3:10:09 AM,99,56
9/25/2026,3:10:10 AM,99,56
9/25/2026,3:10:11 AM,99,56
9/25/2026,3:10:12 AM,99,57
9/25/2026,3:10:13 AM,99,57
9/25/2026,3:10:14 AM,99,58
9/25/2026,3:10:15 AM,99,58
9/25/2026,3:10:16 AM,99,58
9/25/2026,3:10:17 AM,99,59
9/25/2026,3:10:18 AM,99,59
9/25/2026,3:10:19 AM,98,59
9/25/2026,3:10:20 AM,98,59
9/25/2026,3:10:21 AM,98,59
9/25/2026,3:10:22 AM,98,59
9/25/2026,3:10:23 AM,98,59
9/25/2026,3:10:24 AM,98,60
9/25/2026,3:10:25 AM,98,60
9/25/2026,3:10:26 AM,98,60
9/25/2026,3:10:27 AM,98,60
9/25/2026,3:10:28 AM,98,60
9/25/2026,3:10:29 AM,98,60
9/25/2026,3:10:30 AM,98,60
9/25/2026,3:10:31 AM,98,60
9/25/2026,3:10:32 AM,98,60
9/25/2026,3:10:33 AM,98,60
9/25/2026,3:10:34 AM,98,60
9/25/2026,3:10:35 AM,98,60
9/25/2026,3:10:36 AM,98,60
9/25/2026,3:10:37 AM,98,60
9/25/2026,3:10:38 AM,98,60
9/25/2026,3:10:39 AM,98,60
9/25/2026,3:10:40 AM,98,60
9/25/2026,3:10:41 AM,98,60
9/25/2026,3:10:42 AM,98,60
9/25/2026,3:10:43 AM,98,60
9/25/2026,3:10:44 AM,97,60
9/25/2026,3:10:45 AM,97,60
9/25/2026,3:10:46 AM,97,61
9/25/2026,3:10:47 AM,97,61
9/25/2026,3:10:48 AM,97,62
9/25/2026,3:10:49 AM,97,62
9/25/2026,3:10:50 AM,97,62
9/25/2026,3:10:51 AM,97,62
9/25/2026,3:10:52 AM,96,62
9/25/2026,3:10:53 AM,96,62
9/25/2026,3:10:54 AM,96,61
9/25/2026,3:10:55 AM,96,61
9/25/2026,3:10:56 AM,96,60
9/25/2026,3:10:57 AM,96,60
9/25/2026,3:10:58 AM,97,60
9/25/2026,3:10:59 AM,97,59
9/25/2026,3:11:00 AM,98,59
9/25/2026,3:11:01 AM,98,59
9/25/2026,3:11:02 AM,99,59
9/25/2026,3:11:03 AM,99,59
9/25/2026,3:11:04 AM,99,59
9/25/2026,3:11:05 AM,99,59
9/25/2026,3:11:06 AM,99,59
9/25/2026,3:11:07 AM,99,59
9/25/2026,3:11:08 AM,99,59
9/25/2026,3:11:09 AM,99,59
9/25/2026,3:11:10 AM,99,59
9/25/2026,3:11:11 AM,99,59
9/25/2026,3:11:12 AM,99,59
9/25/2026,3:11:13 AM,99,59
9/25/2026,3:11:14 AM,99,58
9/25/2026,3:11:15 AM,99,58
9/25/2026,3:11:16 AM,99,59
9/25/2026,3:11:17 AM,99,58
9/25/2026,3:11:18 AM,99,58
9/25/2026,3:11:19 AM,99,58
9/25/2026,3:11:20 AM,99,58
9/25/2026,3:11:21 AM,99,58
9/25/2026,3:11:22 AM,99,58
9/25/2026,3:11:23 AM,99,58
9/25/2026,3:11:24 AM,99,58
9/25/2026,3:11:25 AM,99,58
9/25/2026,3:11:26 AM,99,58
9/25/2026,3:11:27 AM,99,57
9/25/2026,3:11:28 AM,99,58
9/25/2026,3:11:29 AM,99,58
9/25/2026,3:11:30 AM,99,57
9/25/2026,3:11:31 AM,99,58
9/25/2026,3:11:32 AM,99,58
9/25/2026,3:11:33 AM,99,58
9/25/2026,3:11:34 AM,99,58
9/25/2026,3:11:35 AM,99,58
9/25/2026,3:11:36 AM,99,58
9/25/2026,3:11:37 AM,99,58
9/25/2026,3:11:38 AM,99,58
9/25/2026,3:11:39 AM,99,58
9/25/2026,3:11:40 AM,99,58
9/25/2026,3:11:41 AM,99,58
9/25/2026,3:11:42 AM,99,58
9/25/2026,3:11:43 AM,99,58
9/25/2026,3:11:44 AM,99,58
9/25/2026,3:11:45 AM,99,58
9/25/2026,3:11:46 AM,99,58
9/25/2026,3:11:47 AM,99,58
9/25/2026,3:11:48 AM,99,58
9/25/2026,3:11:49 AM,99,58
9/25/2026,3:11:50 AM,98,59
9/25/2026,3:11:51 AM,98,60
9/25/2026,3:11:52 AM,98,60
9/25/2026,3:11:53 AM,98,61
9/25/2026,3:11:54 AM,98,62
9/25/2026,3:11:55 AM,98,62
9/25/2026,3:11:56 AM,98,64
9/25/2026,3:11:57 AM,98,64
9/25/2026,3:11:58 AM,98,65
9/25/2026,3:11:59 AM,98,66
9/25/2026,3:12:00 AM,98,67
9/25/2026,3:12:01 AM,98,67
9/25/2026,3:12:02 AM,98,68
9/25/2026,3:12:03 AM,98,69
9/25/2026,3:12:04 AM,98,69
9/25/2026,3:12:05 AM,98,69
9/25/2026,3:12:06 AM,98,69
9/25/2026,3:12:07 AM,98,69
9/25/2026,3:12:08 AM,97,69
9/25/2026,3:12:09 AM,97,69
9/25/2026,3:12:10 AM,97,68
9/25/2026,3:12:11 AM,97,66
9/25/2026,3:12:12 AM,97,66
9/25/2026,3:12:13 AM,97,65
9/25/2026,3:12:14 AM,97,64
9/25/2026,3:12:15 AM,97,63
9/25/2026,3:12:16 AM,97,61
9/25/2026,3:12:17 AM,97,60
9/25/2026,3:12:18 AM,96,59
9/25/2026,3:12:19 AM,96,58
9/25/2026,3:12:20 AM,96,58
9/25/2026,3:12:21 AM,96,58
9/25/2026,3:12:22 AM,95,58
9/25/2026,3:12:23 AM,95,58
9/25/2026,3:12:24 AM,95,58
9/25/2026,3:12:25 AM,95,58
9/25/2026,3:12:26 AM,95,59
9/25/2026,3:12:27 AM,95,59
9/25/2026,3:12:28 AM,95,59
9/25/2026,3:12:29 AM,95,59
9/25/2026,3:12:30 AM,96,59
9/25/2026,3:12:31 AM,97,59
9/25/2026,3:12:32 AM,97,59
9/25/2026,3:12:33 AM,98,59
9/25/2026,3:12:34 AM,98,60
9/25/2026,3:12:35 AM,99,60
9/25/2026,3:12:36 AM,99,60
9/25/2026,3:12:37 AM,99,60
9/25/2026,3:12:38 AM,99,60
9/25/2026,3:12:39 AM,99,60
9/25/2026,3:12:40 AM,99,60
9/25/2026,3:12:41 AM,99,60
9/25/2026,3:12:42 AM,99,60
9/25/2026,3:12:43 AM,99,60
9/25/2026,3:12:44 AM,99,59
9/25/2026,3:12:45 AM,99,59
9/25/2026,3:12:46 AM,99,59
9/25/2026,3:12:47 AM,99,59
9/25/2026,3:12:48 AM,99,59
9/25/2026,3:12:49 AM,99,59
9/25/2026,3:12:50 AM,99,58
9/25/2026,3:12:51 AM,99,58
9/25/2026,3:12:52 AM,99,58
9/25/2026,3:12:53 AM,99,58
9/25/2026,3:12:54 AM,99,58
9/25/2026,3:12:55 AM,99,59
9/25/2026,3:12:56 AM,99,59
9/25/2026,3:12:57 AM,99,59
9/25/2026,3:12:58 AM,99,59
9/25/2026,3:12:59 AM,99,59
9/25/2026,3:13:00 AM,99,59
9/25/2026,3:13:01 AM,99,59
9/25/2026,3:13:02 AM,99,59
9/25/2026,3:13:03 AM,99,59
9/25/2026,3:13:04 AM,99,59
9/25/2026,3:13:05 AM,99,59
9/25/2026,3:13:06 AM,99,59
9/25/2026,3:13:07 AM,99,59
9/25/2026,3:13:08 AM,99,59
9/25/2026,3:13:09 AM,99,59
9/25/2026,3:13:10 AM,99,59
9/25/2026,3:13:11 AM,99,59
9/25/2026,3:13:12 AM,98,59
9/25/2026,3:13:13 AM,98,59
9/25/2026,3:13:14 AM,98,60
9/25/2026,3:13:15 AM,98,60
9/25/2026,3:13:16 AM,98,60
9/25/2026,3:13:17 AM,98,60
9/25/2026,3:13:18 AM,98,60
9/25/2026,3:13:19 AM,98,60
9/25/2026,3:13:20 AM,98,60
9/25/2026,3:13:21 AM,98,60
9/25/2026,3:13:22 AM,98,60
9/25/2026,3:13:23 AM,98,60
9/25/2026,3:13:24 AM,98,60
9/25/2026,3:13:25 AM,98,60
9/25/2026,3:13:26 AM,98,60
9/25/2026,3:13:27 AM,98,61
9/25/2026,3:13:28 AM,97,61
9/25/2026,3:13:29 AM,97,61
9/25/2026,3:13:30 AM,97,61
9/25/2026,3:13:31 AM,97,61
9/25/2026,3:13:32 AM,97,61
9/25/2026,3:13:33 AM,97,61
9/25/2026,3:13:34 AM,97,61
9/25/2026,3:13:35 AM,97,61
9/25/2026,3:13:36 AM,97,61
9/25/2026,3:13:37 AM,96,61
9/25/2026,3:13:38 AM,96,62
9/25/2026,3:13:39 AM,96,62
9/25/2026,3:13:40 AM,96,62
9/25/2026,3:13:41 AM,96,63
9/25/2026,3:13:42 AM,96,63
9/25/2026,3:13:43 AM,96,63
9/25/2026,3:13:44 AM,95,63
9/25/2026,3:13:45 AM,95,63
9/25/2026,3:13:46 AM,95,63
9/25/2026,3:13:47 AM,95,63
9/25/2026,3:13:48 AM,95,63
9/25/2026,3:13:49 AM,95,63
9/25/2026,3:13:50 AM,95,63
9/25/2026,3:13:51 AM,95,62
9/25/2026,3:13:52 AM,95,62
9/25/2026,3:13:53 AM,95,62
9/25/2026,3:13:54 AM,95,62
9/25/2026,3:13:55 AM,95,62
9/25/2026,3:13:56 AM,95,62
9/25/2026,3:13:57 AM,95,62
9/25/2026,3:13:58 AM,95,62
9/25/2026,3:13:59 AM,95,63
9/25/2026,3:14:00 AM,95,63
9/25/2026,3:14:01 AM,95,62
9/25/2026,3:14:02 AM,95,62
9/25/2026,3:14:03 AM,95,62
9/25/2026,3:14:04 AM,95,62
9/25/2026,3:14:05 AM,95,61
9/25/2026,3:14:06 AM,94,61
9/25/2026,3:14:07 AM,94,61
9/25/2026,3:14:08 AM,94,61
9/25/2026,3:14:09 AM,95,61
9/25/2026,3:14:10 AM,95,61
9/25/2026,3:14:11 AM,95,61
9/25/2026,3:14:12 AM,95,62
9/25/2026,3:14:13 AM,95,62
9/25/2026,3:14:14 AM,95,62
9/25/2026,3:14:15 AM,96,62
9/25/2026,3:14:16 AM,96,62
9/25/2026,3:14:17 AM,96,62
9/25/2026,3:14:18 AM,97,62
9/25/2026,3:14:19 AM,97,62
9/25/2026,3:14:20 AM,97,62
9/25/2026,3:14:21 AM,97,62
9/25/2026,3:14:22 AM,98,62
9/25/2026,3:14:23 AM,98,62
9/25/2026,3:14:24 AM,98,62
9/25/2026,3:14:25 AM,98,62
9/25/2026,3:14:26 AM,98,62
9/25/2026,3:14:27 AM,98,62
9/25/2026,3:14:28 AM,98,62
9/25/2026,3:14:29 AM,98,62
9/25/2026,3:14:30 AM,98,62
9/25/2026,3:14:31 AM,98,62
9/25/2026,3:14:32 AM,98,62
9/25/2026,3:14:33 AM,98,62
9/25/2026,3:14:34 AM,98,62
9/25/2026,3:14:35 AM,98,62
9/25/2026,3:14:36 AM,98,62
9/25/2026,3:14:37 AM,98,63
9/25/2026,3:14:38 AM,98,63
9/25/2026,3:14:39 AM,98,63
9/25/2026,3:14:40 AM,98,63
9/25/2026,3:14:41 AM,98,63
9/25/2026,3:14:42 AM,98,63
9/25/2026,3:14:43 AM,98,63
9/25/2026,3:14:44 AM,98,63
9/25/2026,3:14:45 AM,98,63
9/25/2026,3:14:46 AM,97,63
9/25/2026,3:14:47 AM,97,63
9/25/2026,3:14:48 AM,97,62
9/25/2026,3:14:49 AM,97,62
9/25/2026,3:14:50 AM,97,62
9/25/2026,3:14:51 AM,97,62
9/25/2026,3:14:52 AM,97,62
9/25/2026,3:14:53 AM,97,61
9/25/2026,3:14:54 AM,97,62
9/25/2026,3:14:55 AM,97,62
9/25/2026,3:14:56 AM,97,62
9/25/2026,3:14:57 AM,97,62
9/25/2026,3:14:58 AM,97,62
9/25/2026,3:14:59 AM,97,62
9/25/2026,3:15:00 AM,97,62
9/25/2026,3:15:01 AM,96,62
9/25/2026,3:15:02 AM,96,62
9/25/2026,3:15:03 AM,96,62
9/25/2026,3:15:04 AM,96,62
9/25/2026,3:15:05 AM,96,63
9/25/2026,3:15:06 AM,96,63
9/25/2026,3:15:07 AM,96,63
9/25/2026,3:15:08 AM,96,63
9/25/2026,3:15:09 AM,96,63
9/25/2026,3:15:10 AM,96,63
9/25/2026,3:15:11 AM,96,63
9/25/2026,3:15:12 AM,96,64
9/25/2026,3:15:13 AM,96,64
9/25/2026,3:15:14 AM,96,63
9/25/2026,3:15:15 AM,96,63
9/25/2026,3:15:16 AM,96,63
9/25/2026,3:15:17 AM,96,63
9/25/2026,3:15:18 AM,96,63
9/25/2026,3:15:19 AM,96,63
9/25/2026,3:15:20 AM,96,63
9/25/2026,3:15:21 AM,96,62
9/25/2026,3:15:22 AM,96,62
9/25/2026,3:15:23 AM,97,62
9/25/2026,3:15:24 AM,97,62
9/25/2026,3:15:25 AM,97,63
9/25/2026,3:15:26 AM,97,63
9/25/2026,3:15:27 AM,97,63
9/25/2026,3:15:28 AM,98,64
9/25/2026,3:15:29 AM,98,64
9/25/2026,3:15:30 AM,98,64
9/25/2026,3:15:31 AM,98,64
9/25/2026,3:15:32 AM,98,65
9/25/2026,3:15:33 AM,98,65
9/25/2026,3:15:34 AM,98,65
9/25/2026,3:15:35 AM,98,65
9/25/2026,3:15:36 AM,98,65
9/25/2026,3:15:37 AM,98,65
9/25/2026,3:15:38 AM,98,64
9/25/2026,3:15:39 AM,98,64
9/25/2026,3:15:40 AM,98,64
9/25/2026,3:15:41 AM,98,64
9/25/2026,3:15:42 AM,98,64
9/25/2026,3:15:43 AM,98,64
9/25/2026,3:15:44 AM,98,64
9/25/2026,3:15:45 AM,98,64
9/25/2026,3:15:46 AM,98,63
9/25/2026,3:15:47 AM,98,63
9/25/2026,3:15:48 AM,98,63
9/25/2026,3:15:49 AM,98,63
9/25/2026,3:15:50 AM,98,62
9/25/2026,3:15:51 AM,98,62
9/25/2026,3:15:52 AM,98,62
9/25/2026,3:15:53 AM,98,62
9/25/2026,3:15:54 AM,98,62
9/25/2026,3:15:55 AM,98,63
9/25/2026,3:15:56 AM,98,63
9/25/2026,3:15:57 AM,98,63
9/25/2026,3:15:58 AM,98,63
9/25/2026,3:15:59 AM,98,63
9/25/2026,3:16:00 AM,98,63
9/25/2026,3:16:01 AM,98,63
9/25/2026,3:16:02 AM,98,63
9/25/2026,3:16:03 AM,98,63
9/25/2026,3:16:04 AM,98,63
9/25/2026,3:16:05 AM,98,63
9/25/2026,3:16:06 AM,98,63
9/25/2026,3:16:07 AM,98,63
9/25/2026,3:16:08 AM,98,63
9/25/2026,3:16:09 AM,98,63
9/25/2026,3:16:10 AM,98,63
9/25/2026,3:16:11 AM,98,63
9/25/2026,3:16:12 AM,98,63
9/25/2026,3:16:13 AM,98,63
9/25/2026,3:16:14 AM,98,63
9/25/2026,3:16:15 AM,98,63
9/25/2026,3:16:16 AM,98,63
9/25/2026,3:16:17 AM,98,63
9/25/2026,3:16:18 AM,98,63
9/25/2026,3:16:19 AM,98,63
9/25/2026,3:16:20 AM,98,63
9/25/2026,3:16:21 AM,98,63
9/25/2026,3:16:22 AM,98,63
9/25/2026,3:16:23 AM,98,63
9/25/2026,3:16:24 AM,98,63
9/25/2026,3:16:25 AM,98,63
9/25/2026,3:16:26 AM,98,63
9/25/2026,3:16:27 AM,98,63
9/25/2026,3:16:28 AM,98,63
9/25/2026,3:16:29 AM,98,63
9/25/2026,3:16:30 AM,98,63
9/25/2026,3:16:31 AM,98,63
9/25/2026,3:16:32 AM,98,63
9/25/2026,3:16:33 AM,98,63
9/25/2026,3:16:34 AM,98,63
9/25/2026,3:16:35 AM,98,63
9/25/2026,3:16:36 AM,98,63
9/25/2026,3:16:37 AM,98,63
9/25/2026,3:16:38 AM,98,63
9/25/2026,3:16:39 AM,98,63
9/25/2026,3:16:40 AM,97,63
9/25/2026,3:16:41 AM,97,63
9/25/2026,3:16:42 AM,97,64
9/25/2026,3:16:43 AM,97,65
9/25/2026,3:16:44 AM,97,65
9/25/2026,3:16:45 AM,97,66
9/25/2026,3:16:46 AM,97,66
9/25/2026,3:16:47 AM,97,66
9/25/2026,3:16:48 AM,97,66
9/25/2026,3:16:49 AM,96,66
9/25/2026,3:16:50 AM,96,66
9/25/2026,3:16:51 AM,96,66
9/25/2026,3:16:52 AM,96,65
9/25/2026,3:16:53 AM,96,65
9/25/2026,3:16:54 AM,96,65
9/25/2026,3:16:55 AM,97,64
9/25/2026,3:16:56 AM,97,64
9/25/2026,3:16:57 AM,98,64
9/25/2026,3:16:58 AM,98,64
9/25/2026,3:16:59 AM,99,63
9/25/2026,3:17:00 AM,99,63
9/25/2026,3:17:01 AM,99,63
9/25/2026,3:17:02 AM,99,63
9/25/2026,3:17:03 AM,99,62
9/25/2026,3:17:04 AM,99,62
9/25/2026,3:17:05 AM,99,62
9/25/2026,3:17:06 AM,99,62
9/25/2026,3:17:07 AM,99,62
9/25/2026,3:17:08 AM,99,61
9/25/2026,3:17:09 AM,99,61
9/25/2026,3:17:10 AM,99,61
9/25/2026,3:17:11 AM,99,60
9/25/2026,3:17:12 AM,99,60
9/25/2026,3:17:13 AM,99,59
9/25/2026,3:17:14 AM,99,59
9/25/2026,3:17:15 AM,99,59
9/25/2026,3:17:16 AM,99,58
9/25/2026,3:17:17 AM,99,58
9/25/2026,3:17:18 AM,99,58
9/25/2026,3:17:19 AM,99,58
9/25/2026,3:17:20 AM,99,58
9/25/2026,3:17:21 AM,99,58
9/25/2026,3:17:22 AM,99,58
9/25/2026,3:17:23 AM,99,59
9/25/2026,3:17:24 AM,99,59
9/25/2026,3:17:25 AM,99,60
9/25/2026,3:17:26 AM,99,61
9/25/2026,3:17:27 AM,99,61
9/25/2026,3:17:28 AM,99,62
9/25/2026,3:17:29 AM,99,63
9/25/2026,3:17:30 AM,99,63
9/25/2026,3:17:31 AM,99,63
9/25/2026,3:17:32 AM,99,63
9/25/2026,3:17:33 AM,99,62
9/25/2026,3:17:34 AM,99,62
9/25/2026,3:17:35 AM,99,62
9/25/2026,3:17:36 AM,99,62
9/25/2026,3:17:37 AM,99,62
9/25/2026,3:17:38 AM,99,61
9/25/2026,3:17:39 AM,99,61
9/25/2026,3:17:40 AM,99,60
9/25/2026,3:17:41 AM,99,60
9/25/2026,3:17:42 AM,99,59
9/25/2026,3:17:43 AM,99,59
9/25/2026,3:17:44 AM,99,59
9/25/2026,3:17:45 AM,99,59
9/25/2026,3:17:46 AM,99,59
9/25/2026,3:17:47 AM,99,59
9/25/2026,3:17:48 AM,98,59
9/25/2026,3:17:49 AM,98,59
9/25/2026,3:17:50 AM,98,59
9/25/2026,3:17:51 AM,98,59
9/25/2026,3:17:52 AM,98,60
9/25/2026,3:17:53 AM,98,60
9/25/2026,3:17:54 AM,98,60
9/25/2026,3:17:55 AM,98,60
9/25/2026,3:17:56 AM,98,60
9/25/2026,3:17:57 AM,98,60
9/25/2026,3:17:58 AM,98,59
9/25/2026,3:17:59 AM,98,59
9/25/2026,3:18:00 AM,98,59
9/25/2026,3:18:01 AM,98,59
9/25/2026,3:18:02 AM,98,59
9/25/2026,3:18:03 AM,98,59
9/25/2026,3:18:04 AM,98,59
9/25/2026,3:18:05 AM,98,59
9/25/2026,3:18:06 AM,98,59
9/25/2026,3:18:07 AM,98,59
9/25/2026,3:18:08 AM,98,59
9/25/2026,3:18:09 AM,98,59
9/25/2026,3:18:10 AM,98,59
9/25/2026,3:18:11 AM,98,59
9/25/2026,3:18:12 AM,98,59
9/25/2026,3:18:13 AM,98,59
9/25/2026,3:18:14 AM,98,59
9/25/2026,3:18:15 AM,98,59
9/25/2026,3:18:16 AM,98,59
9/25/2026,3:18:17 AM,98,59
9/25/2026,3:18:18 AM,98,58
9/25/2026,3:18:19 AM,98,58
9/25/2026,3:18:20 AM,99,58
9/25/2026,3:18:21 AM,99,58
9/25/2026,3:18:22 AM,99,57
9/25/2026,3:18:23 AM,99,57
9/25/2026,3:18:24 AM,99,57
9/25/2026,3:18:25 AM,99,57
9/25/2026,3:18:26 AM,99,57
9/25/2026,3:18:27 AM,99,57
9/25/2026,3:18:28 AM,99,58
9/25/2026,3:18:29 AM,99,58
9/25/2026,3:18:30 AM,99,58
9/25/2026,3:18:31 AM,99,58
9/25/2026,3:18:32 AM,99,58
9/25/2026,3:18:33 AM,99,58
9/25/2026,3:18:34 AM,99,58
9/25/2026,3:18:35 AM,99,58
9/25/2026,3:18:36 AM,99,58
9/25/2026,3:18:37 AM,99,58
9/25/2026,3:18:38 AM,99,59
9/25/2026,3:18:39 AM,99,59
9/25/2026,3:18:40 AM,98,59
9/25/2026,3:18:41 AM,98,60
9/25/2026,3:18:42 AM,98,60
9/25/2026,3:18:43 AM,98,61
9/25/2026,3:18:44 AM,98,61
9/25/2026,3:18:45 AM,98,61
9/25/2026,3:18:46 AM,98,61
9/25/2026,3:18:47 AM,98,61
9/25/2026,3:18:48 AM,98,61
9/25/2026,3:18:49 AM,98,61
9/25/2026,3:18:50 AM,98,61
9/25/2026,3:18:51 AM,98,61
9/25/2026,3:18:52 AM,98,61
9/25/2026,3:18:53 AM,98,61
9/25/2026,3:18:54 AM,98,61
9/25/2026,3:18:55 AM,98,61
9/25/2026,3:18:56 AM,98,60
9/25/2026,3:18:57 AM,98,60
9/25/2026,3:18:58 AM,98,60
9/25/2026,3:18:59 AM,98,60
9/25/2026,3:19:00 AM,98,60
9/25/2026,3:19:01 AM,98,60
9/25/2026,3:19:02 AM,98,60
9/25/2026,3:19:03 AM,98,60
9/25/2026,3:19:04 AM,97,60
9/25/2026,3:19:05 AM,97,60
9/25/2026,3:19:06 AM,97,60
9/25/2026,3:19:07 AM,97,60
9/25/2026,3:19:08 AM,97,60
9/25/2026,3:19:09 AM,97,60
9/25/2026,3:19:10 AM,97,60
9/25/2026,3:19:11 AM,97,60
9/25/2026,3:19:12 AM,97,60
9/25/2026,3:19:13 AM,97,60
9/25/2026,3:19:14 AM,97,60
9/25/2026,3:19:15 AM,97,60
9/25/2026,3:19:16 AM,97,60
9/25/2026,3:19:17 AM,97,60
9/25/2026,3:19:18 AM,97,60
9/25/2026,3:19:19 AM,97,60
9/25/2026,3:19:20 AM,97,60
9/25/2026,3:19:21 AM,97,60
9/25/2026,3:19:22 AM,97,60
9/25/2026,3:19:23 AM,97,60
9/25/2026,3:19:24 AM,97,60
9/25/2026,3:19:25 AM,97,60
9/25/2026,3:19:26 AM,97,60
9/25/2026,3:19:27 AM,97,60
9/25/2026,3:19:28 AM,97,60
9/25/2026,3:19:29 AM,97,61
9/25/2026,3:19:30 AM,97,61
9/25/2026,3:19:31 AM,97,61
9/25/2026,3:19:32 AM,97,61
9/25/2026,3:19:33 AM,98,61
9/25/2026,3:19:34 AM,98,61
9/25/2026,3:19:35 AM,98,61
9/25/2026,3:19:36 AM,98,61
9/25/2026,3:19:37 AM,98,61
9/25/2026,3:19:38 AM,98,61
9/25/2026,3:19:39 AM,98,61
9/25/2026,3:19:40 AM,98,61
9/25/2026,3:19:41 AM,98,61
9/25/2026,3:19:42 AM,98,61
9/25/2026,3:19:43 AM,98,61
9/25/2026,3:19:44 AM,98,61
9/25/2026,3:19:45 AM,98,61
9/25/2026,3:19:46 AM,98,61
9/25/2026,3:19:47 AM,98,61
9/25/2026,3:19:48 AM,98,61
9/25/2026,3:19:49 AM,98,61
9/25/2026,3:19:50 AM,98,61
9/25/2026,3:19:51 AM,98,61
9/25/2026,3:19:52 AM,97,61
9/25/2026,3:19:53 AM,97,61
9/25/2026,3:19:54 AM,97,61
9/25/2026,3:19:55 AM,97,61
9/25/2026,3:19:56 AM,97,61
9/25/2026,3:19:57 AM,97,61
9/25/2026,3:19:58 AM,97,61
9/25/2026,3:19:59 AM,97,61
9/25/2026,3:20:00 AM,97,61
9/25/2026,3:20:01 AM,97,61
9/25/2026,3:20:02 AM,97,61
9/25/2026,3:20:03 AM,97,61
9/25/2026,3:20:04 AM,97,61
9/25/2026,3:20:05 AM,97,61
9/25/2026,3:20:06 AM,97,61
9/25/2026,3:20:07 AM,97,61
9/25/2026,3:20:08 AM,97,61
9/25/2026,3:20:09 AM,,
9/25/2026,3:20:10 AM,,
9/25/2026,3:20:11 AM,,
9/25/2026,3:20:12 AM,,
9/25/2026,3:20:13 AM,,
9/25/2026,3:20:14 AM,,
9/25/2026,3:20:15 AM,,
9/25/2026,3:20:16 AM,,
9/25/2026,3:20:17 AM,,
9/25/2026,3:20:18 AM,,
9/25/2026,3:20:19 AM,,
9/25/2026,3:20:20 AM,,
9/25/2026,3:20:21 AM,,
9/25/2026,3:20:22 AM,,
9/25/2026,3:20:23 AM,,
9/25/2026,3:20:24 AM,,
9/25/2026,3:20:25 AM,,
9/25/2026,3:20:26 AM,,
9/25/2026,3:20:27 AM,,
9/25/2026,3:20:28 AM,,
9/25/2026,3:20:29 AM,,
9/25/2026,3:20:30 AM,,
9/25/2026,3:20:31 AM,,
9/25/2026,3:20:32 AM,,
9/25/2026,3:20:33 AM,,
9/25/2026,3:20:34 AM,,
9/25/2026,3:20:35 AM,,
9/25/2026,3:20:36 AM,,
9/25/2026,3:20:37 AM,,
9/25/2026,3:20:38 AM,,
9/25/2026,3:20:39 AM,,
9/25/2026,3:20:40 AM,,
9/25/2026,3:20:41 AM,,
9/25/2026,3:20:42 AM,,
9/25/2026,3:20:43 AM,,
9/25/2026,3:20:44 AM,,
9/25/2026,3:20:45 AM,,
9/25/2026,3:20:46 AM,,
9/25/2026,3:20:47 AM,,
9/25/2026,3:20:48 AM,,
9/25/2026,3:20:49 AM,,
9/25/2026,3:20:50 AM,,
9/25/2026,3:20:51 AM,,
9/25/2026,3:20:52 AM,,
9/25/2026,3:20:53 AM,,
9/25/2026,3:20:54 AM,,
9/25/2026,3:20:55 AM,,
9/25/2026,3:20:56 AM,,
9/25/2026,3:20:57 AM,,
9/25/2026,3:20:58 AM,99,60
9/25/2026,3:20:59 AM,99,60
9/25/2026,3:21:00 AM,99,61
9/25/2026,3:21:01 AM,99,61
9/25/2026,3:21:02 AM,99,61
9/25/2026,3:21:03 AM,99,61
9/25/2026,3:21:04 AM,99,61
9/25/2026,3:21:05 AM,99,61
9/25/2026,3:21:06 AM,99,61
9/25/2026,3:21:07 AM,99,61
9/25/2026,3:21:08 AM,99,61
9/25/2026,3:21:09 AM,99,61
9/25/2026,3:21:10 AM,99,60
9/25/2026,3:21:11 AM,99,60
9/25/2026,3:21:12 AM,99,60
9/25/2026,3:21:13 AM,99,60
9/25/2026,3:21:14 AM,99,60
9/25/2026,3:21:15 AM,99,60
9/25/2026,3:21:16 AM,99,60
9/25/2026,3:21:17 AM,99,60
9/25/2026,3:21:18 AM,99,60
9/25/2026,3:21:19 AM,99,60
9/25/2026,3:21:20 AM,99,60
9/25/2026,3:21:21 AM,99,60
9/25/2026,3:21:22 AM,99,60
9/25/2026,3:21:23 AM,99,60
9/25/2026,3:21:24 AM,99,60
9/25/2026,3:21:25 AM,99,59
9/25/2026,3:21:26 AM,99,58
9/25/2026,3:21:27 AM,98,58
9/25/2026,3:21:28 AM,98,58
9/25/2026,3:21:29 AM,98,58
9/25/2026,3:21:30 AM,98,57
9/25/2026,3:21:31 AM,98,57
9/25/2026,3:21:32 AM,98,57
9/25/2026,3:21:33 AM,98,57
9/25/2026,3:21:34 AM,98,57
9/25/2026,3:21:35 AM,98,57
9/25/2026,3:21:36 AM,98,57
9/25/2026,3:21:37 AM,98,58
9/25/2026,3:21:38 AM,98,58
9/25/2026,3:21:39 AM,98,58
9/25/2026,3:21:40 AM,98,58
9/25/2026,3:21:41 AM,98,58
9/25/2026,3:21:42 AM,98,58
9/25/2026,3:21:43 AM,98,58
9/25/2026,3:21:44 AM,98,58
9/25/2026,3:21:45 AM,98,58
9/25/2026,3:21:46 AM,98,58
9/25/2026,3:21:47 AM,98,58
9/25/2026,3:21:48 AM,98,58
9/25/2026,3:21:49 AM,98,58
9/25/2026,3:21:50 AM,98,58
9/25/2026,3:21:51 AM,98,58
9/25/2026,3:21:52 AM,98,58
9/25/2026,3:21:53 AM,98,58
9/25/2026,3:21:54 AM,98,58
9/25/2026,3:21:55 AM,98,58
9/25/2026,3:21:56 AM,98,58
9/25/2026,3:21:57 AM,98,58
9/25/2026,3:21:58 AM,98,58
9/25/2026,3:21:59 AM,98,58
9/25/2026,3:22:00 AM,98,58
9/25/2026,3:22:01 AM,98,58
9/25/2026,3:22:02 AM,98,58
9/25/2026,3:22:03 AM,98,58
9/25/2026,3:22:04 AM,98,58
9/25/2026,3:22:05 AM,98,58
9/25/2026,3:22:06 AM,98,58
9/25/2026,3:22:07 AM,98,58
9/25/2026,3:22:08 AM,98,58
9/25/2026,3:22:09 AM,98,58
9/25/2026,3:22:10 AM,98,58
9/25/2026,3:22:11 AM,98,58
9/25/2026,3:22:12 AM,98,58
9/25/2026,3:22:13 AM,98,58
9/25/2026,3:22:14 AM,98,58
9/25/2026,3:22:15 AM,98,57
9/25/2026,3:22:16 AM,98,57
9/25/2026,3:22:17 AM,98,56
9/25/2026,3:22:18 AM,98,56
9/25/2026,3:22:19 AM,98,56
9/25/2026,3:22:20 AM,98,56
9/25/2026,3:22:21 AM,98,56
9/25/2026,3:22:22 AM,98,56
9/25/2026,3:22:23 AM,98,56
9/25/2026,3:22:24 AM,98,56
9/25/2026,3:22:25 AM,98,56
9/25/2026,3:22:26 AM,98,56
9/25/2026,3:22:27 AM,98,56
9/25/2026,3:22:28 AM,98,57
9/25/2026,3:22:29 AM,98,57
9/25/2026,3:22:30 AM,98,57
9/25/2026,3:22:31 AM,98,57
9/25/2026,3:22:32 AM,98,57
9/25/2026,3:22:33 AM,98,57
9/25/2026,3:22:34 AM,98,57
9/25/2026,3:22:35 AM,98,57
9/25/2026,3:22:36 AM,98,57
9/25/2026,3:22:37 AM,98,57
9/25/2026,3:22:38 AM,98,57
9/25/2026,3:22:39 AM,98,57
9/25/2026,3:22:40 AM,98,57
9/25/2026,3:22:41 AM,98,57
9/25/2026,3:22:42 AM,98,57
9/25/2026,3:22:43 AM,98,57
9/25/2026,3:22:44 AM,98,57
9/25/2026,3:22:45 AM,98,57
9/25/2026,3:22:46 AM,98,57
9/25/2026,3:22:47 AM,98,57
9/25/2026,3:22:48 AM,98,57
9/25/2026,3:22:49 AM,98,57
9/25/2026,3:22:50 AM,98,58
9/25/2026,3:22:51 AM,98,58
9/25/2026,3:22:52 AM,98,58
9/25/2026,3:22:53 AM,98,58
9/25/2026,3:22:54 AM,98,58
9/25/2026,3:22:55 AM,98,58
9/25/2026,3:22:56 AM,98,58
9/25/2026,3:22:57 AM,98,58
9/25/2026,3:22:58 AM,98,58
9/25/2026,3:22:59 AM,98,58
9/25/2026,3:23:00 AM,98,58
9/25/2026,3:23:01 AM,98,58
9/25/2026,3:23:02 AM,98,58
9/25/2026,3:23:03 AM,97,58
9/25/2026,3:23:04 AM,97,58
9/25/2026,3:23:05 AM,97,58
9/25/2026,3:23:06 AM,97,58
9/25/2026,3:23:07 AM,97,58
9/25/2026,3:23:08 AM,97,58
9/25/2026,3:23:09 AM,97,58
9/25/2026,3:23:10 AM,97,58
9/25/2026,3:23:11 AM,97,58
9/25/2026,3:23:12 AM,97,58
9/25/2026,3:23:13 AM,97,58
9/25/2026,3:23:14 AM,97,58
9/25/2026,3:23:15 AM,97,58
9/25/2026,3:23:16 AM,97,58
9/25/2026,3:23:17 AM,97,58
9/25/2026,3:23:18 AM,97,58
9/25/2026,3:23:19 AM,97,58
9/25/2026,3:23:20 AM,97,58
9/25/2026,3:23:21 AM,97,58
9/25/2026,3:23:22 AM,97,58
9/25/2026,3:23:23 AM,97,58
9/25/2026,3:23:24 AM,97,58
9/25/2026,3:23:25 AM,97,58
9/25/2026,3:23:26 AM,97,58
9/25/2026,3:23:27 AM,97,58
9/25/2026,3:23:28 AM,96,58
9/25/2026,3:23:29 AM,96,58
9/25/2026,3:23:30 AM,96,59
9/25/2026,3:23:31 AM,96,59
9/25/2026,3:23:32 AM,96,59
9/25/2026,3:23:33 AM,96,58
9/25/2026,3:23:34 AM,96,58
9/25/2026,3:23:35 AM,96,58
9/25/2026,3:23:36 AM,95,58
9/25/2026,3:23:37 AM,95,59
9/25/2026,3:23:38 AM,95,59
9/25/2026,3:23:39 AM,95,59
9/25/2026,3:23:40 AM,95,59
9/25/2026,3:23:41 AM,95,59
9/25/2026,3:23:42 AM,95,59
9/25/2026,3:23:43 AM,95,59
9/25/2026,3:23:44 AM,95,59
9/25/2026,3:23:45 AM,95,59
9/25/2026,3:23:46 AM,95,59
9/25/2026,3:23:47 AM,95,59
9/25/2026,3:23:48 AM,95,59
9/25/2026,3:23:49 AM,95,59
9/25/2026,3:23:50 AM,95,59
9/25/2026,3:23:51 AM,95,59
9/25/2026,3:23:52 AM,95,59
9/25/2026,3:23:53 AM,95,59
9/25/2026,3:23:54 AM,95,59
9/25/2026,3:23:55 AM,95,59
9/25/2026,3:23:56 AM,95,59
9/25/2026,3:23:57 AM,95,59
9/25/2026,3:23:58 AM,95,59
9/25/2026,3:23:59 AM,95,59
9/25/2026,3:24:00 AM,95,59
9/25/2026,3:24:01 AM,95,59
9/25/2026,3:24:02 AM,95,59
9/25/2026,3:24:03 AM,95,59
9/25/2026,3:24:04 AM,95,59
9/25/2026,3:24:05 AM,95,59
9/25/2026,3:24:06 AM,95,59
9/25/2026,3:24:07 AM,95,59
9/25/2026,3:24:08 AM,95,59
9/25/2026,3:24:09 AM,95,59
9/25/2026,3:24:10 AM,95,58
9/25/2026,3:24:11 AM,96,58
9/25/2026,3:24:12 AM,96,59
9/25/2026,3:24:13 AM,96,59
9/25/2026,3:24:14 AM,96,59
9/25/2026,3:24:15 AM,96,59
9/25/2026,3:24:16 AM,96,59
9/25/2026,3:24:17 AM,96,59
9/25/2026,3:24:18 AM,96,59
9/25/2026,3:24:19 AM,97,59
9/25/2026,3:24:20 AM,97,59
9/25/2026,3:24:21 AM,97,59
9/25/2026,3:24:22 AM,96,59
9/25/2026,3:24:23 AM,96,59
9/25/2026,3:24:24 AM,97,59
9/25/2026,3:24:25 AM,97,59
9/25/2026,3:24:26 AM,97,59
9/25/2026,3:24:27 AM,97,59
9/25/2026,3:24:28 AM,97,59
9/25/2026,3:24:29 AM,97,59
9/25/2026,3:24:30 AM,97,59
9/25/2026,3:24:31 AM,97,59
9/25/2026,3:24:32 AM,97,59
9/25/2026,3:24:33 AM,96,59
9/25/2026,3:24:34 AM,96,59
9/25/2026,3:24:35 AM,96,59
9/25/2026,3:24:36 AM,96,59
9/25/2026,3:24:37 AM,96,59
9/25/2026,3:24:38 AM,96,59
9/25/2026,3:24:39 AM,96,59
9/25/2026,3:24:40 AM,96,59
9/25/2026,3:24:41 AM,96,59
9/25/2026,3:24:42 AM,96,59
9/25/2026,3:24:43 AM,96,59
9/25/2026,3:24:44 AM,96,59
9/25/2026,3:24:45 AM,96,59
9/25/2026,3:24:46 AM,96,59
9/25/2026,3:24:47 AM,96,59
