Date,Time,SpO2(%),PR(bpm)
9/26/2026,5:46:21 AM,98,41
9/26/2026,5:46:22 AM,98,41
9/26/2026,5:46:23 AM,98,47
9/26/2026,5:46:24 AM,98,53
9/26/2026,5:46:25 AM,98,59
9/26/2026,5:46:26 AM,98,59
9/26/2026,5:46:27 AM,98,60
9/26/2026,5:46:28 AM,99,60
9/26/2026,5:46:29 AM,99,60
9/26/2026,5:46:30 AM,99,61
9/26/2026,5:46:31 AM,99,61
9/26/2026,5:46:32 AM,99,61
9/26/2026,5:46:33 AM,99,61
9/26/2026,5:46:34 AM,99,61
9/26/2026,5:46:35 AM,99,61
9/26/2026,5:46:36 AM,99,61
9/26/2026,5:46:37 AM,99,61
9/26/2026,5:46:38 AM,99,61
9/26/2026,5:46:39 AM,99,61
9/26/2026,5:46:40 AM,99,61
9/26/2026,5:46:41 AM,99,61
9/26/2026,5:46:42 AM,99,61
9/26/2026,5:46:43 AM,99,61
9/26/2026,5:46:44 AM,99,61
9/26/2026,5:46:45 AM,98,61
9/26/2026,5:46:46 AM,98,61
9/26/2026,5:46:47 AM,98,60
9/26/2026,5:46:48 AM,99,71
9/26/2026,5:46:49 AM,99,71
9/26/2026,5:46:50 AM,99,71
9/26/2026,5:46:51 AM,99,71
9/26/2026,5:46:52 AM,99,71
9/26/2026,5:46:53 AM,99,71
9/26/2026,5:46:54 AM,99,71
9/26/2026,5:46:55 AM,99,71
9/26/2026,5:46:56 AM,99,71
9/26/2026,5:46:57 AM,99,71
9/26/2026,5:46:58 AM,99,71
9/26/2026,5:46:59 AM,99,71
9/26/2026,5:47:00 AM,98,71
9/26/2026,5:47:01 AM,98,71
9/26/2026,5:47:02 AM,98,71
9/26/2026,5:47:03 AM,98,71
9/26/2026,5:47:04 AM,98,71
9/26/2026,5:47:05 AM,98,71
9/26/2026,5:47:06 AM,98,71
9/26/2026,5:47:07 AM,98,70
9/26/2026,5:47:08 AM,98,71
9/26/2026,5:47:09 AM,98,71
9/26/2026,5:47:10 AM,98,71
9/26/2026,5:47:11 AM,98,71
9/26/2026,5:47:12 AM,98,71
9/26/2026,5:47:13 AM,98,71
9/26/2026,5:47:14 AM,98,71
9/26/2026,5:47:15 AM,98,71
9/26/2026,5:47:16 AM,98,72
9/26/2026,5:47:17 AM,98,72
9/26/2026,5:47:18 AM,98,72
9/26/2026,5:47:19 AM,98,72
9/26/2026,5:47:20 AM,98,72
9/26/2026,5:47:21 AM,98,72
9/26/2026,5:47:22 AM,98,72
9/26/2026,5:47:23 AM,98,71
9/26/2026,5:47:24 AM,98,71
9/26/2026,5:47:25 AM,98,71
9/26/2026,5:47:26 AM,98,70
9/26/2026,5:47:27 AM,98,70
9/26/2026,5:47:28 AM,98,69
9/26/2026,5:47:29 AM,98,69
9/26/2026,5:47:30 AM,98,69
9/26/2026,5:47:31 AM,98,69
9/26/2026,5:47:32 AM,98,69
9/26/2026,5:47:33 AM,98,69
9/26/2026,5:47:34 AM,98,69
9/26/2026,5:47:35 AM,98,70
9/26/2026,5:47:36 AM,98,70
9/26/2026,5:47:37 AM,98,70
9/26/2026,5:47:38 AM,98,71
9/26/2026,5:47:39 AM,98,71
9/26/2026,5:47:40 AM,98,71
9/26/2026,5:47:41 AM,98,71
9/26/2026,5:47:42 AM,98,71
9/26/2026,5:47:43 AM,98,71
9/26/2026,5:47:44 AM,98,72
9/26/2026,5:47:45 AM,98,71
9/26/2026,5:47:46 AM,98,71
9/26/2026,5:47:47 AM,98,71
9/26/2026,5:47:48 AM,98,71
9/26/2026,5:47:49 AM,98,71
9/26/2026,5:47:50 AM,98,71
9/26/2026,5:47:51 AM,98,71
9/26/2026,5:47:52 AM,98,71
9/26/2026,5:47:53 AM,98,71
9/26/2026,5:47:54 AM,98,71
9/26/2026,5:47:55 AM,98,72
9/26/2026,5:47:56 AM,98,72
9/26/2026,5:47:57 AM,98,72
9/26/2026,5:47:58 AM,98,72
9/26/2026,5:47:59 AM,98,72
9/26/2026,5:48:00 AM,98,72
9/26/2026,5:48:01 AM,98,72
9/26/2026,5:48:02 AM,98,72
9/26/2026,5:48:03 AM,98,72
9/26/2026,5:48:04 AM,98,71
9/26/2026,5:48:05 AM,98,71
9/26/2026,5:48:06 AM,98,71
9/26/2026,5:48:07 AM,98,71
9/26/2026,5:48:08 AM,98,71
9/26/2026,5:48:09 AM,98,71
9/26/2026,5:48:10 AM,98,71
9/26/2026,5:48:11 AM,98,70
9/26/2026,5:48:12 AM,98,71
9/26/2026,5:48:13 AM,98,70
9/26/2026,5:48:14 AM,98,71
9/26/2026,5:48:15 AM,98,71
9/26/2026,5:48:16 AM,98,71
9/26/2026,5:48:17 AM,98,71
9/26/2026,5:48:18 AM,98,71
9/26/2026,5:48:19 AM,98,71
9/26/2026,5:48:20 AM,98,71
9/26/2026,5:48:21 AM,98,71
9/26/2026,5:48:22 AM,98,71
9/26/2026,5:48:23 AM,98,72
9/26/2026,5:48:24 AM,98,72
9/26/2026,5:48:25 AM,98,72
9/26/2026,5:48:26 AM,98,72
9/26/2026,5:48:27 AM,98,72
9/26/2026,5:48:28 AM,98,72
9/26/2026,5:48:29 AM,98,72
9/26/2026,5:48:30 AM,98,72
9/26/2026,5:48:31 AM,98,72
9/26/2026,5:48:32 AM,98,72
9/26/2026,5:48:33 AM,98,72
9/26/2026,5:48:34 AM,98,72
9/26/2026,5:48:35 AM,98,72
9/26/2026,5:48:36 AM,98,72
9/26/2026,5:48:37 AM,98,72
9/26/2026,5:48:38 AM,98,72
9/26/2026,5:48:39 AM,98,72
9/26/2026,5:48:40 AM,98,72
9/26/2026,5:48:41 AM,98,72
9/26/2026,5:48:42 AM,98,72
9/26/2026,5:48:43 AM,98,72
9/26/2026,5:48:44 AM,98,72
9/26/2026,5:48:45 AM,98,72
9/26/2026,5:48:46 AM,98,72
9/26/2026,5:48:47 AM,98,72
9/26/2026,5:48:48 AM,98,72
9/26/2026,5:48:49 AM,98,72
9/26/2026,5:48:50 AM,98,72
9/26/2026,5:48:51 AM,98,72
9/26/2026,5:48:52 AM,98,72
9/26/2026,5:48:53 AM,98,72
9/26/2026,5:48:54 AM,98,72
9/26/2026,5:48:55 AM,98,72
9/26/2026,5:48:56 AM,98,72
9/26/2026,5:48:57 AM,98,72
9/26/2026,5:48:58 AM,98,72
9/26/2026,5:48:59 AM,98,72
9/26/2026,5:49:00 AM,98,72
9/26/2026,5:49:01 AM,98,72
9/26/2026,5:49:02 AM,98,72
9/26/2026,5:49:03 AM,98,72
9/26/2026,5:49:04 AM,98,72
9/26/2026,5:49:05 AM,98,72
9/26/2026,5:49:06 AM,98,72
9/26/2026,5:49:07 AM,98,72
9/26/2026,5:49:08 AM,98,72
9/26/2026,5:49:09 AM,98,72
9/26/2026,5:49:10 AM,98,72
9/26/2026,5:49:11 AM,98,72
9/26/2026,5:49:12 AM,98,72
9/26/2026,5:49:13 AM,98,72
9/26/2026,5:49:14 AM,98,72
9/26/2026,5:49:15 AM,98,72
9/26/2026,5:49:16 AM,98,72
9/26/2026,5:49:17 AM,98,71
9/26/2026,5:49:18 AM,98,71
9/26/2026,5:49:19 AM,98,71
9/26/2026,5:49:20 AM,98,71
9/26/2026,5:49:21 AM,98,71
9/26/2026,5:49:22 AM,98,71
9/26/2026,5:49:23 AM,98,71
9/26/2026,5:49:24 AM,98,71
9/26/2026,5:49:25 AM,98,71
9/26/2026,5:49:26 AM,98,71
9/26/2026,5:49:27 AM,98,71
9/26/2026,5:49:28 AM,98,71
9/26/2026,5:49:29 AM,98,71
9/26/2026,5:49:30 AM,98,71
9/26/2026,5:49:31 AM,98,71
9/26/2026,5:49:32 AM,98,71
9/26/2026,5:49:33 AM,98,71
9/26/2026,5:49:34 AM,98,71
9/26/2026,5:49:35 AM,98,71
9/26/2026,5:49:36 AM,98,71
9/26/2026,5:49:37 AM,98,71
9/26/2026,5:49:38 AM,98,71
9/26/2026,5:49:39 AM,98,71
9/26/2026,5:49:40 AM,98,71
9/26/2026,5:49:41 AM,98,71
9/26/2026,5:49:42 AM,98,71
9/26/2026,5:49:43 AM,98,71
9/26/2026,5:49:44 AM,98,71
9/26/2026,5:49:45 AM,98,71
9/26/2026,5:49:46 AM,98,71
9/26/2026,5:49:47 AM,98,71
9/26/2026,5:49:48 AM,98,71
9/26/2026,5:49:49 AM,98,72
9/26/2026,5:49:50 AM,98,72
9/26/2026,5:49:51 AM,98,72
9/26/2026,5:49:52 AM,98,72
9/26/2026,5:49:53 AM,98,72
9/26/2026,5:49:54 AM,98,72
9/26/2026,5:49:55 AM,98,72
9/26/2026,5:49:56 AM,98,72
9/26/2026,5:49:57 AM,98,72
9/26/2026,5:49:58 AM,98,72
9/26/2026,5:49:59 AM,98,72
9/26/2026,5:50:00 AM,98,72
9/26/2026,5:50:01 AM,98,72
9/26/2026,5:50:02 AM,98,72
9/26/2026,5:50:03 AM,98,72
9/26/2026,5:50:04 AM,98,72
9/26/2026,5:50:05 AM,98,71
9/26/2026,5:50:06 AM,98,72
9/26/2026,5:50:07 AM,98,72
9/26/2026,5:50:08 AM,98,72
9/26/2026,5:50:09 AM,98,72
9/26/2026,5:50:10 AM,98,72
9/26/2026,5:50:11 AM,98,73
9/26/2026,5:50:12 AM,98,73
9/26/2026,5:50:13 AM,98,73
9/26/2026,5:50:14 AM,98,73
9/26/2026,5:50:15 AM,98,73
9/26/2026,5:50:16 AM,98,73
9/26/2026,5:50:17 AM,98,73
9/26/2026,5:50:18 AM,98,73
9/26/2026,5:50:19 AM,98,73
9/26/2026,5:50:20 AM,98,73
9/26/2026,5:50:21 AM,98,73
9/26/2026,5:50:22 AM,98,74
9/26/2026,5:50:23 AM,98,74
9/26/2026,5:50:24 AM,98,74
9/26/2026,5:50:25 AM,98,74
9/26/2026,5:50:26 AM,98,74
9/26/2026,5:50:27 AM,98,74
9/26/2026,5:50:28 AM,98,73
9/26/2026,5:50:29 AM,98,73
9/26/2026,5:50:30 AM,98,73
9/26/2026,5:50:31 AM,98,73
9/26/2026,5:50:32 AM,98,72
9/26/2026,5:50:33 AM,98,72
9/26/2026,5:50:34 AM,98,71
9/26/2026,5:50:35 AM,98,71
9/26/2026,5:50:36 AM,98,71
9/26/2026,5:50:37 AM,98,71
9/26/2026,5:50:38 AM,98,71
9/26/2026,5:50:39 AM,98,71
9/26/2026,5:50:40 AM,98,71
9/26/2026,5:50:41 AM,98,71
9/26/2026,5:50:42 AM,98,71
9/26/2026,5:50:43 AM,98,71
9/26/2026,5:50:44 AM,98,71
9/26/2026,5:50:45 AM,98,71
9/26/2026,5:50:46 AM,98,71
9/26/2026,5:50:47 AM,98,71
9/26/2026,5:50:48 AM,98,71
9/26/2026,5:50:49 AM,98,71
9/26/2026,5:50:50 AM,98,71
9/26/2026,5:50:51 AM,98,71
9/26/2026,5:50:52 AM,98,71
9/26/2026,5:50:53 AM,98,70
9/26/2026,5:50:54 AM,98,70
9/26/2026,5:50:55 AM,98,70
9/26/2026,5:50:56 AM,98,70
9/26/2026,5:50:57 AM,98,70
9/26/2026,5:50:58 AM,98,70
9/26/2026,5:50:59 AM,98,70
9/26/2026,5:51:00 AM,98,70
9/26/2026,5:51:01 AM,98,70
9/26/2026,5:51:02 AM,98,70
9/26/2026,5:51:03 AM,98,70
9/26/2026,5:51:04 AM,98,70
9/26/2026,5:51:05 AM,98,70
9/26/2026,5:51:06 AM,98,70
9/26/2026,5:51:07 AM,98,70
9/26/2026,5:51:08 AM,98,69
9/26/2026,5:51:09 AM,98,69
9/26/2026,5:51:10 AM,98,69
9/26/2026,5:51:11 AM,98,69
9/26/2026,5:51:12 AM,98,69
9/26/2026,5:51:13 AM,98,69
9/26/2026,5:51:14 AM,98,69
9/26/2026,5:51:15 AM,98,69
9/26/2026,5:51:16 AM,98,69
9/26/2026,5:51:17 AM,98,69
9/26/2026,5:51:18 AM,98,69
9/26/2026,5:51:19 AM,98,69
9/26/2026,5:51:20 AM,98,69
9/26/2026,5:51:21 AM,98,69
9/26/2026,5:51:22 AM,98,69
9/26/2026,5:51:23 AM,98,68
9/26/2026,5:51:24 AM,98,68
9/26/2026,5:51:25 AM,98,68
9/26/2026,5:51:26 AM,98,68
9/26/2026,5:51:27 AM,98,68
9/26/2026,5:51:28 AM,98,68
9/26/2026,5:51:29 AM,98,68
9/26/2026,5:51:30 AM,98,68
9/26/2026,5:51:31 AM,98,68
9/26/2026,5:51:32 AM,98,68
9/26/2026,5:51:33 AM,98,68
9/26/2026,5:51:34 AM,98,68
9/26/2026,5:51:35 AM,98,68
9/26/2026,5:51:36 AM,98,69
9/26/2026,5:51:37 AM,98,69
9/26/2026,5:51:38 AM,98,69
9/26/2026,5:51:39 AM,98,69
9/26/2026,5:51:40 AM,98,68
9/26/2026,5:51:41 AM,98,68
9/26/2026,5:51:42 AM,98,67
9/26/2026,5:51:43 AM,98,67
9/26/2026,5:51:44 AM,98,67
9/26/2026,5:51:45 AM,98,66
9/26/2026,5:51:46 AM,98,65
9/26/2026,5:51:47 AM,98,65
9/26/2026,5:51:48 AM,98,65
9/26/2026,5:51:49 AM,98,66
9/26/2026,5:51:50 AM,98,66
9/26/2026,5:51:51 AM,98,66
9/26/2026,5:51:52 AM,98,66
9/26/2026,5:51:53 AM,98,66
9/26/2026,5:51:54 AM,98,66
9/26/2026,5:51:55 AM,98,66
9/26/2026,5:51:56 AM,98,66
9/26/2026,5:51:57 AM,98,66
9/26/2026,5:51:58 AM,98,66
9/26/2026,5:51:59 AM,98,67
9/26/2026,5:52:00 AM,98,67
9/26/2026,5:52:01 AM,97,67
9/26/2026,5:52:02 AM,97,67
9/26/2026,5:52:03 AM,97,67
9/26/2026,5:52:04 AM,97,67
9/26/2026,5:52:05 AM,97,67
9/26/2026,5:52:06 AM,97,67
9/26/2026,5:52:07 AM,97,67
9/26/2026,5:52:08 AM,96,67
9/26/2026,5:52:09 AM,96,67
9/26/2026,5:52:10 AM,96,67
9/26/2026,5:52:11 AM,96,67
9/26/2026,5:52:12 AM,96,67
9/26/2026,5:52:13 AM,96,66
9/26/2026,5:52:14 AM,96,66
9/26/2026,5:52:15 AM,96,66
9/26/2026,5:52:16 AM,96,66
9/26/2026,5:52:17 AM,96,66
9/26/2026,5:52:18 AM,96,66
9/26/2026,5:52:19 AM,96,67
9/26/2026,5:52:20 AM,96,67
9/26/2026,5:52:21 AM,96,67
9/26/2026,5:52:22 AM,96,66
9/26/2026,5:52:23 AM,97,67
9/26/2026,5:52:24 AM,97,67
9/26/2026,5:52:25 AM,97,67
9/26/2026,5:52:26 AM,97,66
9/26/2026,5:52:27 AM,97,66
9/26/2026,5:52:28 AM,97,66
9/26/2026,5:52:29 AM,97,66
9/26/2026,5:52:30 AM,97,66
9/26/2026,5:52:31 AM,97,65
9/26/2026,5:52:32 AM,97,66
9/26/2026,5:52:33 AM,97,65
9/26/2026,5:52:34 AM,96,65
9/26/2026,5:52:35 AM,96,65
9/26/2026,5:52:36 AM,96,65
9/26/2026,5:52:37 AM,96,65
9/26/2026,5:52:38 AM,96,65
9/26/2026,5:52:39 AM,96,65
9/26/2026,5:52:40 AM,96,65
9/26/2026,5:52:41 AM,96,65
9/26/2026,5:52:42 AM,96,65
9/26/2026,5:52:43 AM,96,65
9/26/2026,5:52:44 AM,96,65
9/26/2026,5:52:45 AM,96,66
9/26/2026,5:52:46 AM,96,66
9/26/2026,5:52:47 AM,96,66
9/26/2026,5:52:48 AM,96,66
9/26/2026,5:52:49 AM,95,66
9/26/2026,5:52:50 AM,95,66
9/26/2026,5:52:51 AM,95,65
9/26/2026,5:52:52 AM,95,65
9/26/2026,5:52:53 AM,95,65
9/26/2026,5:52:54 AM,95,65
9/26/2026,5:52:55 AM,95,65
9/26/2026,5:52:56 AM,95,65
9/26/2026,5:52:57 AM,95,65
9/26/2026,5:52:58 AM,95,65
9/26/2026,5:52:59 AM,95,65
9/26/2026,5:53:00 AM,95,65
9/26/2026,5:53:01 AM,95,65
9/26/2026,5:53:02 AM,95,65
9/26/2026,5:53:03 AM,95,65
9/26/2026,5:53:04 AM,95,65
9/26/2026,5:53:05 AM,95,65
9/26/2026,5:53:06 AM,95,65
9/26/2026,5:53:07 AM,94,65
9/26/2026,5:53:08 AM,94,65
9/26/2026,5:53:09 AM,94,65
9/26/2026,5:53:10 AM,94,65
9/26/2026,5:53:11 AM,93,65
9/26/2026,5:53:12 AM,93,65
9/26/2026,5:53:13 AM,93,65
9/26/2026,5:53:14 AM,93,65
9/26/2026,5:53:15 AM,93,65
9/26/2026,5:53:16 AM,92,65
9/26/2026,5:53:17 AM,92,65
9/26/2026,5:53:18 AM,92,65
9/26/2026,5:53:19 AM,91,65
9/26/2026,5:53:20 AM,91,65
9/26/2026,5:53:21 AM,91,65
9/26/2026,5:53:22 AM,91,65
9/26/2026,5:53:23 AM,91,65
9/26/2026,5:53:24 AM,90,65
9/26/2026,5:53:25 AM,90,65
9/26/2026,5:53:26 AM,90,66
9/26/2026,5:53:27 AM,90,66
9/26/2026,5:53:28 AM,90,66
9/26/2026,5:53:29 AM,90,66
9/26/2026,5:53:30 AM,90,66
9/26/2026,5:53:31 AM,90,66
9/26/2026,5:53:32 AM,90,67
9/26/2026,5:53:33 AM,89,67
9/26/2026,5:53:34 AM,89,67
9/26/2026,5:53:35 AM,89,67
9/26/2026,5:53:36 AM,89,67
9/26/2026,5:53:37 AM,89,67
9/26/2026,5:53:38 AM,89,67
9/26/2026,5:53:39 AM,89,67
9/26/2026,5:53:40 AM,88,67
9/26/2026,5:53:41 AM,88,67
9/26/2026,5:53:42 AM,88,67
9/26/2026,5:53:43 AM,89,67
9/26/2026,5:53:44 AM,89,67
9/26/2026,5:53:45 AM,89,67
9/26/2026,5:53:46 AM,90,67
9/26/2026,5:53:47 AM,90,67
9/26/2026,5:53:48 AM,90,67
9/26/2026,5:53:49 AM,90,67
9/26/2026,5:53:50 AM,90,67
9/26/2026,5:53:51 AM,91,67
9/26/2026,5:53:52 AM,92,67
9/26/2026,5:53:53 AM,94,67
9/26/2026,5:53:54 AM,95,67
9/26/2026,5:53:55 AM,96,67
9/26/2026,5:53:56 AM,97,67
9/26/2026,5:53:57 AM,98,66
9/26/2026,5:53:58 AM,98,66
9/26/2026,5:53:59 AM,98,66
9/26/2026,5:54:00 AM,98,66
9/26/2026,5:54:01 AM,98,66
9/26/2026,5:54:02 AM,98,66
9/26/2026,5:54:03 AM,98,66
9/26/2026,5:54:04 AM,98,66
9/26/2026,5:54:05 AM,98,66
9/26/2026,5:54:06 AM,98,66
9/26/2026,5:54:07 AM,98,66
9/26/2026,5:54:08 AM,97,66
9/26/2026,5:54:09 AM,97,66
9/26/2026,5:54:10 AM,97,67
9/26/2026,5:54:11 AM,97,67
9/26/2026,5:54:12 AM,97,67
9/26/2026,5:54:13 AM,97,67
9/26/2026,5:54:14 AM,97,68
9/26/2026,5:54:15 AM,96,68
9/26/2026,5:54:16 AM,96,68
9/26/2026,5:54:17 AM,96,68
9/26/2026,5:54:18 AM,96,68
9/26/2026,5:54:19 AM,96,68
9/26/2026,5:54:20 AM,95,68
9/26/2026,5:54:21 AM,95,68
9/26/2026,5:54:22 AM,95,67
9/26/2026,5:54:23 AM,95,67
9/26/2026,5:54:24 AM,95,67
9/26/2026,5:54:25 AM,94,67
9/26/2026,5:54:26 AM,94,67
9/26/2026,5:54:27 AM,94,67
9/26/2026,5:54:28 AM,94,67
9/26/2026,5:54:29 AM,94,67
9/26/2026,5:54:30 AM,95,67
9/26/2026,5:54:31 AM,95,67
9/26/2026,5:54:32 AM,95,67
9/26/2026,5:54:33 AM,95,67
9/26/2026,5:54:34 AM,95,67
9/26/2026,5:54:35 AM,95,67
9/26/2026,5:54:36 AM,95,67
9/26/2026,5:54:37 AM,95,67
9/26/2026,5:54:38 AM,94,68
9/26/2026,5:54:39 AM,94,68
9/26/2026,5:54:40 AM,94,68
9/26/2026,5:54:41 AM,94,68
9/26/2026,5:54:42 AM,94,68
9/26/2026,5:54:43 AM,93,69
9/26/2026,5:54:44 AM,93,69
9/26/2026,5:54:45 AM,93,69
9/26/2026,5:54:46 AM,93,69
9/26/2026,5:54:47 AM,93,69
9/26/2026,5:54:48 AM,93,69
9/26/2026,5:54:49 AM,93,69
9/26/2026,5:54:50 AM,93,69
9/26/2026,5:54:51 AM,93,69
9/26/2026,5:54:52 AM,92,68
9/26/2026,5:54:53 AM,92,68
9/26/2026,5:54:54 AM,92,67
9/26/2026,5:54:55 AM,92,67
9/26/2026,5:54:56 AM,92,67
9/26/2026,5:54:57 AM,92,67
9/26/2026,5:54:58 AM,92,67
9/26/2026,5:54:59 AM,92,67
9/26/2026,5:55:00 AM,92,67
9/26/2026,5:55:01 AM,93,67
9/26/2026,5:55:02 AM,93,67
9/26/2026,5:55:03 AM,94,68
9/26/2026,5:55:04 AM,95,68
9/26/2026,5:55:05 AM,96,67
9/26/2026,5:55:06 AM,96,68
9/26/2026,5:55:07 AM,97,67
9/26/2026,5:55:08 AM,98,67
9/26/2026,5:55:09 AM,98,67
9/26/2026,5:55:10 AM,98,67
9/26/2026,5:55:11 AM,98,67
9/26/2026,5:55:12 AM,98,67
9/26/2026,5:55:13 AM,98,67
9/26/2026,5:55:14 AM,98,67
9/26/2026,5:55:15 AM,98,67
9/26/2026,5:55:16 AM,97,67
9/26/2026,5:55:17 AM,97,67
9/26/2026,5:55:18 AM,97,67
9/26/2026,5:55:19 AM,97,67
9/26/2026,5:55:20 AM,97,67
9/26/2026,5:55:21 AM,97,67
9/26/2026,5:55:22 AM,96,67
9/26/2026,5:55:23 AM,96,67
9/26/2026,5:55:24 AM,96,67
9/26/2026,5:55:25 AM,96,67
9/26/2026,5:55:26 AM,95,67
9/26/2026,5:55:27 AM,95,67
9/26/2026,5:55:28 AM,95,67
9/26/2026,5:55:29 AM,95,67
9/26/2026,5:55:30 AM,94,67
9/26/2026,5:55:31 AM,94,67
9/26/2026,5:55:32 AM,94,67
9/26/2026,5:55:33 AM,93,67
9/26/2026,5:55:34 AM,93,68
9/26/2026,5:55:35 AM,93,68
9/26/2026,5:55:36 AM,93,68
9/26/2026,5:55:37 AM,92,68
9/26/2026,5:55:38 AM,92,68
9/26/2026,5:55:39 AM,92,68
9/26/2026,5:55:40 AM,91,68
9/26/2026,5:55:41 AM,91,68
9/26/2026,5:55:42 AM,91,68
9/26/2026,5:55:43 AM,90,68
9/26/2026,5:55:44 AM,90,68
9/26/2026,5:55:45 AM,90,68
9/26/2026,5:55:46 AM,89,68
9/26/2026,5:55:47 AM,89,68
9/26/2026,5:55:48 AM,89,68
9/26/2026,5:55:49 AM,89,68
9/26/2026,5:55:50 AM,88,68
9/26/2026,5:55:51 AM,88,69
9/26/2026,5:55:52 AM,88,69
9/26/2026,5:55:53 AM,88,69
9/26/2026,5:55:54 AM,88,69
9/26/2026,5:55:55 AM,87,70
9/26/2026,5:55:56 AM,87,70
9/26/2026,5:55:57 AM,87,70
9/26/2026,5:55:58 AM,87,71
9/26/2026,5:55:59 AM,86,71
9/26/2026,5:56:00 AM,86,71
9/26/2026,5:56:01 AM,86,71
9/26/2026,5:56:02 AM,86,71
9/26/2026,5:56:03 AM,86,71
9/26/2026,5:56:04 AM,86,71
9/26/2026,5:56:05 AM,85,70
9/26/2026,5:56:06 AM,85,70
9/26/2026,5:56:07 AM,85,69
9/26/2026,5:56:08 AM,85,69
9/26/2026,5:56:09 AM,85,68
9/26/2026,5:56:10 AM,85,68
9/26/2026,5:56:11 AM,85,68
9/26/2026,5:56:12 AM,85,69
9/26/2026,5:56:13 AM,85,69
9/26/2026,5:56:14 AM,84,69
9/26/2026,5:56:15 AM,84,69
9/26/2026,5:56:16 AM,84,69
9/26/2026,5:56:17 AM,84,69
9/26/2026,5:56:18 AM,84,69
9/26/2026,5:56:19 AM,85,69
9/26/2026,5:56:20 AM,85,68
9/26/2026,5:56:21 AM,85,68
9/26/2026,5:56:22 AM,85,68
9/26/2026,5:56:23 AM,85,68
9/26/2026,5:56:24 AM,85,69
9/26/2026,5:56:25 AM,85,69
9/26/2026,5:56:26 AM,85,69
9/26/2026,5:56:27 AM,85,69
9/26/2026,5:56:28 AM,85,69
9/26/2026,5:56:29 AM,85,69
9/26/2026,5:56:30 AM,85,69
9/26/2026,5:56:31 AM,85,69
9/26/2026,5:56:32 AM,85,69
9/26/2026,5:56:33 AM,85,69
9/26/2026,5:56:34 AM,85,69
9/26/2026,5:56:35 AM,85,69
9/26/2026,5:56:36 AM,85,69
9/26/2026,5:56:37 AM,85,68
9/26/2026,5:56:38 AM,85,68
9/26/2026,5:56:39 AM,85,68
9/26/2026,5:56:40 AM,85,68
9/26/2026,5:56:41 AM,85,67
9/26/2026,5:56:42 AM,85,67
9/26/2026,5:56:43 AM,85,67
9/26/2026,5:56:44 AM,85,67
9/26/2026,5:56:45 AM,85,67
9/26/2026,5:56:46 AM,85,66
9/26/2026,5:56:47 AM,85,66
9/26/2026,5:56:48 AM,85,65
9/26/2026,5:56:49 AM,85,65
9/26/2026,5:56:50 AM,85,65
9/26/2026,5:56:51 AM,85,65
9/26/2026,5:56:52 AM,85,65
9/26/2026,5:56:53 AM,85,65
9/26/2026,5:56:54 AM,85,65
9/26/2026,5:56:55 AM,85,65
9/26/2026,5:56:56 AM,85,65
9/26/2026,5:56:57 AM,85,65
9/26/2026,5:56:58 AM,85,64
9/26/2026,5:56:59 AM,85,64
9/26/2026,5:57:00 AM,85,65
9/26/2026,5:57:01 AM,85,65
9/26/2026,5:57:02 AM,85,65
9/26/2026,5:57:03 AM,85,65
9/26/2026,5:57:04 AM,85,65
9/26/2026,5:57:05 AM,85,65
9/26/2026,5:57:06 AM,85,65
9/26/2026,5:57:07 AM,85,65
9/26/2026,5:57:08 AM,85,65
9/26/2026,5:57:09 AM,85,65
9/26/2026,5:57:10 AM,85,65
9/26/2026,5:57:11 AM,85,65
9/26/2026,5:57:12 AM,85,65
9/26/2026,5:57:13 AM,85,65
9/26/2026,5:57:14 AM,85,65
9/26/2026,5:57:15 AM,85,65
9/26/2026,5:57:16 AM,85,65
9/26/2026,5:57:17 AM,85,64
9/26/2026,5:57:18 AM,85,64
9/26/2026,5:57:19 AM,85,64
9/26/2026,5:57:20 AM,85,64
9/26/2026,5:57:21 AM,85,64
9/26/2026,5:57:22 AM,85,64
9/26/2026,5:57:23 AM,85,64
9/26/2026,5:57:24 AM,85,64
9/26/2026,5:57:25 AM,85,64
9/26/2026,5:57:26 AM,85,64
9/26/2026,5:57:27 AM,85,64
9/26/2026,5:57:28 AM,85,64
9/26/2026,5:57:29 AM,85,64
9/26/2026,5:57:30 AM,85,64
9/26/2026,5:57:31 AM,85,64
9/26/2026,5:57:32 AM,85,64
9/26/2026,5:57:33 AM,85,64
9/26/2026,5:57:34 AM,85,64
9/26/2026,5:57:35 AM,85,64
9/26/2026,5:57:36 AM,85,64
9/26/2026,5:57:37 AM,85,64
9/26/2026,5:57:38 AM,85,64
9/26/2026,5:57:39 AM,85,64
9/26/2026,5:57:40 AM,85,64
9/26/2026,5:57:41 AM,85,64
9/26/2026,5:57:42 AM,85,64
9/26/2026,5:57:43 AM,85,64
9/26/2026,5:57:44 AM,85,64
9/26/2026,5:57:45 AM,85,64
9/26/2026,5:57:46 AM,85,64
9/26/2026,5:57:47 AM,85,63
9/26/2026,5:57:48 AM,85,63
9/26/2026,5:57:49 AM,85,63
9/26/2026,5:57:50 AM,85,63
9/26/2026,5:57:51 AM,85,63
9/26/2026,5:57:52 AM,85,63
9/26/2026,5:57:53 AM,85,63
9/26/2026,5:57:54 AM,85,63
9/26/2026,5:57:55 AM,85,63
9/26/2026,5:57:56 AM,85,63
9/26/2026,5:57:57 AM,85,64
9/26/2026,5:57:58 AM,85,64
9/26/2026,5:57:59 AM,85,64
9/26/2026,5:58:00 AM,85,64
9/26/2026,5:58:01 AM,85,65
9/26/2026,5:58:02 AM,85,66
9/26/2026,5:58:03 AM,85,66
9/26/2026,5:58:04 AM,85,66
9/26/2026,5:58:05 AM,85,66
9/26/2026,5:58:06 AM,85,66
9/26/2026,5:58:07 AM,85,66
9/26/2026,5:58:08 AM,85,66
9/26/2026,5:58:09 AM,86,66
9/26/2026,5:58:10 AM,86,66
9/26/2026,5:58:11 AM,86,66
9/26/2026,5:58:12 AM,86,66
9/26/2026,5:58:13 AM,86,66
9/26/2026,5:58:14 AM,86,66
9/26/2026,5:58:15 AM,86,66
9/26/2026,5:58:16 AM,86,66
9/26/2026,5:58:17 AM,86,66
9/26/2026,5:58:18 AM,86,66
9/26/2026,5:58:19 AM,86,66
9/26/2026,5:58:20 AM,86,66
9/26/2026,5:58:21 AM,86,66
9/26/2026,5:58:22 AM,86,66
9/26/2026,5:58:23 AM,86,65
9/26/2026,5:58:24 AM,86,65
9/26/2026,5:58:25 AM,86,65
9/26/2026,5:58:26 AM,86,65
9/26/2026,5:58:27 AM,86,64
9/26/2026,5:58:28 AM,86,64
9/26/2026,5:58:29 AM,86,64
9/26/2026,5:58:30 AM,87,64
9/26/2026,5:58:31 AM,89,64
9/26/2026,5:58:32 AM,91,64
9/26/2026,5:58:33 AM,91,64
9/26/2026,5:58:34 AM,91,64
9/26/2026,5:58:35 AM,91,64
9/26/2026,5:58:36 AM,91,64
9/26/2026,5:58:37 AM,91,64
9/26/2026,5:58:38 AM,91,64
9/26/2026,5:58:39 AM,91,64
9/26/2026,5:58:40 AM,91,64
9/26/2026,5:58:41 AM,91,64
9/26/2026,5:58:42 AM,91,64
9/26/2026,5:58:43 AM,91,64
9/26/2026,5:58:44 AM,91,63
9/26/2026,5:58:45 AM,91,63
9/26/2026,5:58:46 AM,91,63
9/26/2026,5:58:47 AM,91,63
9/26/2026,5:58:48 AM,91,63
9/26/2026,5:58:49 AM,91,63
9/26/2026,5:58:50 AM,91,63
9/26/2026,5:58:51 AM,91,63
9/26/2026,5:58:52 AM,91,63
9/26/2026,5:58:53 AM,91,63
9/26/2026,5:58:54 AM,91,63
9/26/2026,5:58:55 AM,91,63
9/26/2026,5:58:56 AM,91,63
9/26/2026,5:58:57 AM,91,63
9/26/2026,5:58:58 AM,91,63
9/26/2026,5:58:59 AM,91,63
9/26/2026,5:59:00 AM,91,63
9/26/2026,5:59:01 AM,92,63
9/26/2026,5:59:02 AM,92,63
9/26/2026,5:59:03 AM,92,63
9/26/2026,5:59:04 AM,93,63
9/26/2026,5:59:05 AM,95,63
9/26/2026,5:59:06 AM,96,63
9/26/2026,5:59:07 AM,97,63
9/26/2026,5:59:08 AM,97,63
9/26/2026,5:59:09 AM,97,63
9/26/2026,5:59:10 AM,98,64
9/26/2026,5:59:11 AM,98,64
9/26/2026,5:59:12 AM,98,64
9/26/2026,5:59:13 AM,98,64
9/26/2026,5:59:14 AM,98,64
9/26/2026,5:59:15 AM,98,65
9/26/2026,5:59:16 AM,98,65
9/26/2026,5:59:17 AM,98,65
9/26/2026,5:59:18 AM,98,65
9/26/2026,5:59:19 AM,98,65
9/26/2026,5:59:20 AM,98,64
9/26/2026,5:59:21 AM,98,64
9/26/2026,5:59:22 AM,98,64
9/26/2026,5:59:23 AM,98,63
9/26/2026,5:59:24 AM,98,63
9/26/2026,5:59:25 AM,98,63
9/26/2026,5:59:26 AM,98,63
9/26/2026,5:59:27 AM,98,63
9/26/2026,5:59:28 AM,98,63
9/26/2026,5:59:29 AM,98,63
9/26/2026,5:59:30 AM,98,63
9/26/2026,5:59:31 AM,98,63
9/26/2026,5:59:32 AM,98,63
9/26/2026,5:59:33 AM,98,64
9/26/2026,5:59:34 AM,98,64
9/26/2026,5:59:35 AM,98,65
9/26/2026,5:59:36 AM,98,65
9/26/2026,5:59:37 AM,98,64
9/26/2026,5:59:38 AM,98,64
9/26/2026,5:59:39 AM,98,64
9/26/2026,5:59:40 AM,98,64
9/26/2026,5:59:41 AM,98,64
9/26/2026,5:59:42 AM,98,64
9/26/2026,5:59:43 AM,98,64
9/26/2026,5:59:44 AM,99,64
9/26/2026,5:59:45 AM,98,64
9/26/2026,5:59:46 AM,98,64
9/26/2026,5:59:47 AM,99,64
9/26/2026,5:59:48 AM,99,64
9/26/2026,5:59:49 AM,98,64
9/26/2026,5:59:50 AM,98,65
9/26/2026,5:59:51 AM,98,66
9/26/2026,5:59:52 AM,98,66
9/26/2026,5:59:53 AM,98,66
9/26/2026,5:59:54 AM,98,66
9/26/2026,5:59:55 AM,98,66
9/26/2026,5:59:56 AM,98,66
9/26/2026,5:59:57 AM,98,66
9/26/2026,5:59:58 AM,98,66
9/26/2026,5:59:59 AM,98,66
9/26/2026,6:00:00 AM,98,65
9/26/2026,6:00:01 AM,98,65
9/26/2026,6:00:02 AM,98,65
9/26/2026,6:00:03 AM,98,64
9/26/2026,6:00:04 AM,98,64
9/26/2026,6:00:05 AM,98,64
9/26/2026,6:00:06 AM,98,64
9/26/2026,6:00:07 AM,98,64
9/26/2026,6:00:08 AM,98,64
9/26/2026,6:00:09 AM,98,64
9/26/2026,6:00:10 AM,98,64
9/26/2026,6:00:11 AM,98,64
9/26/2026,6:00:12 AM,98,64
9/26/2026,6:00:13 AM,98,64
9/26/2026,6:00:14 AM,98,64
9/26/2026,6:00:15 AM,98,64
9/26/2026,6:00:16 AM,98,64
9/26/2026,6:00:17 AM,98,64
9/26/2026,6:00:18 AM,98,63
9/26/2026,6:00:19 AM,98,63
9/26/2026,6:00:20 AM,98,63
9/26/2026,6:00:21 AM,98,63
9/26/2026,6:00:22 AM,98,63
9/26/2026,6:00:23 AM,98,63
9/26/2026,6:00:24 AM,98,63
9/26/2026,6:00:25 AM,98,63
9/26/2026,6:00:26 AM,98,63
9/26/2026,6:00:27 AM,98,63
9/26/2026,6:00:28 AM,98,63
9/26/2026,6:00:29 AM,98,63
9/26/2026,6:00:30 AM,98,63
9/26/2026,6:00:31 AM,98,63
9/26/2026,6:00:32 AM,98,63
9/26/2026,6:00:33 AM,98,63
9/26/2026,6:00:34 AM,98,63
9/26/2026,6:00:35 AM,98,63
9/26/2026,6:00:36 AM,98,63
9/26/2026,6:00:37 AM,98,62
9/26/2026,6:00:38 AM,98,62
9/26/2026,6:00:39 AM,98,62
9/26/2026,6:00:40 AM,98,62
9/26/2026,6:00:41 AM,98,62
9/26/2026,6:00:42 AM,98,62
9/26/2026,6:00:43 AM,98,62
9/26/2026,6:00:44 AM,98,62
9/26/2026,6:00:45 AM,98,62
9/26/2026,6:00:46 AM,98,62
9/26/2026,6:00:47 AM,98,62
9/26/2026,6:00:48 AM,98,62
9/26/2026,6:00:49 AM,98,61
9/26/2026,6:00:50 AM,98,61
9/26/2026,6:00:51 AM,98,61
9/26/2026,6:00:52 AM,98,62
9/26/2026,6:00:53 AM,98,62
9/26/2026,6:00:54 AM,98,62
9/26/2026,6:00:55 AM,98,62
9/26/2026,6:00:56 AM,98,62
9/26/2026,6:00:57 AM,98,62
9/26/2026,6:00:58 AM,98,62
9/26/2026,6:00:59 AM,98,63
9/26/2026,6:01:00 AM,98,63
9/26/2026,6:01:01 AM,98,63
9/26/2026,6:01:02 AM,98,63
9/26/2026,6:01:03 AM,98,64
9/26/2026,6:01:04 AM,98,64
9/26/2026,6:01:05 AM,98,64
9/26/2026,6:01:06 AM,97,64
9/26/2026,6:01:07 AM,97,64
9/26/2026,6:01:08 AM,98,64
9/26/2026,6:01:09 AM,98,64
9/26/2026,6:01:10 AM,98,64
9/26/2026,6:01:11 AM,98,64
9/26/2026,6:01:12 AM,98,64
9/26/2026,6:01:13 AM,98,65
9/26/2026,6:01:14 AM,98,65
9/26/2026,6:01:15 AM,98,65
9/26/2026,6:01:16 AM,98,65
9/26/2026,6:01:17 AM,98,66
9/26/2026,6:01:18 AM,98,66
9/26/2026,6:01:19 AM,98,66
9/26/2026,6:01:20 AM,98,66
9/26/2026,6:01:21 AM,98,66
9/26/2026,6:01:22 AM,98,66
9/26/2026,6:01:23 AM,98,66
9/26/2026,6:01:24 AM,98,66
9/26/2026,6:01:25 AM,98,66
9/26/2026,6:01:26 AM,98,66
9/26/2026,6:01:27 AM,98,66
9/26/2026,6:01:28 AM,98,66
9/26/2026,6:01:29 AM,98,66
9/26/2026,6:01:30 AM,98,66
9/26/2026,6:01:31 AM,98,66
9/26/2026,6:01:32 AM,99,67
9/26/2026,6:01:33 AM,98,67
9/26/2026,6:01:34 AM,99,68
9/26/2026,6:01:35 AM,99,68
9/26/2026,6:01:36 AM,99,68
9/26/2026,6:01:37 AM,99,68
9/26/2026,6:01:38 AM,99,68
9/26/2026,6:01:39 AM,99,68
9/26/2026,6:01:40 AM,99,69
9/26/2026,6:01:41 AM,99,69
9/26/2026,6:01:42 AM,99,69
9/26/2026,6:01:43 AM,99,69
9/26/2026,6:01:44 AM,99,70
9/26/2026,6:01:45 AM,99,70
9/26/2026,6:01:46 AM,99,70
9/26/2026,6:01:47 AM,99,70
9/26/2026,6:01:48 AM,99,70
9/26/2026,6:01:49 AM,99,70
9/26/2026,6:01:50 AM,98,70
9/26/2026,6:01:51 AM,98,70
9/26/2026,6:01:52 AM,98,70
9/26/2026,6:01:53 AM,98,70
9/26/2026,6:01:54 AM,98,70
9/26/2026,6:01:55 AM,98,70
9/26/2026,6:01:56 AM,98,70
9/26/2026,6:01:57 AM,98,70
9/26/2026,6:01:58 AM,98,70
9/26/2026,6:01:59 AM,98,70
9/26/2026,6:02:00 AM,98,70
9/26/2026,6:02:01 AM,98,71
9/26/2026,6:02:02 AM,98,71
9/26/2026,6:02:03 AM,98,71
9/26/2026,6:02:04 AM,98,71
9/26/2026,6:02:05 AM,98,71
9/26/2026,6:02:06 AM,99,72
9/26/2026,6:02:07 AM,99,72
9/26/2026,6:02:08 AM,99,72
9/26/2026,6:02:09 AM,99,72
9/26/2026,6:02:10 AM,99,72
9/26/2026,6:02:11 AM,99,72
9/26/2026,6:02:12 AM,99,72
9/26/2026,6:02:13 AM,99,72
9/26/2026,6:02:14 AM,99,72
9/26/2026,6:02:15 AM,99,72
9/26/2026,6:02:16 AM,99,72
9/26/2026,6:02:17 AM,99,72
9/26/2026,6:02:18 AM,99,72
9/26/2026,6:02:19 AM,99,71
9/26/2026,6:02:20 AM,99,71
9/26/2026,6:02:21 AM,99,71
9/26/2026,6:02:22 AM,99,71
9/26/2026,6:02:23 AM,99,70
9/26/2026,6:02:24 AM,99,70
9/26/2026,6:02:25 AM,99,70
9/26/2026,6:02:26 AM,99,70
9/26/2026,6:02:27 AM,99,70
9/26/2026,6:02:28 AM,99,70
9/26/2026,6:02:29 AM,99,70
9/26/2026,6:02:30 AM,99,70
9/26/2026,6:02:31 AM,99,70
9/26/2026,6:02:32 AM,99,70
9/26/2026,6:02:33 AM,99,70
9/26/2026,6:02:34 AM,99,70
9/26/2026,6:02:35 AM,99,70
9/26/2026,6:02:36 AM,99,70
9/26/2026,6:02:37 AM,99,70
9/26/2026,6:02:38 AM,99,70
9/26/2026,6:02:39 AM,99,70
9/26/2026,6:02:40 AM,99,70
9/26/2026,6:02:41 AM,99,70
9/26/2026,6:02:42 AM,99,70
9/26/2026,6:02:43 AM,99,70
9/26/2026,6:02:44 AM,99,70
9/26/2026,6:02:45 AM,99,70
9/26/2026,6:02:46 AM,99,70
9/26/2026,6:02:47 AM,99,70
9/26/2026,6:02:48 AM,99,70
9/26/2026,6:02:49 AM,99,70
9/26/2026,6:02:50 AM,99,70
9/26/2026,6:02:51 AM,99,70
9/26/2026,6:02:52 AM,99,70
9/26/2026,6:02:53 AM,99,70
9/26/2026,6:02:54 AM,99,69
9/26/2026,6:02:55 AM,99,69
9/26/2026,6:02:56 AM,99,69
9/26/2026,6:02:57 AM,99,69
9/26/2026,6:02:58 AM,99,69
9/26/2026,6:02:59 AM,99,69
9/26/2026,6:03:00 AM,99,69
9/26/2026,6:03:01 AM,99,69
9/26/2026,6:03:02 AM,99,69
9/26/2026,6:03:03 AM,99,69
9/26/2026,6:03:04 AM,99,69
9/26/2026,6:03:05 AM,99,69
9/26/2026,6:03:06 AM,99,69
9/26/2026,6:03:07 AM,99,69
9/26/2026,6:03:08 AM,99,69
9/26/2026,6:03:09 AM,99,69
9/26/2026,6:03:10 AM,99,69
9/26/2026,6:03:11 AM,99,69
9/26/2026,6:03:12 AM,99,69
9/26/2026,6:03:13 AM,99,69
9/26/2026,6:03:14 AM,99,69
9/26/2026,6:03:15 AM,99,69
9/26/2026,6:03:16 AM,99,69
9/26/2026,6:03:17 AM,99,69
9/26/2026,6:03:18 AM,99,69
9/26/2026,6:03:19 AM,99,69
9/26/2026,6:03:20 AM,99,69
9/26/2026,6:03:21 AM,99,69
9/26/2026,6:03:22 AM,99,69
9/26/2026,6:03:23 AM,99,69
9/26/2026,6:03:24 AM,99,69
9/26/2026,6:03:25 AM,99,69
9/26/2026,6:03:26 AM,99,69
9/26/2026,6:03:27 AM,99,69
9/26/2026,6:03:28 AM,99,69
9/26/2026,6:03:29 AM,99,69
9/26/2026,6:03:30 AM,99,69
9/26/2026,6:03:31 AM,99,69
9/26/2026,6:03:32 AM,99,69
9/26/2026,6:03:33 AM,99,69
9/26/2026,6:03:34 AM,99,69
9/26/2026,6:03:35 AM,99,69
9/26/2026,6:03:36 AM,99,69
9/26/2026,6:03:37 AM,99,69
9/26/2026,6:03:38 AM,99,69
9/26/2026,6:03:39 AM,99,69
9/26/2026,6:03:40 AM,99,69
9/26/2026,6:03:41 AM,99,69
9/26/2026,6:03:42 AM,99,69
9/26/2026,6:03:43 AM,99,69
9/26/2026,6:03:44 AM,99,69
9/26/2026,6:03:45 AM,99,69
9/26/2026,6:03:46 AM,99,69
9/26/2026,6:03:47 AM,99,69
9/26/2026,6:03:48 AM,99,69
9/26/2026,6:03:49 AM,99,69
9/26/2026,6:03:50 AM,99,69
9/26/2026,6:03:51 AM,99,69
9/26/2026,6:03:52 AM,99,69
9/26/2026,6:03:53 AM,99,69
9/26/2026,6:03:54 AM,99,69
9/26/2026,6:03:55 AM,99,69
9/26/2026,6:03:56 AM,99,69
9/26/2026,6:03:57 AM,99,69
9/26/2026,6:03:58 AM,99,69
9/26/2026,6:03:59 AM,99,69
9/26/2026,6:04:00 AM,99,69
9/26/2026,6:04:01 AM,99,68
9/26/2026,6:04:02 AM,99,68
9/26/2026,6:04:03 AM,99,68
9/26/2026,6:04:04 AM,99,68
9/26/2026,6:04:05 AM,99,68
9/26/2026,6:04:06 AM,99,68
9/26/2026,6:04:07 AM,99,68
9/26/2026,6:04:08 AM,99,68
9/26/2026,6:04:09 AM,99,68
9/26/2026,6:04:10 AM,99,68
9/26/2026,6:04:11 AM,99,68
9/26/2026,6:04:12 AM,99,68
9/26/2026,6:04:13 AM,99,69
9/26/2026,6:04:14 AM,99,69
9/26/2026,6:04:15 AM,99,69
9/26/2026,6:04:16 AM,99,69
9/26/2026,6:04:17 AM,99,68
9/26/2026,6:04:18 AM,99,68
9/26/2026,6:04:19 AM,99,69
9/26/2026,6:04:20 AM,99,69
9/26/2026,6:04:21 AM,99,69
9/26/2026,6:04:22 AM,99,69
9/26/2026,6:04:23 AM,99,69
9/26/2026,6:04:24 AM,99,69
9/26/2026,6:04:25 AM,99,69
9/26/2026,6:04:26 AM,99,69
9/26/2026,6:04:27 AM,99,69
9/26/2026,6:04:28 AM,99,69
9/26/2026,6:04:29 AM,99,69
9/26/2026,6:04:30 AM,99,69
9/26/2026,6:04:31 AM,99,69
9/26/2026,6:04:32 AM,99,70
9/26/2026,6:04:33 AM,99,70
9/26/2026,6:04:34 AM,99,70
9/26/2026,6:04:35 AM,99,70
9/26/2026,6:04:36 AM,99,70
9/26/2026,6:04:37 AM,99,71
9/26/2026,6:04:38 AM,99,71
9/26/2026,6:04:39 AM,99,71
9/26/2026,6:04:40 AM,99,71
9/26/2026,6:04:41 AM,99,71
9/26/2026,6:04:42 AM,99,71
9/26/2026,6:04:43 AM,99,70
9/26/2026,6:04:44 AM,99,70
9/26/2026,6:04:45 AM,99,70
9/26/2026,6:04:46 AM,99,70
9/26/2026,6:04:47 AM,99,70
9/26/2026,6:04:48 AM,99,70
9/26/2026,6:04:49 AM,99,70
9/26/2026,6:04:50 AM,99,70
9/26/2026,6:04:51 AM,99,70
9/26/2026,6:04:52 AM,99,70
9/26/2026,6:04:53 AM,99,70
9/26/2026,6:04:54 AM,99,70
9/26/2026,6:04:55 AM,98,70
9/26/2026,6:04:56 AM,98,70
9/26/2026,6:04:57 AM,99,70
9/26/2026,6:04:58 AM,98,70
9/26/2026,6:04:59 AM,98,70
9/26/2026,6:05:00 AM,98,70
9/26/2026,6:05:01 AM,98,70
9/26/2026,6:05:02 AM,98,70
9/26/2026,6:05:03 AM,99,70
9/26/2026,6:05:04 AM,99,70
9/26/2026,6:05:05 AM,99,70
9/26/2026,6:05:06 AM,99,70
9/26/2026,6:05:07 AM,99,71
9/26/2026,6:05:08 AM,98,71
9/26/2026,6:05:09 AM,98,70
9/26/2026,6:05:10 AM,98,70
9/26/2026,6:05:11 AM,98,70
9/26/2026,6:05:12 AM,98,70
9/26/2026,6:05:13 AM,98,70
9/26/2026,6:05:14 AM,98,70
9/26/2026,6:05:15 AM,98,70
9/26/2026,6:05:16 AM,98,70
9/26/2026,6:05:17 AM,98,70
9/26/2026,6:05:18 AM,98,70
9/26/2026,6:05:19 AM,98,70
9/26/2026,6:05:20 AM,98,70
9/26/2026,6:05:21 AM,98,70
9/26/2026,6:05:22 AM,98,70
9/26/2026,6:05:23 AM,98,70
9/26/2026,6:05:24 AM,98,70
9/26/2026,6:05:25 AM,98,70
9/26/2026,6:05:26 AM,99,70
9/26/2026,6:05:27 AM,99,70
9/26/2026,6:05:28 AM,98,70
9/26/2026,6:05:29 AM,98,70
9/26/2026,6:05:30 AM,98,70
9/26/2026,6:05:31 AM,98,70
9/26/2026,6:05:32 AM,98,69
9/26/2026,6:05:33 AM,98,70
9/26/2026,6:05:34 AM,98,70
9/26/2026,6:05:35 AM,98,69
9/26/2026,6:05:36 AM,98,69
9/26/2026,6:05:37 AM,98,69
9/26/2026,6:05:38 AM,98,69
9/26/2026,6:05:39 AM,98,69
9/26/2026,6:05:40 AM,98,69
9/26/2026,6:05:41 AM,98,69
9/26/2026,6:05:42 AM,98,69
9/26/2026,6:05:43 AM,98,68
9/26/2026,6:05:44 AM,98,68
9/26/2026,6:05:45 AM,98,69
9/26/2026,6:05:46 AM,98,69
9/26/2026,6:05:47 AM,98,69
9/26/2026,6:05:48 AM,98,69
9/26/2026,6:05:49 AM,98,69
9/26/2026,6:05:50 AM,98,70
9/26/2026,6:05:51 AM,98,70
9/26/2026,6:05:52 AM,98,70
9/26/2026,6:05:53 AM,98,70
9/26/2026,6:05:54 AM,98,70
9/26/2026,6:05:55 AM,98,70
9/26/2026,6:05:56 AM,98,70
9/26/2026,6:05:57 AM,98,70
9/26/2026,6:05:58 AM,98,70
9/26/2026,6:05:59 AM,98,70
9/26/2026,6:06:00 AM,98,70
9/26/2026,6:06:01 AM,98,69
9/26/2026,6:06:02 AM,98,69
9/26/2026,6:06:03 AM,98,69
9/26/2026,6:06:04 AM,98,69
9/26/2026,6:06:05 AM,98,68
9/26/2026,6:06:06 AM,98,68
9/26/2026,6:06:07 AM,98,68
9/26/2026,6:06:08 AM,98,68
9/26/2026,6:06:09 AM,98,68
9/26/2026,6:06:10 AM,98,68
9/26/2026,6:06:11 AM,98,69
9/26/2026,6:06:12 AM,98,69
9/26/2026,6:06:13 AM,98,69
9/26/2026,6:06:14 AM,98,69
9/26/2026,6:06:15 AM,98,69
9/26/2026,6:06:16 AM,98,69
9/26/2026,6:06:17 AM,98,69
9/26/2026,6:06:18 AM,98,69
9/26/2026,6:06:19 AM,98,69
9/26/2026,6:06:20 AM,98,69
9/26/2026,6:06:21 AM,98,68
9/26/2026,6:06:22 AM,98,68
9/26/2026,6:06:23 AM,98,68
9/26/2026,6:06:24 AM,98,67
9/26/2026,6:06:25 AM,98,67
9/26/2026,6:06:26 AM,98,67
9/26/2026,6:06:27 AM,98,67
9/26/2026,6:06:28 AM,98,66
9/26/2026,6:06:29 AM,98,66
9/26/2026,6:06:30 AM,98,67
9/26/2026,6:06:31 AM,98,67
9/26/2026,6:06:32 AM,98,67
9/26/2026,6:06:33 AM,98,67
9/26/2026,6:06:34 AM,98,67
9/26/2026,6:06:35 AM,98,67
9/26/2026,6:06:36 AM,98,68
9/26/2026,6:06:37 AM,98,68
9/26/2026,6:06:38 AM,98,68
9/26/2026,6:06:39 AM,98,68
9/26/2026,6:06:40 AM,98,68
9/26/2026,6:06:41 AM,98,68
9/26/2026,6:06:42 AM,98,68
9/26/2026,6:06:43 AM,98,68
9/26/2026,6:06:44 AM,98,68
9/26/2026,6:06:45 AM,98,68
9/26/2026,6:06:46 AM,98,68
9/26/2026,6:06:47 AM,98,68
9/26/2026,6:06:48 AM,98,69
9/26/2026,6:06:49 AM,98,69
9/26/2026,6:06:50 AM,98,69
9/26/2026,6:06:51 AM,98,69
9/26/2026,6:06:52 AM,98,69
9/26/2026,6:06:53 AM,98,69
9/26/2026,6:06:54 AM,98,69
9/26/2026,6:06:55 AM,98,69
9/26/2026,6:06:56 AM,98,68
9/26/2026,6:06:57 AM,98,68
9/26/2026,6:06:58 AM,98,68
9/26/2026,6:06:59 AM,98,68
9/26/2026,6:07:00 AM,98,68
9/26/2026,6:07:01 AM,98,68
9/26/2026,6:07:02 AM,98,68
9/26/2026,6:07:03 AM,98,68
9/26/2026,6:07:04 AM,98,68
9/26/2026,6:07:05 AM,98,68
9/26/2026,6:07:06 AM,98,68
9/26/2026,6:07:07 AM,98,68
9/26/2026,6:07:08 AM,98,68
9/26/2026,6:07:09 AM,98,68
9/26/2026,6:07:10 AM,98,68
9/26/2026,6:07:11 AM,98,69
9/26/2026,6:07:12 AM,98,69
9/26/2026,6:07:13 AM,98,70
9/26/2026,6:07:14 AM,98,70
9/26/2026,6:07:15 AM,98,70
9/26/2026,6:07:16 AM,98,71
9/26/2026,6:07:17 AM,98,71
9/26/2026,6:07:18 AM,98,71
9/26/2026,6:07:19 AM,98,71
9/26/2026,6:07:20 AM,98,70
9/26/2026,6:07:21 AM,98,70
9/26/2026,6:07:22 AM,98,69
9/26/2026,6:07:23 AM,98,69
9/26/2026,6:07:24 AM,98,69
9/26/2026,6:07:25 AM,98,69
9/26/2026,6:07:26 AM,98,69
9/26/2026,6:07:27 AM,98,68
9/26/2026,6:07:28 AM,97,68
9/26/2026,6:07:29 AM,97,68
9/26/2026,6:07:30 AM,97,68
9/26/2026,6:07:31 AM,97,68
9/26/2026,6:07:32 AM,97,68
9/26/2026,6:07:33 AM,97,68
9/26/2026,6:07:34 AM,97,68
9/26/2026,6:07:35 AM,97,68
9/26/2026,6:07:36 AM,97,68
9/26/2026,6:07:37 AM,97,68
9/26/2026,6:07:38 AM,97,67
9/26/2026,6:07:39 AM,97,67
9/26/2026,6:07:40 AM,97,67
9/26/2026,6:07:41 AM,97,67
9/26/2026,6:07:42 AM,97,67
9/26/2026,6:07:43 AM,97,67
9/26/2026,6:07:44 AM,97,67
9/26/2026,6:07:45 AM,97,67
9/26/2026,6:07:46 AM,97,68
9/26/2026,6:07:47 AM,97,68
9/26/2026,6:07:48 AM,96,68
9/26/2026,6:07:49 AM,96,68
9/26/2026,6:07:50 AM,96,69
9/26/2026,6:07:51 AM,96,69
9/26/2026,6:07:52 AM,96,69
9/26/2026,6:07:53 AM,96,69
9/26/2026,6:07:54 AM,96,69
9/26/2026,6:07:55 AM,96,69
9/26/2026,6:07:56 AM,96,69
9/26/2026,6:07:57 AM,96,70
9/26/2026,6:07:58 AM,96,70
9/26/2026,6:07:59 AM,96,70
9/26/2026,6:08:00 AM,96,70
9/26/2026,6:08:01 AM,95,70
9/26/2026,6:08:02 AM,95,70
9/26/2026,6:08:03 AM,95,69
9/26/2026,6:08:04 AM,95,69
9/26/2026,6:08:05 AM,95,69
9/26/2026,6:08:06 AM,95,69
9/26/2026,6:08:07 AM,95,68
9/26/2026,6:08:08 AM,95,68
9/26/2026,6:08:09 AM,95,68
9/26/2026,6:08:10 AM,95,68
9/26/2026,6:08:11 AM,95,67
9/26/2026,6:08:12 AM,95,67
9/26/2026,6:08:13 AM,95,67
9/26/2026,6:08:14 AM,96,67
9/26/2026,6:08:15 AM,96,67
9/26/2026,6:08:16 AM,96,67
9/26/2026,6:08:17 AM,96,67
9/26/2026,6:08:18 AM,96,67
9/26/2026,6:08:19 AM,97,67
9/26/2026,6:08:20 AM,97,67
9/26/2026,6:08:21 AM,97,67
9/26/2026,6:08:22 AM,97,67
9/26/2026,6:08:23 AM,97,67
9/26/2026,6:08:24 AM,97,67
9/26/2026,6:08:25 AM,97,67
9/26/2026,6:08:26 AM,97,67
9/26/2026,6:08:27 AM,97,67
9/26/2026,6:08:28 AM,97,66
9/26/2026,6:08:29 AM,97,66
9/26/2026,6:08:30 AM,97,66
9/26/2026,6:08:31 AM,97,66
9/26/2026,6:08:32 AM,97,66
9/26/2026,6:08:33 AM,96,66
9/26/2026,6:08:34 AM,96,66
9/26/2026,6:08:35 AM,96,66
9/26/2026,6:08:36 AM,96,66
9/26/2026,6:08:37 AM,96,66
9/26/2026,6:08:38 AM,96,66
9/26/2026,6:08:39 AM,96,66
9/26/2026,6:08:40 AM,95,66
9/26/2026,6:08:41 AM,95,66
9/26/2026,6:08:42 AM,95,66
9/26/2026,6:08:43 AM,95,66
9/26/2026,6:08:44 AM,95,66
9/26/2026,6:08:45 AM,95,66
9/26/2026,6:08:46 AM,94,66
9/26/2026,6:08:47 AM,94,66
9/26/2026,6:08:48 AM,94,67
9/26/2026,6:08:49 AM,94,67
9/26/2026,6:08:50 AM,94,67
9/26/2026,6:08:51 AM,94,67
9/26/2026,6:08:52 AM,94,67
9/26/2026,6:08:53 AM,94,68
9/26/2026,6:08:54 AM,93,68
9/26/2026,6:08:55 AM,93,68
9/26/2026,6:08:56 AM,93,68
9/26/2026,6:08:57 AM,93,68
9/26/2026,6:08:58 AM,93,69
9/26/2026,6:08:59 AM,93,69
9/26/2026,6:09:00 AM,93,69
9/26/2026,6:09:01 AM,93,69
9/26/2026,6:09:02 AM,93,69
9/26/2026,6:09:03 AM,92,69
9/26/2026,6:09:04 AM,92,68
9/26/2026,6:09:05 AM,92,68
9/26/2026,6:09:06 AM,92,67
9/26/2026,6:09:07 AM,92,67
9/26/2026,6:09:08 AM,92,67
9/26/2026,6:09:09 AM,92,66
9/26/2026,6:09:10 AM,93,66
9/26/2026,6:09:11 AM,93,66
9/26/2026,6:09:12 AM,94,66
9/26/2026,6:09:13 AM,96,66
9/26/2026,6:09:14 AM,96,66
9/26/2026,6:09:15 AM,97,66
9/26/2026,6:09:16 AM,97,67
9/26/2026,6:09:17 AM,97,67
9/26/2026,6:09:18 AM,98,67
9/26/2026,6:09:19 AM,98,67
9/26/2026,6:09:20 AM,98,67
9/26/2026,6:09:21 AM,98,67
9/26/2026,6:09:22 AM,98,67
9/26/2026,6:09:23 AM,98,67
9/26/2026,6:09:24 AM,98,67
9/26/2026,6:09:25 AM,98,67
9/26/2026,6:09:26 AM,98,67
9/26/2026,6:09:27 AM,98,67
9/26/2026,6:09:28 AM,98,67
9/26/2026,6:09:29 AM,98,67
9/26/2026,6:09:30 AM,98,67
9/26/2026,6:09:31 AM,98,67
9/26/2026,6:09:32 AM,98,67
9/26/2026,6:09:33 AM,98,67
9/26/2026,6:09:34 AM,98,67
9/26/2026,6:09:35 AM,98,66
9/26/2026,6:09:36 AM,98,66
9/26/2026,6:09:37 AM,98,65
9/26/2026,6:09:38 AM,98,65
9/26/2026,6:09:39 AM,97,65
9/26/2026,6:09:40 AM,97,65
9/26/2026,6:09:41 AM,97,65
9/26/2026,6:09:42 AM,97,65
9/26/2026,6:09:43 AM,97,65
9/26/2026,6:09:44 AM,97,65
9/26/2026,6:09:45 AM,97,65
9/26/2026,6:09:46 AM,97,66
9/26/2026,6:09:47 AM,97,66
9/26/2026,6:09:48 AM,97,66
9/26/2026,6:09:49 AM,97,66
9/26/2026,6:09:50 AM,97,67
9/26/2026,6:09:51 AM,97,67
9/26/2026,6:09:52 AM,97,66
9/26/2026,6:09:53 AM,97,66
9/26/2026,6:09:54 AM,97,66
9/26/2026,6:09:55 AM,97,66
9/26/2026,6:09:56 AM,97,66
9/26/2026,6:09:57 AM,96,66
9/26/2026,6:09:58 AM,96,66
9/26/2026,6:09:59 AM,96,66
9/26/2026,6:10:00 AM,96,66
9/26/2026,6:10:01 AM,96,66
9/26/2026,6:10:02 AM,96,66
9/26/2026,6:10:03 AM,96,66
9/26/2026,6:10:04 AM,95,67
9/26/2026,6:10:05 AM,95,67
9/26/2026,6:10:06 AM,95,67
9/26/2026,6:10:07 AM,95,67
9/26/2026,6:10:08 AM,95,67
9/26/2026,6:10:09 AM,95,67
9/26/2026,6:10:10 AM,95,67
9/26/2026,6:10:11 AM,95,67
9/26/2026,6:10:12 AM,95,66
9/26/2026,6:10:13 AM,95,66
9/26/2026,6:10:14 AM,95,66
9/26/2026,6:10:15 AM,95,65
9/26/2026,6:10:16 AM,95,65
9/26/2026,6:10:17 AM,94,65
9/26/2026,6:10:18 AM,94,65
9/26/2026,6:10:19 AM,94,65
9/26/2026,6:10:20 AM,94,64
9/26/2026,6:10:21 AM,94,64
9/26/2026,6:10:22 AM,94,64
9/26/2026,6:10:23 AM,94,64
9/26/2026,6:10:24 AM,93,64
9/26/2026,6:10:25 AM,93,65
9/26/2026,6:10:26 AM,93,65
9/26/2026,6:10:27 AM,93,65
9/26/2026,6:10:28 AM,93,65
9/26/2026,6:10:29 AM,92,65
9/26/2026,6:10:30 AM,92,65
9/26/2026,6:10:31 AM,92,66
9/26/2026,6:10:32 AM,92,66
9/26/2026,6:10:33 AM,92,66
9/26/2026,6:10:34 AM,92,66
9/26/2026,6:10:35 AM,92,66
9/26/2026,6:10:36 AM,92,66
9/26/2026,6:10:37 AM,92,66
9/26/2026,6:10:38 AM,92,66
9/26/2026,6:10:39 AM,92,66
9/26/2026,6:10:40 AM,92,66
9/26/2026,6:10:41 AM,92,66
9/26/2026,6:10:42 AM,92,66
9/26/2026,6:10:43 AM,92,67
9/26/2026,6:10:44 AM,92,67
9/26/2026,6:10:45 AM,92,67
9/26/2026,6:10:46 AM,92,67
9/26/2026,6:10:47 AM,91,67
9/26/2026,6:10:48 AM,91,68
9/26/2026,6:10:49 AM,91,68
9/26/2026,6:10:50 AM,90,68
9/26/2026,6:10:51 AM,90,68
9/26/2026,6:10:52 AM,90,68
9/26/2026,6:10:53 AM,89,68
9/26/2026,6:10:54 AM,89,68
9/26/2026,6:10:55 AM,89,69
9/26/2026,6:10:56 AM,89,70
9/26/2026,6:10:57 AM,88,71
9/26/2026,6:10:58 AM,88,71
9/26/2026,6:10:59 AM,88,71
9/26/2026,6:11:00 AM,88,71
9/26/2026,6:11:01 AM,87,71
9/26/2026,6:11:02 AM,87,71
9/26/2026,6:11:03 AM,87,70
9/26/2026,6:11:04 AM,87,70
9/26/2026,6:11:05 AM,87,69
9/26/2026,6:11:06 AM,87,69
9/26/2026,6:11:07 AM,87,69
9/26/2026,6:11:08 AM,87,69
9/26/2026,6:11:09 AM,87,68
9/26/2026,6:11:10 AM,87,68
9/26/2026,6:11:11 AM,87,68
9/26/2026,6:11:12 AM,86,68
9/26/2026,6:11:13 AM,87,69
9/26/2026,6:11:14 AM,87,69
9/26/2026,6:11:15 AM,86,69
9/26/2026,6:11:16 AM,87,68
9/26/2026,6:11:17 AM,87,69
9/26/2026,6:11:18 AM,87,69
9/26/2026,6:11:19 AM,88,69
9/26/2026,6:11:20 AM,88,69
9/26/2026,6:11:21 AM,88,69
9/26/2026,6:11:22 AM,88,69
9/26/2026,6:11:23 AM,89,70
9/26/2026,6:11:24 AM,90,70
9/26/2026,6:11:25 AM,92,70
9/26/2026,6:11:26 AM,93,69
9/26/2026,6:11:27 AM,94,69
9/26/2026,6:11:28 AM,95,69
9/26/2026,6:11:29 AM,97,69
9/26/2026,6:11:30 AM,98,69
9/26/2026,6:11:31 AM,98,69
9/26/2026,6:11:32 AM,98,69
9/26/2026,6:11:33 AM,98,69
9/26/2026,6:11:34 AM,98,69
9/26/2026,6:11:35 AM,98,69
9/26/2026,6:11:36 AM,98,69
9/26/2026,6:11:37 AM,98,68
9/26/2026,6:11:38 AM,98,68
9/26/2026,6:11:39 AM,98,68
9/26/2026,6:11:40 AM,98,68
9/26/2026,6:11:41 AM,98,68
9/26/2026,6:11:42 AM,98,67
9/26/2026,6:11:43 AM,98,67
9/26/2026,6:11:44 AM,98,67
9/26/2026,6:11:45 AM,97,67
9/26/2026,6:11:46 AM,97,67
9/26/2026,6:11:47 AM,98,67
9/26/2026,6:11:48 AM,97,67
9/26/2026,6:11:49 AM,97,67
9/26/2026,6:11:50 AM,97,67
9/26/2026,6:11:51 AM,97,67
9/26/2026,6:11:52 AM,97,67
9/26/2026,6:11:53 AM,97,67
9/26/2026,6:11:54 AM,97,67
9/26/2026,6:11:55 AM,97,67
9/26/2026,6:11:56 AM,97,66
9/26/2026,6:11:57 AM,97,66
9/26/2026,6:11:58 AM,97,66
9/26/2026,6:11:59 AM,97,66
9/26/2026,6:12:00 AM,97,66
9/26/2026,6:12:01 AM,97,66
9/26/2026,6:12:02 AM,97,66
9/26/2026,6:12:03 AM,97,66
9/26/2026,6:12:04 AM,97,67
9/26/2026,6:12:05 AM,97,67
9/26/2026,6:12:06 AM,97,67
9/26/2026,6:12:07 AM,97,67
9/26/2026,6:12:08 AM,97,67
9/26/2026,6:12:09 AM,96,67
9/26/2026,6:12:10 AM,96,67
9/26/2026,6:12:11 AM,96,67
9/26/2026,6:12:12 AM,96,66
9/26/2026,6:12:13 AM,96,66
9/26/2026,6:12:14 AM,96,66
9/26/2026,6:12:15 AM,96,65
9/26/2026,6:12:16 AM,96,65
9/26/2026,6:12:17 AM,96,65
9/26/2026,6:12:18 AM,96,65
9/26/2026,6:12:19 AM,95,65
9/26/2026,6:12:20 AM,95,65
9/26/2026,6:12:21 AM,95,65
9/26/2026,6:12:22 AM,95,65
9/26/2026,6:12:23 AM,95,65
9/26/2026,6:12:24 AM,95,65
9/26/2026,6:12:25 AM,94,65
9/26/2026,6:12:26 AM,94,65
9/26/2026,6:12:27 AM,94,65
9/26/2026,6:12:28 AM,94,64
9/26/2026,6:12:29 AM,94,64
9/26/2026,6:12:30 AM,94,64
9/26/2026,6:12:31 AM,93,64
9/26/2026,6:12:32 AM,93,64
9/26/2026,6:12:33 AM,93,64
9/26/2026,6:12:34 AM,93,64
9/26/2026,6:12:35 AM,93,64
9/26/2026,6:12:36 AM,93,64
9/26/2026,6:12:37 AM,93,65
9/26/2026,6:12:38 AM,93,65
9/26/2026,6:12:39 AM,93,65
9/26/2026,6:12:40 AM,92,65
9/26/2026,6:12:41 AM,92,65
9/26/2026,6:12:42 AM,92,65
9/26/2026,6:12:43 AM,92,65
9/26/2026,6:12:44 AM,91,65
9/26/2026,6:12:45 AM,91,65
9/26/2026,6:12:46 AM,91,65
9/26/2026,6:12:47 AM,91,65
9/26/2026,6:12:48 AM,90,66
9/26/2026,6:12:49 AM,90,66
9/26/2026,6:12:50 AM,90,66
9/26/2026,6:12:51 AM,90,66
9/26/2026,6:12:52 AM,90,66
9/26/2026,6:12:53 AM,90,66
9/26/2026,6:12:54 AM,89,65
9/26/2026,6:12:55 AM,89,65
9/26/2026,6:12:56 AM,89,65
9/26/2026,6:12:57 AM,89,65
9/26/2026,6:12:58 AM,88,66
9/26/2026,6:12:59 AM,88,66
9/26/2026,6:13:00 AM,88,66
9/26/2026,6:13:01 AM,88,66
9/26/2026,6:13:02 AM,87,67
9/26/2026,6:13:03 AM,87,67
9/26/2026,6:13:04 AM,87,67
9/26/2026,6:13:05 AM,87,67
9/26/2026,6:13:06 AM,87,68
9/26/2026,6:13:07 AM,87,68
9/26/2026,6:13:08 AM,86,68
9/26/2026,6:13:09 AM,86,69
9/26/2026,6:13:10 AM,86,69
9/26/2026,6:13:11 AM,86,69
9/26/2026,6:13:12 AM,86,69
9/26/2026,6:13:13 AM,86,69
9/26/2026,6:13:14 AM,85,70
9/26/2026,6:13:15 AM,85,71
9/26/2026,6:13:16 AM,85,73
9/26/2026,6:13:17 AM,85,73
9/26/2026,6:13:18 AM,85,74
9/26/2026,6:13:19 AM,85,74
9/26/2026,6:13:20 AM,84,75
9/26/2026,6:13:21 AM,84,76
9/26/2026,6:13:22 AM,84,76
9/26/2026,6:13:23 AM,84,76
9/26/2026,6:13:24 AM,84,76
9/26/2026,6:13:25 AM,84,75
9/26/2026,6:13:26 AM,84,75
9/26/2026,6:13:27 AM,84,74
9/26/2026,6:13:28 AM,85,74
9/26/2026,6:13:29 AM,85,72
9/26/2026,6:13:30 AM,84,71
9/26/2026,6:13:31 AM,84,71
9/26/2026,6:13:32 AM,84,70
9/26/2026,6:13:33 AM,84,70
9/26/2026,6:13:34 AM,84,70
9/26/2026,6:13:35 AM,84,70
9/26/2026,6:13:36 AM,84,70
9/26/2026,6:13:37 AM,84,70
9/26/2026,6:13:38 AM,84,70
9/26/2026,6:13:39 AM,84,70
9/26/2026,6:13:40 AM,84,70
9/26/2026,6:13:41 AM,84,70
9/26/2026,6:13:42 AM,84,70
9/26/2026,6:13:43 AM,84,70
9/26/2026,6:13:44 AM,84,69
9/26/2026,6:13:45 AM,84,69
9/26/2026,6:13:46 AM,84,69
9/26/2026,6:13:47 AM,84,69
9/26/2026,6:13:48 AM,84,69
9/26/2026,6:13:49 AM,84,69
9/26/2026,6:13:50 AM,84,69
9/26/2026,6:13:51 AM,84,69
9/26/2026,6:13:52 AM,84,69
9/26/2026,6:13:53 AM,84,69
9/26/2026,6:13:54 AM,84,68
9/26/2026,6:13:55 AM,84,68
9/26/2026,6:13:56 AM,84,68
9/26/2026,6:13:57 AM,84,67
9/26/2026,6:13:58 AM,84,67
9/26/2026,6:13:59 AM,84,67
9/26/2026,6:14:00 AM,84,67
9/26/2026,6:14:01 AM,84,65
9/26/2026,6:14:02 AM,84,65
9/26/2026,6:14:03 AM,84,65
9/26/2026,6:14:04 AM,84,65
9/26/2026,6:14:05 AM,84,65
9/26/2026,6:14:06 AM,84,65
9/26/2026,6:14:07 AM,84,65
9/26/2026,6:14:08 AM,84,65
9/26/2026,6:14:09 AM,84,65
9/26/2026,6:14:10 AM,84,65
9/26/2026,6:14:11 AM,84,65
9/26/2026,6:14:12 AM,84,65
9/26/2026,6:14:13 AM,84,65
9/26/2026,6:14:14 AM,84,65
9/26/2026,6:14:15 AM,84,65
9/26/2026,6:14:16 AM,84,65
9/26/2026,6:14:17 AM,84,65
9/26/2026,6:14:18 AM,84,65
9/26/2026,6:14:19 AM,84,65
9/26/2026,6:14:20 AM,84,65
9/26/2026,6:14:21 AM,84,65
9/26/2026,6:14:22 AM,84,65
9/26/2026,6:14:23 AM,84,65
9/26/2026,6:14:24 AM,84,65
9/26/2026,6:14:25 AM,84,65
9/26/2026,6:14:26 AM,84,65
9/26/2026,6:14:27 AM,84,65
9/26/2026,6:14:28 AM,84,65
9/26/2026,6:14:29 AM,84,65
9/26/2026,6:14:30 AM,84,65
9/26/2026,6:14:31 AM,84,65
9/26/2026,6:14:32 AM,84,65
9/26/2026,6:14:33 AM,84,65
9/26/2026,6:14:34 AM,84,65
9/26/2026,6:14:35 AM,84,65
9/26/2026,6:14:36 AM,84,65
9/26/2026,6:14:37 AM,84,65
9/26/2026,6:14:38 AM,84,65
9/26/2026,6:14:39 AM,84,65
9/26/2026,6:14:40 AM,84,65
9/26/2026,6:14:41 AM,84,65
9/26/2026,6:14:42 AM,86,65
9/26/2026,6:14:43 AM,88,65
9/26/2026,6:14:44 AM,88,64
9/26/2026,6:14:45 AM,88,64
9/26/2026,6:14:46 AM,88,64
9/26/2026,6:14:47 AM,88,64
9/26/2026,6:14:48 AM,88,64
9/26/2026,6:14:49 AM,88,64
9/26/2026,6:14:50 AM,88,64
9/26/2026,6:14:51 AM,88,64
9/26/2026,6:14:52 AM,90,63
9/26/2026,6:14:53 AM,90,63
9/26/2026,6:14:54 AM,90,63
9/26/2026,6:14:55 AM,90,63
9/26/2026,6:14:56 AM,90,63
9/26/2026,6:14:57 AM,90,63
9/26/2026,6:14:58 AM,90,63
9/26/2026,6:14:59 AM,90,63
9/26/2026,6:15:00 AM,90,63
9/26/2026,6:15:01 AM,90,63
9/26/2026,6:15:02 AM,90,63
9/26/2026,6:15:03 AM,90,63
9/26/2026,6:15:04 AM,92,63
9/26/2026,6:15:05 AM,92,63
9/26/2026,6:15:06 AM,93,63
9/26/2026,6:15:07 AM,95,63
9/26/2026,6:15:08 AM,95,63
9/26/2026,6:15:09 AM,97,63
9/26/2026,6:15:10 AM,98,63
9/26/2026,6:15:11 AM,98,63
9/26/2026,6:15:12 AM,98,63
9/26/2026,6:15:13 AM,98,63
9/26/2026,6:15:14 AM,98,63
9/26/2026,6:15:15 AM,98,63
9/26/2026,6:15:16 AM,98,63
9/26/2026,6:15:17 AM,98,63
9/26/2026,6:15:18 AM,98,63
9/26/2026,6:15:19 AM,98,63
9/26/2026,6:15:20 AM,98,63
9/26/2026,6:15:21 AM,98,63
9/26/2026,6:15:22 AM,98,63
9/26/2026,6:15:23 AM,98,63
9/26/2026,6:15:24 AM,98,63
9/26/2026,6:15:25 AM,98,63
9/26/2026,6:15:26 AM,98,63
9/26/2026,6:15:27 AM,98,63
9/26/2026,6:15:28 AM,98,63
9/26/2026,6:15:29 AM,98,63
9/26/2026,6:15:30 AM,98,63
9/26/2026,6:15:31 AM,98,63
9/26/2026,6:15:32 AM,98,63
9/26/2026,6:15:33 AM,98,63
9/26/2026,6:15:34 AM,98,63
9/26/2026,6:15:35 AM,98,63
9/26/2026,6:15:36 AM,98,63
9/26/2026,6:15:37 AM,98,63
9/26/2026,6:15:38 AM,98,63
9/26/2026,6:15:39 AM,98,63
9/26/2026,6:15:40 AM,98,63
9/26/2026,6:15:41 AM,98,63
9/26/2026,6:15:42 AM,98,63
9/26/2026,6:15:43 AM,98,63
9/26/2026,6:15:44 AM,98,63
9/26/2026,6:15:45 AM,98,63
9/26/2026,6:15:46 AM,98,63
9/26/2026,6:15:47 AM,98,63
9/26/2026,6:15:48 AM,98,63
9/26/2026,6:15:49 AM,98,63
9/26/2026,6:15:50 AM,98,63
9/26/2026,6:15:51 AM,98,63
9/26/2026,6:15:52 AM,98,63
9/26/2026,6:15:53 AM,98,63
9/26/2026,6:15:54 AM,98,62
9/26/2026,6:15:55 AM,98,62
9/26/2026,6:15:56 AM,98,62
9/26/2026,6:15:57 AM,98,62
9/26/2026,6:15:58 AM,98,62
9/26/2026,6:15:59 AM,98,62
9/26/2026,6:16:00 AM,98,62
9/26/2026,6:16:01 AM,98,62
9/26/2026,6:16:02 AM,98,62
9/26/2026,6:16:03 AM,98,62
9/26/2026,6:16:04 AM,98,62
9/26/2026,6:16:05 AM,98,62
9/26/2026,6:16:06 AM,98,62
9/26/2026,6:16:07 AM,98,62
9/26/2026,6:16:08 AM,98,62
9/26/2026,6:16:09 AM,99,62
9/26/2026,6:16:10 AM,99,62
9/26/2026,6:16:11 AM,99,62
9/26/2026,6:16:12 AM,99,62
9/26/2026,6:16:13 AM,99,62
9/26/2026,6:16:14 AM,99,61
9/26/2026,6:16:15 AM,99,61
9/26/2026,6:16:16 AM,99,61
9/26/2026,6:16:17 AM,99,61
9/26/2026,6:16:18 AM,99,61
9/26/2026,6:16:19 AM,99,61
9/26/2026,6:16:20 AM,99,61
9/26/2026,6:16:21 AM,99,61
9/26/2026,6:16:22 AM,99,61
9/26/2026,6:16:23 AM,99,61
9/26/2026,6:16:24 AM,99,61
9/26/2026,6:16:25 AM,99,61
9/26/2026,6:16:26 AM,99,61
9/26/2026,6:16:27 AM,99,61
9/26/2026,6:16:28 AM,99,61
9/26/2026,6:16:29 AM,99,61
9/26/2026,6:16:30 AM,99,61
9/26/2026,6:16:31 AM,99,61
9/26/2026,6:16:32 AM,99,61
9/26/2026,6:16:33 AM,99,61
9/26/2026,6:16:34 AM,99,61
9/26/2026,6:16:35 AM,99,61
9/26/2026,6:16:36 AM,99,61
9/26/2026,6:16:37 AM,99,62
9/26/2026,6:16:38 AM,99,62
9/26/2026,6:16:39 AM,99,62
9/26/2026,6:16:40 AM,99,62
9/26/2026,6:16:41 AM,98,62
9/26/2026,6:16:42 AM,98,62
9/26/2026,6:16:43 AM,98,62
9/26/2026,6:16:44 AM,98,62
9/26/2026,6:16:45 AM,98,62
9/26/2026,6:16:46 AM,98,63
9/26/2026,6:16:47 AM,98,63
9/26/2026,6:16:48 AM,99,64
9/26/2026,6:16:49 AM,99,64
9/26/2026,6:16:50 AM,99,64
9/26/2026,6:16:51 AM,99,64
9/26/2026,6:16:52 AM,99,64
9/26/2026,6:16:53 AM,99,64
9/26/2026,6:16:54 AM,99,64
9/26/2026,6:16:55 AM,99,64
9/26/2026,6:16:56 AM,99,65
9/26/2026,6:16:57 AM,99,65
9/26/2026,6:16:58 AM,99,65
9/26/2026,6:16:59 AM,99,65
9/26/2026,6:17:00 AM,99,65
9/26/2026,6:17:01 AM,99,65
9/26/2026,6:17:02 AM,99,65
9/26/2026,6:17:03 AM,99,65
9/26/2026,6:17:04 AM,99,65
9/26/2026,6:17:05 AM,99,65
9/26/2026,6:17:06 AM,99,65
9/26/2026,6:17:07 AM,99,65
9/26/2026,6:17:08 AM,99,65
9/26/2026,6:17:09 AM,99,65
9/26/2026,6:17:10 AM,99,65
9/26/2026,6:17:11 AM,99,66
9/26/2026,6:17:12 AM,99,66
9/26/2026,6:17:13 AM,99,66
9/26/2026,6:17:14 AM,99,66
9/26/2026,6:17:15 AM,99,66
9/26/2026,6:17:16 AM,99,66
9/26/2026,6:17:17 AM,99,66
9/26/2026,6:17:18 AM,99,66
9/26/2026,6:17:19 AM,99,66
9/26/2026,6:17:20 AM,99,66
9/26/2026,6:17:21 AM,99,66
9/26/2026,6:17:22 AM,99,66
9/26/2026,6:17:23 AM,99,66
9/26/2026,6:17:24 AM,99,66
9/26/2026,6:17:25 AM,99,66
9/26/2026,6:17:26 AM,99,66
9/26/2026,6:17:27 AM,99,66
9/26/2026,6:17:28 AM,99,66
9/26/2026,6:17:29 AM,99,66
9/26/2026,6:17:30 AM,99,66
9/26/2026,6:17:31 AM,99,66
9/26/2026,6:17:32 AM,99,66
9/26/2026,6:17:33 AM,98,66
9/26/2026,6:17:34 AM,98,66
9/26/2026,6:17:35 AM,98,66
9/26/2026,6:17:36 AM,98,66
9/26/2026,6:17:37 AM,98,66
9/26/2026,6:17:38 AM,98,66
9/26/2026,6:17:39 AM,98,66
9/26/2026,6:17:40 AM,98,66
9/26/2026,6:17:41 AM,98,66
9/26/2026,6:17:42 AM,99,66
9/26/2026,6:17:43 AM,99,66
9/26/2026,6:17:44 AM,99,66
9/26/2026,6:17:45 AM,99,66
9/26/2026,6:17:46 AM,99,66
9/26/2026,6:17:47 AM,99,66
9/26/2026,6:17:48 AM,99,66
9/26/2026,6:17:49 AM,99,66
9/26/2026,6:17:50 AM,99,66
9/26/2026,6:17:51 AM,99,66
9/26/2026,6:17:52 AM,99,66
9/26/2026,6:17:53 AM,99,66
9/26/2026,6:17:54 AM,99,66
9/26/2026,6:17:55 AM,99,65
9/26/2026,6:17:56 AM,98,65
9/26/2026,6:17:57 AM,98,65
9/26/2026,6:17:58 AM,98,65
9/26/2026,6:17:59 AM,98,65
9/26/2026,6:18:00 AM,98,65
9/26/2026,6:18:01 AM,98,65
9/26/2026,6:18:02 AM,98,65
9/26/2026,6:18:03 AM,98,65
9/26/2026,6:18:04 AM,98,65
9/26/2026,6:18:05 AM,98,65
9/26/2026,6:18:06 AM,98,65
9/26/2026,6:18:07 AM,98,65
9/26/2026,6:18:08 AM,98,65
9/26/2026,6:18:09 AM,98,65
9/26/2026,6:18:10 AM,98,65
9/26/2026,6:18:11 AM,98,65
9/26/2026,6:18:12 AM,98,65
9/26/2026,6:18:13 AM,98,65
9/26/2026,6:18:14 AM,99,65
9/26/2026,6:18:15 AM,99,65
9/26/2026,6:18:16 AM,99,65
9/26/2026,6:18:17 AM,99,65
9/26/2026,6:18:18 AM,99,65
9/26/2026,6:18:19 AM,99,65
9/26/2026,6:18:20 AM,98,65
9/26/2026,6:18:21 AM,98,65
9/26/2026,6:18:22 AM,98,65
9/26/2026,6:18:23 AM,98,65
9/26/2026,6:18:24 AM,98,65
9/26/2026,6:18:25 AM,98,65
9/26/2026,6:18:26 AM,98,65
9/26/2026,6:18:27 AM,98,65
9/26/2026,6:18:28 AM,98,65
9/26/2026,6:18:29 AM,98,65
9/26/2026,6:18:30 AM,98,65
9/26/2026,6:18:31 AM,98,65
9/26/2026,6:18:32 AM,98,65
9/26/2026,6:18:33 AM,98,65
9/26/2026,6:18:34 AM,98,65
9/26/2026,6:18:35 AM,98,65
9/26/2026,6:18:36 AM,98,65
9/26/2026,6:18:37 AM,98,65
9/26/2026,6:18:38 AM,98,65
9/26/2026,6:18:39 AM,98,65
9/26/2026,6:18:40 AM,98,65
9/26/2026,6:18:41 AM,99,65
9/26/2026,6:18:42 AM,99,65
9/26/2026,6:18:43 AM,99,65
9/26/2026,6:18:44 AM,99,65
9/26/2026,6:18:45 AM,99,65
9/26/2026,6:18:46 AM,99,65
9/26/2026,6:18:47 AM,99,65
9/26/2026,6:18:48 AM,99,65
9/26/2026,6:18:49 AM,99,65
9/26/2026,6:18:50 AM,99,65
9/26/2026,6:18:51 AM,99,65
9/26/2026,6:18:52 AM,99,65
9/26/2026,6:18:53 AM,99,65
9/26/2026,6:18:54 AM,99,65
9/26/2026,6:18:55 AM,99,65
9/26/2026,6:18:56 AM,99,65
9/26/2026,6:18:57 AM,99,65
9/26/2026,6:18:58 AM,99,65
9/26/2026,6:18:59 AM,99,65
9/26/2026,6:19:00 AM,99,65
9/26/2026,6:19:01 AM,99,65
9/26/2026,6:19:02 AM,99,65
9/26/2026,6:19:03 AM,99,65
9/26/2026,6:19:04 AM,99,65
9/26/2026,6:19:05 AM,99,66
9/26/2026,6:19:06 AM,99,66
9/26/2026,6:19:07 AM,99,66
9/26/2026,6:19:08 AM,99,66
9/26/2026,6:19:09 AM,99,66
9/26/2026,6:19:10 AM,99,66
9/26/2026,6:19:11 AM,99,66
9/26/2026,6:19:12 AM,99,66
9/26/2026,6:19:13 AM,99,66
9/26/2026,6:19:14 AM,99,66
9/26/2026,6:19:15 AM,99,66
9/26/2026,6:19:16 AM,99,66
9/26/2026,6:19:17 AM,99,66
9/26/2026,6:19:18 AM,99,66
9/26/2026,6:19:19 AM,99,66
9/26/2026,6:19:20 AM,99,66
9/26/2026,6:19:21 AM,98,66
9/26/2026,6:19:22 AM,98,67
9/26/2026,6:19:23 AM,98,67
9/26/2026,6:19:24 AM,98,67
9/26/2026,6:19:25 AM,98,67
9/26/2026,6:19:26 AM,98,67
9/26/2026,6:19:27 AM,98,67
9/26/2026,6:19:28 AM,98,67
9/26/2026,6:19:29 AM,98,67
9/26/2026,6:19:30 AM,98,67
9/26/2026,6:19:31 AM,98,67
9/26/2026,6:19:32 AM,98,67
9/26/2026,6:19:33 AM,98,67
9/26/2026,6:19:34 AM,98,67
9/26/2026,6:19:35 AM,98,67
9/26/2026,6:19:36 AM,98,67
9/26/2026,6:19:37 AM,98,67
9/26/2026,6:19:38 AM,98,67
9/26/2026,6:19:39 AM,98,67
9/26/2026,6:19:40 AM,98,67
9/26/2026,6:19:41 AM,98,67
9/26/2026,6:19:42 AM,98,67
9/26/2026,6:19:43 AM,98,67
9/26/2026,6:19:44 AM,98,67
9/26/2026,6:19:45 AM,98,67
9/26/2026,6:19:46 AM,98,67
9/26/2026,6:19:47 AM,98,67
9/26/2026,6:19:48 AM,98,67
9/26/2026,6:19:49 AM,98,67
9/26/2026,6:19:50 AM,98,67
9/26/2026,6:19:51 AM,98,67
9/26/2026,6:19:52 AM,98,67
9/26/2026,6:19:53 AM,98,67
9/26/2026,6:19:54 AM,98,67
9/26/2026,6:19:55 AM,98,67
9/26/2026,6:19:56 AM,98,67
9/26/2026,6:19:57 AM,98,67
9/26/2026,6:19:58 AM,98,67
9/26/2026,6:19:59 AM,98,67
9/26/2026,6:20:00 AM,98,67
9/26/2026,6:20:01 AM,98,67
9/26/2026,6:20:02 AM,98,67
9/26/2026,6:20:03 AM,98,67
9/26/2026,6:20:04 AM,98,67
9/26/2026,6:20:05 AM,98,67
9/26/2026,6:20:06 AM,98,67
9/26/2026,6:20:07 AM,98,67
9/26/2026,6:20:08 AM,98,67
9/26/2026,6:20:09 AM,98,67
9/26/2026,6:20:10 AM,98,67
9/26/2026,6:20:11 AM,98,67
9/26/2026,6:20:12 AM,98,67
9/26/2026,6:20:13 AM,98,67
9/26/2026,6:20:14 AM,98,67
9/26/2026,6:20:15 AM,98,67
9/26/2026,6:20:16 AM,98,67
9/26/2026,6:20:17 AM,98,67
9/26/2026,6:20:18 AM,99,67
9/26/2026,6:20:19 AM,99,67
9/26/2026,6:20:20 AM,99,67
9/26/2026,6:20:21 AM,99,67
9/26/2026,6:20:22 AM,99,67
9/26/2026,6:20:23 AM,99,68
9/26/2026,6:20:24 AM,99,68
9/26/2026,6:20:25 AM,99,68
9/26/2026,6:20:26 AM,99,68
9/26/2026,6:20:27 AM,99,68
9/26/2026,6:20:28 AM,99,68
9/26/2026,6:20:29 AM,99,68
9/26/2026,6:20:30 AM,98,68
9/26/2026,6:20:31 AM,98,68
9/26/2026,6:20:32 AM,98,68
9/26/2026,6:20:33 AM,98,68
9/26/2026,6:20:34 AM,98,68
9/26/2026,6:20:35 AM,98,68
9/26/2026,6:20:36 AM,98,68
9/26/2026,6:20:37 AM,98,68
9/26/2026,6:20:38 AM,98,68
9/26/2026,6:20:39 AM,98,68
9/26/2026,6:20:40 AM,98,68
9/26/2026,6:20:41 AM,98,68
9/26/2026,6:20:42 AM,98,68
9/26/2026,6:20:43 AM,98,68
9/26/2026,6:20:44 AM,98,68
9/26/2026,6:20:45 AM,98,68
9/26/2026,6:20:46 AM,98,68
9/26/2026,6:20:47 AM,99,67
9/26/2026,6:20:48 AM,99,67
9/26/2026,6:20:49 AM,99,67
9/26/2026,6:20:50 AM,99,67
9/26/2026,6:20:51 AM,99,67
9/26/2026,6:20:52 AM,99,67
9/26/2026,6:20:53 AM,99,67
9/26/2026,6:20:54 AM,99,67
9/26/2026,6:20:55 AM,99,67
9/26/2026,6:20:56 AM,99,67
9/26/2026,6:20:57 AM,99,67
9/26/2026,6:20:58 AM,99,67
9/26/2026,6:20:59 AM,99,67
9/26/2026,6:21:00 AM,99,67
9/26/2026,6:21:01 AM,99,67
9/26/2026,6:21:02 AM,99,67
9/26/2026,6:21:03 AM,99,67
9/26/2026,6:21:04 AM,99,67
9/26/2026,6:21:05 AM,99,67
9/26/2026,6:21:06 AM,99,67
9/26/2026,6:21:07 AM,99,67
9/26/2026,6:21:08 AM,99,67
9/26/2026,6:21:09 AM,99,67
9/26/2026,6:21:10 AM,99,67
9/26/2026,6:21:11 AM,99,68
9/26/2026,6:21:12 AM,99,68
9/26/2026,6:21:13 AM,99,68
9/26/2026,6:21:14 AM,99,68
9/26/2026,6:21:15 AM,99,68
9/26/2026,6:21:16 AM,99,68
9/26/2026,6:21:17 AM,99,68
9/26/2026,6:21:18 AM,99,68
9/26/2026,6:21:19 AM,99,68
9/26/2026,6:21:20 AM,99,68
9/26/2026,6:21:21 AM,99,68
9/26/2026,6:21:22 AM,99,68
9/26/2026,6:21:23 AM,99,68
9/26/2026,6:21:24 AM,98,68
9/26/2026,6:21:25 AM,98,69
9/26/2026,6:21:26 AM,98,69
9/26/2026,6:21:27 AM,98,69
9/26/2026,6:21:28 AM,98,69
9/26/2026,6:21:29 AM,98,69
9/26/2026,6:21:30 AM,98,69
9/26/2026,6:21:31 AM,98,69
9/26/2026,6:21:32 AM,98,69
9/26/2026,6:21:33 AM,98,69
9/26/2026,6:21:34 AM,98,69
9/26/2026,6:21:35 AM,98,69
9/26/2026,6:21:36 AM,98,69
9/26/2026,6:21:37 AM,98,68
9/26/2026,6:21:38 AM,98,68
9/26/2026,6:21:39 AM,98,68
9/26/2026,6:21:40 AM,99,68
9/26/2026,6:21:41 AM,99,68
9/26/2026,6:21:42 AM,99,68
9/26/2026,6:21:43 AM,98,68
9/26/2026,6:21:44 AM,98,68
9/26/2026,6:21:45 AM,98,68
9/26/2026,6:21:46 AM,98,68
9/26/2026,6:21:47 AM,98,68
9/26/2026,6:21:48 AM,98,68
9/26/2026,6:21:49 AM,98,68
9/26/2026,6:21:50 AM,98,68
9/26/2026,6:21:51 AM,98,68
9/26/2026,6:21:52 AM,98,68
9/26/2026,6:21:53 AM,98,68
9/26/2026,6:21:54 AM,98,68
9/26/2026,6:21:55 AM,98,68
9/26/2026,6:21:56 AM,98,68
9/26/2026,6:21:57 AM,98,68
9/26/2026,6:21:58 AM,99,68
9/26/2026,6:21:59 AM,99,68
9/26/2026,6:22:00 AM,99,68
9/26/2026,6:22:01 AM,99,68
9/26/2026,6:22:02 AM,99,68
9/26/2026,6:22:03 AM,99,68
9/26/2026,6:22:04 AM,99,68
9/26/2026,6:22:05 AM,99,68
9/26/2026,6:22:06 AM,99,68
9/26/2026,6:22:07 AM,99,68
9/26/2026,6:22:08 AM,99,68
9/26/2026,6:22:09 AM,99,69
9/26/2026,6:22:10 AM,99,69
9/26/2026,6:22:11 AM,99,69
9/26/2026,6:22:12 AM,99,69
9/26/2026,6:22:13 AM,99,69
9/26/2026,6:22:14 AM,99,69
9/26/2026,6:22:15 AM,99,69
9/26/2026,6:22:16 AM,99,69
9/26/2026,6:22:17 AM,99,69
9/26/2026,6:22:18 AM,99,69
9/26/2026,6:22:19 AM,99,69
9/26/2026,6:22:20 AM,99,69
9/26/2026,6:22:21 AM,99,69
9/26/2026,6:22:22 AM,99,69
9/26/2026,6:22:23 AM,99,69
9/26/2026,6:22:24 AM,99,69
9/26/2026,6:22:25 AM,99,69
9/26/2026,6:22:26 AM,99,69
9/26/2026,6:22:27 AM,99,69
9/26/2026,6:22:28 AM,99,69
9/26/2026,6:22:29 AM,99,69
9/26/2026,6:22:30 AM,99,69
9/26/2026,6:22:31 AM,99,69
9/26/2026,6:22:32 AM,99,69
9/26/2026,6:22:33 AM,99,69
9/26/2026,6:22:34 AM,99,69
9/26/2026,6:22:35 AM,99,69
9/26/2026,6:22:36 AM,99,69
9/26/2026,6:22:37 AM,99,69
9/26/2026,6:22:38 AM,99,69
9/26/2026,6:22:39 AM,99,69
9/26/2026,6:22:40 AM,99,69
9/26/2026,6:22:41 AM,99,69
9/26/2026,6:22:42 AM,99,69
9/26/2026,6:22:43 AM,99,69
9/26/2026,6:22:44 AM,99,69
9/26/2026,6:22:45 AM,99,69
9/26/2026,6:22:46 AM,99,69
9/26/2026,6:22:47 AM,99,69
9/26/2026,6:22:48 AM,99,69
9/26/2026,6:22:49 AM,99,69
9/26/2026,6:22:50 AM,99,69
9/26/2026,6:22:51 AM,99,69
9/26/2026,6:22:52 AM,99,69
9/26/2026,6:22:53 AM,99,69
9/26/2026,6:22:54 AM,99,69
9/26/2026,6:22:55 AM,99,69
9/26/2026,6:22:56 AM,99,69
9/26/2026,6:22:57 AM,99,69
9/26/2026,6:22:58 AM,99,69
9/26/2026,6:22:59 AM,99,69
9/26/2026,6:23:00 AM,99,69
9/26/2026,6:23:01 AM,99,69
9/26/2026,6:23:02 AM,99,69
9/26/2026,6:23:03 AM,99,69
9/26/2026,6:23:04 AM,99,69
9/26/2026,6:23:05 AM,99,69
9/26/2026,6:23:06 AM,99,69
9/26/2026,6:23:07 AM,99,69
9/26/2026,6:23:08 AM,99,69
9/26/2026,6:23:09 AM,99,69
9/26/2026,6:23:10 AM,99,69
9/26/2026,6:23:11 AM,99,69
9/26/2026,6:23:12 AM,99,69
9/26/2026,6:23:13 AM,99,69
9/26/2026,6:23:14 AM,99,70
9/26/2026,6:23:15 AM,99,70
9/26/2026,6:23:16 AM,99,70
9/26/2026,6:23:17 AM,99,70
9/26/2026,6:23:18 AM,99,70
9/26/2026,6:23:19 AM,99,70
9/26/2026,6:23:20 AM,99,70
9/26/2026,6:23:21 AM,99,70
9/26/2026,6:23:22 AM,99,70
9/26/2026,6:23:23 AM,99,70
9/26/2026,6:23:24 AM,99,70
9/26/2026,6:23:25 AM,99,70
9/26/2026,6:23:26 AM,99,70
9/26/2026,6:23:27 AM,99,70
9/26/2026,6:23:28 AM,99,70
9/26/2026,6:23:29 AM,99,70
9/26/2026,6:23:30 AM,99,70
9/26/2026,6:23:31 AM,99,70
9/26/2026,6:23:32 AM,99,70
9/26/2026,6:23:33 AM,99,70
9/26/2026,6:23:34 AM,99,70
9/26/2026,6:23:35 AM,99,70
9/26/2026,6:23:36 AM,99,70
9/26/2026,6:23:37 AM,99,70
9/26/2026,6:23:38 AM,99,70
9/26/2026,6:23:39 AM,99,70
9/26/2026,6:23:40 AM,99,70
9/26/2026,6:23:41 AM,99,70
9/26/2026,6:23:42 AM,99,70
9/26/2026,6:23:43 AM,99,70
9/26/2026,6:23:44 AM,99,70
9/26/2026,6:23:45 AM,99,70
9/26/2026,6:23:46 AM,99,70
9/26/2026,6:23:47 AM,99,70
9/26/2026,6:23:48 AM,99,70
9/26/2026,6:23:49 AM,98,70
9/26/2026,6:23:50 AM,98,70
9/26/2026,6:23:51 AM,98,70
9/26/2026,6:23:52 AM,98,70
9/26/2026,6:23:53 AM,98,70
9/26/2026,6:23:54 AM,98,70
9/26/2026,6:23:55 AM,98,70
9/26/2026,6:23:56 AM,98,70
9/26/2026,6:23:57 AM,98,70
9/26/2026,6:23:58 AM,98,70
9/26/2026,6:23:59 AM,98,70
9/26/2026,6:24:00 AM,98,70
9/26/2026,6:24:01 AM,98,70
9/26/2026,6:24:02 AM,98,70
9/26/2026,6:24:03 AM,98,70
9/26/2026,6:24:04 AM,98,70
9/26/2026,6:24:05 AM,98,70
9/26/2026,6:24:06 AM,98,70
9/26/2026,6:24:07 AM,98,70
9/26/2026,6:24:08 AM,98,70
9/26/2026,6:24:09 AM,98,70
9/26/2026,6:24:10 AM,98,70
9/26/2026,6:24:11 AM,98,70
9/26/2026,6:24:12 AM,98,70
9/26/2026,6:24:13 AM,98,70
9/26/2026,6:24:14 AM,98,70
9/26/2026,6:24:15 AM,98,70
9/26/2026,6:24:16 AM,98,70
9/26/2026,6:24:17 AM,98,70
9/26/2026,6:24:18 AM,98,70
9/26/2026,6:24:19 AM,97,70
9/26/2026,6:24:20 AM,97,70
9/26/2026,6:24:21 AM,97,70
9/26/2026,6:24:22 AM,97,70
9/26/2026,6:24:23 AM,97,70
9/26/2026,6:24:24 AM,97,70
9/26/2026,6:24:25 AM,97,70
9/26/2026,6:24:26 AM,97,70
9/26/2026,6:24:27 AM,97,70
9/26/2026,6:24:28 AM,97,70
9/26/2026,6:24:29 AM,97,70
9/26/2026,6:24:30 AM,98,70
9/26/2026,6:24:31 AM,98,70
9/26/2026,6:24:32 AM,98,70
9/26/2026,6:24:33 AM,97,70
9/26/2026,6:24:34 AM,97,71
9/26/2026,6:24:35 AM,97,71
9/26/2026,6:24:36 AM,97,71
9/26/2026,6:24:37 AM,98,71
9/26/2026,6:24:38 AM,97,71
9/26/2026,6:24:39 AM,97,71
9/26/2026,6:24:40 AM,97,71
9/26/2026,6:24:41 AM,97,71
9/26/2026,6:24:42 AM,97,71
9/26/2026,6:24:43 AM,97,71
9/26/2026,6:24:44 AM,97,71
9/26/2026,6:24:45 AM,97,71
9/26/2026,6:24:46 AM,97,71
9/26/2026,6:24:47 AM,97,71
9/26/2026,6:24:48 AM,98,71
9/26/2026,6:24:49 AM,98,71
9/26/2026,6:24:50 AM,98,71
9/26/2026,6:24:51 AM,98,71
9/26/2026,6:24:52 AM,98,72
9/26/2026,6:24:53 AM,98,72
9/26/2026,6:24:54 AM,98,72
9/26/2026,6:24:55 AM,98,72
9/26/2026,6:24:56 AM,98,72
9/26/2026,6:24:57 AM,98,72
9/26/2026,6:24:58 AM,98,72
9/26/2026,6:24:59 AM,99,72
9/26/2026,6:25:00 AM,99,72
9/26/2026,6:25:01 AM,99,72
9/26/2026,6:25:02 AM,99,72
9/26/2026,6:25:03 AM,99,72
9/26/2026,6:25:04 AM,99,72
9/26/2026,6:25:05 AM,99,72
9/26/2026,6:25:06 AM,99,72
9/26/2026,6:25:07 AM,99,72
9/26/2026,6:25:08 AM,99,72
9/26/2026,6:25:09 AM,99,72
9/26/2026,6:25:10 AM,99,71
9/26/2026,6:25:11 AM,99,71
9/26/2026,6:25:12 AM,99,71
9/26/2026,6:25:13 AM,98,70
9/26/2026,6:25:14 AM,98,69
9/26/2026,6:25:15 AM,98,68
9/26/2026,6:25:16 AM,98,68
9/26/2026,6:25:17 AM,98,68
9/26/2026,6:25:18 AM,98,68
9/26/2026,6:25:19 AM,98,68
9/26/2026,6:25:20 AM,98,68
9/26/2026,6:25:21 AM,98,68
9/26/2026,6:25:22 AM,98,68
9/26/2026,6:25:23 AM,98,68
9/26/2026,6:25:24 AM,98,68
9/26/2026,6:25:25 AM,98,67
9/26/2026,6:25:26 AM,98,67
9/26/2026,6:25:27 AM,98,67
9/26/2026,6:25:28 AM,98,67
9/26/2026,6:25:29 AM,98,67
9/26/2026,6:25:30 AM,98,66
9/26/2026,6:25:31 AM,98,66
9/26/2026,6:25:32 AM,99,66
9/26/2026,6:25:33 AM,99,65
9/26/2026,6:25:34 AM,99,65
9/26/2026,6:25:35 AM,99,65
9/26/2026,6:25:36 AM,98,65
9/26/2026,6:25:37 AM,98,66
9/26/2026,6:25:38 AM,98,66
9/26/2026,6:25:39 AM,98,66
9/26/2026,6:25:40 AM,98,66
9/26/2026,6:25:41 AM,98,66
9/26/2026,6:25:42 AM,98,66
9/26/2026,6:25:43 AM,98,66
9/26/2026,6:25:44 AM,99,66
9/26/2026,6:25:45 AM,99,65
9/26/2026,6:25:46 AM,99,66
9/26/2026,6:25:47 AM,99,65
9/26/2026,6:25:48 AM,99,65
9/26/2026,6:25:49 AM,99,65
9/26/2026,6:25:50 AM,99,66
9/26/2026,6:25:51 AM,99,66
9/26/2026,6:25:52 AM,99,66
9/26/2026,6:25:53 AM,99,66
9/26/2026,6:25:54 AM,99,66
9/26/2026,6:25:55 AM,99,66
9/26/2026,6:25:56 AM,99,66
9/26/2026,6:25:57 AM,99,67
9/26/2026,6:25:58 AM,99,67
9/26/2026,6:25:59 AM,98,67
9/26/2026,6:26:00 AM,98,67
9/26/2026,6:26:01 AM,98,67
9/26/2026,6:26:02 AM,98,67
9/26/2026,6:26:03 AM,98,67
9/26/2026,6:26:04 AM,98,67
9/26/2026,6:26:05 AM,98,67
9/26/2026,6:26:06 AM,98,66
9/26/2026,6:26:07 AM,98,66
9/26/2026,6:26:08 AM,98,66
9/26/2026,6:26:09 AM,98,66
9/26/2026,6:26:10 AM,98,65
9/26/2026,6:26:11 AM,98,65
9/26/2026,6:26:12 AM,98,65
9/26/2026,6:26:13 AM,98,65
9/26/2026,6:26:14 AM,98,64
9/26/2026,6:26:15 AM,98,65
9/26/2026,6:26:16 AM,98,65
9/26/2026,6:26:17 AM,98,65
9/26/2026,6:26:18 AM,98,65
9/26/2026,6:26:19 AM,98,65
9/26/2026,6:26:20 AM,98,65
9/26/2026,6:26:21 AM,98,64
9/26/2026,6:26:22 AM,98,64
9/26/2026,6:26:23 AM,98,64
9/26/2026,6:26:24 AM,98,64
9/26/2026,6:26:25 AM,98,64
9/26/2026,6:26:26 AM,98,64
9/26/2026,6:26:27 AM,98,64
9/26/2026,6:26:28 AM,98,64
9/26/2026,6:26:29 AM,98,64
9/26/2026,6:26:30 AM,98,64
9/26/2026,6:26:31 AM,98,64
9/26/2026,6:26:32 AM,98,64
9/26/2026,6:26:33 AM,98,64
9/26/2026,6:26:34 AM,98,64
9/26/2026,6:26:35 AM,98,64
9/26/2026,6:26:36 AM,98,64
9/26/2026,6:26:37 AM,98,64
9/26/2026,6:26:38 AM,98,64
9/26/2026,6:26:39 AM,98,64
9/26/2026,6:26:40 AM,98,64
9/26/2026,6:26:41 AM,98,63
9/26/2026,6:26:42 AM,98,63
9/26/2026,6:26:43 AM,98,63
9/26/2026,6:26:44 AM,98,63
9/26/2026,6:26:45 AM,98,63
9/26/2026,6:26:46 AM,98,63
9/26/2026,6:26:47 AM,98,63
9/26/2026,6:26:48 AM,98,63
9/26/2026,6:26:49 AM,98,63
9/26/2026,6:26:50 AM,98,63
9/26/2026,6:26:51 AM,98,63
9/26/2026,6:26:52 AM,98,63
9/26/2026,6:26:53 AM,97,63
9/26/2026,6:26:54 AM,97,63
9/26/2026,6:26:55 AM,97,63
9/26/2026,6:26:56 AM,97,64
9/26/2026,6:26:57 AM,97,64
9/26/2026,6:26:58 AM,97,64
9/26/2026,6:26:59 AM,97,64
9/26/2026,6:27:00 AM,96,64
9/26/2026,6:27:01 AM,96,64
9/26/2026,6:27:02 AM,96,64
9/26/2026,6:27:03 AM,96,64
9/26/2026,6:27:04 AM,96,64
9/26/2026,6:27:05 AM,96,64
9/26/2026,6:27:06 AM,96,64
9/26/2026,6:27:07 AM,96,64
9/26/2026,6:27:08 AM,96,64
9/26/2026,6:27:09 AM,96,64
9/26/2026,6:27:10 AM,96,64
9/26/2026,6:27:11 AM,96,64
9/26/2026,6:27:12 AM,96,64
9/26/2026,6:27:13 AM,96,64
9/26/2026,6:27:14 AM,96,64
9/26/2026,6:27:15 AM,96,64
9/26/2026,6:27:16 AM,96,63
9/26/2026,6:27:17 AM,95,63
9/26/2026,6:27:18 AM,95,63
9/26/2026,6:27:19 AM,95,63
9/26/2026,6:27:20 AM,95,63
9/26/2026,6:27:21 AM,95,63
9/26/2026,6:27:22 AM,95,63
9/26/2026,6:27:23 AM,94,63
9/26/2026,6:27:24 AM,94,63
9/26/2026,6:27:25 AM,94,63
9/26/2026,6:27:26 AM,94,63
9/26/2026,6:27:27 AM,94,63
9/26/2026,6:27:28 AM,94,63
9/26/2026,6:27:29 AM,94,63
9/26/2026,6:27:30 AM,94,63
9/26/2026,6:27:31 AM,94,63
9/26/2026,6:27:32 AM,94,63
9/26/2026,6:27:33 AM,94,63
9/26/2026,6:27:34 AM,94,63
9/26/2026,6:27:35 AM,94,63
9/26/2026,6:27:36 AM,94,63
9/26/2026,6:27:37 AM,94,63
9/26/2026,6:27:38 AM,94,63
9/26/2026,6:27:39 AM,93,64
9/26/2026,6:27:40 AM,93,64
9/26/2026,6:27:41 AM,93,64
9/26/2026,6:27:42 AM,92,64
9/26/2026,6:27:43 AM,92,65
9/26/2026,6:27:44 AM,92,66
9/26/2026,6:27:45 AM,91,67
9/26/2026,6:27:46 AM,91,67
9/26/2026,6:27:47 AM,91,67
9/26/2026,6:27:48 AM,91,67
9/26/2026,6:27:49 AM,90,67
9/26/2026,6:27:50 AM,90,68
9/26/2026,6:27:51 AM,90,68
9/26/2026,6:27:52 AM,90,67
9/26/2026,6:27:53 AM,90,67
9/26/2026,6:27:54 AM,89,67
9/26/2026,6:27:55 AM,89,66
9/26/2026,6:27:56 AM,89,66
9/26/2026,6:27:57 AM,89,66
9/26/2026,6:27:58 AM,89,66
9/26/2026,6:27:59 AM,89,66
9/26/2026,6:28:00 AM,89,66
9/26/2026,6:28:01 AM,88,66
9/26/2026,6:28:02 AM,88,66
9/26/2026,6:28:03 AM,88,66
9/26/2026,6:28:04 AM,88,66
9/26/2026,6:28:05 AM,88,66
9/26/2026,6:28:06 AM,89,66
9/26/2026,6:28:07 AM,89,66
9/26/2026,6:28:08 AM,89,66
9/26/2026,6:28:09 AM,89,66
9/26/2026,6:28:10 AM,89,66
9/26/2026,6:28:11 AM,89,66
9/26/2026,6:28:12 AM,89,66
9/26/2026,6:28:13 AM,89,67
9/26/2026,6:28:14 AM,89,67
9/26/2026,6:28:15 AM,89,67
9/26/2026,6:28:16 AM,90,67
9/26/2026,6:28:17 AM,92,67
9/26/2026,6:28:18 AM,93,66
9/26/2026,6:28:19 AM,94,66
9/26/2026,6:28:20 AM,96,66
9/26/2026,6:28:21 AM,97,65
9/26/2026,6:28:22 AM,97,65
9/26/2026,6:28:23 AM,98,65
9/26/2026,6:28:24 AM,98,65
9/26/2026,6:28:25 AM,98,65
9/26/2026,6:28:26 AM,98,65
9/26/2026,6:28:27 AM,98,65
9/26/2026,6:28:28 AM,97,65
9/26/2026,6:28:29 AM,97,66
9/26/2026,6:28:30 AM,97,66
9/26/2026,6:28:31 AM,97,66
9/26/2026,6:28:32 AM,97,67
9/26/2026,6:28:33 AM,96,67
9/26/2026,6:28:34 AM,97,67
9/26/2026,6:28:35 AM,96,66
9/26/2026,6:28:36 AM,96,66
9/26/2026,6:28:37 AM,96,66
9/26/2026,6:28:38 AM,96,66
9/26/2026,6:28:39 AM,96,66
9/26/2026,6:28:40 AM,96,66
9/26/2026,6:28:41 AM,96,66
9/26/2026,6:28:42 AM,96,65
9/26/2026,6:28:43 AM,96,65
9/26/2026,6:28:44 AM,96,65
9/26/2026,6:28:45 AM,96,65
9/26/2026,6:28:46 AM,96,64
9/26/2026,6:28:47 AM,95,64
9/26/2026,6:28:48 AM,95,64
9/26/2026,6:28:49 AM,95,64
9/26/2026,6:28:50 AM,95,64
9/26/2026,6:28:51 AM,95,64
9/26/2026,6:28:52 AM,95,64
9/26/2026,6:28:53 AM,95,63
9/26/2026,6:28:54 AM,95,63
9/26/2026,6:28:55 AM,95,64
9/26/2026,6:28:56 AM,95,64
9/26/2026,6:28:57 AM,95,64
9/26/2026,6:28:58 AM,96,64
9/26/2026,6:28:59 AM,96,64
9/26/2026,6:29:00 AM,97,64
9/26/2026,6:29:01 AM,97,64
9/26/2026,6:29:02 AM,97,64
9/26/2026,6:29:03 AM,97,64
9/26/2026,6:29:04 AM,98,64
9/26/2026,6:29:05 AM,98,64
9/26/2026,6:29:06 AM,98,64
9/26/2026,6:29:07 AM,98,64
9/26/2026,6:29:08 AM,98,64
9/26/2026,6:29:09 AM,97,64
9/26/2026,6:29:10 AM,97,64
9/26/2026,6:29:11 AM,97,63
9/26/2026,6:29:12 AM,97,63
9/26/2026,6:29:13 AM,96,63
9/26/2026,6:29:14 AM,96,63
9/26/2026,6:29:15 AM,96,63
9/26/2026,6:29:16 AM,96,63
9/26/2026,6:29:17 AM,96,63
9/26/2026,6:29:18 AM,95,63
9/26/2026,6:29:19 AM,95,63
9/26/2026,6:29:20 AM,95,63
9/26/2026,6:29:21 AM,95,63
9/26/2026,6:29:22 AM,94,64
9/26/2026,6:29:23 AM,94,64
9/26/2026,6:29:24 AM,94,64
9/26/2026,6:29:25 AM,93,64
9/26/2026,6:29:26 AM,93,64
9/26/2026,6:29:27 AM,93,64
9/26/2026,6:29:28 AM,93,64
9/26/2026,6:29:29 AM,93,64
9/26/2026,6:29:30 AM,93,64
9/26/2026,6:29:31 AM,93,64
9/26/2026,6:29:32 AM,93,64
9/26/2026,6:29:33 AM,93,64
9/26/2026,6:29:34 AM,92,64
9/26/2026,6:29:35 AM,92,65
9/26/2026,6:29:36 AM,92,65
9/26/2026,6:29:37 AM,92,65
9/26/2026,6:29:38 AM,92,65
9/26/2026,6:29:39 AM,91,65
9/26/2026,6:29:40 AM,91,66
9/26/2026,6:29:41 AM,91,66
9/26/2026,6:29:42 AM,91,67
9/26/2026,6:29:43 AM,91,67
9/26/2026,6:29:44 AM,90,67
9/26/2026,6:29:45 AM,90,67
9/26/2026,6:29:46 AM,90,67
9/26/2026,6:29:47 AM,90,66
9/26/2026,6:29:48 AM,90,66
9/26/2026,6:29:49 AM,90,66
9/26/2026,6:29:50 AM,90,65
9/26/2026,6:29:51 AM,90,65
9/26/2026,6:29:52 AM,90,65
9/26/2026,6:29:53 AM,91,65
9/26/2026,6:29:54 AM,91,64
9/26/2026,6:29:55 AM,92,64
9/26/2026,6:29:56 AM,93,64
9/26/2026,6:29:57 AM,94,64
9/26/2026,6:29:58 AM,95,64
9/26/2026,6:29:59 AM,97,64
9/26/2026,6:30:00 AM,98,64
9/26/2026,6:30:01 AM,98,63
9/26/2026,6:30:02 AM,98,63
9/26/2026,6:30:03 AM,98,63
9/26/2026,6:30:04 AM,98,63
9/26/2026,6:30:05 AM,98,64
9/26/2026,6:30:06 AM,98,63
9/26/2026,6:30:07 AM,98,64
9/26/2026,6:30:08 AM,98,64
9/26/2026,6:30:09 AM,98,64
9/26/2026,6:30:10 AM,98,64
9/26/2026,6:30:11 AM,98,64
9/26/2026,6:30:12 AM,98,65
9/26/2026,6:30:13 AM,98,65
9/26/2026,6:30:14 AM,98,65
9/26/2026,6:30:15 AM,98,65
9/26/2026,6:30:16 AM,98,65
9/26/2026,6:30:17 AM,98,65
9/26/2026,6:30:18 AM,98,65
9/26/2026,6:30:19 AM,98,65
9/26/2026,6:30:20 AM,97,65
9/26/2026,6:30:21 AM,97,65
9/26/2026,6:30:22 AM,97,65
9/26/2026,6:30:23 AM,97,65
9/26/2026,6:30:24 AM,97,65
9/26/2026,6:30:25 AM,97,65
9/26/2026,6:30:26 AM,97,65
9/26/2026,6:30:27 AM,97,65
9/26/2026,6:30:28 AM,97,66
9/26/2026,6:30:29 AM,97,66
9/26/2026,6:30:30 AM,97,66
9/26/2026,6:30:31 AM,96,66
9/26/2026,6:30:32 AM,96,66
9/26/2026,6:30:33 AM,96,65
9/26/2026,6:30:34 AM,96,65
9/26/2026,6:30:35 AM,96,65
9/26/2026,6:30:36 AM,96,64
9/26/2026,6:30:37 AM,96,64
9/26/2026,6:30:38 AM,96,64
9/26/2026,6:30:39 AM,96,64
9/26/2026,6:30:40 AM,96,64
9/26/2026,6:30:41 AM,96,64
9/26/2026,6:30:42 AM,95,64
9/26/2026,6:30:43 AM,95,64
9/26/2026,6:30:44 AM,95,64
9/26/2026,6:30:45 AM,95,64
9/26/2026,6:30:46 AM,95,64
9/26/2026,6:30:47 AM,94,64
9/26/2026,6:30:48 AM,94,64
9/26/2026,6:30:49 AM,94,64
9/26/2026,6:30:50 AM,93,64
9/26/2026,6:30:51 AM,93,64
9/26/2026,6:30:52 AM,93,64
9/26/2026,6:30:53 AM,93,64
9/26/2026,6:30:54 AM,93,64
9/26/2026,6:30:55 AM,92,64
9/26/2026,6:30:56 AM,92,64
9/26/2026,6:30:57 AM,92,64
9/26/2026,6:30:58 AM,92,64
9/26/2026,6:30:59 AM,92,64
9/26/2026,6:31:00 AM,92,64
9/26/2026,6:31:01 AM,91,64
9/26/2026,6:31:02 AM,91,64
9/26/2026,6:31:03 AM,91,64
9/26/2026,6:31:04 AM,91,64
9/26/2026,6:31:05 AM,90,64
9/26/2026,6:31:06 AM,90,64
9/26/2026,6:31:07 AM,90,64
9/26/2026,6:31:08 AM,89,64
9/26/2026,6:31:09 AM,89,65
9/26/2026,6:31:10 AM,89,65
9/26/2026,6:31:11 AM,88,65
9/26/2026,6:31:12 AM,88,65
9/26/2026,6:31:13 AM,88,65
9/26/2026,6:31:14 AM,88,65
9/26/2026,6:31:15 AM,87,65
9/26/2026,6:31:16 AM,87,65
9/26/2026,6:31:17 AM,87,65
9/26/2026,6:31:18 AM,87,66
9/26/2026,6:31:19 AM,86,67
9/26/2026,6:31:20 AM,86,67
9/26/2026,6:31:21 AM,85,67
9/26/2026,6:31:22 AM,85,68
9/26/2026,6:31:23 AM,85,68
9/26/2026,6:31:24 AM,85,68
9/26/2026,6:31:25 AM,85,68
9/26/2026,6:31:26 AM,85,68
9/26/2026,6:31:27 AM,84,68
9/26/2026,6:31:28 AM,84,68
9/26/2026,6:31:29 AM,84,68
9/26/2026,6:31:30 AM,84,68
9/26/2026,6:31:31 AM,84,68
9/26/2026,6:31:32 AM,84,68
9/26/2026,6:31:33 AM,84,68
9/26/2026,6:31:34 AM,84,69
9/26/2026,6:31:35 AM,84,69
9/26/2026,6:31:36 AM,84,70
9/26/2026,6:31:37 AM,84,70
9/26/2026,6:31:38 AM,84,70
9/26/2026,6:31:39 AM,84,71
9/26/2026,6:31:40 AM,84,71
9/26/2026,6:31:41 AM,84,71
9/26/2026,6:31:42 AM,84,71
9/26/2026,6:31:43 AM,84,71
9/26/2026,6:31:44 AM,83,71
9/26/2026,6:31:45 AM,83,71
9/26/2026,6:31:46 AM,83,71
9/26/2026,6:31:47 AM,83,70
9/26/2026,6:31:48 AM,83,70
9/26/2026,6:31:49 AM,83,70
9/26/2026,6:31:50 AM,83,70
9/26/2026,6:31:51 AM,83,70
9/26/2026,6:31:52 AM,83,70
9/26/2026,6:31:53 AM,83,70
9/26/2026,6:31:54 AM,83,70
9/26/2026,6:31:55 AM,83,70
9/26/2026,6:31:56 AM,83,70
9/26/2026,6:31:57 AM,83,70
9/26/2026,6:31:58 AM,83,70
9/26/2026,6:31:59 AM,84,69
9/26/2026,6:32:00 AM,84,69
9/26/2026,6:32:01 AM,84,69
9/26/2026,6:32:02 AM,85,69
9/26/2026,6:32:03 AM,85,68
9/26/2026,6:32:04 AM,85,68
9/26/2026,6:32:05 AM,85,68
9/26/2026,6:32:06 AM,85,68
9/26/2026,6:32:07 AM,85,68
9/26/2026,6:32:08 AM,85,68
9/26/2026,6:32:09 AM,85,68
9/26/2026,6:32:10 AM,85,68
9/26/2026,6:32:11 AM,85,68
9/26/2026,6:32:12 AM,85,67
9/26/2026,6:32:13 AM,85,66
9/26/2026,6:32:14 AM,85,66
9/26/2026,6:32:15 AM,85,65
9/26/2026,6:32:16 AM,88,65
9/26/2026,6:32:17 AM,90,65
9/26/2026,6:32:18 AM,91,64
9/26/2026,6:32:19 AM,93,64
9/26/2026,6:32:20 AM,93,64
9/26/2026,6:32:21 AM,93,64
9/26/2026,6:32:22 AM,93,64
9/26/2026,6:32:23 AM,95,64
9/26/2026,6:32:24 AM,96,64
9/26/2026,6:32:25 AM,98,64
9/26/2026,6:32:26 AM,98,64
9/26/2026,6:32:27 AM,98,64
9/26/2026,6:32:28 AM,98,64
9/26/2026,6:32:29 AM,98,64
9/26/2026,6:32:30 AM,99,64
9/26/2026,6:32:31 AM,99,64
9/26/2026,6:32:32 AM,99,64
9/26/2026,6:32:33 AM,99,64
9/26/2026,6:32:34 AM,99,64
9/26/2026,6:32:35 AM,99,64
9/26/2026,6:32:36 AM,99,64
9/26/2026,6:32:37 AM,99,64
9/26/2026,6:32:38 AM,99,64
9/26/2026,6:32:39 AM,99,64
9/26/2026,6:32:40 AM,99,64
9/26/2026,6:32:41 AM,99,64
9/26/2026,6:32:42 AM,99,64
9/26/2026,6:32:43 AM,99,64
9/26/2026,6:32:44 AM,99,64
9/26/2026,6:32:45 AM,99,64
9/26/2026,6:32:46 AM,99,64
9/26/2026,6:32:47 AM,99,64
9/26/2026,6:32:48 AM,99,64
9/26/2026,6:32:49 AM,99,64
9/26/2026,6:32:50 AM,99,64
9/26/2026,6:32:51 AM,99,65
9/26/2026,6:32:52 AM,99,65
9/26/2026,6:32:53 AM,99,65
9/26/2026,6:32:54 AM,99,65
9/26/2026,6:32:55 AM,99,65
9/26/2026,6:32:56 AM,99,65
9/26/2026,6:32:57 AM,99,65
9/26/2026,6:32:58 AM,99,65
9/26/2026,6:32:59 AM,99,65
9/26/2026,6:33:00 AM,99,65
9/26/2026,6:33:01 AM,99,65
9/26/2026,6:33:02 AM,99,65
9/26/2026,6:33:03 AM,99,65
9/26/2026,6:33:04 AM,99,65
9/26/2026,6:33:05 AM,99,65
9/26/2026,6:33:06 AM,99,65
9/26/2026,6:33:07 AM,99,65
9/26/2026,6:33:08 AM,99,64
9/26/2026,6:33:09 AM,99,64
9/26/2026,6:33:10 AM,99,64
9/26/2026,6:33:11 AM,99,64
9/26/2026,6:33:12 AM,99,64
9/26/2026,6:33:13 AM,98,65
9/26/2026,6:33:14 AM,98,65
9/26/2026,6:33:15 AM,98,65
9/26/2026,6:33:16 AM,98,65
9/26/2026,6:33:17 AM,98,66
9/26/2026,6:33:18 AM,98,66
9/26/2026,6:33:19 AM,98,66
9/26/2026,6:33:20 AM,98,66
9/26/2026,6:33:21 AM,98,66
9/26/2026,6:33:22 AM,98,66
9/26/2026,6:33:23 AM,98,66
9/26/2026,6:33:24 AM,98,66
9/26/2026,6:33:25 AM,98,66
9/26/2026,6:33:26 AM,98,65
9/26/2026,6:33:27 AM,98,65
9/26/2026,6:33:28 AM,98,65
9/26/2026,6:33:29 AM,98,65
9/26/2026,6:33:30 AM,98,65
9/26/2026,6:33:31 AM,98,65
9/26/2026,6:33:32 AM,98,65
9/26/2026,6:33:33 AM,98,65
9/26/2026,6:33:34 AM,98,65
9/26/2026,6:33:35 AM,98,65
9/26/2026,6:33:36 AM,98,65
9/26/2026,6:33:37 AM,98,66
9/26/2026,6:33:38 AM,98,66
9/26/2026,6:33:39 AM,98,66
9/26/2026,6:33:40 AM,98,66
9/26/2026,6:33:41 AM,98,66
9/26/2026,6:33:42 AM,98,66
9/26/2026,6:33:43 AM,98,66
9/26/2026,6:33:44 AM,98,66
9/26/2026,6:33:45 AM,98,66
9/26/2026,6:33:46 AM,98,66
9/26/2026,6:33:47 AM,98,65
9/26/2026,6:33:48 AM,98,65
9/26/2026,6:33:49 AM,98,65
9/26/2026,6:33:50 AM,98,65
9/26/2026,6:33:51 AM,98,64
9/26/2026,6:33:52 AM,98,64
9/26/2026,6:33:53 AM,98,64
9/26/2026,6:33:54 AM,98,64
9/26/2026,6:33:55 AM,98,64
9/26/2026,6:33:56 AM,98,64
9/26/2026,6:33:57 AM,98,63
9/26/2026,6:33:58 AM,98,63
9/26/2026,6:33:59 AM,98,63
9/26/2026,6:34:00 AM,98,63
9/26/2026,6:34:01 AM,98,63
9/26/2026,6:34:02 AM,98,63
9/26/2026,6:34:03 AM,98,64
9/26/2026,6:34:04 AM,98,64
9/26/2026,6:34:05 AM,98,64
9/26/2026,6:34:06 AM,98,64
9/26/2026,6:34:07 AM,98,64
9/26/2026,6:34:08 AM,98,64
9/26/2026,6:34:09 AM,98,64
9/26/2026,6:34:10 AM,97,64
9/26/2026,6:34:11 AM,97,64
9/26/2026,6:34:12 AM,97,65
9/26/2026,6:34:13 AM,97,65
9/26/2026,6:34:14 AM,97,64
9/26/2026,6:34:15 AM,97,64
9/26/2026,6:34:16 AM,97,64
9/26/2026,6:34:17 AM,97,64
9/26/2026,6:34:18 AM,97,64
9/26/2026,6:34:19 AM,97,64
9/26/2026,6:34:20 AM,97,64
9/26/2026,6:34:21 AM,97,64
9/26/2026,6:34:22 AM,97,64
9/26/2026,6:34:23 AM,96,64
9/26/2026,6:34:24 AM,96,64
9/26/2026,6:34:25 AM,96,64
9/26/2026,6:34:26 AM,96,65
9/26/2026,6:34:27 AM,96,65
9/26/2026,6:34:28 AM,96,65
9/26/2026,6:34:29 AM,96,65
9/26/2026,6:34:30 AM,96,65
9/26/2026,6:34:31 AM,96,65
9/26/2026,6:34:32 AM,96,65
9/26/2026,6:34:33 AM,96,65
9/26/2026,6:34:34 AM,95,65
9/26/2026,6:34:35 AM,95,64
9/26/2026,6:34:36 AM,95,64
9/26/2026,6:34:37 AM,95,64
9/26/2026,6:34:38 AM,95,64
9/26/2026,6:34:39 AM,95,64
9/26/2026,6:34:40 AM,95,64
9/26/2026,6:34:41 AM,94,64
9/26/2026,6:34:42 AM,94,65
9/26/2026,6:34:43 AM,94,65
9/26/2026,6:34:44 AM,93,65
9/26/2026,6:34:45 AM,93,65
9/26/2026,6:34:46 AM,93,65
9/26/2026,6:34:47 AM,93,65
9/26/2026,6:34:48 AM,93,65
9/26/2026,6:34:49 AM,92,65
9/26/2026,6:34:50 AM,92,65
9/26/2026,6:34:51 AM,92,65
9/26/2026,6:34:52 AM,92,65
9/26/2026,6:34:53 AM,92,64
9/26/2026,6:34:54 AM,92,64
9/26/2026,6:34:55 AM,92,64
9/26/2026,6:34:56 AM,92,64
9/26/2026,6:34:57 AM,92,64
9/26/2026,6:34:58 AM,92,64
9/26/2026,6:34:59 AM,92,64
9/26/2026,6:35:00 AM,91,64
9/26/2026,6:35:01 AM,91,64
9/26/2026,6:35:02 AM,91,64
9/26/2026,6:35:03 AM,91,64
9/26/2026,6:35:04 AM,91,64
9/26/2026,6:35:05 AM,91,64
9/26/2026,6:35:06 AM,91,65
9/26/2026,6:35:07 AM,92,65
9/26/2026,6:35:08 AM,93,64
9/26/2026,6:35:09 AM,93,64
9/26/2026,6:35:10 AM,94,64
9/26/2026,6:35:11 AM,95,64
9/26/2026,6:35:12 AM,96,64
9/26/2026,6:35:13 AM,96,64
9/26/2026,6:35:14 AM,96,64
9/26/2026,6:35:15 AM,97,64
9/26/2026,6:35:16 AM,97,64
9/26/2026,6:35:17 AM,98,64
9/26/2026,6:35:18 AM,98,64
9/26/2026,6:35:19 AM,98,64
9/26/2026,6:35:20 AM,98,64
9/26/2026,6:35:21 AM,98,64
9/26/2026,6:35:22 AM,98,64
9/26/2026,6:35:23 AM,98,64
9/26/2026,6:35:24 AM,98,65
9/26/2026,6:35:25 AM,98,65
9/26/2026,6:35:26 AM,98,65
9/26/2026,6:35:27 AM,98,65
9/26/2026,6:35:28 AM,98,65
9/26/2026,6:35:29 AM,98,65
9/26/2026,6:35:30 AM,98,65
9/26/2026,6:35:31 AM,98,65
9/26/2026,6:35:32 AM,97,65
9/26/2026,6:35:33 AM,97,65
9/26/2026,6:35:34 AM,97,64
9/26/2026,6:35:35 AM,97,64
9/26/2026,6:35:36 AM,97,64
9/26/2026,6:35:37 AM,97,64
9/26/2026,6:35:38 AM,97,64
9/26/2026,6:35:39 AM,97,64
9/26/2026,6:35:40 AM,97,64
9/26/2026,6:35:41 AM,97,64
9/26/2026,6:35:42 AM,96,64
9/26/2026,6:35:43 AM,96,64
9/26/2026,6:35:44 AM,96,64
9/26/2026,6:35:45 AM,96,64
9/26/2026,6:35:46 AM,96,64
9/26/2026,6:35:47 AM,95,65
9/26/2026,6:35:48 AM,95,65
9/26/2026,6:35:49 AM,95,65
9/26/2026,6:35:50 AM,95,65
9/26/2026,6:35:51 AM,95,65
9/26/2026,6:35:52 AM,95,66
9/26/2026,6:35:53 AM,95,66
9/26/2026,6:35:54 AM,94,66
9/26/2026,6:35:55 AM,94,66
9/26/2026,6:35:56 AM,94,66
9/26/2026,6:35:57 AM,94,67
9/26/2026,6:35:58 AM,94,67
9/26/2026,6:35:59 AM,94,67
9/26/2026,6:36:00 AM,94,67
9/26/2026,6:36:01 AM,94,67
9/26/2026,6:36:02 AM,94,67
9/26/2026,6:36:03 AM,94,67
9/26/2026,6:36:04 AM,94,68
9/26/2026,6:36:05 AM,94,68
9/26/2026,6:36:06 AM,94,68
9/26/2026,6:36:07 AM,94,68
9/26/2026,6:36:08 AM,94,68
9/26/2026,6:36:09 AM,94,68
9/26/2026,6:36:10 AM,93,68
9/26/2026,6:36:11 AM,93,68
9/26/2026,6:36:12 AM,93,67
9/26/2026,6:36:13 AM,93,67
9/26/2026,6:36:14 AM,93,67
9/26/2026,6:36:15 AM,93,67
9/26/2026,6:36:16 AM,93,67
9/26/2026,6:36:17 AM,94,67
9/26/2026,6:36:18 AM,94,67
9/26/2026,6:36:19 AM,94,67
9/26/2026,6:36:20 AM,95,67
9/26/2026,6:36:21 AM,95,67
9/26/2026,6:36:22 AM,96,67
9/26/2026,6:36:23 AM,97,67
9/26/2026,6:36:24 AM,97,67
9/26/2026,6:36:25 AM,97,67
9/26/2026,6:36:26 AM,97,67
9/26/2026,6:36:27 AM,98,67
9/26/2026,6:36:28 AM,98,67
9/26/2026,6:36:29 AM,98,67
9/26/2026,6:36:30 AM,98,67
9/26/2026,6:36:31 AM,98,67
9/26/2026,6:36:32 AM,98,67
9/26/2026,6:36:33 AM,98,66
9/26/2026,6:36:34 AM,98,66
9/26/2026,6:36:35 AM,98,65
9/26/2026,6:36:36 AM,98,65
9/26/2026,6:36:37 AM,98,65
9/26/2026,6:36:38 AM,98,65
9/26/2026,6:36:39 AM,98,65
9/26/2026,6:36:40 AM,98,65
9/26/2026,6:36:41 AM,98,65
9/26/2026,6:36:42 AM,98,65
9/26/2026,6:36:43 AM,98,65
9/26/2026,6:36:44 AM,98,65
9/26/2026,6:36:45 AM,98,65
9/26/2026,6:36:46 AM,98,65
9/26/2026,6:36:47 AM,98,64
9/26/2026,6:36:48 AM,98,64
9/26/2026,6:36:49 AM,98,64
9/26/2026,6:36:50 AM,98,64
9/26/2026,6:36:51 AM,98,64
9/26/2026,6:36:52 AM,98,64
9/26/2026,6:36:53 AM,98,64
9/26/2026,6:36:54 AM,98,64
9/26/2026,6:36:55 AM,98,64
9/26/2026,6:36:56 AM,98,64
9/26/2026,6:36:57 AM,98,64
9/26/2026,6:36:58 AM,98,64
9/26/2026,6:36:59 AM,98,65
9/26/2026,6:37:00 AM,98,65
9/26/2026,6:37:01 AM,98,65
9/26/2026,6:37:02 AM,98,65
9/26/2026,6:37:03 AM,98,65
9/26/2026,6:37:04 AM,98,65
9/26/2026,6:37:05 AM,98,65
9/26/2026,6:37:06 AM,97,65
9/26/2026,6:37:07 AM,97,65
9/26/2026,6:37:08 AM,97,65
9/26/2026,6:37:09 AM,97,65
9/26/2026,6:37:10 AM,97,65
9/26/2026,6:37:11 AM,97,65
9/26/2026,6:37:12 AM,97,65
9/26/2026,6:37:13 AM,97,65
9/26/2026,6:37:14 AM,97,65
9/26/2026,6:37:15 AM,97,65
9/26/2026,6:37:16 AM,97,65
9/26/2026,6:37:17 AM,96,65
9/26/2026,6:37:18 AM,97,65
9/26/2026,6:37:19 AM,97,65
9/26/2026,6:37:20 AM,97,64
9/26/2026,6:37:21 AM,97,64
9/26/2026,6:37:22 AM,97,64
9/26/2026,6:37:23 AM,97,64
9/26/2026,6:37:24 AM,97,64
9/26/2026,6:37:25 AM,97,64
9/26/2026,6:37:26 AM,97,64
9/26/2026,6:37:27 AM,97,64
9/26/2026,6:37:28 AM,97,63
9/26/2026,6:37:29 AM,98,63
9/26/2026,6:37:30 AM,98,63
9/26/2026,6:37:31 AM,98,63
9/26/2026,6:37:32 AM,98,63
9/26/2026,6:37:33 AM,98,63
9/26/2026,6:37:34 AM,98,63
9/26/2026,6:37:35 AM,98,64
9/26/2026,6:37:36 AM,98,64
9/26/2026,6:37:37 AM,98,64
9/26/2026,6:37:38 AM,98,64
9/26/2026,6:37:39 AM,98,64
9/26/2026,6:37:40 AM,98,64
9/26/2026,6:37:41 AM,98,64
9/26/2026,6:37:42 AM,98,64
9/26/2026,6:37:43 AM,98,64
9/26/2026,6:37:44 AM,98,64
9/26/2026,6:37:45 AM,98,64
9/26/2026,6:37:46 AM,98,64
9/26/2026,6:37:47 AM,98,64
9/26/2026,6:37:48 AM,98,64
9/26/2026,6:37:49 AM,98,64
9/26/2026,6:37:50 AM,98,65
9/26/2026,6:37:51 AM,98,65
9/26/2026,6:37:52 AM,98,65
9/26/2026,6:37:53 AM,98,65
9/26/2026,6:37:54 AM,98,66
9/26/2026,6:37:55 AM,98,66
9/26/2026,6:37:56 AM,98,66
9/26/2026,6:37:57 AM,98,66
9/26/2026,6:37:58 AM,98,66
9/26/2026,6:37:59 AM,98,66
9/26/2026,6:38:00 AM,98,66
9/26/2026,6:38:01 AM,98,66
9/26/2026,6:38:02 AM,98,66
9/26/2026,6:38:03 AM,98,65
9/26/2026,6:38:04 AM,98,65
9/26/2026,6:38:05 AM,98,65
9/26/2026,6:38:06 AM,98,65
9/26/2026,6:38:07 AM,98,65
9/26/2026,6:38:08 AM,98,65
9/26/2026,6:38:09 AM,98,65
9/26/2026,6:38:10 AM,98,65
9/26/2026,6:38:11 AM,98,65
9/26/2026,6:38:12 AM,98,65
9/26/2026,6:38:13 AM,98,65
9/26/2026,6:38:14 AM,98,65
9/26/2026,6:38:15 AM,98,65
9/26/2026,6:38:16 AM,98,65
9/26/2026,6:38:17 AM,98,65
9/26/2026,6:38:18 AM,98,65
9/26/2026,6:38:19 AM,98,65
9/26/2026,6:38:20 AM,98,64
9/26/2026,6:38:21 AM,98,64
9/26/2026,6:38:22 AM,98,64
9/26/2026,6:38:23 AM,98,64
9/26/2026,6:38:24 AM,98,64
9/26/2026,6:38:25 AM,98,64
9/26/2026,6:38:26 AM,98,64
9/26/2026,6:38:27 AM,98,64
9/26/2026,6:38:28 AM,98,65
9/26/2026,6:38:29 AM,98,65
9/26/2026,6:38:30 AM,98,65
9/26/2026,6:38:31 AM,98,65
9/26/2026,6:38:32 AM,98,65
9/26/2026,6:38:33 AM,98,65
9/26/2026,6:38:34 AM,98,65
9/26/2026,6:38:35 AM,98,65
9/26/2026,6:38:36 AM,98,65
9/26/2026,6:38:37 AM,98,65
9/26/2026,6:38:38 AM,98,65
9/26/2026,6:38:39 AM,98,65
9/26/2026,6:38:40 AM,98,65
9/26/2026,6:38:41 AM,98,65
9/26/2026,6:38:42 AM,98,64
9/26/2026,6:38:43 AM,98,64
9/26/2026,6:38:44 AM,97,64
9/26/2026,6:38:45 AM,97,64
9/26/2026,6:38:46 AM,97,64
9/26/2026,6:38:47 AM,97,64
9/26/2026,6:38:48 AM,97,64
9/26/2026,6:38:49 AM,97,64
9/26/2026,6:38:50 AM,97,65
9/26/2026,6:38:51 AM,97,65
9/26/2026,6:38:52 AM,97,65
9/26/2026,6:38:53 AM,97,65
9/26/2026,6:38:54 AM,96,65
9/26/2026,6:38:55 AM,96,65
9/26/2026,6:38:56 AM,96,65
9/26/2026,6:38:57 AM,96,65
9/26/2026,6:38:58 AM,96,66
9/26/2026,6:38:59 AM,96,66
9/26/2026,6:39:00 AM,96,66
9/26/2026,6:39:01 AM,96,66
9/26/2026,6:39:02 AM,95,66
9/26/2026,6:39:03 AM,95,66
9/26/2026,6:39:04 AM,95,66
9/26/2026,6:39:05 AM,95,66
9/26/2026,6:39:06 AM,95,66
9/26/2026,6:39:07 AM,95,66
9/26/2026,6:39:08 AM,94,66
9/26/2026,6:39:09 AM,94,66
9/26/2026,6:39:10 AM,94,66
9/26/2026,6:39:11 AM,94,66
9/26/2026,6:39:12 AM,94,66
9/26/2026,6:39:13 AM,93,66
9/26/2026,6:39:14 AM,93,66
9/26/2026,6:39:15 AM,93,66
9/26/2026,6:39:16 AM,93,66
9/26/2026,6:39:17 AM,93,66
9/26/2026,6:39:18 AM,92,66
9/26/2026,6:39:19 AM,92,66
9/26/2026,6:39:20 AM,92,66
9/26/2026,6:39:21 AM,92,66
9/26/2026,6:39:22 AM,92,66
9/26/2026,6:39:23 AM,92,66
9/26/2026,6:39:24 AM,92,66
9/26/2026,6:39:25 AM,92,66
9/26/2026,6:39:26 AM,92,66
9/26/2026,6:39:27 AM,92,66
9/26/2026,6:39:28 AM,92,66
9/26/2026,6:39:29 AM,92,66
9/26/2026,6:39:30 AM,92,67
9/26/2026,6:39:31 AM,92,67
9/26/2026,6:39:32 AM,92,68
9/26/2026,6:39:33 AM,92,68
9/26/2026,6:39:34 AM,92,68
9/26/2026,6:39:35 AM,92,68
9/26/2026,6:39:36 AM,92,69
9/26/2026,6:39:37 AM,92,69
9/26/2026,6:39:38 AM,92,69
9/26/2026,6:39:39 AM,92,69
9/26/2026,6:39:40 AM,92,69
9/26/2026,6:39:41 AM,91,69
9/26/2026,6:39:42 AM,91,69
9/26/2026,6:39:43 AM,92,68
9/26/2026,6:39:44 AM,92,68
9/26/2026,6:39:45 AM,92,67
9/26/2026,6:39:46 AM,92,67
9/26/2026,6:39:47 AM,93,67
9/26/2026,6:39:48 AM,93,67
9/26/2026,6:39:49 AM,95,66
9/26/2026,6:39:50 AM,95,66
9/26/2026,6:39:51 AM,96,66
9/26/2026,6:39:52 AM,97,66
9/26/2026,6:39:53 AM,98,66
9/26/2026,6:39:54 AM,98,66
9/26/2026,6:39:55 AM,98,65
9/26/2026,6:39:56 AM,98,66
9/26/2026,6:39:57 AM,98,66
9/26/2026,6:39:58 AM,98,66
9/26/2026,6:39:59 AM,98,66
9/26/2026,6:40:00 AM,98,65
9/26/2026,6:40:01 AM,98,65
9/26/2026,6:40:02 AM,98,65
9/26/2026,6:40:03 AM,98,65
9/26/2026,6:40:04 AM,98,65
9/26/2026,6:40:05 AM,98,65
9/26/2026,6:40:06 AM,98,65
9/26/2026,6:40:07 AM,98,65
9/26/2026,6:40:08 AM,98,65
9/26/2026,6:40:09 AM,98,65
9/26/2026,6:40:10 AM,98,64
9/26/2026,6:40:11 AM,98,64
9/26/2026,6:40:12 AM,98,65
9/26/2026,6:40:13 AM,98,65
9/26/2026,6:40:14 AM,98,65
9/26/2026,6:40:15 AM,98,65
9/26/2026,6:40:16 AM,98,65
9/26/2026,6:40:17 AM,98,65
9/26/2026,6:40:18 AM,98,65
9/26/2026,6:40:19 AM,98,65
9/26/2026,6:40:20 AM,98,65
9/26/2026,6:40:21 AM,97,65
9/26/2026,6:40:22 AM,97,65
9/26/2026,6:40:23 AM,97,65
9/26/2026,6:40:24 AM,97,64
9/26/2026,6:40:25 AM,97,64
9/26/2026,6:40:26 AM,97,64
9/26/2026,6:40:27 AM,97,64
9/26/2026,6:40:28 AM,97,64
9/26/2026,6:40:29 AM,96,64
9/26/2026,6:40:30 AM,96,64
9/26/2026,6:40:31 AM,96,64
9/26/2026,6:40:32 AM,96,64
9/26/2026,6:40:33 AM,96,64
9/26/2026,6:40:34 AM,96,64
9/26/2026,6:40:35 AM,96,64
9/26/2026,6:40:36 AM,96,64
9/26/2026,6:40:37 AM,96,64
9/26/2026,6:40:38 AM,96,64
9/26/2026,6:40:39 AM,95,64
9/26/2026,6:40:40 AM,95,64
9/26/2026,6:40:41 AM,95,64
9/26/2026,6:40:42 AM,95,64
9/26/2026,6:40:43 AM,95,64
9/26/2026,6:40:44 AM,95,64
9/26/2026,6:40:45 AM,95,65
9/26/2026,6:40:46 AM,95,65
9/26/2026,6:40:47 AM,94,65
9/26/2026,6:40:48 AM,94,65
9/26/2026,6:40:49 AM,94,65
9/26/2026,6:40:50 AM,94,65
9/26/2026,6:40:51 AM,94,65
9/26/2026,6:40:52 AM,94,65
9/26/2026,6:40:53 AM,94,65
9/26/2026,6:40:54 AM,94,65
9/26/2026,6:40:55 AM,94,65
9/26/2026,6:40:56 AM,94,65
9/26/2026,6:40:57 AM,93,65
9/26/2026,6:40:58 AM,93,65
9/26/2026,6:40:59 AM,93,65
9/26/2026,6:41:00 AM,93,65
9/26/2026,6:41:01 AM,93,65
9/26/2026,6:41:02 AM,92,66
9/26/2026,6:41:03 AM,92,66
9/26/2026,6:41:04 AM,92,66
9/26/2026,6:41:05 AM,92,66
9/26/2026,6:41:06 AM,92,66
9/26/2026,6:41:07 AM,91,66
9/26/2026,6:41:08 AM,91,66
9/26/2026,6:41:09 AM,91,66
9/26/2026,6:41:10 AM,91,66
9/26/2026,6:41:11 AM,90,67
9/26/2026,6:41:12 AM,90,67
9/26/2026,6:41:13 AM,90,68
9/26/2026,6:41:14 AM,90,68
9/26/2026,6:41:15 AM,90,68
9/26/2026,6:41:16 AM,90,68
9/26/2026,6:41:17 AM,90,69
9/26/2026,6:41:18 AM,89,69
9/26/2026,6:41:19 AM,89,69
9/26/2026,6:41:20 AM,89,69
9/26/2026,6:41:21 AM,89,69
9/26/2026,6:41:22 AM,89,69
9/26/2026,6:41:23 AM,89,69
9/26/2026,6:41:24 AM,89,70
9/26/2026,6:41:25 AM,89,70
9/26/2026,6:41:26 AM,89,70
9/26/2026,6:41:27 AM,89,70
9/26/2026,6:41:28 AM,89,70
9/26/2026,6:41:29 AM,89,69
9/26/2026,6:41:30 AM,88,69
9/26/2026,6:41:31 AM,89,69
9/26/2026,6:41:32 AM,89,69
9/26/2026,6:41:33 AM,89,69
9/26/2026,6:41:34 AM,89,68
9/26/2026,6:41:35 AM,89,68
9/26/2026,6:41:36 AM,89,68
9/26/2026,6:41:37 AM,90,68
9/26/2026,6:41:38 AM,91,68
9/26/2026,6:41:39 AM,92,68
9/26/2026,6:41:40 AM,94,68
9/26/2026,6:41:41 AM,95,68
9/26/2026,6:41:42 AM,96,68
9/26/2026,6:41:43 AM,97,68
9/26/2026,6:41:44 AM,98,68
9/26/2026,6:41:45 AM,98,68
9/26/2026,6:41:46 AM,98,68
9/26/2026,6:41:47 AM,98,67
9/26/2026,6:41:48 AM,98,67
9/26/2026,6:41:49 AM,98,67
9/26/2026,6:41:50 AM,98,66
9/26/2026,6:41:51 AM,98,66
9/26/2026,6:41:52 AM,98,66
9/26/2026,6:41:53 AM,98,66
9/26/2026,6:41:54 AM,98,66
9/26/2026,6:41:55 AM,98,66
9/26/2026,6:41:56 AM,98,66
9/26/2026,6:41:57 AM,98,65
9/26/2026,6:41:58 AM,98,65
9/26/2026,6:41:59 AM,97,65
9/26/2026,6:42:00 AM,97,65
9/26/2026,6:42:01 AM,97,65
9/26/2026,6:42:02 AM,97,65
9/26/2026,6:42:03 AM,97,65
9/26/2026,6:42:04 AM,97,65
9/26/2026,6:42:05 AM,97,65
9/26/2026,6:42:06 AM,97,65
9/26/2026,6:42:07 AM,97,65
9/26/2026,6:42:08 AM,97,65
9/26/2026,6:42:09 AM,97,65
9/26/2026,6:42:10 AM,97,65
9/26/2026,6:42:11 AM,97,66
9/26/2026,6:42:12 AM,97,66
9/26/2026,6:42:13 AM,97,66
9/26/2026,6:42:14 AM,97,67
9/26/2026,6:42:15 AM,96,68
9/26/2026,6:42:16 AM,96,68
9/26/2026,6:42:17 AM,96,68
9/26/2026,6:42:18 AM,96,68
9/26/2026,6:42:19 AM,96,68
9/26/2026,6:42:20 AM,96,68
9/26/2026,6:42:21 AM,96,68
9/26/2026,6:42:22 AM,96,68
9/26/2026,6:42:23 AM,96,68
9/26/2026,6:42:24 AM,96,68
9/26/2026,6:42:25 AM,96,68
9/26/2026,6:42:26 AM,96,68
9/26/2026,6:42:27 AM,96,68
9/26/2026,6:42:28 AM,96,68
9/26/2026,6:42:29 AM,96,68
9/26/2026,6:42:30 AM,96,68
9/26/2026,6:42:31 AM,96,68
9/26/2026,6:42:32 AM,95,68
9/26/2026,6:42:33 AM,96,68
9/26/2026,6:42:34 AM,96,68
9/26/2026,6:42:35 AM,95,68
9/26/2026,6:42:36 AM,95,68
9/26/2026,6:42:37 AM,95,68
9/26/2026,6:42:38 AM,95,68
9/26/2026,6:42:39 AM,95,68
9/26/2026,6:42:40 AM,95,67
9/26/2026,6:42:41 AM,95,68
9/26/2026,6:42:42 AM,95,67
9/26/2026,6:42:43 AM,95,67
9/26/2026,6:42:44 AM,96,67
9/26/2026,6:42:45 AM,96,66
9/26/2026,6:42:46 AM,96,66
9/26/2026,6:42:47 AM,96,65
9/26/2026,6:42:48 AM,97,65
9/26/2026,6:42:49 AM,97,65
9/26/2026,6:42:50 AM,98,65
9/26/2026,6:42:51 AM,98,65
9/26/2026,6:42:52 AM,98,65
9/26/2026,6:42:53 AM,98,65
9/26/2026,6:42:54 AM,98,65
9/26/2026,6:42:55 AM,98,65
9/26/2026,6:42:56 AM,98,66
9/26/2026,6:42:57 AM,98,66
9/26/2026,6:42:58 AM,98,65
9/26/2026,6:42:59 AM,98,66
9/26/2026,6:43:00 AM,98,66
9/26/2026,6:43:01 AM,98,66
9/26/2026,6:43:02 AM,98,66
9/26/2026,6:43:03 AM,98,66
9/26/2026,6:43:04 AM,98,65
9/26/2026,6:43:05 AM,98,65
9/26/2026,6:43:06 AM,98,65
9/26/2026,6:43:07 AM,98,65
9/26/2026,6:43:08 AM,98,65
9/26/2026,6:43:09 AM,98,65
9/26/2026,6:43:10 AM,98,65
9/26/2026,6:43:11 AM,98,65
9/26/2026,6:43:12 AM,98,65
9/26/2026,6:43:13 AM,98,65
9/26/2026,6:43:14 AM,98,66
9/26/2026,6:43:15 AM,98,66
9/26/2026,6:43:16 AM,98,66
9/26/2026,6:43:17 AM,97,66
9/26/2026,6:43:18 AM,97,66
9/26/2026,6:43:19 AM,97,67
9/26/2026,6:43:20 AM,97,67
9/26/2026,6:43:21 AM,97,67
9/26/2026,6:43:22 AM,97,67
9/26/2026,6:43:23 AM,97,67
9/26/2026,6:43:24 AM,97,67
9/26/2026,6:43:25 AM,97,66
9/26/2026,6:43:26 AM,97,66
9/26/2026,6:43:27 AM,97,66
9/26/2026,6:43:28 AM,97,66
9/26/2026,6:43:29 AM,96,66
9/26/2026,6:43:30 AM,96,65
9/26/2026,6:43:31 AM,96,65
9/26/2026,6:43:32 AM,96,65
9/26/2026,6:43:33 AM,96,65
9/26/2026,6:43:34 AM,96,65
9/26/2026,6:43:35 AM,95,65
9/26/2026,6:43:36 AM,95,65
9/26/2026,6:43:37 AM,95,65
9/26/2026,6:43:38 AM,95,65
9/26/2026,6:43:39 AM,95,65
9/26/2026,6:43:40 AM,95,65
9/26/2026,6:43:41 AM,95,66
9/26/2026,6:43:42 AM,94,66
9/26/2026,6:43:43 AM,94,66
9/26/2026,6:43:44 AM,94,66
9/26/2026,6:43:45 AM,94,66
9/26/2026,6:43:46 AM,93,65
9/26/2026,6:43:47 AM,93,65
9/26/2026,6:43:48 AM,93,65
9/26/2026,6:43:49 AM,93,65
9/26/2026,6:43:50 AM,92,64
9/26/2026,6:43:51 AM,92,64
9/26/2026,6:43:52 AM,92,64
9/26/2026,6:43:53 AM,92,64
9/26/2026,6:43:54 AM,92,64
9/26/2026,6:43:55 AM,91,64
9/26/2026,6:43:56 AM,91,64
9/26/2026,6:43:57 AM,91,65
9/26/2026,6:43:58 AM,90,65
9/26/2026,6:43:59 AM,90,65
9/26/2026,6:44:00 AM,90,66
9/26/2026,6:44:01 AM,90,66
9/26/2026,6:44:02 AM,90,66
9/26/2026,6:44:03 AM,89,67
9/26/2026,6:44:04 AM,89,67
9/26/2026,6:44:05 AM,89,67
9/26/2026,6:44:06 AM,89,67
9/26/2026,6:44:07 AM,89,68
9/26/2026,6:44:08 AM,89,68
9/26/2026,6:44:09 AM,89,68
9/26/2026,6:44:10 AM,88,68
9/26/2026,6:44:11 AM,88,68
9/26/2026,6:44:12 AM,88,68
9/26/2026,6:44:13 AM,88,68
9/26/2026,6:44:14 AM,88,68
9/26/2026,6:44:15 AM,88,68
9/26/2026,6:44:16 AM,88,68
9/26/2026,6:44:17 AM,88,68
9/26/2026,6:44:18 AM,88,68
9/26/2026,6:44:19 AM,88,68
9/26/2026,6:44:20 AM,88,68
9/26/2026,6:44:21 AM,88,68
9/26/2026,6:44:22 AM,88,68
9/26/2026,6:44:23 AM,88,69
9/26/2026,6:44:24 AM,88,70
9/26/2026,6:44:25 AM,88,70
9/26/2026,6:44:26 AM,88,71
9/26/2026,6:44:27 AM,88,71
9/26/2026,6:44:28 AM,87,71
9/26/2026,6:44:29 AM,87,71
9/26/2026,6:44:30 AM,87,70
9/26/2026,6:44:31 AM,87,70
9/26/2026,6:44:32 AM,87,70
9/26/2026,6:44:33 AM,87,69
9/26/2026,6:44:34 AM,88,69
9/26/2026,6:44:35 AM,88,69
9/26/2026,6:44:36 AM,88,69
9/26/2026,6:44:37 AM,88,68
9/26/2026,6:44:38 AM,88,67
9/26/2026,6:44:39 AM,89,67
9/26/2026,6:44:40 AM,91,67
9/26/2026,6:44:41 AM,92,67
9/26/2026,6:44:42 AM,94,67
9/26/2026,6:44:43 AM,96,67
9/26/2026,6:44:44 AM,97,67
9/26/2026,6:44:45 AM,97,67
9/26/2026,6:44:46 AM,97,67
9/26/2026,6:44:47 AM,98,67
9/26/2026,6:44:48 AM,99,67
9/26/2026,6:44:49 AM,99,67
9/26/2026,6:44:50 AM,99,67
9/26/2026,6:44:51 AM,99,67
9/26/2026,6:44:52 AM,99,67
9/26/2026,6:44:53 AM,99,67
9/26/2026,6:44:54 AM,99,67
9/26/2026,6:44:55 AM,99,67
9/26/2026,6:44:56 AM,99,67
9/26/2026,6:44:57 AM,99,67
9/26/2026,6:44:58 AM,99,67
9/26/2026,6:44:59 AM,99,67
9/26/2026,6:45:00 AM,99,67
9/26/2026,6:45:01 AM,99,67
9/26/2026,6:45:02 AM,99,67
9/26/2026,6:45:03 AM,99,67
9/26/2026,6:45:04 AM,99,67
9/26/2026,6:45:05 AM,99,67
9/26/2026,6:45:06 AM,99,67
9/26/2026,6:45:07 AM,99,67
9/26/2026,6:45:08 AM,99,67
9/26/2026,6:45:09 AM,99,67
9/26/2026,6:45:10 AM,99,67
9/26/2026,6:45:11 AM,99,67
9/26/2026,6:45:12 AM,99,67
9/26/2026,6:45:13 AM,99,67
9/26/2026,6:45:14 AM,99,67
9/26/2026,6:45:15 AM,99,67
9/26/2026,6:45:16 AM,99,67
9/26/2026,6:45:17 AM,98,67
9/26/2026,6:45:18 AM,98,67
9/26/2026,6:45:19 AM,98,67
9/26/2026,6:45:20 AM,98,67
9/26/2026,6:45:21 AM,99,68
9/26/2026,6:45:22 AM,99,68
9/26/2026,6:45:23 AM,99,68
9/26/2026,6:45:24 AM,99,68
9/26/2026,6:45:25 AM,98,68
9/26/2026,6:45:26 AM,98,68
9/26/2026,6:45:27 AM,98,68
9/26/2026,6:45:28 AM,98,69
9/26/2026,6:45:29 AM,98,69
9/26/2026,6:45:30 AM,98,69
9/26/2026,6:45:31 AM,98,69
9/26/2026,6:45:32 AM,98,69
9/26/2026,6:45:33 AM,98,69
9/26/2026,6:45:34 AM,98,69
9/26/2026,6:45:35 AM,98,69
9/26/2026,6:45:36 AM,98,68
9/26/2026,6:45:37 AM,98,68
9/26/2026,6:45:38 AM,98,67
9/26/2026,6:45:39 AM,98,67
9/26/2026,6:45:40 AM,98,67
9/26/2026,6:45:41 AM,98,67
9/26/2026,6:45:42 AM,98,67
9/26/2026,6:45:43 AM,98,67
9/26/2026,6:45:44 AM,98,67
9/26/2026,6:45:45 AM,98,67
9/26/2026,6:45:46 AM,98,67
9/26/2026,6:45:47 AM,98,67
9/26/2026,6:45:48 AM,98,66
9/26/2026,6:45:49 AM,98,66
9/26/2026,6:45:50 AM,98,66
9/26/2026,6:45:51 AM,98,66
9/26/2026,6:45:52 AM,98,66
9/26/2026,6:45:53 AM,98,66
9/26/2026,6:45:54 AM,98,66
9/26/2026,6:45:55 AM,98,66
9/26/2026,6:45:56 AM,98,66
9/26/2026,6:45:57 AM,98,66
9/26/2026,6:45:58 AM,98,66
9/26/2026,6:45:59 AM,98,66
9/26/2026,6:46:00 AM,98,67
9/26/2026,6:46:01 AM,98,67
9/26/2026,6:46:02 AM,98,67
9/26/2026,6:46:03 AM,98,67
9/26/2026,6:46:04 AM,98,67
9/26/2026,6:46:05 AM,98,67
9/26/2026,6:46:06 AM,98,67
9/26/2026,6:46:07 AM,98,66
9/26/2026,6:46:08 AM,98,66
9/26/2026,6:46:09 AM,98,66
9/26/2026,6:46:10 AM,98,66
9/26/2026,6:46:11 AM,98,66
9/26/2026,6:46:12 AM,98,66
9/26/2026,6:46:13 AM,98,66
9/26/2026,6:46:14 AM,98,66
9/26/2026,6:46:15 AM,98,66
9/26/2026,6:46:16 AM,98,66
9/26/2026,6:46:17 AM,98,66
9/26/2026,6:46:18 AM,98,66
9/26/2026,6:46:19 AM,98,66
9/26/2026,6:46:20 AM,98,66
9/26/2026,6:46:21 AM,98,66
9/26/2026,6:46:22 AM,98,66
9/26/2026,6:46:23 AM,98,66
9/26/2026,6:46:24 AM,98,66
9/26/2026,6:46:25 AM,98,66
9/26/2026,6:46:26 AM,98,66
9/26/2026,6:46:27 AM,98,66
9/26/2026,6:46:28 AM,98,66
9/26/2026,6:46:29 AM,98,66
9/26/2026,6:46:30 AM,98,66
9/26/2026,6:46:31 AM,98,66
9/26/2026,6:46:32 AM,98,66
9/26/2026,6:46:33 AM,98,66
9/26/2026,6:46:34 AM,98,66
9/26/2026,6:46:35 AM,98,66
9/26/2026,6:46:36 AM,98,66
9/26/2026,6:46:37 AM,98,66
9/26/2026,6:46:38 AM,98,66
9/26/2026,6:46:39 AM,98,66
9/26/2026,6:46:40 AM,98,67
9/26/2026,6:46:41 AM,98,67
9/26/2026,6:46:42 AM,98,67
9/26/2026,6:46:43 AM,98,67
9/26/2026,6:46:44 AM,98,67
9/26/2026,6:46:45 AM,98,67
9/26/2026,6:46:46 AM,97,67
9/26/2026,6:46:47 AM,97,67
9/26/2026,6:46:48 AM,97,67
9/26/2026,6:46:49 AM,97,67
9/26/2026,6:46:50 AM,97,67
9/26/2026,6:46:51 AM,97,67
9/26/2026,6:46:52 AM,97,67
9/26/2026,6:46:53 AM,97,67
9/26/2026,6:46:54 AM,97,67
9/26/2026,6:46:55 AM,97,67
9/26/2026,6:46:56 AM,97,67
9/26/2026,6:46:57 AM,97,67
9/26/2026,6:46:58 AM,97,67
9/26/2026,6:46:59 AM,97,67
9/26/2026,6:47:00 AM,97,67
9/26/2026,6:47:01 AM,97,67
9/26/2026,6:47:02 AM,97,67
9/26/2026,6:47:03 AM,97,67
9/26/2026,6:47:04 AM,97,67
9/26/2026,6:47:05 AM,97,67
9/26/2026,6:47:06 AM,97,67
9/26/2026,6:47:07 AM,97,67
9/26/2026,6:47:08 AM,97,67
9/26/2026,6:47:09 AM,97,67
9/26/2026,6:47:10 AM,97,67
9/26/2026,6:47:11 AM,97,67
9/26/2026,6:47:12 AM,97,67
9/26/2026,6:47:13 AM,97,67
9/26/2026,6:47:14 AM,97,67
9/26/2026,6:47:15 AM,97,67
9/26/2026,6:47:16 AM,97,67
9/26/2026,6:47:17 AM,97,67
9/26/2026,6:47:18 AM,98,67
9/26/2026,6:47:19 AM,98,67
9/26/2026,6:47:20 AM,98,67
9/26/2026,6:47:21 AM,98,67
9/26/2026,6:47:22 AM,98,67
9/26/2026,6:47:23 AM,98,67
9/26/2026,6:47:24 AM,98,67
9/26/2026,6:47:25 AM,98,68
9/26/2026,6:47:26 AM,98,69
9/26/2026,6:47:27 AM,98,69
9/26/2026,6:47:28 AM,98,69
9/26/2026,6:47:29 AM,98,69
9/26/2026,6:47:30 AM,98,69
9/26/2026,6:47:31 AM,98,69
9/26/2026,6:47:32 AM,98,69
9/26/2026,6:47:33 AM,98,69
9/26/2026,6:47:34 AM,98,69
9/26/2026,6:47:35 AM,98,69
9/26/2026,6:47:36 AM,98,69
9/26/2026,6:47:37 AM,98,69
9/26/2026,6:47:38 AM,98,69
9/26/2026,6:47:39 AM,98,69
9/26/2026,6:47:40 AM,98,69
9/26/2026,6:47:41 AM,98,69
9/26/2026,6:47:42 AM,98,68
9/26/2026,6:47:43 AM,98,68
9/26/2026,6:47:44 AM,98,68
9/26/2026,6:47:45 AM,98,68
9/26/2026,6:47:46 AM,98,68
9/26/2026,6:47:47 AM,98,67
9/26/2026,6:47:48 AM,98,67
9/26/2026,6:47:49 AM,98,67
9/26/2026,6:47:50 AM,98,68
9/26/2026,6:47:51 AM,98,67
9/26/2026,6:47:52 AM,98,67
9/26/2026,6:47:53 AM,98,67
9/26/2026,6:47:54 AM,98,67
9/26/2026,6:47:55 AM,99,67
9/26/2026,6:47:56 AM,99,67
9/26/2026,6:47:57 AM,99,67
9/26/2026,6:47:58 AM,99,67
9/26/2026,6:47:59 AM,99,67
9/26/2026,6:48:00 AM,98,67
9/26/2026,6:48:01 AM,98,67
9/26/2026,6:48:02 AM,98,67
9/26/2026,6:48:03 AM,98,67
9/26/2026,6:48:04 AM,98,67
9/26/2026,6:48:05 AM,98,67
9/26/2026,6:48:06 AM,98,67
9/26/2026,6:48:07 AM,98,67
9/26/2026,6:48:08 AM,98,67
9/26/2026,6:48:09 AM,98,67
9/26/2026,6:48:10 AM,98,67
9/26/2026,6:48:11 AM,98,67
9/26/2026,6:48:12 AM,98,67
9/26/2026,6:48:13 AM,98,67
9/26/2026,6:48:14 AM,98,67
9/26/2026,6:48:15 AM,98,67
9/26/2026,6:48:16 AM,98,67
9/26/2026,6:48:17 AM,98,67
9/26/2026,6:48:18 AM,98,67
9/26/2026,6:48:19 AM,98,67
9/26/2026,6:48:20 AM,98,67
9/26/2026,6:48:21 AM,98,67
9/26/2026,6:48:22 AM,98,67
9/26/2026,6:48:23 AM,98,67
9/26/2026,6:48:24 AM,98,67
9/26/2026,6:48:25 AM,98,67
9/26/2026,6:48:26 AM,98,67
9/26/2026,6:48:27 AM,98,67
9/26/2026,6:48:28 AM,98,67
9/26/2026,6:48:29 AM,98,67
9/26/2026,6:48:30 AM,98,67
9/26/2026,6:48:31 AM,98,67
9/26/2026,6:48:32 AM,98,67
9/26/2026,6:48:33 AM,98,67
9/26/2026,6:48:34 AM,98,67
9/26/2026,6:48:35 AM,98,67
9/26/2026,6:48:36 AM,98,67
9/26/2026,6:48:37 AM,98,67
9/26/2026,6:48:38 AM,98,67
9/26/2026,6:48:39 AM,98,67
9/26/2026,6:48:40 AM,98,67
9/26/2026,6:48:41 AM,98,67
9/26/2026,6:48:42 AM,98,67
9/26/2026,6:48:43 AM,98,67
9/26/2026,6:48:44 AM,98,67
9/26/2026,6:48:45 AM,98,67
9/26/2026,6:48:46 AM,98,67
9/26/2026,6:48:47 AM,98,67
9/26/2026,6:48:48 AM,98,67
9/26/2026,6:48:49 AM,98,67
9/26/2026,6:48:50 AM,98,67
9/26/2026,6:48:51 AM,98,67
9/26/2026,6:48:52 AM,98,67
9/26/2026,6:48:53 AM,98,67
9/26/2026,6:48:54 AM,98,67
9/26/2026,6:48:55 AM,98,67
9/26/2026,6:48:56 AM,98,67
9/26/2026,6:48:57 AM,98,67
9/26/2026,6:48:58 AM,98,67
9/26/2026,6:48:59 AM,98,67
9/26/2026,6:49:00 AM,98,67
9/26/2026,6:49:01 AM,98,67
9/26/2026,6:49:02 AM,98,67
9/26/2026,6:49:03 AM,98,67
9/26/2026,6:49:04 AM,98,67
9/26/2026,6:49:05 AM,98,67
9/26/2026,6:49:06 AM,98,67
9/26/2026,6:49:07 AM,98,67
9/26/2026,6:49:08 AM,98,67
9/26/2026,6:49:09 AM,98,67
9/26/2026,6:49:10 AM,98,67
9/26/2026,6:49:11 AM,98,67
9/26/2026,6:49:12 AM,98,67
9/26/2026,6:49:13 AM,98,67
9/26/2026,6:49:14 AM,98,67
9/26/2026,6:49:15 AM,98,67
9/26/2026,6:49:16 AM,98,67
9/26/2026,6:49:17 AM,98,67
9/26/2026,6:49:18 AM,98,67
9/26/2026,6:49:19 AM,98,67
9/26/2026,6:49:20 AM,98,67
9/26/2026,6:49:21 AM,98,67
9/26/2026,6:49:22 AM,98,67
9/26/2026,6:49:23 AM,98,67
9/26/2026,6:49:24 AM,98,67
9/26/2026,6:49:25 AM,98,67
9/26/2026,6:49:26 AM,98,67
9/26/2026,6:49:27 AM,98,67
9/26/2026,6:49:28 AM,98,67
9/26/2026,6:49:29 AM,98,67
9/26/2026,6:49:30 AM,98,67
9/26/2026,6:49:31 AM,98,67
9/26/2026,6:49:32 AM,98,67
9/26/2026,6:49:33 AM,98,67
9/26/2026,6:49:34 AM,98,67
9/26/2026,6:49:35 AM,98,67
9/26/2026,6:49:36 AM,98,67
9/26/2026,6:49:37 AM,98,67
9/26/2026,6:49:38 AM,98,67
9/26/2026,6:49:39 AM,98,67
9/26/2026,6:49:40 AM,98,67
9/26/2026,6:49:41 AM,98,67
9/26/2026,6:49:42 AM,98,67
9/26/2026,6:49:43 AM,98,67
9/26/2026,6:49:44 AM,98,67
9/26/2026,6:49:45 AM,98,67
9/26/2026,6:49:46 AM,98,67
9/26/2026,6:49:47 AM,98,68
9/26/2026,6:49:48 AM,98,68
9/26/2026,6:49:49 AM,98,68
9/26/2026,6:49:50 AM,98,68
9/26/2026,6:49:51 AM,98,68
9/26/2026,6:49:52 AM,98,68
9/26/2026,6:49:53 AM,98,68
9/26/2026,6:49:54 AM,98,68
9/26/2026,6:49:55 AM,98,68
9/26/2026,6:49:56 AM,98,68
9/26/2026,6:49:57 AM,98,68
9/26/2026,6:49:58 AM,98,68
9/26/2026,6:49:59 AM,98,68
9/26/2026,6:50:00 AM,98,68
9/26/2026,6:50:01 AM,98,68
9/26/2026,6:50:02 AM,98,68
9/26/2026,6:50:03 AM,98,68
9/26/2026,6:50:04 AM,98,68
9/26/2026,6:50:05 AM,98,68
9/26/2026,6:50:06 AM,98,68
9/26/2026,6:50:07 AM,98,68
9/26/2026,6:50:08 AM,98,69
9/26/2026,6:50:09 AM,99,69
9/26/2026,6:50:10 AM,99,69
9/26/2026,6:50:11 AM,99,69
9/26/2026,6:50:12 AM,99,69
9/26/2026,6:50:13 AM,99,69
9/26/2026,6:50:14 AM,99,70
9/26/2026,6:50:15 AM,99,70
9/26/2026,6:50:16 AM,99,70
9/26/2026,6:50:17 AM,99,70
9/26/2026,6:50:18 AM,99,70
9/26/2026,6:50:19 AM,99,70
9/26/2026,6:50:20 AM,99,70
9/26/2026,6:50:21 AM,99,70
9/26/2026,6:50:22 AM,99,70
9/26/2026,6:50:23 AM,99,70
9/26/2026,6:50:24 AM,99,70
9/26/2026,6:50:25 AM,99,70
9/26/2026,6:50:26 AM,99,70
9/26/2026,6:50:27 AM,99,70
9/26/2026,6:50:28 AM,99,70
9/26/2026,6:50:29 AM,99,70
9/26/2026,6:50:30 AM,99,70
9/26/2026,6:50:31 AM,99,70
9/26/2026,6:50:32 AM,99,70
9/26/2026,6:50:33 AM,99,70
9/26/2026,6:50:34 AM,99,70
9/26/2026,6:50:35 AM,99,70
9/26/2026,6:50:36 AM,99,71
9/26/2026,6:50:37 AM,98,71
9/26/2026,6:50:38 AM,99,71
9/26/2026,6:50:39 AM,99,71
9/26/2026,6:50:40 AM,99,71
9/26/2026,6:50:41 AM,99,70
9/26/2026,6:50:42 AM,99,70
9/26/2026,6:50:43 AM,99,70
9/26/2026,6:50:44 AM,99,70
9/26/2026,6:50:45 AM,99,70
9/26/2026,6:50:46 AM,99,69
9/26/2026,6:50:47 AM,99,69
9/26/2026,6:50:48 AM,99,69
9/26/2026,6:50:49 AM,99,69
9/26/2026,6:50:50 AM,99,69
9/26/2026,6:50:51 AM,99,69
9/26/2026,6:50:52 AM,99,69
9/26/2026,6:50:53 AM,99,69
9/26/2026,6:50:54 AM,99,69
9/26/2026,6:50:55 AM,99,69
9/26/2026,6:50:56 AM,99,68
9/26/2026,6:50:57 AM,99,68
9/26/2026,6:50:58 AM,99,68
9/26/2026,6:50:59 AM,99,68
9/26/2026,6:51:00 AM,99,68
9/26/2026,6:51:01 AM,99,68
9/26/2026,6:51:02 AM,99,68
9/26/2026,6:51:03 AM,99,68
9/26/2026,6:51:04 AM,99,68
9/26/2026,6:51:05 AM,99,68
9/26/2026,6:51:06 AM,99,68
9/26/2026,6:51:07 AM,99,68
9/26/2026,6:51:08 AM,99,68
9/26/2026,6:51:09 AM,99,68
9/26/2026,6:51:10 AM,99,68
9/26/2026,6:51:11 AM,99,68
9/26/2026,6:51:12 AM,99,68
9/26/2026,6:51:13 AM,99,68
9/26/2026,6:51:14 AM,99,68
9/26/2026,6:51:15 AM,99,68
9/26/2026,6:51:16 AM,99,68
9/26/2026,6:51:17 AM,99,68
9/26/2026,6:51:18 AM,99,68
9/26/2026,6:51:19 AM,99,68
9/26/2026,6:51:20 AM,99,68
9/26/2026,6:51:21 AM,99,68
9/26/2026,6:51:22 AM,99,68
9/26/2026,6:51:23 AM,99,68
9/26/2026,6:51:24 AM,,
9/26/2026,6:51:25 AM,,
9/26/2026,6:51:26 AM,,
9/26/2026,6:51:27 AM,,
9/26/2026,6:51:28 AM,,
9/26/2026,6:51:29 AM,,
9/26/2026,6:51:30 AM,,
9/26/2026,6:51:31 AM,,
9/26/2026,6:51:32 AM,,
9/26/2026,6:51:33 AM,,
9/26/2026,6:51:34 AM,,
9/26/2026,6:51:35 AM,,
9/26/2026,6:51:36 AM,,
9/26/2026,6:51:37 AM,,
9/26/2026,6:51:38 AM,,
9/26/2026,6:51:39 AM,,
9/26/2026,6:51:40 AM,,
9/26/2026,6:51:41 AM,,
9/26/2026,6:51:42 AM,,
9/26/2026,6:51:43 AM,,
9/26/2026,6:51:44 AM,,
9/26/2026,6:51:45 AM,,
9/26/2026,6:51:46 AM,,
9/26/2026,6:51:47 AM,,
9/26/2026,6:51:48 AM,,
9/26/2026,6:51:49 AM,,
9/26/2026,6:51:50 AM,,
9/26/2026,6:51:51 AM,,
9/26/2026,6:51:52 AM,,
9/26/2026,6:51:53 AM,,
9/26/2026,6:51:54 AM,,
9/26/2026,6:51:55 AM,,
9/26/2026,6:51:56 AM,,
9/26/2026,6:51:57 AM,,
9/26/2026,6:51:58 AM,,
9/26/2026,6:51:59 AM,,
9/26/2026,6:52:00 AM,,
9/26/2026,6:52:01 AM,,
9/26/2026,6:52:02 AM,,
9/26/2026,6:52:03 AM,97,70
9/26/2026,6:52:04 AM,97,70
9/26/2026,6:52:05 AM,98,70
9/26/2026,6:52:06 AM,98,70
9/26/2026,6:52:07 AM,99,70
9/26/2026,6:52:08 AM,99,70
9/26/2026,6:52:09 AM,99,69
9/26/2026,6:52:10 AM,99,69
9/26/2026,6:52:11 AM,99,69
9/26/2026,6:52:12 AM,99,69
9/26/2026,6:52:13 AM,99,69
9/26/2026,6:52:14 AM,98,69
9/26/2026,6:52:15 AM,98,69
9/26/2026,6:52:16 AM,98,69
9/26/2026,6:52:17 AM,98,69
9/26/2026,6:52:18 AM,98,69
9/26/2026,6:52:19 AM,98,69
9/26/2026,6:52:20 AM,98,69
9/26/2026,6:52:21 AM,98,68
9/26/2026,6:52:22 AM,98,69
9/26/2026,6:52:23 AM,98,69
9/26/2026,6:52:24 AM,98,69
9/26/2026,6:52:25 AM,98,69
9/26/2026,6:52:26 AM,98,69
9/26/2026,6:52:27 AM,98,69
9/26/2026,6:52:28 AM,98,70
9/26/2026,6:52:29 AM,98,70
9/26/2026,6:52:30 AM,98,71
9/26/2026,6:52:31 AM,98,71
9/26/2026,6:52:32 AM,98,71
9/26/2026,6:52:33 AM,98,71
9/26/2026,6:52:34 AM,98,71
9/26/2026,6:52:35 AM,98,71
9/26/2026,6:52:36 AM,98,71
9/26/2026,6:52:37 AM,98,71
9/26/2026,6:52:38 AM,98,71
9/26/2026,6:52:39 AM,98,71
9/26/2026,6:52:40 AM,98,71
9/26/2026,6:52:41 AM,98,71
9/26/2026,6:52:42 AM,98,71
9/26/2026,6:52:43 AM,98,71
9/26/2026,6:52:44 AM,98,70
9/26/2026,6:52:45 AM,98,70
9/26/2026,6:52:46 AM,98,71
9/26/2026,6:52:47 AM,98,71
9/26/2026,6:52:48 AM,98,71
9/26/2026,6:52:49 AM,98,71
9/26/2026,6:52:50 AM,98,71
9/26/2026,6:52:51 AM,98,71
9/26/2026,6:52:52 AM,98,71
9/26/2026,6:52:53 AM,98,71
9/26/2026,6:52:54 AM,98,71
9/26/2026,6:52:55 AM,98,71
9/26/2026,6:52:56 AM,98,71
9/26/2026,6:52:57 AM,98,72
9/26/2026,6:52:58 AM,98,72
9/26/2026,6:52:59 AM,98,72
9/26/2026,6:53:00 AM,98,72
9/26/2026,6:53:01 AM,98,72
9/26/2026,6:53:02 AM,98,72
9/26/2026,6:53:03 AM,98,72
9/26/2026,6:53:04 AM,98,72
9/26/2026,6:53:05 AM,98,72
9/26/2026,6:53:06 AM,98,72
9/26/2026,6:53:07 AM,98,71
9/26/2026,6:53:08 AM,98,71
9/26/2026,6:53:09 AM,98,71
9/26/2026,6:53:10 AM,98,71
9/26/2026,6:53:11 AM,98,70
9/26/2026,6:53:12 AM,98,70
9/26/2026,6:53:13 AM,98,70
9/26/2026,6:53:14 AM,98,70
9/26/2026,6:53:15 AM,98,69
9/26/2026,6:53:16 AM,98,69
9/26/2026,6:53:17 AM,98,69
9/26/2026,6:53:18 AM,99,69
9/26/2026,6:53:19 AM,99,69
9/26/2026,6:53:20 AM,99,69
9/26/2026,6:53:21 AM,99,69
9/26/2026,6:53:22 AM,99,69
9/26/2026,6:53:23 AM,99,69
9/26/2026,6:53:24 AM,99,69
9/26/2026,6:53:25 AM,99,69
9/26/2026,6:53:26 AM,99,68
9/26/2026,6:53:27 AM,99,68
9/26/2026,6:53:28 AM,98,68
9/26/2026,6:53:29 AM,98,68
9/26/2026,6:53:30 AM,98,69
9/26/2026,6:53:31 AM,98,69
9/26/2026,6:53:32 AM,98,69
9/26/2026,6:53:33 AM,98,68
9/26/2026,6:53:34 AM,98,69
9/26/2026,6:53:35 AM,98,69
9/26/2026,6:53:36 AM,98,69
9/26/2026,6:53:37 AM,98,69
9/26/2026,6:53:38 AM,98,69
9/26/2026,6:53:39 AM,98,69
9/26/2026,6:53:40 AM,98,69
9/26/2026,6:53:41 AM,98,69
9/26/2026,6:53:42 AM,98,69
9/26/2026,6:53:43 AM,98,68
9/26/2026,6:53:44 AM,98,68
9/26/2026,6:53:45 AM,98,68
9/26/2026,6:53:46 AM,97,69
9/26/2026,6:53:47 AM,97,69
9/26/2026,6:53:48 AM,97,69
9/26/2026,6:53:49 AM,97,70
9/26/2026,6:53:50 AM,98,70
9/26/2026,6:53:51 AM,98,71
9/26/2026,6:53:52 AM,98,71
9/26/2026,6:53:53 AM,98,71
9/26/2026,6:53:54 AM,98,71
9/26/2026,6:53:55 AM,98,71
9/26/2026,6:53:56 AM,98,71
9/26/2026,6:53:57 AM,98,71
9/26/2026,6:53:58 AM,98,71
9/26/2026,6:53:59 AM,98,70
9/26/2026,6:54:00 AM,98,70
9/26/2026,6:54:01 AM,98,70
9/26/2026,6:54:02 AM,98,69
9/26/2026,6:54:03 AM,98,69
9/26/2026,6:54:04 AM,97,68
9/26/2026,6:54:05 AM,97,68
9/26/2026,6:54:06 AM,97,68
9/26/2026,6:54:07 AM,96,67
9/26/2026,6:54:08 AM,96,67
9/26/2026,6:54:09 AM,96,67
9/26/2026,6:54:10 AM,96,67
9/26/2026,6:54:11 AM,97,67
9/26/2026,6:54:12 AM,97,67
9/26/2026,6:54:13 AM,97,67
9/26/2026,6:54:14 AM,98,67
9/26/2026,6:54:15 AM,98,68
9/26/2026,6:54:16 AM,98,68
9/26/2026,6:54:17 AM,98,68
9/26/2026,6:54:18 AM,98,68
9/26/2026,6:54:19 AM,98,68
9/26/2026,6:54:20 AM,98,68
9/26/2026,6:54:21 AM,98,68
9/26/2026,6:54:22 AM,98,68
9/26/2026,6:54:23 AM,97,68
9/26/2026,6:54:24 AM,97,68
9/26/2026,6:54:25 AM,97,67
9/26/2026,6:54:26 AM,97,67
9/26/2026,6:54:27 AM,97,67
9/26/2026,6:54:28 AM,97,66
9/26/2026,6:54:29 AM,97,66
9/26/2026,6:54:30 AM,96,66
9/26/2026,6:54:31 AM,96,66
9/26/2026,6:54:32 AM,96,66
9/26/2026,6:54:33 AM,96,66
9/26/2026,6:54:34 AM,95,66
9/26/2026,6:54:35 AM,95,66
9/26/2026,6:54:36 AM,95,66
9/26/2026,6:54:37 AM,95,66
9/26/2026,6:54:38 AM,94,66
9/26/2026,6:54:39 AM,94,66
9/26/2026,6:54:40 AM,94,66
9/26/2026,6:54:41 AM,94,66
9/26/2026,6:54:42 AM,93,67
9/26/2026,6:54:43 AM,93,67
9/26/2026,6:54:44 AM,93,67
9/26/2026,6:54:45 AM,93,67
9/26/2026,6:54:46 AM,93,67
9/26/2026,6:54:47 AM,93,67
9/26/2026,6:54:48 AM,93,67
9/26/2026,6:54:49 AM,93,67
9/26/2026,6:54:50 AM,93,67
9/26/2026,6:54:51 AM,93,67
9/26/2026,6:54:52 AM,93,67
9/26/2026,6:54:53 AM,92,67
9/26/2026,6:54:54 AM,92,67
9/26/2026,6:54:55 AM,92,67
9/26/2026,6:54:56 AM,92,67
9/26/2026,6:54:57 AM,92,67
9/26/2026,6:54:58 AM,92,67
9/26/2026,6:54:59 AM,91,67
9/26/2026,6:55:00 AM,91,67
9/26/2026,6:55:01 AM,90,67
9/26/2026,6:55:02 AM,90,67
9/26/2026,6:55:03 AM,90,67
9/26/2026,6:55:04 AM,90,67
9/26/2026,6:55:05 AM,90,67
9/26/2026,6:55:06 AM,90,67
9/26/2026,6:55:07 AM,90,67
9/26/2026,6:55:08 AM,90,68
9/26/2026,6:55:09 AM,90,69
9/26/2026,6:55:10 AM,90,70
9/26/2026,6:55:11 AM,90,70
9/26/2026,6:55:12 AM,90,71
9/26/2026,6:55:13 AM,90,71
9/26/2026,6:55:14 AM,90,71
9/26/2026,6:55:15 AM,90,71
9/26/2026,6:55:16 AM,90,71
9/26/2026,6:55:17 AM,90,71
9/26/2026,6:55:18 AM,90,71
9/26/2026,6:55:19 AM,90,71
9/26/2026,6:55:20 AM,90,71
9/26/2026,6:55:21 AM,90,71
9/26/2026,6:55:22 AM,90,72
9/26/2026,6:55:23 AM,90,72
9/26/2026,6:55:24 AM,90,72
9/26/2026,6:55:25 AM,90,72
9/26/2026,6:55:26 AM,90,72
9/26/2026,6:55:27 AM,90,72
9/26/2026,6:55:28 AM,90,72
9/26/2026,6:55:29 AM,90,72
9/26/2026,6:55:30 AM,90,72
9/26/2026,6:55:31 AM,90,72
9/26/2026,6:55:32 AM,90,72
9/26/2026,6:55:33 AM,90,72
9/26/2026,6:55:34 AM,90,72
9/26/2026,6:55:35 AM,90,72
9/26/2026,6:55:36 AM,90,72
9/26/2026,6:55:37 AM,90,72
9/26/2026,6:55:38 AM,90,72
9/26/2026,6:55:39 AM,90,72
9/26/2026,6:55:40 AM,90,72
9/26/2026,6:55:41 AM,90,72
9/26/2026,6:55:42 AM,90,72
9/26/2026,6:55:43 AM,90,72
9/26/2026,6:55:44 AM,90,72
9/26/2026,6:55:45 AM,90,72
9/26/2026,6:55:46 AM,90,72
9/26/2026,6:55:47 AM,90,72
9/26/2026,6:55:48 AM,90,72
9/26/2026,6:55:49 AM,90,72
9/26/2026,6:55:50 AM,90,72
9/26/2026,6:55:51 AM,90,72
9/26/2026,6:55:52 AM,90,72
9/26/2026,6:55:53 AM,90,72
