Date,Time,SpO2(%),PR(bpm)
9/26/2026,4:55:00 PM,99,93
9/26/2026,4:55:01 PM,99,93
9/26/2026,4:55:02 PM,99,93
9/26/2026,4:55:03 PM,98,93
9/26/2026,4:55:04 PM,98,93
9/26/2026,4:55:05 PM,98,93
9/26/2026,4:55:06 PM,98,93
9/26/2026,4:55:07 PM,98,93
9/26/2026,4:55:08 PM,98,93
9/26/2026,4:55:09 PM,98,93
9/26/2026,4:55:10 PM,98,93
9/26/2026,4:55:11 PM,98,93
9/26/2026,4:55:12 PM,98,93
9/26/2026,4:55:13 PM,98,93
9/26/2026,4:55:14 PM,98,93
9/26/2026,4:55:15 PM,98,93
9/26/2026,4:55:16 PM,98,93
9/26/2026,4:55:17 PM,98,93
9/26/2026,4:55:18 PM,98,93
9/26/2026,4:55:19 PM,98,93
9/26/2026,4:55:20 PM,98,93
9/26/2026,4:55:21 PM,98,93
9/26/2026,4:55:22 PM,98,93
9/26/2026,4:55:23 PM,98,93
9/26/2026,4:55:24 PM,98,93
9/26/2026,4:55:25 PM,98,93
9/26/2026,4:55:26 PM,98,93
9/26/2026,4:55:27 PM,98,93
9/26/2026,4:55:28 PM,98,93
9/26/2026,4:55:29 PM,98,93
9/26/2026,4:55:30 PM,98,93
9/26/2026,4:55:31 PM,98,93
9/26/2026,4:55:32 PM,98,93
9/26/2026,4:55:33 PM,98,93
9/26/2026,4:55:34 PM,98,93
9/26/2026,4:55:35 PM,98,93
9/26/2026,4:55:36 PM,98,93
9/26/2026,4:55:37 PM,98,93
9/26/2026,4:55:38 PM,98,93
9/26/2026,4:55:39 PM,98,93
9/26/2026,4:55:40 PM,98,93
9/26/2026,4:55:41 PM,98,93
9/26/2026,4:55:42 PM,98,93
9/26/2026,4:55:43 PM,98,93
9/26/2026,4:55:44 PM,98,93
9/26/2026,4:55:45 PM,98,93
9/26/2026,4:55:46 PM,98,93
9/26/2026,4:55:47 PM,98,93
9/26/2026,4:55:48 PM,98,93
9/26/2026,4:55:49 PM,98,93
9/26/2026,4:55:50 PM,98,93
9/26/2026,4:55:51 PM,98,93
9/26/2026,4:55:52 PM,98,93
9/26/2026,4:55:53 PM,98,93
9/26/2026,4:55:54 PM,98,93
9/26/2026,4:55:55 PM,99,93
9/26/2026,4:55:56 PM,99,94
9/26/2026,4:55:57 PM,99,94
9/26/2026,4:55:58 PM,99,94
9/26/2026,4:55:59 PM,99,94
9/26/2026,4:56:00 PM,99,94
9/26/2026,4:56:01 PM,99,94
9/26/2026,4:56:02 PM,99,94
9/26/2026,4:56:03 PM,99,94
9/26/2026,4:56:04 PM,99,94
9/26/2026,4:56:05 PM,99,94
9/26/2026,4:56:06 PM,99,94
9/26/2026,4:56:07 PM,99,95
9/26/2026,4:56:08 PM,99,95
9/26/2026,4:56:09 PM,99,95
9/26/2026,4:56:10 PM,99,95
9/26/2026,4:56:11 PM,99,94
9/26/2026,4:56:12 PM,99,94
9/26/2026,4:56:13 PM,99,92
9/26/2026,4:56:14 PM,99,92
9/26/2026,4:56:15 PM,99,91
9/26/2026,4:56:16 PM,99,91
9/26/2026,4:56:17 PM,99,91
9/26/2026,4:56:18 PM,99,90
9/26/2026,4:56:19 PM,99,90
9/26/2026,4:56:20 PM,99,90
9/26/2026,4:56:21 PM,99,89
9/26/2026,4:56:22 PM,99,90
9/26/2026,4:56:23 PM,99,90
9/26/2026,4:56:24 PM,99,90
9/26/2026,4:56:25 PM,99,90
9/26/2026,4:56:26 PM,99,90
9/26/2026,4:56:27 PM,99,90
9/26/2026,4:56:28 PM,99,90
9/26/2026,4:56:29 PM,99,89
9/26/2026,4:56:30 PM,99,89
9/26/2026,4:56:31 PM,99,89
9/26/2026,4:56:32 PM,99,89
9/26/2026,4:56:33 PM,99,89
9/26/2026,4:56:34 PM,99,89
9/26/2026,4:56:35 PM,99,89
9/26/2026,4:56:36 PM,99,89
9/26/2026,4:56:37 PM,99,89
9/26/2026,4:56:38 PM,99,89
9/26/2026,4:56:39 PM,99,89
9/26/2026,4:56:40 PM,99,89
9/26/2026,4:56:41 PM,99,89
9/26/2026,4:56:42 PM,99,89
9/26/2026,4:56:43 PM,99,89
9/26/2026,4:56:44 PM,99,89
9/26/2026,4:56:45 PM,99,89
9/26/2026,4:56:46 PM,99,89
9/26/2026,4:56:47 PM,99,89
9/26/2026,4:56:48 PM,99,89
9/26/2026,4:56:49 PM,99,89
9/26/2026,4:56:50 PM,99,89
9/26/2026,4:56:51 PM,99,88
9/26/2026,4:56:52 PM,99,87
9/26/2026,4:56:53 PM,99,87
9/26/2026,4:56:54 PM,99,86
9/26/2026,4:56:55 PM,99,86
9/26/2026,4:56:56 PM,99,85
9/26/2026,4:56:57 PM,99,84
9/26/2026,4:56:58 PM,99,83
9/26/2026,4:56:59 PM,99,83
9/26/2026,4:57:00 PM,99,83
9/26/2026,4:57:01 PM,99,82
9/26/2026,4:57:02 PM,99,82
9/26/2026,4:57:03 PM,99,82
9/26/2026,4:57:04 PM,99,82
9/26/2026,4:57:05 PM,99,82
9/26/2026,4:57:06 PM,99,82
9/26/2026,4:57:07 PM,99,82
9/26/2026,4:57:08 PM,99,82
9/26/2026,4:57:09 PM,99,82
9/26/2026,4:57:10 PM,99,82
9/26/2026,4:57:11 PM,99,82
9/26/2026,4:57:12 PM,99,82
9/26/2026,4:57:13 PM,99,82
9/26/2026,4:57:14 PM,99,82
9/26/2026,4:57:15 PM,99,82
9/26/2026,4:57:16 PM,99,82
9/26/2026,4:57:17 PM,99,83
9/26/2026,4:57:18 PM,99,84
9/26/2026,4:57:19 PM,99,84
9/26/2026,4:57:20 PM,99,84
9/26/2026,4:57:21 PM,99,84
9/26/2026,4:57:22 PM,99,84
9/26/2026,4:57:23 PM,99,84
9/26/2026,4:57:24 PM,99,84
9/26/2026,4:57:25 PM,99,84
9/26/2026,4:57:26 PM,99,83
9/26/2026,4:57:27 PM,99,83
9/26/2026,4:57:28 PM,99,83
9/26/2026,4:57:29 PM,99,84
9/26/2026,4:57:30 PM,99,84
9/26/2026,4:57:31 PM,99,84
9/26/2026,4:57:32 PM,99,84
9/26/2026,4:57:33 PM,99,84
9/26/2026,4:57:34 PM,99,84
9/26/2026,4:57:35 PM,99,84
9/26/2026,4:57:36 PM,99,84
9/26/2026,4:57:37 PM,99,84
9/26/2026,4:57:38 PM,99,84
9/26/2026,4:57:39 PM,99,84
9/26/2026,4:57:40 PM,99,84
9/26/2026,4:57:41 PM,99,84
9/26/2026,4:57:42 PM,99,84
9/26/2026,4:57:43 PM,99,84
9/26/2026,4:57:44 PM,99,84
9/26/2026,4:57:45 PM,99,84
9/26/2026,4:57:46 PM,99,84
9/26/2026,4:57:47 PM,99,84
9/26/2026,4:57:48 PM,99,84
9/26/2026,4:57:49 PM,99,84
9/26/2026,4:57:50 PM,99,84
9/26/2026,4:57:51 PM,99,84
9/26/2026,4:57:52 PM,99,84
9/26/2026,4:57:53 PM,99,84
9/26/2026,4:57:54 PM,99,84
9/26/2026,4:57:55 PM,99,84
9/26/2026,4:57:56 PM,99,84
9/26/2026,4:57:57 PM,99,84
9/26/2026,4:57:58 PM,99,84
9/26/2026,4:57:59 PM,99,84
9/26/2026,4:58:00 PM,99,84
9/26/2026,4:58:01 PM,99,84
9/26/2026,4:58:02 PM,99,84
9/26/2026,4:58:03 PM,99,83
9/26/2026,4:58:04 PM,99,83
9/26/2026,4:58:05 PM,99,83
9/26/2026,4:58:06 PM,99,83
9/26/2026,4:58:07 PM,99,83
9/26/2026,4:58:08 PM,99,83
9/26/2026,4:58:09 PM,99,84
9/26/2026,4:58:10 PM,99,84
9/26/2026,4:58:11 PM,99,84
9/26/2026,4:58:12 PM,99,84
9/26/2026,4:58:13 PM,99,84
9/26/2026,4:58:14 PM,99,84
9/26/2026,4:58:15 PM,99,83
9/26/2026,4:58:16 PM,99,83
9/26/2026,4:58:17 PM,99,83
9/26/2026,4:58:18 PM,99,83
9/26/2026,4:58:19 PM,99,83
9/26/2026,4:58:20 PM,99,83
9/26/2026,4:58:21 PM,99,84
9/26/2026,4:58:22 PM,99,85
9/26/2026,4:58:23 PM,99,86
9/26/2026,4:58:24 PM,99,86
9/26/2026,4:58:25 PM,99,87
9/26/2026,4:58:26 PM,99,87
9/26/2026,4:58:27 PM,99,87
9/26/2026,4:58:28 PM,99,87
9/26/2026,4:58:29 PM,99,87
9/26/2026,4:58:30 PM,99,87
9/26/2026,4:58:31 PM,99,87
9/26/2026,4:58:32 PM,99,87
9/26/2026,4:58:33 PM,98,87
9/26/2026,4:58:34 PM,98,86
9/26/2026,4:58:35 PM,99,84
9/26/2026,4:58:36 PM,99,84
9/26/2026,4:58:37 PM,99,83
9/26/2026,4:58:38 PM,99,82
9/26/2026,4:58:39 PM,99,81
9/26/2026,4:58:40 PM,99,81
9/26/2026,4:58:41 PM,99,81
9/26/2026,4:58:42 PM,99,81
9/26/2026,4:58:43 PM,99,81
9/26/2026,4:58:44 PM,99,81
9/26/2026,4:58:45 PM,99,81
9/26/2026,4:58:46 PM,99,81
9/26/2026,4:58:47 PM,99,81
9/26/2026,4:58:48 PM,99,81
9/26/2026,4:58:49 PM,99,82
9/26/2026,4:58:50 PM,99,82
9/26/2026,4:58:51 PM,99,82
9/26/2026,4:58:52 PM,99,82
9/26/2026,4:58:53 PM,99,82
9/26/2026,4:58:54 PM,99,82
9/26/2026,4:58:55 PM,99,82
9/26/2026,4:58:56 PM,99,82
9/26/2026,4:58:57 PM,99,82
9/26/2026,4:58:58 PM,99,82
9/26/2026,4:58:59 PM,99,82
9/26/2026,4:59:00 PM,99,82
9/26/2026,4:59:01 PM,99,82
9/26/2026,4:59:02 PM,99,82
9/26/2026,4:59:03 PM,99,82
9/26/2026,4:59:04 PM,99,82
9/26/2026,4:59:05 PM,99,82
9/26/2026,4:59:06 PM,99,82
9/26/2026,4:59:07 PM,99,81
9/26/2026,4:59:08 PM,99,81
9/26/2026,4:59:09 PM,99,81
9/26/2026,4:59:10 PM,99,81
9/26/2026,4:59:11 PM,99,80
9/26/2026,4:59:12 PM,99,81
9/26/2026,4:59:13 PM,99,81
9/26/2026,4:59:14 PM,99,81
9/26/2026,4:59:15 PM,99,80
9/26/2026,4:59:16 PM,99,81
9/26/2026,4:59:17 PM,99,80
9/26/2026,4:59:18 PM,99,80
9/26/2026,4:59:19 PM,99,80
9/26/2026,4:59:20 PM,99,80
9/26/2026,4:59:21 PM,99,80
9/26/2026,4:59:22 PM,99,80
9/26/2026,4:59:23 PM,99,80
9/26/2026,4:59:24 PM,99,80
9/26/2026,4:59:25 PM,99,80
9/26/2026,4:59:26 PM,99,81
9/26/2026,4:59:27 PM,99,81
9/26/2026,4:59:28 PM,99,81
9/26/2026,4:59:29 PM,99,81
9/26/2026,4:59:30 PM,99,81
9/26/2026,4:59:31 PM,99,81
9/26/2026,4:59:32 PM,99,81
9/26/2026,4:59:33 PM,99,81
9/26/2026,4:59:34 PM,99,81
9/26/2026,4:59:35 PM,99,80
9/26/2026,4:59:36 PM,99,80
9/26/2026,4:59:37 PM,99,81
9/26/2026,4:59:38 PM,99,81
9/26/2026,4:59:39 PM,99,81
9/26/2026,4:59:40 PM,98,81
9/26/2026,4:59:41 PM,98,81
9/26/2026,4:59:42 PM,98,80
9/26/2026,4:59:43 PM,98,81
9/26/2026,4:59:44 PM,98,80
9/26/2026,4:59:45 PM,98,80
9/26/2026,4:59:46 PM,99,80
9/26/2026,4:59:47 PM,99,80
9/26/2026,4:59:48 PM,99,80
9/26/2026,4:59:49 PM,99,80
9/26/2026,4:59:50 PM,99,80
9/26/2026,4:59:51 PM,99,80
9/26/2026,4:59:52 PM,99,80
9/26/2026,4:59:53 PM,99,81
9/26/2026,4:59:54 PM,99,81
9/26/2026,4:59:55 PM,99,81
9/26/2026,4:59:56 PM,99,81
9/26/2026,4:59:57 PM,99,81
9/26/2026,4:59:58 PM,99,81
9/26/2026,4:59:59 PM,99,81
9/26/2026,5:00:00 PM,99,81
9/26/2026,5:00:01 PM,99,81
9/26/2026,5:00:02 PM,99,81
9/26/2026,5:00:03 PM,99,81
9/26/2026,5:00:04 PM,99,81
9/26/2026,5:00:05 PM,99,81
9/26/2026,5:00:06 PM,99,81
9/26/2026,5:00:07 PM,99,81
9/26/2026,5:00:08 PM,99,81
9/26/2026,5:00:09 PM,99,81
9/26/2026,5:00:10 PM,99,81
9/26/2026,5:00:11 PM,99,81
9/26/2026,5:00:12 PM,99,81
9/26/2026,5:00:13 PM,99,81
9/26/2026,5:00:14 PM,99,81
9/26/2026,5:00:15 PM,99,82
9/26/2026,5:00:16 PM,98,82
9/26/2026,5:00:17 PM,98,82
9/26/2026,5:00:18 PM,98,82
9/26/2026,5:00:19 PM,98,82
9/26/2026,5:00:20 PM,98,82
9/26/2026,5:00:21 PM,98,82
9/26/2026,5:00:22 PM,98,82
9/26/2026,5:00:23 PM,98,82
9/26/2026,5:00:24 PM,98,82
9/26/2026,5:00:25 PM,98,81
9/26/2026,5:00:26 PM,98,81
9/26/2026,5:00:27 PM,98,81
9/26/2026,5:00:28 PM,98,81
9/26/2026,5:00:29 PM,98,80
9/26/2026,5:00:30 PM,98,80
9/26/2026,5:00:31 PM,98,80
9/26/2026,5:00:32 PM,98,80
9/26/2026,5:00:33 PM,98,80
9/26/2026,5:00:34 PM,98,81
9/26/2026,5:00:35 PM,98,81
9/26/2026,5:00:36 PM,98,81
9/26/2026,5:00:37 PM,98,80
9/26/2026,5:00:38 PM,98,80
9/26/2026,5:00:39 PM,99,80
9/26/2026,5:00:40 PM,99,80
9/26/2026,5:00:41 PM,99,80
9/26/2026,5:00:42 PM,99,80
9/26/2026,5:00:43 PM,99,80
9/26/2026,5:00:44 PM,99,80
9/26/2026,5:00:45 PM,99,80
9/26/2026,5:00:46 PM,99,79
9/26/2026,5:00:47 PM,99,79
9/26/2026,5:00:48 PM,99,79
9/26/2026,5:00:49 PM,99,79
9/26/2026,5:00:50 PM,99,79
9/26/2026,5:00:51 PM,99,79
9/26/2026,5:00:52 PM,99,79
9/26/2026,5:00:53 PM,99,79
9/26/2026,5:00:54 PM,99,79
9/26/2026,5:00:55 PM,99,79
9/26/2026,5:00:56 PM,99,78
9/26/2026,5:00:57 PM,99,78
9/26/2026,5:00:58 PM,99,78
9/26/2026,5:00:59 PM,99,78
9/26/2026,5:01:00 PM,99,79
9/26/2026,5:01:01 PM,99,79
9/26/2026,5:01:02 PM,99,79
9/26/2026,5:01:03 PM,99,79
9/26/2026,5:01:04 PM,99,79
9/26/2026,5:01:05 PM,99,79
9/26/2026,5:01:06 PM,99,79
9/26/2026,5:01:07 PM,99,79
9/26/2026,5:01:08 PM,99,79
9/26/2026,5:01:09 PM,99,79
9/26/2026,5:01:10 PM,98,79
9/26/2026,5:01:11 PM,98,79
9/26/2026,5:01:12 PM,98,79
9/26/2026,5:01:13 PM,98,79
9/26/2026,5:01:14 PM,98,79
9/26/2026,5:01:15 PM,98,78
9/26/2026,5:01:16 PM,98,78
9/26/2026,5:01:17 PM,98,78
9/26/2026,5:01:18 PM,98,78
9/26/2026,5:01:19 PM,98,78
9/26/2026,5:01:20 PM,98,78
9/26/2026,5:01:21 PM,98,78
9/26/2026,5:01:22 PM,98,78
9/26/2026,5:01:23 PM,98,78
9/26/2026,5:01:24 PM,98,78
9/26/2026,5:01:25 PM,98,78
9/26/2026,5:01:26 PM,98,78
9/26/2026,5:01:27 PM,97,78
9/26/2026,5:01:28 PM,97,78
9/26/2026,5:01:29 PM,97,78
9/26/2026,5:01:30 PM,96,78
9/26/2026,5:01:31 PM,96,78
9/26/2026,5:01:32 PM,96,78
9/26/2026,5:01:33 PM,95,78
9/26/2026,5:01:34 PM,95,78
9/26/2026,5:01:35 PM,95,78
9/26/2026,5:01:36 PM,94,78
9/26/2026,5:01:37 PM,94,78
9/26/2026,5:01:38 PM,94,78
9/26/2026,5:01:39 PM,94,78
9/26/2026,5:01:40 PM,94,78
9/26/2026,5:01:41 PM,94,78
9/26/2026,5:01:42 PM,94,78
9/26/2026,5:01:43 PM,95,78
9/26/2026,5:01:44 PM,95,78
9/26/2026,5:01:45 PM,95,78
9/26/2026,5:01:46 PM,95,78
9/26/2026,5:01:47 PM,95,78
9/26/2026,5:01:48 PM,95,78
9/26/2026,5:01:49 PM,95,78
9/26/2026,5:01:50 PM,95,78
9/26/2026,5:01:51 PM,95,78
9/26/2026,5:01:52 PM,95,78
9/26/2026,5:01:53 PM,95,78
9/26/2026,5:01:54 PM,95,78
9/26/2026,5:01:55 PM,95,78
9/26/2026,5:01:56 PM,95,78
9/26/2026,5:01:57 PM,95,79
9/26/2026,5:01:58 PM,95,78
9/26/2026,5:01:59 PM,95,79
9/26/2026,5:02:00 PM,95,79
9/26/2026,5:02:01 PM,94,79
9/26/2026,5:02:02 PM,94,79
9/26/2026,5:02:03 PM,94,79
9/26/2026,5:02:04 PM,94,79
9/26/2026,5:02:05 PM,94,79
9/26/2026,5:02:06 PM,94,79
9/26/2026,5:02:07 PM,94,79
9/26/2026,5:02:08 PM,94,78
9/26/2026,5:02:09 PM,94,78
9/26/2026,5:02:10 PM,94,78
9/26/2026,5:02:11 PM,94,78
9/26/2026,5:02:12 PM,94,78
9/26/2026,5:02:13 PM,95,78
9/26/2026,5:02:14 PM,95,79
9/26/2026,5:02:15 PM,95,79
9/26/2026,5:02:16 PM,95,79
9/26/2026,5:02:17 PM,96,79
9/26/2026,5:02:18 PM,96,79
9/26/2026,5:02:19 PM,96,80
9/26/2026,5:02:20 PM,97,80
9/26/2026,5:02:21 PM,97,80
9/26/2026,5:02:22 PM,97,80
9/26/2026,5:02:23 PM,97,80
9/26/2026,5:02:24 PM,97,80
9/26/2026,5:02:25 PM,97,79
9/26/2026,5:02:26 PM,97,79
9/26/2026,5:02:27 PM,96,79
9/26/2026,5:02:28 PM,96,78
9/26/2026,5:02:29 PM,96,78
9/26/2026,5:02:30 PM,96,78
9/26/2026,5:02:31 PM,96,78
9/26/2026,5:02:32 PM,96,78
9/26/2026,5:02:33 PM,95,78
9/26/2026,5:02:34 PM,95,78
9/26/2026,5:02:35 PM,95,78
9/26/2026,5:02:36 PM,95,78
9/26/2026,5:02:37 PM,95,78
9/26/2026,5:02:38 PM,94,78
9/26/2026,5:02:39 PM,94,78
9/26/2026,5:02:40 PM,94,79
9/26/2026,5:02:41 PM,94,79
9/26/2026,5:02:42 PM,94,79
9/26/2026,5:02:43 PM,93,79
9/26/2026,5:02:44 PM,93,79
9/26/2026,5:02:45 PM,93,78
9/26/2026,5:02:46 PM,93,79
9/26/2026,5:02:47 PM,93,79
9/26/2026,5:02:48 PM,93,79
9/26/2026,5:02:49 PM,93,79
9/26/2026,5:02:50 PM,93,79
9/26/2026,5:02:51 PM,93,79
9/26/2026,5:02:52 PM,93,79
9/26/2026,5:02:53 PM,93,79
9/26/2026,5:02:54 PM,93,80
9/26/2026,5:02:55 PM,93,80
9/26/2026,5:02:56 PM,93,80
9/26/2026,5:02:57 PM,93,80
9/26/2026,5:02:58 PM,93,80
9/26/2026,5:02:59 PM,92,80
9/26/2026,5:03:00 PM,92,80
9/26/2026,5:03:01 PM,92,80
9/26/2026,5:03:02 PM,92,80
9/26/2026,5:03:03 PM,92,80
9/26/2026,5:03:04 PM,92,80
9/26/2026,5:03:05 PM,92,79
9/26/2026,5:03:06 PM,92,79
9/26/2026,5:03:07 PM,92,79
9/26/2026,5:03:08 PM,92,79
9/26/2026,5:03:09 PM,92,79
9/26/2026,5:03:10 PM,92,79
9/26/2026,5:03:11 PM,92,79
9/26/2026,5:03:12 PM,92,79
9/26/2026,5:03:13 PM,92,79
9/26/2026,5:03:14 PM,92,79
9/26/2026,5:03:15 PM,92,79
9/26/2026,5:03:16 PM,92,79
9/26/2026,5:03:17 PM,92,79
9/26/2026,5:03:18 PM,92,79
9/26/2026,5:03:19 PM,92,79
9/26/2026,5:03:20 PM,92,79
9/26/2026,5:03:21 PM,92,79
9/26/2026,5:03:22 PM,92,79
9/26/2026,5:03:23 PM,92,79
9/26/2026,5:03:24 PM,92,79
9/26/2026,5:03:25 PM,92,79
9/26/2026,5:03:26 PM,92,79
9/26/2026,5:03:27 PM,92,79
9/26/2026,5:03:28 PM,92,79
9/26/2026,5:03:29 PM,92,79
9/26/2026,5:03:30 PM,92,79
9/26/2026,5:03:31 PM,92,79
9/26/2026,5:03:32 PM,92,79
9/26/2026,5:03:33 PM,92,80
9/26/2026,5:03:34 PM,93,79
9/26/2026,5:03:35 PM,94,79
9/26/2026,5:03:36 PM,95,79
9/26/2026,5:03:37 PM,97,79
9/26/2026,5:03:38 PM,98,79
9/26/2026,5:03:39 PM,98,79
9/26/2026,5:03:40 PM,98,78
9/26/2026,5:03:41 PM,98,78
9/26/2026,5:03:42 PM,98,78
9/26/2026,5:03:43 PM,98,78
9/26/2026,5:03:44 PM,98,78
9/26/2026,5:03:45 PM,97,78
9/26/2026,5:03:46 PM,97,78
9/26/2026,5:03:47 PM,97,78
9/26/2026,5:03:48 PM,97,77
9/26/2026,5:03:49 PM,97,77
9/26/2026,5:03:50 PM,96,78
9/26/2026,5:03:51 PM,96,77
9/26/2026,5:03:52 PM,96,77
9/26/2026,5:03:53 PM,96,77
9/26/2026,5:03:54 PM,96,77
9/26/2026,5:03:55 PM,96,77
9/26/2026,5:03:56 PM,95,77
9/26/2026,5:03:57 PM,95,77
9/26/2026,5:03:58 PM,95,77
9/26/2026,5:03:59 PM,95,77
9/26/2026,5:04:00 PM,95,77
9/26/2026,5:04:01 PM,95,77
9/26/2026,5:04:02 PM,95,77
9/26/2026,5:04:03 PM,95,77
9/26/2026,5:04:04 PM,95,77
9/26/2026,5:04:05 PM,95,77
9/26/2026,5:04:06 PM,95,77
9/26/2026,5:04:07 PM,95,77
9/26/2026,5:04:08 PM,95,77
9/26/2026,5:04:09 PM,95,77
9/26/2026,5:04:10 PM,95,77
9/26/2026,5:04:11 PM,96,77
9/26/2026,5:04:12 PM,96,77
9/26/2026,5:04:13 PM,97,77
9/26/2026,5:04:14 PM,97,77
9/26/2026,5:04:15 PM,98,77
9/26/2026,5:04:16 PM,98,77
9/26/2026,5:04:17 PM,98,78
9/26/2026,5:04:18 PM,98,78
9/26/2026,5:04:19 PM,98,78
9/26/2026,5:04:20 PM,98,78
9/26/2026,5:04:21 PM,98,77
9/26/2026,5:04:22 PM,98,77
9/26/2026,5:04:23 PM,98,77
9/26/2026,5:04:24 PM,98,77
9/26/2026,5:04:25 PM,98,77
9/26/2026,5:04:26 PM,98,77
9/26/2026,5:04:27 PM,98,77
9/26/2026,5:04:28 PM,98,76
9/26/2026,5:04:29 PM,98,76
9/26/2026,5:04:30 PM,98,76
9/26/2026,5:04:31 PM,98,76
9/26/2026,5:04:32 PM,98,76
9/26/2026,5:04:33 PM,98,76
9/26/2026,5:04:34 PM,98,76
9/26/2026,5:04:35 PM,98,77
9/26/2026,5:04:36 PM,98,77
9/26/2026,5:04:37 PM,98,77
9/26/2026,5:04:38 PM,98,77
9/26/2026,5:04:39 PM,98,77
9/26/2026,5:04:40 PM,98,77
9/26/2026,5:04:41 PM,98,77
9/26/2026,5:04:42 PM,97,77
9/26/2026,5:04:43 PM,97,78
9/26/2026,5:04:44 PM,97,78
9/26/2026,5:04:45 PM,97,78
9/26/2026,5:04:46 PM,97,78
9/26/2026,5:04:47 PM,97,78
9/26/2026,5:04:48 PM,97,78
9/26/2026,5:04:49 PM,97,78
9/26/2026,5:04:50 PM,97,78
9/26/2026,5:04:51 PM,97,78
9/26/2026,5:04:52 PM,97,78
9/26/2026,5:04:53 PM,97,78
9/26/2026,5:04:54 PM,97,78
9/26/2026,5:04:55 PM,97,78
9/26/2026,5:04:56 PM,97,78
9/26/2026,5:04:57 PM,97,78
9/26/2026,5:04:58 PM,97,78
9/26/2026,5:04:59 PM,97,78
9/26/2026,5:05:00 PM,96,78
9/26/2026,5:05:01 PM,96,78
9/26/2026,5:05:02 PM,96,78
9/26/2026,5:05:03 PM,96,78
9/26/2026,5:05:04 PM,95,78
9/26/2026,5:05:05 PM,95,78
9/26/2026,5:05:06 PM,95,78
9/26/2026,5:05:07 PM,95,78
9/26/2026,5:05:08 PM,94,78
9/26/2026,5:05:09 PM,94,78
9/26/2026,5:05:10 PM,93,78
9/26/2026,5:05:11 PM,93,78
9/26/2026,5:05:12 PM,93,78
9/26/2026,5:05:13 PM,93,78
9/26/2026,5:05:14 PM,92,78
9/26/2026,5:05:15 PM,92,78
9/26/2026,5:05:16 PM,92,78
9/26/2026,5:05:17 PM,92,77
9/26/2026,5:05:18 PM,92,77
9/26/2026,5:05:19 PM,92,78
9/26/2026,5:05:20 PM,92,78
9/26/2026,5:05:21 PM,92,78
9/26/2026,5:05:22 PM,92,78
9/26/2026,5:05:23 PM,92,78
9/26/2026,5:05:24 PM,92,78
9/26/2026,5:05:25 PM,92,78
9/26/2026,5:05:26 PM,92,78
9/26/2026,5:05:27 PM,92,78
9/26/2026,5:05:28 PM,92,78
9/26/2026,5:05:29 PM,92,78
9/26/2026,5:05:30 PM,92,78
9/26/2026,5:05:31 PM,93,78
9/26/2026,5:05:32 PM,94,78
9/26/2026,5:05:33 PM,95,78
9/26/2026,5:05:34 PM,96,79
9/26/2026,5:05:35 PM,97,79
9/26/2026,5:05:36 PM,97,79
9/26/2026,5:05:37 PM,98,79
9/26/2026,5:05:38 PM,98,79
9/26/2026,5:05:39 PM,98,79
9/26/2026,5:05:40 PM,98,79
9/26/2026,5:05:41 PM,98,79
9/26/2026,5:05:42 PM,98,79
9/26/2026,5:05:43 PM,98,78
9/26/2026,5:05:44 PM,98,78
9/26/2026,5:05:45 PM,98,78
9/26/2026,5:05:46 PM,98,78
9/26/2026,5:05:47 PM,98,78
9/26/2026,5:05:48 PM,97,77
9/26/2026,5:05:49 PM,97,77
9/26/2026,5:05:50 PM,97,77
9/26/2026,5:05:51 PM,97,77
9/26/2026,5:05:52 PM,97,77
9/26/2026,5:05:53 PM,97,77
9/26/2026,5:05:54 PM,96,77
9/26/2026,5:05:55 PM,96,76
9/26/2026,5:05:56 PM,96,76
9/26/2026,5:05:57 PM,96,77
9/26/2026,5:05:58 PM,95,77
9/26/2026,5:05:59 PM,95,77
9/26/2026,5:06:00 PM,95,78
9/26/2026,5:06:01 PM,94,78
9/26/2026,5:06:02 PM,94,78
9/26/2026,5:06:03 PM,94,78
9/26/2026,5:06:04 PM,94,78
9/26/2026,5:06:05 PM,93,78
9/26/2026,5:06:06 PM,93,78
9/26/2026,5:06:07 PM,93,78
9/26/2026,5:06:08 PM,93,78
9/26/2026,5:06:09 PM,93,78
9/26/2026,5:06:10 PM,93,77
9/26/2026,5:06:11 PM,93,77
9/26/2026,5:06:12 PM,93,77
9/26/2026,5:06:13 PM,93,77
9/26/2026,5:06:14 PM,93,77
9/26/2026,5:06:15 PM,93,77
9/26/2026,5:06:16 PM,93,77
9/26/2026,5:06:17 PM,93,77
9/26/2026,5:06:18 PM,93,77
9/26/2026,5:06:19 PM,93,77
9/26/2026,5:06:20 PM,93,77
9/26/2026,5:06:21 PM,93,77
9/26/2026,5:06:22 PM,93,77
9/26/2026,5:06:23 PM,93,77
9/26/2026,5:06:24 PM,93,76
9/26/2026,5:06:25 PM,93,76
9/26/2026,5:06:26 PM,93,76
9/26/2026,5:06:27 PM,93,76
9/26/2026,5:06:28 PM,93,76
9/26/2026,5:06:29 PM,93,76
9/26/2026,5:06:30 PM,93,76
9/26/2026,5:06:31 PM,93,76
9/26/2026,5:06:32 PM,93,76
9/26/2026,5:06:33 PM,93,76
9/26/2026,5:06:34 PM,93,76
9/26/2026,5:06:35 PM,93,76
9/26/2026,5:06:36 PM,94,76
9/26/2026,5:06:37 PM,94,76
9/26/2026,5:06:38 PM,95,76
9/26/2026,5:06:39 PM,95,76
9/26/2026,5:06:40 PM,96,77
9/26/2026,5:06:41 PM,97,77
9/26/2026,5:06:42 PM,97,77
9/26/2026,5:06:43 PM,98,77
9/26/2026,5:06:44 PM,98,77
9/26/2026,5:06:45 PM,98,77
9/26/2026,5:06:46 PM,98,77
9/26/2026,5:06:47 PM,98,77
9/26/2026,5:06:48 PM,98,77
9/26/2026,5:06:49 PM,98,77
9/26/2026,5:06:50 PM,98,77
9/26/2026,5:06:51 PM,98,77
9/26/2026,5:06:52 PM,98,77
9/26/2026,5:06:53 PM,97,77
9/26/2026,5:06:54 PM,97,77
9/26/2026,5:06:55 PM,97,77
9/26/2026,5:06:56 PM,97,77
9/26/2026,5:06:57 PM,96,77
9/26/2026,5:06:58 PM,96,77
9/26/2026,5:06:59 PM,96,77
9/26/2026,5:07:00 PM,95,77
9/26/2026,5:07:01 PM,95,77
9/26/2026,5:07:02 PM,95,77
9/26/2026,5:07:03 PM,95,77
9/26/2026,5:07:04 PM,94,77
9/26/2026,5:07:05 PM,94,77
9/26/2026,5:07:06 PM,94,77
9/26/2026,5:07:07 PM,94,77
9/26/2026,5:07:08 PM,94,77
9/26/2026,5:07:09 PM,93,77
9/26/2026,5:07:10 PM,93,77
9/26/2026,5:07:11 PM,93,77
9/26/2026,5:07:12 PM,93,77
9/26/2026,5:07:13 PM,94,76
9/26/2026,5:07:14 PM,94,77
9/26/2026,5:07:15 PM,94,77
9/26/2026,5:07:16 PM,94,77
9/26/2026,5:07:17 PM,94,77
9/26/2026,5:07:18 PM,94,77
9/26/2026,5:07:19 PM,94,77
9/26/2026,5:07:20 PM,94,77
9/26/2026,5:07:21 PM,94,77
9/26/2026,5:07:22 PM,93,78
9/26/2026,5:07:23 PM,93,77
9/26/2026,5:07:24 PM,93,77
9/26/2026,5:07:25 PM,93,77
9/26/2026,5:07:26 PM,93,78
9/26/2026,5:07:27 PM,94,78
9/26/2026,5:07:28 PM,94,78
9/26/2026,5:07:29 PM,95,78
9/26/2026,5:07:30 PM,95,78
9/26/2026,5:07:31 PM,96,78
9/26/2026,5:07:32 PM,96,78
9/26/2026,5:07:33 PM,97,78
9/26/2026,5:07:34 PM,98,78
9/26/2026,5:07:35 PM,98,78
9/26/2026,5:07:36 PM,98,78
9/26/2026,5:07:37 PM,98,78
9/26/2026,5:07:38 PM,98,78
9/26/2026,5:07:39 PM,98,78
9/26/2026,5:07:40 PM,98,78
9/26/2026,5:07:41 PM,98,78
9/26/2026,5:07:42 PM,98,78
9/26/2026,5:07:43 PM,98,78
9/26/2026,5:07:44 PM,98,78
9/26/2026,5:07:45 PM,97,78
9/26/2026,5:07:46 PM,97,78
9/26/2026,5:07:47 PM,97,78
9/26/2026,5:07:48 PM,97,78
9/26/2026,5:07:49 PM,97,78
9/26/2026,5:07:50 PM,97,78
9/26/2026,5:07:51 PM,96,78
9/26/2026,5:07:52 PM,96,78
9/26/2026,5:07:53 PM,96,77
9/26/2026,5:07:54 PM,96,77
9/26/2026,5:07:55 PM,95,77
9/26/2026,5:07:56 PM,95,77
9/26/2026,5:07:57 PM,95,77
9/26/2026,5:07:58 PM,95,77
9/26/2026,5:07:59 PM,95,77
9/26/2026,5:08:00 PM,95,77
9/26/2026,5:08:01 PM,94,77
9/26/2026,5:08:02 PM,94,77
9/26/2026,5:08:03 PM,94,77
9/26/2026,5:08:04 PM,94,77
9/26/2026,5:08:05 PM,94,77
9/26/2026,5:08:06 PM,94,77
9/26/2026,5:08:07 PM,94,77
9/26/2026,5:08:08 PM,93,77
9/26/2026,5:08:09 PM,93,76
9/26/2026,5:08:10 PM,93,76
9/26/2026,5:08:11 PM,93,77
9/26/2026,5:08:12 PM,93,76
9/26/2026,5:08:13 PM,93,76
9/26/2026,5:08:14 PM,93,76
9/26/2026,5:08:15 PM,93,76
9/26/2026,5:08:16 PM,94,76
9/26/2026,5:08:17 PM,94,76
9/26/2026,5:08:18 PM,94,77
9/26/2026,5:08:19 PM,94,77
9/26/2026,5:08:20 PM,94,77
9/26/2026,5:08:21 PM,94,77
9/26/2026,5:08:22 PM,94,77
9/26/2026,5:08:23 PM,94,77
9/26/2026,5:08:24 PM,94,77
9/26/2026,5:08:25 PM,94,77
9/26/2026,5:08:26 PM,94,77
9/26/2026,5:08:27 PM,94,76
9/26/2026,5:08:28 PM,94,76
9/26/2026,5:08:29 PM,94,76
9/26/2026,5:08:30 PM,94,76
9/26/2026,5:08:31 PM,94,76
9/26/2026,5:08:32 PM,94,76
9/26/2026,5:08:33 PM,95,76
9/26/2026,5:08:34 PM,95,76
9/26/2026,5:08:35 PM,95,76
9/26/2026,5:08:36 PM,95,76
9/26/2026,5:08:37 PM,95,76
9/26/2026,5:08:38 PM,95,77
9/26/2026,5:08:39 PM,95,77
9/26/2026,5:08:40 PM,95,77
9/26/2026,5:08:41 PM,95,77
9/26/2026,5:08:42 PM,95,77
9/26/2026,5:08:43 PM,95,77
9/26/2026,5:08:44 PM,96,77
9/26/2026,5:08:45 PM,96,77
9/26/2026,5:08:46 PM,96,77
9/26/2026,5:08:47 PM,97,77
9/26/2026,5:08:48 PM,97,77
9/26/2026,5:08:49 PM,97,77
9/26/2026,5:08:50 PM,97,77
9/26/2026,5:08:51 PM,97,76
9/26/2026,5:08:52 PM,98,76
9/26/2026,5:08:53 PM,98,76
9/26/2026,5:08:54 PM,98,76
9/26/2026,5:08:55 PM,98,76
9/26/2026,5:08:56 PM,98,76
9/26/2026,5:08:57 PM,98,77
9/26/2026,5:08:58 PM,98,77
9/26/2026,5:08:59 PM,98,77
9/26/2026,5:09:00 PM,98,77
9/26/2026,5:09:01 PM,98,78
9/26/2026,5:09:02 PM,98,78
9/26/2026,5:09:03 PM,98,78
9/26/2026,5:09:04 PM,98,78
9/26/2026,5:09:05 PM,98,78
9/26/2026,5:09:06 PM,98,78
9/26/2026,5:09:07 PM,98,78
9/26/2026,5:09:08 PM,98,78
9/26/2026,5:09:09 PM,97,78
9/26/2026,5:09:10 PM,97,77
9/26/2026,5:09:11 PM,97,77
9/26/2026,5:09:12 PM,97,77
9/26/2026,5:09:13 PM,97,77
9/26/2026,5:09:14 PM,97,76
9/26/2026,5:09:15 PM,96,76
9/26/2026,5:09:16 PM,96,76
9/26/2026,5:09:17 PM,96,76
9/26/2026,5:09:18 PM,96,76
9/26/2026,5:09:19 PM,96,76
9/26/2026,5:09:20 PM,96,76
9/26/2026,5:09:21 PM,95,76
9/26/2026,5:09:22 PM,95,76
9/26/2026,5:09:23 PM,95,76
9/26/2026,5:09:24 PM,95,76
9/26/2026,5:09:25 PM,95,77
9/26/2026,5:09:26 PM,95,77
9/26/2026,5:09:27 PM,95,77
9/26/2026,5:09:28 PM,95,77
9/26/2026,5:09:29 PM,95,77
9/26/2026,5:09:30 PM,95,77
9/26/2026,5:09:31 PM,95,77
9/26/2026,5:09:32 PM,95,77
9/26/2026,5:09:33 PM,95,77
9/26/2026,5:09:34 PM,95,77
9/26/2026,5:09:35 PM,95,77
9/26/2026,5:09:36 PM,95,77
9/26/2026,5:09:37 PM,95,77
9/26/2026,5:09:38 PM,95,77
9/26/2026,5:09:39 PM,95,77
9/26/2026,5:09:40 PM,95,77
9/26/2026,5:09:41 PM,95,77
9/26/2026,5:09:42 PM,95,77
9/26/2026,5:09:43 PM,95,77
9/26/2026,5:09:44 PM,95,77
9/26/2026,5:09:45 PM,95,77
9/26/2026,5:09:46 PM,95,77
9/26/2026,5:09:47 PM,95,77
9/26/2026,5:09:48 PM,95,77
9/26/2026,5:09:49 PM,95,77
9/26/2026,5:09:50 PM,95,77
9/26/2026,5:09:51 PM,95,77
9/26/2026,5:09:52 PM,95,77
9/26/2026,5:09:53 PM,95,77
9/26/2026,5:09:54 PM,95,77
9/26/2026,5:09:55 PM,95,77
9/26/2026,5:09:56 PM,95,76
9/26/2026,5:09:57 PM,95,76
9/26/2026,5:09:58 PM,96,76
9/26/2026,5:09:59 PM,96,76
9/26/2026,5:10:00 PM,96,76
9/26/2026,5:10:01 PM,96,76
9/26/2026,5:10:02 PM,96,76
9/26/2026,5:10:03 PM,96,76
9/26/2026,5:10:04 PM,96,76
9/26/2026,5:10:05 PM,96,76
9/26/2026,5:10:06 PM,96,76
9/26/2026,5:10:07 PM,96,76
9/26/2026,5:10:08 PM,96,76
9/26/2026,5:10:09 PM,96,76
9/26/2026,5:10:10 PM,96,76
9/26/2026,5:10:11 PM,96,76
9/26/2026,5:10:12 PM,96,77
9/26/2026,5:10:13 PM,96,77
9/26/2026,5:10:14 PM,96,77
9/26/2026,5:10:15 PM,96,77
9/26/2026,5:10:16 PM,97,77
9/26/2026,5:10:17 PM,97,77
9/26/2026,5:10:18 PM,98,77
9/26/2026,5:10:19 PM,98,77
9/26/2026,5:10:20 PM,98,77
9/26/2026,5:10:21 PM,98,77
9/26/2026,5:10:22 PM,98,77
9/26/2026,5:10:23 PM,98,77
9/26/2026,5:10:24 PM,98,77
9/26/2026,5:10:25 PM,98,77
9/26/2026,5:10:26 PM,98,77
9/26/2026,5:10:27 PM,97,77
9/26/2026,5:10:28 PM,97,77
9/26/2026,5:10:29 PM,97,77
9/26/2026,5:10:30 PM,97,77
9/26/2026,5:10:31 PM,97,77
9/26/2026,5:10:32 PM,97,77
9/26/2026,5:10:33 PM,97,77
9/26/2026,5:10:34 PM,97,77
9/26/2026,5:10:35 PM,96,77
9/26/2026,5:10:36 PM,96,77
9/26/2026,5:10:37 PM,96,77
9/26/2026,5:10:38 PM,96,78
9/26/2026,5:10:39 PM,96,78
9/26/2026,5:10:40 PM,96,78
9/26/2026,5:10:41 PM,95,78
9/26/2026,5:10:42 PM,95,78
9/26/2026,5:10:43 PM,95,78
9/26/2026,5:10:44 PM,95,78
9/26/2026,5:10:45 PM,95,78
9/26/2026,5:10:46 PM,95,78
9/26/2026,5:10:47 PM,95,78
9/26/2026,5:10:48 PM,95,78
9/26/2026,5:10:49 PM,95,78
9/26/2026,5:10:50 PM,95,77
9/26/2026,5:10:51 PM,95,77
9/26/2026,5:10:52 PM,95,77
9/26/2026,5:10:53 PM,95,77
9/26/2026,5:10:54 PM,95,77
9/26/2026,5:10:55 PM,95,77
9/26/2026,5:10:56 PM,95,77
9/26/2026,5:10:57 PM,96,77
9/26/2026,5:10:58 PM,96,77
9/26/2026,5:10:59 PM,96,77
9/26/2026,5:11:00 PM,95,77
9/26/2026,5:11:01 PM,96,77
9/26/2026,5:11:02 PM,95,77
9/26/2026,5:11:03 PM,95,77
9/26/2026,5:11:04 PM,95,76
9/26/2026,5:11:05 PM,95,76
9/26/2026,5:11:06 PM,95,76
9/26/2026,5:11:07 PM,95,76
9/26/2026,5:11:08 PM,95,76
9/26/2026,5:11:09 PM,95,76
9/26/2026,5:11:10 PM,95,76
9/26/2026,5:11:11 PM,96,76
9/26/2026,5:11:12 PM,96,76
9/26/2026,5:11:13 PM,96,76
9/26/2026,5:11:14 PM,97,76
9/26/2026,5:11:15 PM,97,76
9/26/2026,5:11:16 PM,97,76
9/26/2026,5:11:17 PM,98,76
9/26/2026,5:11:18 PM,98,76
9/26/2026,5:11:19 PM,98,76
9/26/2026,5:11:20 PM,98,76
9/26/2026,5:11:21 PM,98,77
9/26/2026,5:11:22 PM,98,77
9/26/2026,5:11:23 PM,98,77
9/26/2026,5:11:24 PM,98,77
9/26/2026,5:11:25 PM,98,77
9/26/2026,5:11:26 PM,98,77
9/26/2026,5:11:27 PM,98,77
9/26/2026,5:11:28 PM,98,77
9/26/2026,5:11:29 PM,98,77
9/26/2026,5:11:30 PM,98,76
9/26/2026,5:11:31 PM,97,76
9/26/2026,5:11:32 PM,97,76
9/26/2026,5:11:33 PM,97,76
9/26/2026,5:11:34 PM,97,76
9/26/2026,5:11:35 PM,97,76
9/26/2026,5:11:36 PM,97,76
9/26/2026,5:11:37 PM,97,76
9/26/2026,5:11:38 PM,97,76
9/26/2026,5:11:39 PM,96,76
9/26/2026,5:11:40 PM,96,76
9/26/2026,5:11:41 PM,96,76
9/26/2026,5:11:42 PM,96,76
9/26/2026,5:11:43 PM,96,75
9/26/2026,5:11:44 PM,96,75
9/26/2026,5:11:45 PM,96,75
9/26/2026,5:11:46 PM,96,75
9/26/2026,5:11:47 PM,96,75
9/26/2026,5:11:48 PM,95,76
9/26/2026,5:11:49 PM,95,76
9/26/2026,5:11:50 PM,95,76
9/26/2026,5:11:51 PM,95,76
9/26/2026,5:11:52 PM,95,76
9/26/2026,5:11:53 PM,95,77
9/26/2026,5:11:54 PM,96,77
9/26/2026,5:11:55 PM,96,77
9/26/2026,5:11:56 PM,96,77
9/26/2026,5:11:57 PM,96,77
9/26/2026,5:11:58 PM,96,77
9/26/2026,5:11:59 PM,96,76
9/26/2026,5:12:00 PM,96,76
9/26/2026,5:12:01 PM,96,76
9/26/2026,5:12:02 PM,96,76
9/26/2026,5:12:03 PM,96,76
9/26/2026,5:12:04 PM,96,76
9/26/2026,5:12:05 PM,96,76
9/26/2026,5:12:06 PM,96,77
9/26/2026,5:12:07 PM,96,77
9/26/2026,5:12:08 PM,96,77
9/26/2026,5:12:09 PM,96,77
9/26/2026,5:12:10 PM,96,77
9/26/2026,5:12:11 PM,96,77
9/26/2026,5:12:12 PM,96,77
9/26/2026,5:12:13 PM,97,77
9/26/2026,5:12:14 PM,97,77
9/26/2026,5:12:15 PM,97,77
9/26/2026,5:12:16 PM,98,77
9/26/2026,5:12:17 PM,98,77
9/26/2026,5:12:18 PM,98,77
9/26/2026,5:12:19 PM,98,77
9/26/2026,5:12:20 PM,98,76
9/26/2026,5:12:21 PM,98,77
9/26/2026,5:12:22 PM,98,77
9/26/2026,5:12:23 PM,98,77
9/26/2026,5:12:24 PM,98,77
9/26/2026,5:12:25 PM,98,77
9/26/2026,5:12:26 PM,98,78
9/26/2026,5:12:27 PM,98,78
9/26/2026,5:12:28 PM,98,78
9/26/2026,5:12:29 PM,98,77
9/26/2026,5:12:30 PM,98,77
9/26/2026,5:12:31 PM,98,77
9/26/2026,5:12:32 PM,98,77
9/26/2026,5:12:33 PM,98,77
9/26/2026,5:12:34 PM,98,77
9/26/2026,5:12:35 PM,98,77
9/26/2026,5:12:36 PM,98,77
9/26/2026,5:12:37 PM,98,77
9/26/2026,5:12:38 PM,98,77
9/26/2026,5:12:39 PM,98,77
9/26/2026,5:12:40 PM,98,77
9/26/2026,5:12:41 PM,98,77
9/26/2026,5:12:42 PM,97,77
9/26/2026,5:12:43 PM,97,77
9/26/2026,5:12:44 PM,97,77
9/26/2026,5:12:45 PM,97,77
9/26/2026,5:12:46 PM,97,78
9/26/2026,5:12:47 PM,97,78
9/26/2026,5:12:48 PM,97,78
9/26/2026,5:12:49 PM,97,78
9/26/2026,5:12:50 PM,97,78
9/26/2026,5:12:51 PM,97,78
9/26/2026,5:12:52 PM,97,78
9/26/2026,5:12:53 PM,97,78
9/26/2026,5:12:54 PM,97,78
9/26/2026,5:12:55 PM,97,77
9/26/2026,5:12:56 PM,97,77
9/26/2026,5:12:57 PM,97,77
9/26/2026,5:12:58 PM,97,77
9/26/2026,5:12:59 PM,97,77
9/26/2026,5:13:00 PM,97,77
9/26/2026,5:13:01 PM,97,77
9/26/2026,5:13:02 PM,97,77
9/26/2026,5:13:03 PM,97,77
9/26/2026,5:13:04 PM,97,77
9/26/2026,5:13:05 PM,97,77
9/26/2026,5:13:06 PM,97,77
9/26/2026,5:13:07 PM,97,78
9/26/2026,5:13:08 PM,97,78
9/26/2026,5:13:09 PM,97,78
9/26/2026,5:13:10 PM,97,78
9/26/2026,5:13:11 PM,97,78
9/26/2026,5:13:12 PM,97,78
9/26/2026,5:13:13 PM,97,78
9/26/2026,5:13:14 PM,97,78
9/26/2026,5:13:15 PM,97,78
9/26/2026,5:13:16 PM,97,78
9/26/2026,5:13:17 PM,97,78
9/26/2026,5:13:18 PM,97,78
9/26/2026,5:13:19 PM,97,78
9/26/2026,5:13:20 PM,97,79
9/26/2026,5:13:21 PM,97,79
9/26/2026,5:13:22 PM,97,79
9/26/2026,5:13:23 PM,97,79
9/26/2026,5:13:24 PM,97,79
9/26/2026,5:13:25 PM,97,79
9/26/2026,5:13:26 PM,97,79
9/26/2026,5:13:27 PM,97,78
9/26/2026,5:13:28 PM,97,78
9/26/2026,5:13:29 PM,97,78
9/26/2026,5:13:30 PM,97,78
9/26/2026,5:13:31 PM,97,78
9/26/2026,5:13:32 PM,97,78
9/26/2026,5:13:33 PM,97,78
9/26/2026,5:13:34 PM,97,78
9/26/2026,5:13:35 PM,97,78
9/26/2026,5:13:36 PM,97,78
9/26/2026,5:13:37 PM,97,78
9/26/2026,5:13:38 PM,97,78
9/26/2026,5:13:39 PM,97,78
9/26/2026,5:13:40 PM,97,78
9/26/2026,5:13:41 PM,97,78
9/26/2026,5:13:42 PM,97,78
9/26/2026,5:13:43 PM,97,78
9/26/2026,5:13:44 PM,98,78
9/26/2026,5:13:45 PM,98,78
9/26/2026,5:13:46 PM,98,78
9/26/2026,5:13:47 PM,98,78
9/26/2026,5:13:48 PM,98,78
9/26/2026,5:13:49 PM,99,78
9/26/2026,5:13:50 PM,99,78
9/26/2026,5:13:51 PM,99,78
9/26/2026,5:13:52 PM,99,78
9/26/2026,5:13:53 PM,99,78
9/26/2026,5:13:54 PM,99,78
9/26/2026,5:13:55 PM,99,78
9/26/2026,5:13:56 PM,99,78
9/26/2026,5:13:57 PM,99,78
9/26/2026,5:13:58 PM,99,78
9/26/2026,5:13:59 PM,99,77
9/26/2026,5:14:00 PM,99,77
9/26/2026,5:14:01 PM,99,77
9/26/2026,5:14:02 PM,99,77
9/26/2026,5:14:03 PM,99,77
9/26/2026,5:14:04 PM,99,77
9/26/2026,5:14:05 PM,98,77
9/26/2026,5:14:06 PM,98,78
9/26/2026,5:14:07 PM,98,78
9/26/2026,5:14:08 PM,98,78
9/26/2026,5:14:09 PM,98,78
9/26/2026,5:14:10 PM,98,78
9/26/2026,5:14:11 PM,98,78
9/26/2026,5:14:12 PM,98,78
9/26/2026,5:14:13 PM,98,78
9/26/2026,5:14:14 PM,98,78
9/26/2026,5:14:15 PM,98,77
9/26/2026,5:14:16 PM,98,77
9/26/2026,5:14:17 PM,98,77
9/26/2026,5:14:18 PM,98,77
9/26/2026,5:14:19 PM,98,77
9/26/2026,5:14:20 PM,98,77
9/26/2026,5:14:21 PM,98,77
9/26/2026,5:14:22 PM,98,76
9/26/2026,5:14:23 PM,98,76
9/26/2026,5:14:24 PM,98,76
9/26/2026,5:14:25 PM,98,76
9/26/2026,5:14:26 PM,98,76
9/26/2026,5:14:27 PM,98,76
9/26/2026,5:14:28 PM,98,76
9/26/2026,5:14:29 PM,98,77
9/26/2026,5:14:30 PM,98,77
9/26/2026,5:14:31 PM,98,77
9/26/2026,5:14:32 PM,98,77
9/26/2026,5:14:33 PM,98,77
9/26/2026,5:14:34 PM,98,77
9/26/2026,5:14:35 PM,98,77
9/26/2026,5:14:36 PM,98,77
9/26/2026,5:14:37 PM,98,77
9/26/2026,5:14:38 PM,98,77
9/26/2026,5:14:39 PM,98,77
9/26/2026,5:14:40 PM,98,77
9/26/2026,5:14:41 PM,98,77
9/26/2026,5:14:42 PM,98,77
9/26/2026,5:14:43 PM,98,77
9/26/2026,5:14:44 PM,98,77
9/26/2026,5:14:45 PM,98,77
9/26/2026,5:14:46 PM,98,77
9/26/2026,5:14:47 PM,98,77
9/26/2026,5:14:48 PM,98,77
9/26/2026,5:14:49 PM,98,77
9/26/2026,5:14:50 PM,98,76
9/26/2026,5:14:51 PM,98,76
9/26/2026,5:14:52 PM,98,76
9/26/2026,5:14:53 PM,98,76
9/26/2026,5:14:54 PM,98,76
9/26/2026,5:14:55 PM,98,75
9/26/2026,5:14:56 PM,98,75
9/26/2026,5:14:57 PM,98,75
9/26/2026,5:14:58 PM,98,75
9/26/2026,5:14:59 PM,98,75
9/26/2026,5:15:00 PM,98,76
9/26/2026,5:15:01 PM,98,76
9/26/2026,5:15:02 PM,98,76
9/26/2026,5:15:03 PM,98,76
9/26/2026,5:15:04 PM,98,76
9/26/2026,5:15:05 PM,98,76
9/26/2026,5:15:06 PM,98,76
9/26/2026,5:15:07 PM,98,76
9/26/2026,5:15:08 PM,98,76
9/26/2026,5:15:09 PM,98,76
9/26/2026,5:15:10 PM,98,76
9/26/2026,5:15:11 PM,98,76
9/26/2026,5:15:12 PM,98,76
9/26/2026,5:15:13 PM,98,76
9/26/2026,5:15:14 PM,98,76
9/26/2026,5:15:15 PM,98,76
9/26/2026,5:15:16 PM,98,75
9/26/2026,5:15:17 PM,98,76
9/26/2026,5:15:18 PM,98,76
9/26/2026,5:15:19 PM,98,76
9/26/2026,5:15:20 PM,98,76
9/26/2026,5:15:21 PM,98,76
9/26/2026,5:15:22 PM,98,75
9/26/2026,5:15:23 PM,98,76
9/26/2026,5:15:24 PM,98,76
9/26/2026,5:15:25 PM,98,76
9/26/2026,5:15:26 PM,98,76
9/26/2026,5:15:27 PM,98,76
9/26/2026,5:15:28 PM,98,76
9/26/2026,5:15:29 PM,98,76
9/26/2026,5:15:30 PM,98,77
9/26/2026,5:15:31 PM,98,77
9/26/2026,5:15:32 PM,98,78
9/26/2026,5:15:33 PM,98,78
9/26/2026,5:15:34 PM,98,78
9/26/2026,5:15:35 PM,98,77
9/26/2026,5:15:36 PM,98,77
9/26/2026,5:15:37 PM,98,76
9/26/2026,5:15:38 PM,98,76
9/26/2026,5:15:39 PM,98,75
9/26/2026,5:15:40 PM,98,75
9/26/2026,5:15:41 PM,98,75
9/26/2026,5:15:42 PM,98,75
9/26/2026,5:15:43 PM,98,75
9/26/2026,5:15:44 PM,98,75
9/26/2026,5:15:45 PM,98,76
9/26/2026,5:15:46 PM,98,76
9/26/2026,5:15:47 PM,98,76
9/26/2026,5:15:48 PM,98,76
9/26/2026,5:15:49 PM,98,76
9/26/2026,5:15:50 PM,98,76
9/26/2026,5:15:51 PM,98,76
9/26/2026,5:15:52 PM,98,76
9/26/2026,5:15:53 PM,98,76
9/26/2026,5:15:54 PM,98,76
9/26/2026,5:15:55 PM,98,76
9/26/2026,5:15:56 PM,98,76
9/26/2026,5:15:57 PM,98,76
9/26/2026,5:15:58 PM,98,76
9/26/2026,5:15:59 PM,98,76
9/26/2026,5:16:00 PM,98,76
9/26/2026,5:16:01 PM,98,76
9/26/2026,5:16:02 PM,98,76
9/26/2026,5:16:03 PM,98,76
9/26/2026,5:16:04 PM,98,76
9/26/2026,5:16:05 PM,98,76
9/26/2026,5:16:06 PM,98,76
9/26/2026,5:16:07 PM,98,76
9/26/2026,5:16:08 PM,98,76
9/26/2026,5:16:09 PM,98,76
9/26/2026,5:16:10 PM,98,76
9/26/2026,5:16:11 PM,98,76
9/26/2026,5:16:12 PM,98,76
9/26/2026,5:16:13 PM,98,76
9/26/2026,5:16:14 PM,98,77
9/26/2026,5:16:15 PM,98,77
9/26/2026,5:16:16 PM,98,77
9/26/2026,5:16:17 PM,98,77
9/26/2026,5:16:18 PM,98,77
9/26/2026,5:16:19 PM,98,77
9/26/2026,5:16:20 PM,98,77
9/26/2026,5:16:21 PM,98,77
9/26/2026,5:16:22 PM,98,77
9/26/2026,5:16:23 PM,98,77
9/26/2026,5:16:24 PM,98,77
9/26/2026,5:16:25 PM,98,77
9/26/2026,5:16:26 PM,98,77
9/26/2026,5:16:27 PM,97,77
9/26/2026,5:16:28 PM,97,77
9/26/2026,5:16:29 PM,97,77
9/26/2026,5:16:30 PM,97,77
9/26/2026,5:16:31 PM,97,77
9/26/2026,5:16:32 PM,97,77
9/26/2026,5:16:33 PM,97,77
9/26/2026,5:16:34 PM,97,77
9/26/2026,5:16:35 PM,97,77
9/26/2026,5:16:36 PM,97,77
9/26/2026,5:16:37 PM,97,77
9/26/2026,5:16:38 PM,97,77
9/26/2026,5:16:39 PM,97,77
9/26/2026,5:16:40 PM,97,77
9/26/2026,5:16:41 PM,97,77
9/26/2026,5:16:42 PM,97,78
9/26/2026,5:16:43 PM,97,78
9/26/2026,5:16:44 PM,97,78
9/26/2026,5:16:45 PM,97,78
9/26/2026,5:16:46 PM,96,78
9/26/2026,5:16:47 PM,96,78
9/26/2026,5:16:48 PM,96,78
9/26/2026,5:16:49 PM,96,77
9/26/2026,5:16:50 PM,96,77
9/26/2026,5:16:51 PM,96,77
9/26/2026,5:16:52 PM,96,77
9/26/2026,5:16:53 PM,96,77
9/26/2026,5:16:54 PM,96,77
9/26/2026,5:16:55 PM,96,77
9/26/2026,5:16:56 PM,95,77
9/26/2026,5:16:57 PM,95,77
9/26/2026,5:16:58 PM,95,77
9/26/2026,5:16:59 PM,95,77
9/26/2026,5:17:00 PM,95,77
9/26/2026,5:17:01 PM,95,77
9/26/2026,5:17:02 PM,95,76
9/26/2026,5:17:03 PM,95,76
9/26/2026,5:17:04 PM,94,76
9/26/2026,5:17:05 PM,94,76
9/26/2026,5:17:06 PM,94,76
9/26/2026,5:17:07 PM,94,76
9/26/2026,5:17:08 PM,94,76
9/26/2026,5:17:09 PM,94,77
9/26/2026,5:17:10 PM,94,76
9/26/2026,5:17:11 PM,93,77
9/26/2026,5:17:12 PM,93,77
9/26/2026,5:17:13 PM,93,77
9/26/2026,5:17:14 PM,93,77
9/26/2026,5:17:15 PM,93,77
9/26/2026,5:17:16 PM,93,77
9/26/2026,5:17:17 PM,92,77
9/26/2026,5:17:18 PM,92,77
9/26/2026,5:17:19 PM,92,77
9/26/2026,5:17:20 PM,92,77
9/26/2026,5:17:21 PM,92,78
9/26/2026,5:17:22 PM,92,79
9/26/2026,5:17:23 PM,92,80
9/26/2026,5:17:24 PM,92,80
9/26/2026,5:17:25 PM,92,81
9/26/2026,5:17:26 PM,91,82
9/26/2026,5:17:27 PM,91,82
9/26/2026,5:17:28 PM,92,82
9/26/2026,5:17:29 PM,91,82
9/26/2026,5:17:30 PM,92,82
9/26/2026,5:17:31 PM,92,82
9/26/2026,5:17:32 PM,92,82
9/26/2026,5:17:33 PM,92,82
9/26/2026,5:17:34 PM,92,82
9/26/2026,5:17:35 PM,92,82
9/26/2026,5:17:36 PM,92,82
9/26/2026,5:17:37 PM,92,81
9/26/2026,5:17:38 PM,92,81
9/26/2026,5:17:39 PM,92,80
9/26/2026,5:17:40 PM,92,79
9/26/2026,5:17:41 PM,92,79
9/26/2026,5:17:42 PM,92,79
9/26/2026,5:17:43 PM,92,78
9/26/2026,5:17:44 PM,92,78
9/26/2026,5:17:45 PM,92,78
9/26/2026,5:17:46 PM,92,78
9/26/2026,5:17:47 PM,92,78
9/26/2026,5:17:48 PM,92,78
9/26/2026,5:17:49 PM,92,78
9/26/2026,5:17:50 PM,92,78
9/26/2026,5:17:51 PM,92,78
9/26/2026,5:17:52 PM,92,78
9/26/2026,5:17:53 PM,92,78
9/26/2026,5:17:54 PM,92,78
9/26/2026,5:17:55 PM,92,78
9/26/2026,5:17:56 PM,92,78
9/26/2026,5:17:57 PM,92,78
9/26/2026,5:17:58 PM,92,78
9/26/2026,5:17:59 PM,92,78
9/26/2026,5:18:00 PM,92,78
9/26/2026,5:18:01 PM,92,78
9/26/2026,5:18:02 PM,92,78
9/26/2026,5:18:03 PM,93,78
9/26/2026,5:18:04 PM,93,78
9/26/2026,5:18:05 PM,95,78
9/26/2026,5:18:06 PM,96,78
9/26/2026,5:18:07 PM,97,79
9/26/2026,5:18:08 PM,98,79
9/26/2026,5:18:09 PM,99,79
9/26/2026,5:18:10 PM,99,79
9/26/2026,5:18:11 PM,99,79
9/26/2026,5:18:12 PM,99,79
9/26/2026,5:18:13 PM,99,79
9/26/2026,5:18:14 PM,99,79
9/26/2026,5:18:15 PM,99,78
9/26/2026,5:18:16 PM,99,78
9/26/2026,5:18:17 PM,99,78
9/26/2026,5:18:18 PM,99,77
9/26/2026,5:18:19 PM,99,77
9/26/2026,5:18:20 PM,99,77
9/26/2026,5:18:21 PM,99,77
9/26/2026,5:18:22 PM,99,77
9/26/2026,5:18:23 PM,99,77
9/26/2026,5:18:24 PM,99,77
9/26/2026,5:18:25 PM,99,77
9/26/2026,5:18:26 PM,99,77
9/26/2026,5:18:27 PM,99,77
9/26/2026,5:18:28 PM,98,77
9/26/2026,5:18:29 PM,98,78
9/26/2026,5:18:30 PM,98,78
9/26/2026,5:18:31 PM,98,79
9/26/2026,5:18:32 PM,98,79
9/26/2026,5:18:33 PM,97,80
9/26/2026,5:18:34 PM,97,80
9/26/2026,5:18:35 PM,97,80
9/26/2026,5:18:36 PM,97,80
9/26/2026,5:18:37 PM,97,79
9/26/2026,5:18:38 PM,97,78
9/26/2026,5:18:39 PM,97,78
9/26/2026,5:18:40 PM,97,77
9/26/2026,5:18:41 PM,97,76
9/26/2026,5:18:42 PM,97,76
9/26/2026,5:18:43 PM,97,76
9/26/2026,5:18:44 PM,97,76
9/26/2026,5:18:45 PM,97,77
9/26/2026,5:18:46 PM,97,77
9/26/2026,5:18:47 PM,97,77
9/26/2026,5:18:48 PM,97,78
9/26/2026,5:18:49 PM,97,78
9/26/2026,5:18:50 PM,97,78
9/26/2026,5:18:51 PM,97,78
9/26/2026,5:18:52 PM,97,78
9/26/2026,5:18:53 PM,97,78
9/26/2026,5:18:54 PM,98,78
9/26/2026,5:18:55 PM,98,78
9/26/2026,5:18:56 PM,98,78
9/26/2026,5:18:57 PM,98,78
9/26/2026,5:18:58 PM,98,78
9/26/2026,5:18:59 PM,98,78
9/26/2026,5:19:00 PM,98,78
9/26/2026,5:19:01 PM,98,78
9/26/2026,5:19:02 PM,98,78
9/26/2026,5:19:03 PM,98,78
9/26/2026,5:19:04 PM,98,78
9/26/2026,5:19:05 PM,98,78
9/26/2026,5:19:06 PM,98,78
9/26/2026,5:19:07 PM,98,78
9/26/2026,5:19:08 PM,98,78
9/26/2026,5:19:09 PM,98,78
9/26/2026,5:19:10 PM,98,77
9/26/2026,5:19:11 PM,98,77
9/26/2026,5:19:12 PM,98,77
9/26/2026,5:19:13 PM,98,77
9/26/2026,5:19:14 PM,98,77
9/26/2026,5:19:15 PM,98,77
9/26/2026,5:19:16 PM,98,77
9/26/2026,5:19:17 PM,98,77
9/26/2026,5:19:18 PM,98,77
9/26/2026,5:19:19 PM,98,77
9/26/2026,5:19:20 PM,98,77
9/26/2026,5:19:21 PM,98,77
9/26/2026,5:19:22 PM,98,77
9/26/2026,5:19:23 PM,98,76
9/26/2026,5:19:24 PM,98,77
9/26/2026,5:19:25 PM,98,77
9/26/2026,5:19:26 PM,98,77
9/26/2026,5:19:27 PM,98,77
9/26/2026,5:19:28 PM,98,77
9/26/2026,5:19:29 PM,98,78
9/26/2026,5:19:30 PM,98,78
9/26/2026,5:19:31 PM,98,78
9/26/2026,5:19:32 PM,98,78
9/26/2026,5:19:33 PM,98,79
9/26/2026,5:19:34 PM,98,79
9/26/2026,5:19:35 PM,98,78
9/26/2026,5:19:36 PM,98,78
9/26/2026,5:19:37 PM,98,78
9/26/2026,5:19:38 PM,97,78
9/26/2026,5:19:39 PM,97,78
9/26/2026,5:19:40 PM,97,77
9/26/2026,5:19:41 PM,97,77
9/26/2026,5:19:42 PM,97,77
9/26/2026,5:19:43 PM,97,77
9/26/2026,5:19:44 PM,97,77
9/26/2026,5:19:45 PM,98,77
9/26/2026,5:19:46 PM,98,77
9/26/2026,5:19:47 PM,98,77
9/26/2026,5:19:48 PM,98,77
9/26/2026,5:19:49 PM,98,77
9/26/2026,5:19:50 PM,98,77
9/26/2026,5:19:51 PM,98,77
9/26/2026,5:19:52 PM,99,77
9/26/2026,5:19:53 PM,99,77
9/26/2026,5:19:54 PM,99,77
9/26/2026,5:19:55 PM,99,77
9/26/2026,5:19:56 PM,99,77
9/26/2026,5:19:57 PM,98,78
9/26/2026,5:19:58 PM,98,78
9/26/2026,5:19:59 PM,98,78
9/26/2026,5:20:00 PM,98,78
9/26/2026,5:20:01 PM,98,78
9/26/2026,5:20:02 PM,98,78
9/26/2026,5:20:03 PM,98,78
9/26/2026,5:20:04 PM,98,78
9/26/2026,5:20:05 PM,98,78
9/26/2026,5:20:06 PM,98,77
9/26/2026,5:20:07 PM,98,77
9/26/2026,5:20:08 PM,98,77
9/26/2026,5:20:09 PM,97,77
9/26/2026,5:20:10 PM,97,77
9/26/2026,5:20:11 PM,97,77
9/26/2026,5:20:12 PM,97,76
9/26/2026,5:20:13 PM,97,76
9/26/2026,5:20:14 PM,97,76
9/26/2026,5:20:15 PM,96,76
9/26/2026,5:20:16 PM,96,76
9/26/2026,5:20:17 PM,96,76
9/26/2026,5:20:18 PM,96,76
9/26/2026,5:20:19 PM,96,76
9/26/2026,5:20:20 PM,96,76
9/26/2026,5:20:21 PM,96,76
9/26/2026,5:20:22 PM,96,76
9/26/2026,5:20:23 PM,96,76
9/26/2026,5:20:24 PM,96,76
9/26/2026,5:20:25 PM,96,76
9/26/2026,5:20:26 PM,96,76
9/26/2026,5:20:27 PM,96,76
9/26/2026,5:20:28 PM,96,76
9/26/2026,5:20:29 PM,96,76
9/26/2026,5:20:30 PM,96,76
9/26/2026,5:20:31 PM,96,76
9/26/2026,5:20:32 PM,96,77
9/26/2026,5:20:33 PM,96,77
9/26/2026,5:20:34 PM,96,77
9/26/2026,5:20:35 PM,96,77
9/26/2026,5:20:36 PM,96,78
9/26/2026,5:20:37 PM,96,78
9/26/2026,5:20:38 PM,96,78
9/26/2026,5:20:39 PM,96,78
9/26/2026,5:20:40 PM,97,79
9/26/2026,5:20:41 PM,97,79
9/26/2026,5:20:42 PM,97,79
9/26/2026,5:20:43 PM,97,80
9/26/2026,5:20:44 PM,97,80
9/26/2026,5:20:45 PM,97,80
9/26/2026,5:20:46 PM,97,80
9/26/2026,5:20:47 PM,97,79
9/26/2026,5:20:48 PM,97,79
9/26/2026,5:20:49 PM,97,78
9/26/2026,5:20:50 PM,97,78
9/26/2026,5:20:51 PM,97,78
9/26/2026,5:20:52 PM,96,78
9/26/2026,5:20:53 PM,96,78
9/26/2026,5:20:54 PM,96,78
9/26/2026,5:20:55 PM,96,78
9/26/2026,5:20:56 PM,96,78
9/26/2026,5:20:57 PM,96,78
9/26/2026,5:20:58 PM,96,78
9/26/2026,5:20:59 PM,96,78
9/26/2026,5:21:00 PM,96,78
9/26/2026,5:21:01 PM,96,78
9/26/2026,5:21:02 PM,96,78
9/26/2026,5:21:03 PM,96,78
9/26/2026,5:21:04 PM,96,78
9/26/2026,5:21:05 PM,95,78
9/26/2026,5:21:06 PM,95,78
9/26/2026,5:21:07 PM,95,78
9/26/2026,5:21:08 PM,95,78
9/26/2026,5:21:09 PM,95,78
9/26/2026,5:21:10 PM,95,78
9/26/2026,5:21:11 PM,95,78
9/26/2026,5:21:12 PM,96,78
9/26/2026,5:21:13 PM,96,77
9/26/2026,5:21:14 PM,96,77
9/26/2026,5:21:15 PM,96,77
9/26/2026,5:21:16 PM,96,76
9/26/2026,5:21:17 PM,96,76
9/26/2026,5:21:18 PM,96,76
9/26/2026,5:21:19 PM,96,76
9/26/2026,5:21:20 PM,96,77
9/26/2026,5:21:21 PM,96,77
9/26/2026,5:21:22 PM,96,78
9/26/2026,5:21:23 PM,96,78
9/26/2026,5:21:24 PM,96,78
9/26/2026,5:21:25 PM,96,78
9/26/2026,5:21:26 PM,96,78
9/26/2026,5:21:27 PM,96,78
9/26/2026,5:21:28 PM,96,78
9/26/2026,5:21:29 PM,96,78
9/26/2026,5:21:30 PM,96,77
9/26/2026,5:21:31 PM,96,77
9/26/2026,5:21:32 PM,96,77
9/26/2026,5:21:33 PM,96,77
9/26/2026,5:21:34 PM,96,77
9/26/2026,5:21:35 PM,96,77
9/26/2026,5:21:36 PM,96,77
9/26/2026,5:21:37 PM,96,77
9/26/2026,5:21:38 PM,96,77
9/26/2026,5:21:39 PM,96,77
9/26/2026,5:21:40 PM,96,77
9/26/2026,5:21:41 PM,96,78
9/26/2026,5:21:42 PM,96,78
9/26/2026,5:21:43 PM,96,78
9/26/2026,5:21:44 PM,95,78
9/26/2026,5:21:45 PM,95,77
9/26/2026,5:21:46 PM,95,77
9/26/2026,5:21:47 PM,95,77
9/26/2026,5:21:48 PM,95,77
9/26/2026,5:21:49 PM,95,77
9/26/2026,5:21:50 PM,95,77
9/26/2026,5:21:51 PM,95,77
9/26/2026,5:21:52 PM,95,77
9/26/2026,5:21:53 PM,95,77
9/26/2026,5:21:54 PM,95,77
9/26/2026,5:21:55 PM,95,77
9/26/2026,5:21:56 PM,95,77
9/26/2026,5:21:57 PM,95,77
9/26/2026,5:21:58 PM,95,77
9/26/2026,5:21:59 PM,95,77
9/26/2026,5:22:00 PM,95,77
9/26/2026,5:22:01 PM,95,76
9/26/2026,5:22:02 PM,95,76
9/26/2026,5:22:03 PM,95,77
9/26/2026,5:22:04 PM,95,76
9/26/2026,5:22:05 PM,95,76
9/26/2026,5:22:06 PM,95,76
9/26/2026,5:22:07 PM,95,76
9/26/2026,5:22:08 PM,94,76
9/26/2026,5:22:09 PM,94,76
9/26/2026,5:22:10 PM,94,76
9/26/2026,5:22:11 PM,94,76
9/26/2026,5:22:12 PM,94,76
9/26/2026,5:22:13 PM,94,76
9/26/2026,5:22:14 PM,94,76
9/26/2026,5:22:15 PM,94,76
9/26/2026,5:22:16 PM,94,76
9/26/2026,5:22:17 PM,94,76
9/26/2026,5:22:18 PM,94,76
9/26/2026,5:22:19 PM,94,76
9/26/2026,5:22:20 PM,94,77
9/26/2026,5:22:21 PM,94,76
9/26/2026,5:22:22 PM,94,76
9/26/2026,5:22:23 PM,93,76
9/26/2026,5:22:24 PM,93,76
9/26/2026,5:22:25 PM,93,76
9/26/2026,5:22:26 PM,93,77
9/26/2026,5:22:27 PM,93,77
9/26/2026,5:22:28 PM,93,78
9/26/2026,5:22:29 PM,93,79
9/26/2026,5:22:30 PM,93,79
9/26/2026,5:22:31 PM,93,80
9/26/2026,5:22:32 PM,93,80
9/26/2026,5:22:33 PM,93,80
9/26/2026,5:22:34 PM,93,80
9/26/2026,5:22:35 PM,93,79
9/26/2026,5:22:36 PM,93,79
9/26/2026,5:22:37 PM,93,79
9/26/2026,5:22:38 PM,93,78
9/26/2026,5:22:39 PM,93,78
9/26/2026,5:22:40 PM,93,78
9/26/2026,5:22:41 PM,93,77
9/26/2026,5:22:42 PM,93,77
9/26/2026,5:22:43 PM,93,76
9/26/2026,5:22:44 PM,93,76
9/26/2026,5:22:45 PM,93,76
9/26/2026,5:22:46 PM,93,76
9/26/2026,5:22:47 PM,93,76
9/26/2026,5:22:48 PM,93,76
9/26/2026,5:22:49 PM,93,76
9/26/2026,5:22:50 PM,93,77
9/26/2026,5:22:51 PM,92,76
9/26/2026,5:22:52 PM,92,76
9/26/2026,5:22:53 PM,92,77
9/26/2026,5:22:54 PM,93,77
9/26/2026,5:22:55 PM,93,77
9/26/2026,5:22:56 PM,93,77
9/26/2026,5:22:57 PM,94,76
9/26/2026,5:22:58 PM,95,77
9/26/2026,5:22:59 PM,96,77
9/26/2026,5:23:00 PM,97,76
9/26/2026,5:23:01 PM,98,77
9/26/2026,5:23:02 PM,98,76
9/26/2026,5:23:03 PM,98,76
9/26/2026,5:23:04 PM,98,76
9/26/2026,5:23:05 PM,98,76
9/26/2026,5:23:06 PM,98,76
9/26/2026,5:23:07 PM,98,76
9/26/2026,5:23:08 PM,98,76
9/26/2026,5:23:09 PM,98,76
9/26/2026,5:23:10 PM,98,76
9/26/2026,5:23:11 PM,98,76
9/26/2026,5:23:12 PM,98,77
9/26/2026,5:23:13 PM,98,77
9/26/2026,5:23:14 PM,98,77
9/26/2026,5:23:15 PM,98,78
9/26/2026,5:23:16 PM,98,78
9/26/2026,5:23:17 PM,97,78
9/26/2026,5:23:18 PM,97,78
9/26/2026,5:23:19 PM,97,78
9/26/2026,5:23:20 PM,97,78
9/26/2026,5:23:21 PM,97,77
9/26/2026,5:23:22 PM,97,77
9/26/2026,5:23:23 PM,97,77
9/26/2026,5:23:24 PM,96,77
9/26/2026,5:23:25 PM,96,77
9/26/2026,5:23:26 PM,96,77
9/26/2026,5:23:27 PM,96,77
9/26/2026,5:23:28 PM,96,76
9/26/2026,5:23:29 PM,96,77
9/26/2026,5:23:30 PM,96,77
9/26/2026,5:23:31 PM,96,77
9/26/2026,5:23:32 PM,95,77
9/26/2026,5:23:33 PM,95,77
9/26/2026,5:23:34 PM,95,77
9/26/2026,5:23:35 PM,95,77
9/26/2026,5:23:36 PM,95,78
9/26/2026,5:23:37 PM,95,79
9/26/2026,5:23:38 PM,95,79
9/26/2026,5:23:39 PM,95,80
9/26/2026,5:23:40 PM,95,80
9/26/2026,5:23:41 PM,95,80
9/26/2026,5:23:42 PM,95,80
9/26/2026,5:23:43 PM,95,80
9/26/2026,5:23:44 PM,95,79
9/26/2026,5:23:45 PM,95,78
9/26/2026,5:23:46 PM,95,77
9/26/2026,5:23:47 PM,95,76
9/26/2026,5:23:48 PM,95,75
9/26/2026,5:23:49 PM,95,75
9/26/2026,5:23:50 PM,95,75
9/26/2026,5:23:51 PM,95,75
9/26/2026,5:23:52 PM,95,76
9/26/2026,5:23:53 PM,95,76
9/26/2026,5:23:54 PM,95,76
9/26/2026,5:23:55 PM,95,77
9/26/2026,5:23:56 PM,95,77
9/26/2026,5:23:57 PM,95,77
9/26/2026,5:23:58 PM,95,77
9/26/2026,5:23:59 PM,95,77
9/26/2026,5:24:00 PM,95,77
9/26/2026,5:24:01 PM,96,78
9/26/2026,5:24:02 PM,96,78
9/26/2026,5:24:03 PM,96,78
9/26/2026,5:24:04 PM,97,78
9/26/2026,5:24:05 PM,97,78
9/26/2026,5:24:06 PM,98,78
9/26/2026,5:24:07 PM,98,78
9/26/2026,5:24:08 PM,98,78
9/26/2026,5:24:09 PM,98,78
9/26/2026,5:24:10 PM,98,78
9/26/2026,5:24:11 PM,98,78
9/26/2026,5:24:12 PM,98,78
9/26/2026,5:24:13 PM,98,78
9/26/2026,5:24:14 PM,98,78
9/26/2026,5:24:15 PM,98,78
9/26/2026,5:24:16 PM,98,78
9/26/2026,5:24:17 PM,98,78
9/26/2026,5:24:18 PM,97,78
9/26/2026,5:24:19 PM,97,78
9/26/2026,5:24:20 PM,97,78
9/26/2026,5:24:21 PM,97,79
9/26/2026,5:24:22 PM,97,79
9/26/2026,5:24:23 PM,97,79
9/26/2026,5:24:24 PM,97,79
9/26/2026,5:24:25 PM,97,79
9/26/2026,5:24:26 PM,97,79
9/26/2026,5:24:27 PM,96,79
9/26/2026,5:24:28 PM,96,78
9/26/2026,5:24:29 PM,96,78
9/26/2026,5:24:30 PM,96,78
9/26/2026,5:24:31 PM,96,78
9/26/2026,5:24:32 PM,96,78
9/26/2026,5:24:33 PM,96,78
9/26/2026,5:24:34 PM,95,78
9/26/2026,5:24:35 PM,95,78
9/26/2026,5:24:36 PM,95,78
9/26/2026,5:24:37 PM,95,78
9/26/2026,5:24:38 PM,95,78
9/26/2026,5:24:39 PM,95,78
9/26/2026,5:24:40 PM,95,78
9/26/2026,5:24:41 PM,95,78
9/26/2026,5:24:42 PM,95,78
9/26/2026,5:24:43 PM,95,78
9/26/2026,5:24:44 PM,95,78
9/26/2026,5:24:45 PM,95,78
9/26/2026,5:24:46 PM,95,78
9/26/2026,5:24:47 PM,95,78
9/26/2026,5:24:48 PM,95,78
9/26/2026,5:24:49 PM,95,78
9/26/2026,5:24:50 PM,95,77
9/26/2026,5:24:51 PM,95,77
9/26/2026,5:24:52 PM,95,77
9/26/2026,5:24:53 PM,95,77
9/26/2026,5:24:54 PM,95,76
9/26/2026,5:24:55 PM,95,76
9/26/2026,5:24:56 PM,95,76
9/26/2026,5:24:57 PM,95,76
9/26/2026,5:24:58 PM,95,76
9/26/2026,5:24:59 PM,95,76
9/26/2026,5:25:00 PM,95,76
9/26/2026,5:25:01 PM,95,76
9/26/2026,5:25:02 PM,95,76
9/26/2026,5:25:03 PM,94,77
9/26/2026,5:25:04 PM,94,76
9/26/2026,5:25:05 PM,94,77
9/26/2026,5:25:06 PM,94,77
9/26/2026,5:25:07 PM,94,77
9/26/2026,5:25:08 PM,94,78
9/26/2026,5:25:09 PM,94,78
9/26/2026,5:25:10 PM,94,78
9/26/2026,5:25:11 PM,94,78
9/26/2026,5:25:12 PM,94,79
9/26/2026,5:25:13 PM,94,79
9/26/2026,5:25:14 PM,94,80
9/26/2026,5:25:15 PM,94,80
9/26/2026,5:25:16 PM,94,80
9/26/2026,5:25:17 PM,94,80
9/26/2026,5:25:18 PM,94,81
9/26/2026,5:25:19 PM,94,80
9/26/2026,5:25:20 PM,94,80
9/26/2026,5:25:21 PM,94,80
9/26/2026,5:25:22 PM,94,79
9/26/2026,5:25:23 PM,94,79
9/26/2026,5:25:24 PM,94,78
9/26/2026,5:25:25 PM,94,78
9/26/2026,5:25:26 PM,94,78
9/26/2026,5:25:27 PM,94,78
9/26/2026,5:25:28 PM,94,78
9/26/2026,5:25:29 PM,94,78
9/26/2026,5:25:30 PM,94,78
9/26/2026,5:25:31 PM,94,78
9/26/2026,5:25:32 PM,94,77
9/26/2026,5:25:33 PM,94,77
9/26/2026,5:25:34 PM,94,77
9/26/2026,5:25:35 PM,94,77
9/26/2026,5:25:36 PM,94,77
9/26/2026,5:25:37 PM,94,77
9/26/2026,5:25:38 PM,94,77
9/26/2026,5:25:39 PM,94,78
9/26/2026,5:25:40 PM,95,78
9/26/2026,5:25:41 PM,95,78
9/26/2026,5:25:42 PM,96,78
9/26/2026,5:25:43 PM,96,78
9/26/2026,5:25:44 PM,97,78
9/26/2026,5:25:45 PM,97,78
9/26/2026,5:25:46 PM,98,78
9/26/2026,5:25:47 PM,98,78
9/26/2026,5:25:48 PM,98,78
9/26/2026,5:25:49 PM,98,77
9/26/2026,5:25:50 PM,98,77
9/26/2026,5:25:51 PM,98,77
9/26/2026,5:25:52 PM,98,77
9/26/2026,5:25:53 PM,98,77
9/26/2026,5:25:54 PM,98,77
9/26/2026,5:25:55 PM,98,77
9/26/2026,5:25:56 PM,98,77
9/26/2026,5:25:57 PM,98,77
9/26/2026,5:25:58 PM,98,77
9/26/2026,5:25:59 PM,98,77
9/26/2026,5:26:00 PM,97,77
9/26/2026,5:26:01 PM,97,76
9/26/2026,5:26:02 PM,97,76
9/26/2026,5:26:03 PM,97,76
9/26/2026,5:26:04 PM,97,76
9/26/2026,5:26:05 PM,97,76
9/26/2026,5:26:06 PM,96,76
9/26/2026,5:26:07 PM,96,76
9/26/2026,5:26:08 PM,96,76
9/26/2026,5:26:09 PM,96,76
9/26/2026,5:26:10 PM,96,76
9/26/2026,5:26:11 PM,95,75
9/26/2026,5:26:12 PM,95,76
9/26/2026,5:26:13 PM,95,76
9/26/2026,5:26:14 PM,95,76
9/26/2026,5:26:15 PM,95,76
9/26/2026,5:26:16 PM,95,76
9/26/2026,5:26:17 PM,95,76
9/26/2026,5:26:18 PM,94,77
9/26/2026,5:26:19 PM,94,77
9/26/2026,5:26:20 PM,94,77
9/26/2026,5:26:21 PM,94,77
9/26/2026,5:26:22 PM,94,77
9/26/2026,5:26:23 PM,94,77
9/26/2026,5:26:24 PM,94,77
9/26/2026,5:26:25 PM,93,77
9/26/2026,5:26:26 PM,93,77
9/26/2026,5:26:27 PM,93,77
9/26/2026,5:26:28 PM,93,77
9/26/2026,5:26:29 PM,93,77
9/26/2026,5:26:30 PM,93,77
9/26/2026,5:26:31 PM,93,77
9/26/2026,5:26:32 PM,93,77
9/26/2026,5:26:33 PM,93,77
9/26/2026,5:26:34 PM,93,77
9/26/2026,5:26:35 PM,93,77
9/26/2026,5:26:36 PM,93,77
9/26/2026,5:26:37 PM,93,77
9/26/2026,5:26:38 PM,93,77
9/26/2026,5:26:39 PM,93,77
9/26/2026,5:26:40 PM,93,77
9/26/2026,5:26:41 PM,93,78
9/26/2026,5:26:42 PM,93,78
9/26/2026,5:26:43 PM,93,79
9/26/2026,5:26:44 PM,93,79
9/26/2026,5:26:45 PM,93,79
9/26/2026,5:26:46 PM,92,79
9/26/2026,5:26:47 PM,92,79
9/26/2026,5:26:48 PM,93,79
9/26/2026,5:26:49 PM,93,78
9/26/2026,5:26:50 PM,93,78
9/26/2026,5:26:51 PM,93,77
9/26/2026,5:26:52 PM,93,76
9/26/2026,5:26:53 PM,93,76
9/26/2026,5:26:54 PM,93,76
9/26/2026,5:26:55 PM,93,75
9/26/2026,5:26:56 PM,93,75
9/26/2026,5:26:57 PM,93,75
9/26/2026,5:26:58 PM,93,75
9/26/2026,5:26:59 PM,93,75
9/26/2026,5:27:00 PM,93,76
9/26/2026,5:27:01 PM,93,76
9/26/2026,5:27:02 PM,93,76
9/26/2026,5:27:03 PM,94,76
9/26/2026,5:27:04 PM,95,76
9/26/2026,5:27:05 PM,95,76
9/26/2026,5:27:06 PM,97,76
9/26/2026,5:27:07 PM,97,76
9/26/2026,5:27:08 PM,98,76
9/26/2026,5:27:09 PM,98,77
9/26/2026,5:27:10 PM,98,77
9/26/2026,5:27:11 PM,99,77
9/26/2026,5:27:12 PM,99,77
9/26/2026,5:27:13 PM,99,77
9/26/2026,5:27:14 PM,99,77
9/26/2026,5:27:15 PM,99,77
9/26/2026,5:27:16 PM,99,77
9/26/2026,5:27:17 PM,99,77
9/26/2026,5:27:18 PM,99,77
9/26/2026,5:27:19 PM,99,77
9/26/2026,5:27:20 PM,99,77
9/26/2026,5:27:21 PM,99,77
9/26/2026,5:27:22 PM,99,76
9/26/2026,5:27:23 PM,99,76
9/26/2026,5:27:24 PM,99,76
9/26/2026,5:27:25 PM,98,76
9/26/2026,5:27:26 PM,98,76
9/26/2026,5:27:27 PM,98,76
9/26/2026,5:27:28 PM,98,76
9/26/2026,5:27:29 PM,98,76
9/26/2026,5:27:30 PM,98,76
9/26/2026,5:27:31 PM,98,76
9/26/2026,5:27:32 PM,98,76
9/26/2026,5:27:33 PM,98,76
9/26/2026,5:27:34 PM,98,76
9/26/2026,5:27:35 PM,98,76
9/26/2026,5:27:36 PM,98,76
9/26/2026,5:27:37 PM,98,76
9/26/2026,5:27:38 PM,98,76
9/26/2026,5:27:39 PM,98,76
9/26/2026,5:27:40 PM,97,76
9/26/2026,5:27:41 PM,97,76
9/26/2026,5:27:42 PM,97,76
9/26/2026,5:27:43 PM,97,77
9/26/2026,5:27:44 PM,97,77
9/26/2026,5:27:45 PM,96,77
9/26/2026,5:27:46 PM,96,77
9/26/2026,5:27:47 PM,96,77
9/26/2026,5:27:48 PM,96,77
9/26/2026,5:27:49 PM,96,77
9/26/2026,5:27:50 PM,96,77
9/26/2026,5:27:51 PM,96,77
9/26/2026,5:27:52 PM,95,77
9/26/2026,5:27:53 PM,95,77
9/26/2026,5:27:54 PM,95,78
9/26/2026,5:27:55 PM,95,78
9/26/2026,5:27:56 PM,95,79
9/26/2026,5:27:57 PM,95,79
9/26/2026,5:27:58 PM,95,79
9/26/2026,5:27:59 PM,95,78
9/26/2026,5:28:00 PM,95,78
9/26/2026,5:28:01 PM,95,77
9/26/2026,5:28:02 PM,95,77
9/26/2026,5:28:03 PM,96,77
9/26/2026,5:28:04 PM,96,77
9/26/2026,5:28:05 PM,96,77
9/26/2026,5:28:06 PM,96,77
9/26/2026,5:28:07 PM,96,77
9/26/2026,5:28:08 PM,96,77
9/26/2026,5:28:09 PM,96,77
9/26/2026,5:28:10 PM,96,77
9/26/2026,5:28:11 PM,96,78
9/26/2026,5:28:12 PM,96,78
9/26/2026,5:28:13 PM,96,78
9/26/2026,5:28:14 PM,96,78
9/26/2026,5:28:15 PM,96,78
9/26/2026,5:28:16 PM,96,78
9/26/2026,5:28:17 PM,96,78
9/26/2026,5:28:18 PM,97,78
9/26/2026,5:28:19 PM,97,78
9/26/2026,5:28:20 PM,97,78
9/26/2026,5:28:21 PM,97,78
9/26/2026,5:28:22 PM,98,78
9/26/2026,5:28:23 PM,98,78
9/26/2026,5:28:24 PM,98,78
9/26/2026,5:28:25 PM,98,78
9/26/2026,5:28:26 PM,98,78
9/26/2026,5:28:27 PM,98,79
9/26/2026,5:28:28 PM,98,79
9/26/2026,5:28:29 PM,98,79
9/26/2026,5:28:30 PM,98,79
9/26/2026,5:28:31 PM,98,79
9/26/2026,5:28:32 PM,98,78
9/26/2026,5:28:33 PM,98,78
9/26/2026,5:28:34 PM,97,79
9/26/2026,5:28:35 PM,97,78
9/26/2026,5:28:36 PM,97,78
9/26/2026,5:28:37 PM,97,79
9/26/2026,5:28:38 PM,97,79
9/26/2026,5:28:39 PM,97,79
9/26/2026,5:28:40 PM,97,79
9/26/2026,5:28:41 PM,97,79
9/26/2026,5:28:42 PM,97,79
9/26/2026,5:28:43 PM,97,79
9/26/2026,5:28:44 PM,96,79
9/26/2026,5:28:45 PM,96,78
9/26/2026,5:28:46 PM,96,78
9/26/2026,5:28:47 PM,96,78
9/26/2026,5:28:48 PM,96,77
9/26/2026,5:28:49 PM,96,77
9/26/2026,5:28:50 PM,96,77
9/26/2026,5:28:51 PM,96,77
9/26/2026,5:28:52 PM,96,77
9/26/2026,5:28:53 PM,95,77
9/26/2026,5:28:54 PM,95,77
9/26/2026,5:28:55 PM,95,77
9/26/2026,5:28:56 PM,95,77
9/26/2026,5:28:57 PM,95,77
9/26/2026,5:28:58 PM,94,77
9/26/2026,5:28:59 PM,94,77
9/26/2026,5:29:00 PM,94,78
9/26/2026,5:29:01 PM,94,78
9/26/2026,5:29:02 PM,94,78
9/26/2026,5:29:03 PM,94,78
9/26/2026,5:29:04 PM,94,77
9/26/2026,5:29:05 PM,94,78
9/26/2026,5:29:06 PM,94,77
9/26/2026,5:29:07 PM,94,77
9/26/2026,5:29:08 PM,94,77
9/26/2026,5:29:09 PM,94,76
9/26/2026,5:29:10 PM,93,77
9/26/2026,5:29:11 PM,93,77
9/26/2026,5:29:12 PM,93,78
9/26/2026,5:29:13 PM,93,78
9/26/2026,5:29:14 PM,93,78
9/26/2026,5:29:15 PM,93,78
9/26/2026,5:29:16 PM,93,78
9/26/2026,5:29:17 PM,93,79
9/26/2026,5:29:18 PM,93,79
9/26/2026,5:29:19 PM,93,80
9/26/2026,5:29:20 PM,93,80
9/26/2026,5:29:21 PM,93,80
9/26/2026,5:29:22 PM,93,80
9/26/2026,5:29:23 PM,93,79
9/26/2026,5:29:24 PM,93,79
9/26/2026,5:29:25 PM,93,79
9/26/2026,5:29:26 PM,93,79
9/26/2026,5:29:27 PM,93,79
9/26/2026,5:29:28 PM,93,78
9/26/2026,5:29:29 PM,93,78
9/26/2026,5:29:30 PM,93,78
9/26/2026,5:29:31 PM,93,78
9/26/2026,5:29:32 PM,93,77
9/26/2026,5:29:33 PM,93,77
9/26/2026,5:29:34 PM,93,77
9/26/2026,5:29:35 PM,93,77
9/26/2026,5:29:36 PM,93,77
9/26/2026,5:29:37 PM,93,77
9/26/2026,5:29:38 PM,93,77
9/26/2026,5:29:39 PM,93,77
9/26/2026,5:29:40 PM,93,77
9/26/2026,5:29:41 PM,93,77
9/26/2026,5:29:42 PM,94,77
9/26/2026,5:29:43 PM,94,77
9/26/2026,5:29:44 PM,94,77
9/26/2026,5:29:45 PM,94,77
9/26/2026,5:29:46 PM,96,77
9/26/2026,5:29:47 PM,97,77
9/26/2026,5:29:48 PM,97,77
9/26/2026,5:29:49 PM,98,78
9/26/2026,5:29:50 PM,99,78
9/26/2026,5:29:51 PM,99,78
9/26/2026,5:29:52 PM,99,78
9/26/2026,5:29:53 PM,99,78
9/26/2026,5:29:54 PM,99,78
9/26/2026,5:29:55 PM,99,78
9/26/2026,5:29:56 PM,98,78
9/26/2026,5:29:57 PM,98,78
9/26/2026,5:29:58 PM,98,78
9/26/2026,5:29:59 PM,98,77
9/26/2026,5:30:00 PM,98,77
9/26/2026,5:30:01 PM,98,77
9/26/2026,5:30:02 PM,98,77
9/26/2026,5:30:03 PM,98,77
9/26/2026,5:30:04 PM,98,77
9/26/2026,5:30:05 PM,98,77
9/26/2026,5:30:06 PM,98,77
9/26/2026,5:30:07 PM,98,77
9/26/2026,5:30:08 PM,98,77
9/26/2026,5:30:09 PM,97,77
9/26/2026,5:30:10 PM,97,77
9/26/2026,5:30:11 PM,97,77
9/26/2026,5:30:12 PM,97,77
9/26/2026,5:30:13 PM,97,77
9/26/2026,5:30:14 PM,97,77
9/26/2026,5:30:15 PM,96,77
9/26/2026,5:30:16 PM,96,77
9/26/2026,5:30:17 PM,96,78
9/26/2026,5:30:18 PM,96,78
9/26/2026,5:30:19 PM,96,78
9/26/2026,5:30:20 PM,96,78
9/26/2026,5:30:21 PM,96,78
9/26/2026,5:30:22 PM,96,78
9/26/2026,5:30:23 PM,95,78
9/26/2026,5:30:24 PM,95,77
9/26/2026,5:30:25 PM,95,77
9/26/2026,5:30:26 PM,95,77
9/26/2026,5:30:27 PM,95,77
9/26/2026,5:30:28 PM,95,77
9/26/2026,5:30:29 PM,95,77
9/26/2026,5:30:30 PM,95,78
9/26/2026,5:30:31 PM,95,78
9/26/2026,5:30:32 PM,95,79
9/26/2026,5:30:33 PM,95,79
9/26/2026,5:30:34 PM,95,79
9/26/2026,5:30:35 PM,95,79
9/26/2026,5:30:36 PM,95,78
9/26/2026,5:30:37 PM,95,78
9/26/2026,5:30:38 PM,95,77
9/26/2026,5:30:39 PM,95,77
9/26/2026,5:30:40 PM,95,77
9/26/2026,5:30:41 PM,95,77
9/26/2026,5:30:42 PM,95,77
9/26/2026,5:30:43 PM,95,77
9/26/2026,5:30:44 PM,95,77
9/26/2026,5:30:45 PM,95,77
9/26/2026,5:30:46 PM,95,77
9/26/2026,5:30:47 PM,95,77
9/26/2026,5:30:48 PM,95,77
9/26/2026,5:30:49 PM,95,77
9/26/2026,5:30:50 PM,95,78
9/26/2026,5:30:51 PM,95,78
9/26/2026,5:30:52 PM,95,77
9/26/2026,5:30:53 PM,95,77
9/26/2026,5:30:54 PM,95,77
9/26/2026,5:30:55 PM,95,77
9/26/2026,5:30:56 PM,95,78
9/26/2026,5:30:57 PM,96,77
9/26/2026,5:30:58 PM,96,77
9/26/2026,5:30:59 PM,96,77
9/26/2026,5:31:00 PM,97,77
9/26/2026,5:31:01 PM,97,77
9/26/2026,5:31:02 PM,98,77
9/26/2026,5:31:03 PM,98,77
9/26/2026,5:31:04 PM,98,77
9/26/2026,5:31:05 PM,98,77
9/26/2026,5:31:06 PM,98,77
9/26/2026,5:31:07 PM,98,77
9/26/2026,5:31:08 PM,98,77
9/26/2026,5:31:09 PM,98,77
9/26/2026,5:31:10 PM,98,77
9/26/2026,5:31:11 PM,98,77
9/26/2026,5:31:12 PM,98,77
9/26/2026,5:31:13 PM,98,77
9/26/2026,5:31:14 PM,98,78
9/26/2026,5:31:15 PM,98,78
9/26/2026,5:31:16 PM,98,78
9/26/2026,5:31:17 PM,98,78
9/26/2026,5:31:18 PM,97,78
9/26/2026,5:31:19 PM,97,78
9/26/2026,5:31:20 PM,97,77
9/26/2026,5:31:21 PM,97,77
9/26/2026,5:31:22 PM,97,77
9/26/2026,5:31:23 PM,97,77
9/26/2026,5:31:24 PM,97,77
9/26/2026,5:31:25 PM,97,77
9/26/2026,5:31:26 PM,97,77
9/26/2026,5:31:27 PM,97,77
9/26/2026,5:31:28 PM,96,77
9/26/2026,5:31:29 PM,96,76
9/26/2026,5:31:30 PM,96,76
9/26/2026,5:31:31 PM,96,76
9/26/2026,5:31:32 PM,96,76
9/26/2026,5:31:33 PM,96,76
9/26/2026,5:31:34 PM,95,76
9/26/2026,5:31:35 PM,95,76
9/26/2026,5:31:36 PM,95,77
9/26/2026,5:31:37 PM,95,77
9/26/2026,5:31:38 PM,95,77
9/26/2026,5:31:39 PM,95,77
9/26/2026,5:31:40 PM,95,77
9/26/2026,5:31:41 PM,95,78
9/26/2026,5:31:42 PM,95,78
9/26/2026,5:31:43 PM,95,78
9/26/2026,5:31:44 PM,95,79
9/26/2026,5:31:45 PM,95,79
9/26/2026,5:31:46 PM,95,79
9/26/2026,5:31:47 PM,95,80
9/26/2026,5:31:48 PM,95,80
9/26/2026,5:31:49 PM,95,80
9/26/2026,5:31:50 PM,95,79
9/26/2026,5:31:51 PM,95,79
9/26/2026,5:31:52 PM,95,78
9/26/2026,5:31:53 PM,95,78
9/26/2026,5:31:54 PM,95,77
9/26/2026,5:31:55 PM,95,77
9/26/2026,5:31:56 PM,95,77
9/26/2026,5:31:57 PM,95,77
9/26/2026,5:31:58 PM,95,77
9/26/2026,5:31:59 PM,95,77
9/26/2026,5:32:00 PM,95,77
9/26/2026,5:32:01 PM,95,77
9/26/2026,5:32:02 PM,95,77
9/26/2026,5:32:03 PM,95,77
9/26/2026,5:32:04 PM,95,78
9/26/2026,5:32:05 PM,95,78
9/26/2026,5:32:06 PM,95,78
9/26/2026,5:32:07 PM,95,78
9/26/2026,5:32:08 PM,96,78
9/26/2026,5:32:09 PM,96,78
9/26/2026,5:32:10 PM,96,78
9/26/2026,5:32:11 PM,97,78
9/26/2026,5:32:12 PM,97,78
9/26/2026,5:32:13 PM,97,78
9/26/2026,5:32:14 PM,97,78
9/26/2026,5:32:15 PM,98,78
9/26/2026,5:32:16 PM,98,78
9/26/2026,5:32:17 PM,98,78
9/26/2026,5:32:18 PM,98,78
9/26/2026,5:32:19 PM,98,79
9/26/2026,5:32:20 PM,98,79
9/26/2026,5:32:21 PM,98,79
9/26/2026,5:32:22 PM,98,79
9/26/2026,5:32:23 PM,97,79
9/26/2026,5:32:24 PM,97,79
9/26/2026,5:32:25 PM,97,79
9/26/2026,5:32:26 PM,97,79
9/26/2026,5:32:27 PM,97,79
9/26/2026,5:32:28 PM,97,78
9/26/2026,5:32:29 PM,98,78
9/26/2026,5:32:30 PM,98,78
9/26/2026,5:32:31 PM,98,77
9/26/2026,5:32:32 PM,98,77
9/26/2026,5:32:33 PM,98,77
9/26/2026,5:32:34 PM,98,77
9/26/2026,5:32:35 PM,98,77
9/26/2026,5:32:36 PM,98,77
9/26/2026,5:32:37 PM,98,77
9/26/2026,5:32:38 PM,98,77
9/26/2026,5:32:39 PM,98,77
9/26/2026,5:32:40 PM,98,77
9/26/2026,5:32:41 PM,98,77
9/26/2026,5:32:42 PM,98,77
9/26/2026,5:32:43 PM,97,77
9/26/2026,5:32:44 PM,97,77
9/26/2026,5:32:45 PM,97,78
9/26/2026,5:32:46 PM,97,78
9/26/2026,5:32:47 PM,97,78
9/26/2026,5:32:48 PM,97,78
9/26/2026,5:32:49 PM,97,78
9/26/2026,5:32:50 PM,97,78
9/26/2026,5:32:51 PM,97,78
9/26/2026,5:32:52 PM,97,78
9/26/2026,5:32:53 PM,97,78
9/26/2026,5:32:54 PM,97,78
9/26/2026,5:32:55 PM,97,77
9/26/2026,5:32:56 PM,97,77
9/26/2026,5:32:57 PM,97,77
9/26/2026,5:32:58 PM,97,77
9/26/2026,5:32:59 PM,97,78
9/26/2026,5:33:00 PM,96,78
9/26/2026,5:33:01 PM,96,78
9/26/2026,5:33:02 PM,96,78
9/26/2026,5:33:03 PM,96,79
9/26/2026,5:33:04 PM,96,79
9/26/2026,5:33:05 PM,96,79
9/26/2026,5:33:06 PM,96,79
9/26/2026,5:33:07 PM,96,78
9/26/2026,5:33:08 PM,95,79
9/26/2026,5:33:09 PM,95,78
9/26/2026,5:33:10 PM,95,78
9/26/2026,5:33:11 PM,95,78
9/26/2026,5:33:12 PM,95,78
9/26/2026,5:33:13 PM,95,77
9/26/2026,5:33:14 PM,95,77
9/26/2026,5:33:15 PM,95,77
9/26/2026,5:33:16 PM,95,77
9/26/2026,5:33:17 PM,95,77
9/26/2026,5:33:18 PM,95,77
9/26/2026,5:33:19 PM,95,77
9/26/2026,5:33:20 PM,95,77
9/26/2026,5:33:21 PM,95,77
9/26/2026,5:33:22 PM,95,78
9/26/2026,5:33:23 PM,95,78
9/26/2026,5:33:24 PM,95,78
9/26/2026,5:33:25 PM,94,79
9/26/2026,5:33:26 PM,94,80
9/26/2026,5:33:27 PM,94,80
9/26/2026,5:33:28 PM,94,81
9/26/2026,5:33:29 PM,94,81
9/26/2026,5:33:30 PM,94,81
9/26/2026,5:33:31 PM,94,81
9/26/2026,5:33:32 PM,94,81
9/26/2026,5:33:33 PM,94,80
9/26/2026,5:33:34 PM,94,79
9/26/2026,5:33:35 PM,94,79
9/26/2026,5:33:36 PM,94,79
9/26/2026,5:33:37 PM,94,79
9/26/2026,5:33:38 PM,94,78
9/26/2026,5:33:39 PM,94,79
9/26/2026,5:33:40 PM,94,79
9/26/2026,5:33:41 PM,94,79
9/26/2026,5:33:42 PM,94,79
9/26/2026,5:33:43 PM,94,79
9/26/2026,5:33:44 PM,94,79
9/26/2026,5:33:45 PM,94,79
9/26/2026,5:33:46 PM,94,79
9/26/2026,5:33:47 PM,94,79
9/26/2026,5:33:48 PM,94,79
9/26/2026,5:33:49 PM,94,79
9/26/2026,5:33:50 PM,94,78
9/26/2026,5:33:51 PM,94,78
9/26/2026,5:33:52 PM,94,78
9/26/2026,5:33:53 PM,94,78
9/26/2026,5:33:54 PM,94,78
9/26/2026,5:33:55 PM,94,78
9/26/2026,5:33:56 PM,95,78
9/26/2026,5:33:57 PM,96,78
9/26/2026,5:33:58 PM,97,78
9/26/2026,5:33:59 PM,98,78
9/26/2026,5:34:00 PM,98,78
9/26/2026,5:34:01 PM,98,78
9/26/2026,5:34:02 PM,99,78
9/26/2026,5:34:03 PM,99,78
9/26/2026,5:34:04 PM,99,78
9/26/2026,5:34:05 PM,99,78
9/26/2026,5:34:06 PM,99,78
9/26/2026,5:34:07 PM,99,78
9/26/2026,5:34:08 PM,98,78
9/26/2026,5:34:09 PM,98,78
9/26/2026,5:34:10 PM,98,79
9/26/2026,5:34:11 PM,98,78
9/26/2026,5:34:12 PM,98,78
9/26/2026,5:34:13 PM,98,78
9/26/2026,5:34:14 PM,98,78
9/26/2026,5:34:15 PM,98,77
9/26/2026,5:34:16 PM,98,77
9/26/2026,5:34:17 PM,98,77
9/26/2026,5:34:18 PM,98,77
9/26/2026,5:34:19 PM,98,77
9/26/2026,5:34:20 PM,98,77
9/26/2026,5:34:21 PM,98,77
9/26/2026,5:34:22 PM,98,77
9/26/2026,5:34:23 PM,98,77
9/26/2026,5:34:24 PM,98,77
9/26/2026,5:34:25 PM,98,77
9/26/2026,5:34:26 PM,98,77
9/26/2026,5:34:27 PM,98,77
9/26/2026,5:34:28 PM,98,78
9/26/2026,5:34:29 PM,97,78
9/26/2026,5:34:30 PM,97,78
9/26/2026,5:34:31 PM,97,78
9/26/2026,5:34:32 PM,97,78
9/26/2026,5:34:33 PM,97,78
9/26/2026,5:34:34 PM,96,78
9/26/2026,5:34:35 PM,96,78
9/26/2026,5:34:36 PM,96,78
9/26/2026,5:34:37 PM,96,78
9/26/2026,5:34:38 PM,96,78
9/26/2026,5:34:39 PM,96,77
9/26/2026,5:34:40 PM,95,77
9/26/2026,5:34:41 PM,95,77
9/26/2026,5:34:42 PM,95,77
9/26/2026,5:34:43 PM,95,77
9/26/2026,5:34:44 PM,95,77
9/26/2026,5:34:45 PM,95,77
9/26/2026,5:34:46 PM,95,77
9/26/2026,5:34:47 PM,95,77
9/26/2026,5:34:48 PM,95,77
9/26/2026,5:34:49 PM,95,78
9/26/2026,5:34:50 PM,95,78
9/26/2026,5:34:51 PM,95,78
9/26/2026,5:34:52 PM,95,79
9/26/2026,5:34:53 PM,95,79
9/26/2026,5:34:54 PM,95,78
9/26/2026,5:34:55 PM,95,78
9/26/2026,5:34:56 PM,95,78
9/26/2026,5:34:57 PM,95,77
9/26/2026,5:34:58 PM,95,77
9/26/2026,5:34:59 PM,95,77
9/26/2026,5:35:00 PM,95,77
9/26/2026,5:35:01 PM,95,77
9/26/2026,5:35:02 PM,95,77
9/26/2026,5:35:03 PM,95,78
9/26/2026,5:35:04 PM,95,78
9/26/2026,5:35:05 PM,95,79
9/26/2026,5:35:06 PM,94,78
9/26/2026,5:35:07 PM,94,79
9/26/2026,5:35:08 PM,94,78
9/26/2026,5:35:09 PM,94,78
9/26/2026,5:35:10 PM,94,78
9/26/2026,5:35:11 PM,94,78
9/26/2026,5:35:12 PM,94,77
9/26/2026,5:35:13 PM,94,77
9/26/2026,5:35:14 PM,95,77
9/26/2026,5:35:15 PM,95,76
9/26/2026,5:35:16 PM,96,76
9/26/2026,5:35:17 PM,96,76
9/26/2026,5:35:18 PM,97,76
9/26/2026,5:35:19 PM,98,77
9/26/2026,5:35:20 PM,98,77
9/26/2026,5:35:21 PM,98,77
9/26/2026,5:35:22 PM,98,77
9/26/2026,5:35:23 PM,98,77
9/26/2026,5:35:24 PM,98,77
9/26/2026,5:35:25 PM,98,77
9/26/2026,5:35:26 PM,98,77
9/26/2026,5:35:27 PM,98,77
9/26/2026,5:35:28 PM,98,77
9/26/2026,5:35:29 PM,98,77
9/26/2026,5:35:30 PM,98,77
9/26/2026,5:35:31 PM,98,78
9/26/2026,5:35:32 PM,98,78
9/26/2026,5:35:33 PM,97,78
9/26/2026,5:35:34 PM,97,78
9/26/2026,5:35:35 PM,97,78
9/26/2026,5:35:36 PM,97,78
9/26/2026,5:35:37 PM,97,78
9/26/2026,5:35:38 PM,97,78
9/26/2026,5:35:39 PM,97,77
9/26/2026,5:35:40 PM,96,77
9/26/2026,5:35:41 PM,96,77
9/26/2026,5:35:42 PM,96,77
9/26/2026,5:35:43 PM,96,77
9/26/2026,5:35:44 PM,96,77
9/26/2026,5:35:45 PM,96,77
9/26/2026,5:35:46 PM,96,77
9/26/2026,5:35:47 PM,96,77
9/26/2026,5:35:48 PM,95,77
9/26/2026,5:35:49 PM,95,77
9/26/2026,5:35:50 PM,95,77
9/26/2026,5:35:51 PM,95,78
9/26/2026,5:35:52 PM,95,77
9/26/2026,5:35:53 PM,95,78
9/26/2026,5:35:54 PM,95,78
9/26/2026,5:35:55 PM,95,78
9/26/2026,5:35:56 PM,95,78
9/26/2026,5:35:57 PM,95,78
9/26/2026,5:35:58 PM,95,77
9/26/2026,5:35:59 PM,95,77
9/26/2026,5:36:00 PM,95,77
9/26/2026,5:36:01 PM,95,77
9/26/2026,5:36:02 PM,95,77
9/26/2026,5:36:03 PM,95,78
9/26/2026,5:36:04 PM,95,78
9/26/2026,5:36:05 PM,95,78
9/26/2026,5:36:06 PM,95,78
9/26/2026,5:36:07 PM,95,78
9/26/2026,5:36:08 PM,95,78
9/26/2026,5:36:09 PM,95,78
9/26/2026,5:36:10 PM,95,78
9/26/2026,5:36:11 PM,95,78
9/26/2026,5:36:12 PM,95,78
9/26/2026,5:36:13 PM,95,78
9/26/2026,5:36:14 PM,94,78
9/26/2026,5:36:15 PM,94,78
9/26/2026,5:36:16 PM,94,78
9/26/2026,5:36:17 PM,94,78
9/26/2026,5:36:18 PM,94,78
9/26/2026,5:36:19 PM,94,78
9/26/2026,5:36:20 PM,94,78
9/26/2026,5:36:21 PM,94,78
9/26/2026,5:36:22 PM,94,78
9/26/2026,5:36:23 PM,94,77
9/26/2026,5:36:24 PM,94,78
9/26/2026,5:36:25 PM,94,77
9/26/2026,5:36:26 PM,94,77
9/26/2026,5:36:27 PM,94,77
9/26/2026,5:36:28 PM,94,77
9/26/2026,5:36:29 PM,94,77
9/26/2026,5:36:30 PM,94,77
9/26/2026,5:36:31 PM,94,77
9/26/2026,5:36:32 PM,94,77
9/26/2026,5:36:33 PM,93,77
9/26/2026,5:36:34 PM,93,77
9/26/2026,5:36:35 PM,93,77
9/26/2026,5:36:36 PM,93,77
9/26/2026,5:36:37 PM,94,77
9/26/2026,5:36:38 PM,94,77
9/26/2026,5:36:39 PM,95,77
9/26/2026,5:36:40 PM,96,77
9/26/2026,5:36:41 PM,97,77
9/26/2026,5:36:42 PM,98,77
9/26/2026,5:36:43 PM,98,77
9/26/2026,5:36:44 PM,98,77
9/26/2026,5:36:45 PM,99,77
9/26/2026,5:36:46 PM,99,77
9/26/2026,5:36:47 PM,99,78
9/26/2026,5:36:48 PM,99,77
9/26/2026,5:36:49 PM,99,77
9/26/2026,5:36:50 PM,99,77
9/26/2026,5:36:51 PM,99,77
9/26/2026,5:36:52 PM,99,77
9/26/2026,5:36:53 PM,99,77
9/26/2026,5:36:54 PM,98,78
9/26/2026,5:36:55 PM,98,78
9/26/2026,5:36:56 PM,98,78
9/26/2026,5:36:57 PM,98,77
9/26/2026,5:36:58 PM,98,77
9/26/2026,5:36:59 PM,98,77
9/26/2026,5:37:00 PM,98,77
9/26/2026,5:37:01 PM,98,77
9/26/2026,5:37:02 PM,98,77
9/26/2026,5:37:03 PM,98,77
9/26/2026,5:37:04 PM,98,77
9/26/2026,5:37:05 PM,98,77
9/26/2026,5:37:06 PM,97,77
9/26/2026,5:37:07 PM,97,78
9/26/2026,5:37:08 PM,97,78
9/26/2026,5:37:09 PM,97,78
9/26/2026,5:37:10 PM,96,79
9/26/2026,5:37:11 PM,96,79
9/26/2026,5:37:12 PM,96,79
9/26/2026,5:37:13 PM,96,79
9/26/2026,5:37:14 PM,96,78
9/26/2026,5:37:15 PM,96,78
9/26/2026,5:37:16 PM,97,78
9/26/2026,5:37:17 PM,97,77
9/26/2026,5:37:18 PM,97,77
9/26/2026,5:37:19 PM,97,76
9/26/2026,5:37:20 PM,97,76
9/26/2026,5:37:21 PM,97,76
9/26/2026,5:37:22 PM,97,76
9/26/2026,5:37:23 PM,97,76
9/26/2026,5:37:24 PM,97,76
9/26/2026,5:37:25 PM,97,76
9/26/2026,5:37:26 PM,97,76
9/26/2026,5:37:27 PM,97,76
9/26/2026,5:37:28 PM,97,76
9/26/2026,5:37:29 PM,97,76
9/26/2026,5:37:30 PM,97,76
9/26/2026,5:37:31 PM,97,76
9/26/2026,5:37:32 PM,97,77
9/26/2026,5:37:33 PM,97,77
9/26/2026,5:37:34 PM,97,77
9/26/2026,5:37:35 PM,98,77
9/26/2026,5:37:36 PM,98,77
9/26/2026,5:37:37 PM,98,77
9/26/2026,5:37:38 PM,98,77
9/26/2026,5:37:39 PM,98,78
9/26/2026,5:37:40 PM,98,78
9/26/2026,5:37:41 PM,98,78
9/26/2026,5:37:42 PM,98,78
9/26/2026,5:37:43 PM,97,78
9/26/2026,5:37:44 PM,97,78
9/26/2026,5:37:45 PM,97,78
9/26/2026,5:37:46 PM,97,78
9/26/2026,5:37:47 PM,97,78
9/26/2026,5:37:48 PM,97,78
9/26/2026,5:37:49 PM,97,78
9/26/2026,5:37:50 PM,97,78
9/26/2026,5:37:51 PM,97,78
9/26/2026,5:37:52 PM,97,78
9/26/2026,5:37:53 PM,97,78
9/26/2026,5:37:54 PM,96,79
9/26/2026,5:37:55 PM,96,79
9/26/2026,5:37:56 PM,96,79
9/26/2026,5:37:57 PM,96,79
9/26/2026,5:37:58 PM,96,80
9/26/2026,5:37:59 PM,96,80
9/26/2026,5:38:00 PM,96,80
9/26/2026,5:38:01 PM,96,79
9/26/2026,5:38:02 PM,96,79
9/26/2026,5:38:03 PM,96,79
9/26/2026,5:38:04 PM,96,79
9/26/2026,5:38:05 PM,96,78
9/26/2026,5:38:06 PM,96,78
9/26/2026,5:38:07 PM,96,77
9/26/2026,5:38:08 PM,96,77
9/26/2026,5:38:09 PM,96,77
9/26/2026,5:38:10 PM,96,77
9/26/2026,5:38:11 PM,96,77
9/26/2026,5:38:12 PM,96,77
9/26/2026,5:38:13 PM,96,77
9/26/2026,5:38:14 PM,96,77
9/26/2026,5:38:15 PM,96,77
9/26/2026,5:38:16 PM,96,77
9/26/2026,5:38:17 PM,96,77
9/26/2026,5:38:18 PM,96,77
9/26/2026,5:38:19 PM,96,77
9/26/2026,5:38:20 PM,96,77
9/26/2026,5:38:21 PM,96,77
9/26/2026,5:38:22 PM,96,77
9/26/2026,5:38:23 PM,96,77
9/26/2026,5:38:24 PM,96,77
9/26/2026,5:38:25 PM,96,77
9/26/2026,5:38:26 PM,96,77
9/26/2026,5:38:27 PM,96,77
9/26/2026,5:38:28 PM,96,77
9/26/2026,5:38:29 PM,96,77
9/26/2026,5:38:30 PM,96,77
9/26/2026,5:38:31 PM,96,77
9/26/2026,5:38:32 PM,96,77
9/26/2026,5:38:33 PM,96,77
9/26/2026,5:38:34 PM,96,78
9/26/2026,5:38:35 PM,96,78
9/26/2026,5:38:36 PM,96,78
9/26/2026,5:38:37 PM,96,78
9/26/2026,5:38:38 PM,96,78
9/26/2026,5:38:39 PM,95,78
9/26/2026,5:38:40 PM,95,77
9/26/2026,5:38:41 PM,95,77
9/26/2026,5:38:42 PM,95,77
9/26/2026,5:38:43 PM,95,77
9/26/2026,5:38:44 PM,95,77
9/26/2026,5:38:45 PM,95,77
9/26/2026,5:38:46 PM,95,77
9/26/2026,5:38:47 PM,95,77
9/26/2026,5:38:48 PM,95,78
9/26/2026,5:38:49 PM,95,78
9/26/2026,5:38:50 PM,95,78
9/26/2026,5:38:51 PM,95,79
9/26/2026,5:38:52 PM,95,79
9/26/2026,5:38:53 PM,95,80
9/26/2026,5:38:54 PM,95,80
9/26/2026,5:38:55 PM,95,81
9/26/2026,5:38:56 PM,95,81
9/26/2026,5:38:57 PM,95,81
9/26/2026,5:38:58 PM,95,81
9/26/2026,5:38:59 PM,95,80
9/26/2026,5:39:00 PM,95,80
9/26/2026,5:39:01 PM,95,79
9/26/2026,5:39:02 PM,95,78
9/26/2026,5:39:03 PM,95,78
9/26/2026,5:39:04 PM,95,78
9/26/2026,5:39:05 PM,95,78
9/26/2026,5:39:06 PM,95,78
9/26/2026,5:39:07 PM,95,78
9/26/2026,5:39:08 PM,95,77
9/26/2026,5:39:09 PM,95,77
9/26/2026,5:39:10 PM,95,78
9/26/2026,5:39:11 PM,95,78
9/26/2026,5:39:12 PM,95,78
9/26/2026,5:39:13 PM,96,78
9/26/2026,5:39:14 PM,96,78
9/26/2026,5:39:15 PM,96,78
9/26/2026,5:39:16 PM,96,78
9/26/2026,5:39:17 PM,96,78
9/26/2026,5:39:18 PM,96,78
9/26/2026,5:39:19 PM,96,78
9/26/2026,5:39:20 PM,96,78
9/26/2026,5:39:21 PM,97,79
9/26/2026,5:39:22 PM,97,79
9/26/2026,5:39:23 PM,97,79
9/26/2026,5:39:24 PM,97,79
9/26/2026,5:39:25 PM,97,79
9/26/2026,5:39:26 PM,97,79
9/26/2026,5:39:27 PM,97,79
9/26/2026,5:39:28 PM,97,78
9/26/2026,5:39:29 PM,97,78
9/26/2026,5:39:30 PM,97,78
9/26/2026,5:39:31 PM,97,78
9/26/2026,5:39:32 PM,97,78
9/26/2026,5:39:33 PM,97,78
9/26/2026,5:39:34 PM,97,78
9/26/2026,5:39:35 PM,98,78
9/26/2026,5:39:36 PM,98,78
9/26/2026,5:39:37 PM,98,78
9/26/2026,5:39:38 PM,98,78
9/26/2026,5:39:39 PM,98,78
9/26/2026,5:39:40 PM,98,77
9/26/2026,5:39:41 PM,98,77
9/26/2026,5:39:42 PM,98,77
9/26/2026,5:39:43 PM,98,77
9/26/2026,5:39:44 PM,98,77
9/26/2026,5:39:45 PM,98,77
9/26/2026,5:39:46 PM,98,78
9/26/2026,5:39:47 PM,98,78
9/26/2026,5:39:48 PM,98,78
9/26/2026,5:39:49 PM,98,78
9/26/2026,5:39:50 PM,98,78
9/26/2026,5:39:51 PM,98,78
9/26/2026,5:39:52 PM,98,79
9/26/2026,5:39:53 PM,98,79
9/26/2026,5:39:54 PM,98,78
9/26/2026,5:39:55 PM,98,78
9/26/2026,5:39:56 PM,97,78
9/26/2026,5:39:57 PM,97,78
9/26/2026,5:39:58 PM,97,78
9/26/2026,5:39:59 PM,97,78
9/26/2026,5:40:00 PM,97,77
9/26/2026,5:40:01 PM,97,77
9/26/2026,5:40:02 PM,97,77
9/26/2026,5:40:03 PM,97,77
9/26/2026,5:40:04 PM,97,77
9/26/2026,5:40:05 PM,97,77
9/26/2026,5:40:06 PM,97,77
9/26/2026,5:40:07 PM,97,77
9/26/2026,5:40:08 PM,96,77
9/26/2026,5:40:09 PM,96,77
9/26/2026,5:40:10 PM,96,77
9/26/2026,5:40:11 PM,96,77
9/26/2026,5:40:12 PM,96,77
9/26/2026,5:40:13 PM,95,77
9/26/2026,5:40:14 PM,95,76
9/26/2026,5:40:15 PM,95,76
9/26/2026,5:40:16 PM,95,76
9/26/2026,5:40:17 PM,95,76
9/26/2026,5:40:18 PM,95,76
9/26/2026,5:40:19 PM,95,77
9/26/2026,5:40:20 PM,95,76
9/26/2026,5:40:21 PM,95,76
9/26/2026,5:40:22 PM,95,77
9/26/2026,5:40:23 PM,95,77
9/26/2026,5:40:24 PM,95,77
9/26/2026,5:40:25 PM,95,77
9/26/2026,5:40:26 PM,95,78
9/26/2026,5:40:27 PM,95,78
9/26/2026,5:40:28 PM,95,78
9/26/2026,5:40:29 PM,95,78
9/26/2026,5:40:30 PM,95,78
9/26/2026,5:40:31 PM,95,79
9/26/2026,5:40:32 PM,95,79
9/26/2026,5:40:33 PM,95,79
9/26/2026,5:40:34 PM,94,80
9/26/2026,5:40:35 PM,94,80
9/26/2026,5:40:36 PM,94,80
9/26/2026,5:40:37 PM,95,82
9/26/2026,5:40:38 PM,95,82
9/26/2026,5:40:39 PM,95,82
9/26/2026,5:40:40 PM,95,82
9/26/2026,5:40:41 PM,95,82
9/26/2026,5:40:42 PM,95,82
9/26/2026,5:40:43 PM,95,82
9/26/2026,5:40:44 PM,95,81
9/26/2026,5:40:45 PM,95,80
9/26/2026,5:40:46 PM,95,80
9/26/2026,5:40:47 PM,95,80
9/26/2026,5:40:48 PM,95,80
9/26/2026,5:40:49 PM,95,80
9/26/2026,5:40:50 PM,95,80
9/26/2026,5:40:51 PM,95,80
9/26/2026,5:40:52 PM,95,80
9/26/2026,5:40:53 PM,95,80
9/26/2026,5:40:54 PM,95,79
9/26/2026,5:40:55 PM,95,79
9/26/2026,5:40:56 PM,95,79
9/26/2026,5:40:57 PM,95,79
9/26/2026,5:40:58 PM,95,79
9/26/2026,5:40:59 PM,95,79
9/26/2026,5:41:00 PM,95,79
9/26/2026,5:41:01 PM,96,79
9/26/2026,5:41:02 PM,96,79
9/26/2026,5:41:03 PM,97,79
9/26/2026,5:41:04 PM,98,79
9/26/2026,5:41:05 PM,98,79
9/26/2026,5:41:06 PM,98,79
9/26/2026,5:41:07 PM,98,79
9/26/2026,5:41:08 PM,98,79
9/26/2026,5:41:09 PM,98,79
9/26/2026,5:41:10 PM,98,79
9/26/2026,5:41:11 PM,98,79
9/26/2026,5:41:12 PM,98,79
9/26/2026,5:41:13 PM,98,79
9/26/2026,5:41:14 PM,98,79
9/26/2026,5:41:15 PM,98,80
9/26/2026,5:41:16 PM,98,80
9/26/2026,5:41:17 PM,98,80
9/26/2026,5:41:18 PM,98,80
9/26/2026,5:41:19 PM,98,80
9/26/2026,5:41:20 PM,98,80
9/26/2026,5:41:21 PM,98,79
9/26/2026,5:41:22 PM,97,79
9/26/2026,5:41:23 PM,97,79
9/26/2026,5:41:24 PM,97,79
9/26/2026,5:41:25 PM,97,79
9/26/2026,5:41:26 PM,97,79
9/26/2026,5:41:27 PM,96,78
9/26/2026,5:41:28 PM,96,78
9/26/2026,5:41:29 PM,96,78
9/26/2026,5:41:30 PM,96,78
9/26/2026,5:41:31 PM,96,78
9/26/2026,5:41:32 PM,96,79
9/26/2026,5:41:33 PM,96,79
9/26/2026,5:41:34 PM,95,79
9/26/2026,5:41:35 PM,95,79
9/26/2026,5:41:36 PM,95,79
9/26/2026,5:41:37 PM,95,79
9/26/2026,5:41:38 PM,95,79
9/26/2026,5:41:39 PM,95,79
9/26/2026,5:41:40 PM,95,78
9/26/2026,5:41:41 PM,95,78
9/26/2026,5:41:42 PM,95,78
9/26/2026,5:41:43 PM,95,78
9/26/2026,5:41:44 PM,95,78
9/26/2026,5:41:45 PM,95,78
9/26/2026,5:41:46 PM,95,77
9/26/2026,5:41:47 PM,95,77
9/26/2026,5:41:48 PM,95,77
9/26/2026,5:41:49 PM,95,77
9/26/2026,5:41:50 PM,95,77
9/26/2026,5:41:51 PM,95,77
9/26/2026,5:41:52 PM,95,78
9/26/2026,5:41:53 PM,95,78
9/26/2026,5:41:54 PM,95,79
9/26/2026,5:41:55 PM,95,80
9/26/2026,5:41:56 PM,95,80
9/26/2026,5:41:57 PM,95,80
9/26/2026,5:41:58 PM,95,80
9/26/2026,5:41:59 PM,95,80
9/26/2026,5:42:00 PM,95,80
9/26/2026,5:42:01 PM,95,79
9/26/2026,5:42:02 PM,95,78
9/26/2026,5:42:03 PM,95,78
9/26/2026,5:42:04 PM,95,77
9/26/2026,5:42:05 PM,95,76
9/26/2026,5:42:06 PM,95,76
9/26/2026,5:42:07 PM,95,76
9/26/2026,5:42:08 PM,95,76
9/26/2026,5:42:09 PM,95,76
9/26/2026,5:42:10 PM,95,76
9/26/2026,5:42:11 PM,95,77
9/26/2026,5:42:12 PM,95,77
9/26/2026,5:42:13 PM,95,77
9/26/2026,5:42:14 PM,96,77
9/26/2026,5:42:15 PM,96,77
9/26/2026,5:42:16 PM,96,77
9/26/2026,5:42:17 PM,97,77
9/26/2026,5:42:18 PM,97,77
9/26/2026,5:42:19 PM,98,77
9/26/2026,5:42:20 PM,98,77
9/26/2026,5:42:21 PM,98,77
9/26/2026,5:42:22 PM,98,77
9/26/2026,5:42:23 PM,98,77
9/26/2026,5:42:24 PM,98,77
9/26/2026,5:42:25 PM,98,77
9/26/2026,5:42:26 PM,98,77
9/26/2026,5:42:27 PM,98,77
9/26/2026,5:42:28 PM,98,77
9/26/2026,5:42:29 PM,98,77
9/26/2026,5:42:30 PM,98,77
9/26/2026,5:42:31 PM,98,77
9/26/2026,5:42:32 PM,97,77
9/26/2026,5:42:33 PM,97,77
9/26/2026,5:42:34 PM,97,77
9/26/2026,5:42:35 PM,97,77
9/26/2026,5:42:36 PM,97,77
9/26/2026,5:42:37 PM,97,77
9/26/2026,5:42:38 PM,97,77
9/26/2026,5:42:39 PM,97,77
9/26/2026,5:42:40 PM,96,77
9/26/2026,5:42:41 PM,96,77
9/26/2026,5:42:42 PM,96,76
9/26/2026,5:42:43 PM,96,76
9/26/2026,5:42:44 PM,96,76
9/26/2026,5:42:45 PM,96,76
9/26/2026,5:42:46 PM,96,76
9/26/2026,5:42:47 PM,96,76
9/26/2026,5:42:48 PM,96,76
9/26/2026,5:42:49 PM,95,77
9/26/2026,5:42:50 PM,95,77
9/26/2026,5:42:51 PM,95,77
9/26/2026,5:42:52 PM,95,78
9/26/2026,5:42:53 PM,95,78
9/26/2026,5:42:54 PM,95,79
9/26/2026,5:42:55 PM,95,79
9/26/2026,5:42:56 PM,95,79
9/26/2026,5:42:57 PM,95,79
9/26/2026,5:42:58 PM,95,79
9/26/2026,5:42:59 PM,95,78
9/26/2026,5:43:00 PM,95,78
9/26/2026,5:43:01 PM,95,78
9/26/2026,5:43:02 PM,95,77
9/26/2026,5:43:03 PM,95,76
9/26/2026,5:43:04 PM,95,76
9/26/2026,5:43:05 PM,95,76
9/26/2026,5:43:06 PM,95,76
9/26/2026,5:43:07 PM,95,76
9/26/2026,5:43:08 PM,95,76
9/26/2026,5:43:09 PM,95,76
9/26/2026,5:43:10 PM,95,76
9/26/2026,5:43:11 PM,96,76
9/26/2026,5:43:12 PM,96,76
9/26/2026,5:43:13 PM,96,77
9/26/2026,5:43:14 PM,96,77
9/26/2026,5:43:15 PM,96,77
9/26/2026,5:43:16 PM,96,78
9/26/2026,5:43:17 PM,97,78
9/26/2026,5:43:18 PM,97,78
9/26/2026,5:43:19 PM,97,78
9/26/2026,5:43:20 PM,98,78
9/26/2026,5:43:21 PM,98,79
9/26/2026,5:43:22 PM,98,79
9/26/2026,5:43:23 PM,98,79
9/26/2026,5:43:24 PM,98,79
9/26/2026,5:43:25 PM,98,79
9/26/2026,5:43:26 PM,98,79
9/26/2026,5:43:27 PM,98,79
9/26/2026,5:43:28 PM,98,78
9/26/2026,5:43:29 PM,98,78
9/26/2026,5:43:30 PM,98,77
9/26/2026,5:43:31 PM,98,77
9/26/2026,5:43:32 PM,98,77
9/26/2026,5:43:33 PM,97,76
9/26/2026,5:43:34 PM,97,76
9/26/2026,5:43:35 PM,97,76
9/26/2026,5:43:36 PM,97,76
9/26/2026,5:43:37 PM,97,76
9/26/2026,5:43:38 PM,97,76
9/26/2026,5:43:39 PM,97,76
9/26/2026,5:43:40 PM,96,76
9/26/2026,5:43:41 PM,96,77
9/26/2026,5:43:42 PM,96,78
9/26/2026,5:43:43 PM,96,78
9/26/2026,5:43:44 PM,96,79
9/26/2026,5:43:45 PM,96,79
9/26/2026,5:43:46 PM,96,80
9/26/2026,5:43:47 PM,96,80
9/26/2026,5:43:48 PM,96,80
9/26/2026,5:43:49 PM,96,80
9/26/2026,5:43:50 PM,96,80
9/26/2026,5:43:51 PM,96,80
9/26/2026,5:43:52 PM,96,80
9/26/2026,5:43:53 PM,96,80
9/26/2026,5:43:54 PM,96,80
9/26/2026,5:43:55 PM,96,80
9/26/2026,5:43:56 PM,96,80
9/26/2026,5:43:57 PM,96,80
9/26/2026,5:43:58 PM,96,79
9/26/2026,5:43:59 PM,96,79
9/26/2026,5:44:00 PM,96,77
9/26/2026,5:44:01 PM,96,77
9/26/2026,5:44:02 PM,96,76
9/26/2026,5:44:03 PM,96,76
9/26/2026,5:44:04 PM,96,76
9/26/2026,5:44:05 PM,96,76
9/26/2026,5:44:06 PM,96,76
9/26/2026,5:44:07 PM,96,76
9/26/2026,5:44:08 PM,96,76
9/26/2026,5:44:09 PM,96,76
9/26/2026,5:44:10 PM,96,76
9/26/2026,5:44:11 PM,96,76
9/26/2026,5:44:12 PM,96,76
9/26/2026,5:44:13 PM,97,76
9/26/2026,5:44:14 PM,97,76
9/26/2026,5:44:15 PM,97,76
9/26/2026,5:44:16 PM,98,76
9/26/2026,5:44:17 PM,98,76
9/26/2026,5:44:18 PM,98,76
9/26/2026,5:44:19 PM,98,76
9/26/2026,5:44:20 PM,98,76
9/26/2026,5:44:21 PM,98,76
9/26/2026,5:44:22 PM,98,77
9/26/2026,5:44:23 PM,98,77
9/26/2026,5:44:24 PM,98,77
9/26/2026,5:44:25 PM,98,77
9/26/2026,5:44:26 PM,98,76
9/26/2026,5:44:27 PM,98,76
9/26/2026,5:44:28 PM,98,76
9/26/2026,5:44:29 PM,98,76
9/26/2026,5:44:30 PM,98,76
9/26/2026,5:44:31 PM,98,76
9/26/2026,5:44:32 PM,98,76
9/26/2026,5:44:33 PM,98,76
9/26/2026,5:44:34 PM,98,76
9/26/2026,5:44:35 PM,97,76
9/26/2026,5:44:36 PM,97,76
9/26/2026,5:44:37 PM,97,76
9/26/2026,5:44:38 PM,97,77
9/26/2026,5:44:39 PM,97,77
9/26/2026,5:44:40 PM,97,77
9/26/2026,5:44:41 PM,96,76
9/26/2026,5:44:42 PM,96,76
9/26/2026,5:44:43 PM,96,76
9/26/2026,5:44:44 PM,96,76
9/26/2026,5:44:45 PM,96,76
9/26/2026,5:44:46 PM,96,76
9/26/2026,5:44:47 PM,95,76
9/26/2026,5:44:48 PM,95,76
9/26/2026,5:44:49 PM,95,77
9/26/2026,5:44:50 PM,95,77
9/26/2026,5:44:51 PM,95,77
9/26/2026,5:44:52 PM,95,77
9/26/2026,5:44:53 PM,95,77
9/26/2026,5:44:54 PM,95,76
9/26/2026,5:44:55 PM,94,76
9/26/2026,5:44:56 PM,94,76
9/26/2026,5:44:57 PM,94,76
9/26/2026,5:44:58 PM,94,76
9/26/2026,5:44:59 PM,94,76
9/26/2026,5:45:00 PM,94,76
9/26/2026,5:45:01 PM,94,76
9/26/2026,5:45:02 PM,94,76
9/26/2026,5:45:03 PM,94,76
9/26/2026,5:45:04 PM,95,76
9/26/2026,5:45:05 PM,95,76
9/26/2026,5:45:06 PM,95,76
9/26/2026,5:45:07 PM,95,76
9/26/2026,5:45:08 PM,95,76
9/26/2026,5:45:09 PM,95,76
9/26/2026,5:45:10 PM,95,76
9/26/2026,5:45:11 PM,95,76
9/26/2026,5:45:12 PM,96,76
9/26/2026,5:45:13 PM,96,76
9/26/2026,5:45:14 PM,96,76
9/26/2026,5:45:15 PM,96,76
9/26/2026,5:45:16 PM,96,76
9/26/2026,5:45:17 PM,96,75
9/26/2026,5:45:18 PM,97,75
9/26/2026,5:45:19 PM,97,75
9/26/2026,5:45:20 PM,97,76
9/26/2026,5:45:21 PM,97,76
9/26/2026,5:45:22 PM,97,76
9/26/2026,5:45:23 PM,97,77
9/26/2026,5:45:24 PM,97,78
9/26/2026,5:45:25 PM,97,78
9/26/2026,5:45:26 PM,97,79
9/26/2026,5:45:27 PM,97,79
9/26/2026,5:45:28 PM,97,80
9/26/2026,5:45:29 PM,97,79
9/26/2026,5:45:30 PM,97,79
9/26/2026,5:45:31 PM,97,79
9/26/2026,5:45:32 PM,97,78
9/26/2026,5:45:33 PM,97,78
9/26/2026,5:45:34 PM,97,78
9/26/2026,5:45:35 PM,97,77
9/26/2026,5:45:36 PM,97,77
9/26/2026,5:45:37 PM,97,77
9/26/2026,5:45:38 PM,97,77
9/26/2026,5:45:39 PM,97,77
9/26/2026,5:45:40 PM,97,77
9/26/2026,5:45:41 PM,97,77
9/26/2026,5:45:42 PM,97,76
9/26/2026,5:45:43 PM,97,77
9/26/2026,5:45:44 PM,97,77
9/26/2026,5:45:45 PM,97,77
9/26/2026,5:45:46 PM,97,77
9/26/2026,5:45:47 PM,98,77
9/26/2026,5:45:48 PM,98,77
9/26/2026,5:45:49 PM,98,77
9/26/2026,5:45:50 PM,97,77
9/26/2026,5:45:51 PM,97,77
9/26/2026,5:45:52 PM,97,77
9/26/2026,5:45:53 PM,97,77
9/26/2026,5:45:54 PM,97,77
9/26/2026,5:45:55 PM,97,77
9/26/2026,5:45:56 PM,97,77
9/26/2026,5:45:57 PM,96,77
9/26/2026,5:45:58 PM,96,77
9/26/2026,5:45:59 PM,96,76
9/26/2026,5:46:00 PM,96,76
9/26/2026,5:46:01 PM,96,76
9/26/2026,5:46:02 PM,96,76
9/26/2026,5:46:03 PM,95,76
9/26/2026,5:46:04 PM,95,76
9/26/2026,5:46:05 PM,95,76
9/26/2026,5:46:06 PM,95,76
9/26/2026,5:46:07 PM,95,76
9/26/2026,5:46:08 PM,95,76
9/26/2026,5:46:09 PM,95,76
9/26/2026,5:46:10 PM,95,76
9/26/2026,5:46:11 PM,95,76
9/26/2026,5:46:12 PM,95,76
9/26/2026,5:46:13 PM,95,76
9/26/2026,5:46:14 PM,95,76
9/26/2026,5:46:15 PM,95,76
9/26/2026,5:46:16 PM,95,76
9/26/2026,5:46:17 PM,95,76
9/26/2026,5:46:18 PM,95,76
9/26/2026,5:46:19 PM,95,76
9/26/2026,5:46:20 PM,95,76
9/26/2026,5:46:21 PM,95,76
9/26/2026,5:46:22 PM,95,77
9/26/2026,5:46:23 PM,95,77
9/26/2026,5:46:24 PM,95,77
9/26/2026,5:46:25 PM,95,77
9/26/2026,5:46:26 PM,95,77
9/26/2026,5:46:27 PM,95,77
9/26/2026,5:46:28 PM,96,77
9/26/2026,5:46:29 PM,96,77
9/26/2026,5:46:30 PM,96,77
9/26/2026,5:46:31 PM,96,77
9/26/2026,5:46:32 PM,96,77
9/26/2026,5:46:33 PM,96,77
9/26/2026,5:46:34 PM,96,77
9/26/2026,5:46:35 PM,96,77
9/26/2026,5:46:36 PM,96,76
9/26/2026,5:46:37 PM,96,76
9/26/2026,5:46:38 PM,96,76
9/26/2026,5:46:39 PM,96,76
9/26/2026,5:46:40 PM,96,76
9/26/2026,5:46:41 PM,96,76
9/26/2026,5:46:42 PM,96,76
9/26/2026,5:46:43 PM,96,76
9/26/2026,5:46:44 PM,96,77
9/26/2026,5:46:45 PM,96,77
9/26/2026,5:46:46 PM,96,77
9/26/2026,5:46:47 PM,96,77
9/26/2026,5:46:48 PM,96,77
9/26/2026,5:46:49 PM,96,77
9/26/2026,5:46:50 PM,96,77
9/26/2026,5:46:51 PM,96,77
9/26/2026,5:46:52 PM,96,77
9/26/2026,5:46:53 PM,96,77
9/26/2026,5:46:54 PM,96,77
9/26/2026,5:46:55 PM,96,77
9/26/2026,5:46:56 PM,96,77
9/26/2026,5:46:57 PM,96,77
9/26/2026,5:46:58 PM,96,77
9/26/2026,5:46:59 PM,96,77
9/26/2026,5:47:00 PM,96,77
9/26/2026,5:47:01 PM,96,77
9/26/2026,5:47:02 PM,96,77
9/26/2026,5:47:03 PM,96,77
9/26/2026,5:47:04 PM,95,77
9/26/2026,5:47:05 PM,95,77
9/26/2026,5:47:06 PM,95,77
9/26/2026,5:47:07 PM,95,77
9/26/2026,5:47:08 PM,95,77
9/26/2026,5:47:09 PM,95,78
9/26/2026,5:47:10 PM,95,78
9/26/2026,5:47:11 PM,95,79
9/26/2026,5:47:12 PM,95,79
9/26/2026,5:47:13 PM,95,80
9/26/2026,5:47:14 PM,95,80
9/26/2026,5:47:15 PM,95,80
9/26/2026,5:47:16 PM,95,80
9/26/2026,5:47:17 PM,95,79
9/26/2026,5:47:18 PM,95,79
9/26/2026,5:47:19 PM,95,79
9/26/2026,5:47:20 PM,95,78
9/26/2026,5:47:21 PM,95,78
9/26/2026,5:47:22 PM,96,78
9/26/2026,5:47:23 PM,95,78
9/26/2026,5:47:24 PM,96,77
9/26/2026,5:47:25 PM,96,77
9/26/2026,5:47:26 PM,96,77
9/26/2026,5:47:27 PM,96,77
9/26/2026,5:47:28 PM,96,77
9/26/2026,5:47:29 PM,96,77
9/26/2026,5:47:30 PM,96,77
9/26/2026,5:47:31 PM,96,77
9/26/2026,5:47:32 PM,96,77
9/26/2026,5:47:33 PM,96,77
9/26/2026,5:47:34 PM,96,77
9/26/2026,5:47:35 PM,97,77
9/26/2026,5:47:36 PM,97,77
9/26/2026,5:47:37 PM,97,77
9/26/2026,5:47:38 PM,97,77
9/26/2026,5:47:39 PM,97,77
9/26/2026,5:47:40 PM,97,77
9/26/2026,5:47:41 PM,97,77
9/26/2026,5:47:42 PM,97,77
9/26/2026,5:47:43 PM,97,77
9/26/2026,5:47:44 PM,97,77
9/26/2026,5:47:45 PM,97,77
9/26/2026,5:47:46 PM,97,77
9/26/2026,5:47:47 PM,97,77
9/26/2026,5:47:48 PM,97,77
9/26/2026,5:47:49 PM,96,77
9/26/2026,5:47:50 PM,96,77
9/26/2026,5:47:51 PM,96,77
9/26/2026,5:47:52 PM,96,77
9/26/2026,5:47:53 PM,96,77
9/26/2026,5:47:54 PM,96,77
9/26/2026,5:47:55 PM,96,77
9/26/2026,5:47:56 PM,96,78
9/26/2026,5:47:57 PM,96,77
9/26/2026,5:47:58 PM,95,77
9/26/2026,5:47:59 PM,95,77
9/26/2026,5:48:00 PM,95,77
9/26/2026,5:48:01 PM,95,77
9/26/2026,5:48:02 PM,95,77
9/26/2026,5:48:03 PM,95,77
9/26/2026,5:48:04 PM,95,77
9/26/2026,5:48:05 PM,95,77
9/26/2026,5:48:06 PM,95,77
9/26/2026,5:48:07 PM,95,77
9/26/2026,5:48:08 PM,95,77
9/26/2026,5:48:09 PM,95,77
9/26/2026,5:48:10 PM,95,77
9/26/2026,5:48:11 PM,95,77
9/26/2026,5:48:12 PM,95,76
9/26/2026,5:48:13 PM,95,76
9/26/2026,5:48:14 PM,95,76
9/26/2026,5:48:15 PM,95,76
9/26/2026,5:48:16 PM,95,76
9/26/2026,5:48:17 PM,95,77
9/26/2026,5:48:18 PM,95,77
9/26/2026,5:48:19 PM,96,77
9/26/2026,5:48:20 PM,96,77
9/26/2026,5:48:21 PM,96,77
9/26/2026,5:48:22 PM,96,77
9/26/2026,5:48:23 PM,96,78
9/26/2026,5:48:24 PM,96,78
9/26/2026,5:48:25 PM,96,78
9/26/2026,5:48:26 PM,96,78
9/26/2026,5:48:27 PM,96,78
9/26/2026,5:48:28 PM,96,78
9/26/2026,5:48:29 PM,96,78
9/26/2026,5:48:30 PM,96,78
9/26/2026,5:48:31 PM,96,78
9/26/2026,5:48:32 PM,96,77
9/26/2026,5:48:33 PM,96,77
9/26/2026,5:48:34 PM,96,77
9/26/2026,5:48:35 PM,96,76
9/26/2026,5:48:36 PM,96,76
9/26/2026,5:48:37 PM,96,76
9/26/2026,5:48:38 PM,96,77
9/26/2026,5:48:39 PM,96,77
9/26/2026,5:48:40 PM,96,77
9/26/2026,5:48:41 PM,96,77
9/26/2026,5:48:42 PM,96,77
9/26/2026,5:48:43 PM,96,77
9/26/2026,5:48:44 PM,96,77
9/26/2026,5:48:45 PM,96,77
9/26/2026,5:48:46 PM,96,78
9/26/2026,5:48:47 PM,96,78
9/26/2026,5:48:48 PM,96,78
9/26/2026,5:48:49 PM,96,78
9/26/2026,5:48:50 PM,96,77
9/26/2026,5:48:51 PM,96,77
9/26/2026,5:48:52 PM,96,77
9/26/2026,5:48:53 PM,96,77
9/26/2026,5:48:54 PM,96,77
9/26/2026,5:48:55 PM,96,77
9/26/2026,5:48:56 PM,96,77
9/26/2026,5:48:57 PM,96,77
9/26/2026,5:48:58 PM,96,77
9/26/2026,5:48:59 PM,96,77
9/26/2026,5:49:00 PM,96,77
9/26/2026,5:49:01 PM,96,77
9/26/2026,5:49:02 PM,96,77
9/26/2026,5:49:03 PM,96,77
9/26/2026,5:49:04 PM,96,77
9/26/2026,5:49:05 PM,96,77
9/26/2026,5:49:06 PM,96,77
9/26/2026,5:49:07 PM,96,76
9/26/2026,5:49:08 PM,96,77
9/26/2026,5:49:09 PM,96,77
9/26/2026,5:49:10 PM,95,77
9/26/2026,5:49:11 PM,95,77
9/26/2026,5:49:12 PM,95,77
9/26/2026,5:49:13 PM,95,77
9/26/2026,5:49:14 PM,95,77
9/26/2026,5:49:15 PM,95,77
9/26/2026,5:49:16 PM,95,77
9/26/2026,5:49:17 PM,95,77
9/26/2026,5:49:18 PM,95,77
9/26/2026,5:49:19 PM,95,77
9/26/2026,5:49:20 PM,95,77
9/26/2026,5:49:21 PM,95,77
9/26/2026,5:49:22 PM,95,77
9/26/2026,5:49:23 PM,95,77
9/26/2026,5:49:24 PM,95,77
9/26/2026,5:49:25 PM,96,77
9/26/2026,5:49:26 PM,96,77
9/26/2026,5:49:27 PM,96,77
9/26/2026,5:49:28 PM,96,77
9/26/2026,5:49:29 PM,96,77
9/26/2026,5:49:30 PM,96,77
9/26/2026,5:49:31 PM,96,77
9/26/2026,5:49:32 PM,96,77
9/26/2026,5:49:33 PM,96,77
9/26/2026,5:49:34 PM,96,77
9/26/2026,5:49:35 PM,96,77
9/26/2026,5:49:36 PM,96,77
9/26/2026,5:49:37 PM,96,77
9/26/2026,5:49:38 PM,96,77
9/26/2026,5:49:39 PM,96,77
9/26/2026,5:49:40 PM,96,77
9/26/2026,5:49:41 PM,96,77
9/26/2026,5:49:42 PM,96,77
9/26/2026,5:49:43 PM,96,77
9/26/2026,5:49:44 PM,96,77
9/26/2026,5:49:45 PM,96,77
9/26/2026,5:49:46 PM,96,77
9/26/2026,5:49:47 PM,96,77
9/26/2026,5:49:48 PM,96,77
9/26/2026,5:49:49 PM,96,77
9/26/2026,5:49:50 PM,96,77
9/26/2026,5:49:51 PM,96,77
9/26/2026,5:49:52 PM,96,77
9/26/2026,5:49:53 PM,96,77
9/26/2026,5:49:54 PM,96,77
9/26/2026,5:49:55 PM,96,77
9/26/2026,5:49:56 PM,96,78
9/26/2026,5:49:57 PM,95,78
9/26/2026,5:49:58 PM,95,77
9/26/2026,5:49:59 PM,95,78
9/26/2026,5:50:00 PM,95,78
9/26/2026,5:50:01 PM,95,78
9/26/2026,5:50:02 PM,95,78
9/26/2026,5:50:03 PM,95,78
9/26/2026,5:50:04 PM,95,78
9/26/2026,5:50:05 PM,95,78
9/26/2026,5:50:06 PM,95,78
9/26/2026,5:50:07 PM,95,79
9/26/2026,5:50:08 PM,95,78
9/26/2026,5:50:09 PM,95,78
9/26/2026,5:50:10 PM,95,78
9/26/2026,5:50:11 PM,95,78
9/26/2026,5:50:12 PM,96,78
9/26/2026,5:50:13 PM,95,78
9/26/2026,5:50:14 PM,96,78
9/26/2026,5:50:15 PM,96,78
9/26/2026,5:50:16 PM,96,78
9/26/2026,5:50:17 PM,96,78
9/26/2026,5:50:18 PM,96,79
9/26/2026,5:50:19 PM,96,79
9/26/2026,5:50:20 PM,96,80
9/26/2026,5:50:21 PM,96,80
9/26/2026,5:50:22 PM,96,82
9/26/2026,5:50:23 PM,96,82
9/26/2026,5:50:24 PM,96,82
9/26/2026,5:50:25 PM,96,82
9/26/2026,5:50:26 PM,96,82
9/26/2026,5:50:27 PM,96,83
9/26/2026,5:50:28 PM,96,83
9/26/2026,5:50:29 PM,96,83
9/26/2026,5:50:30 PM,96,83
9/26/2026,5:50:31 PM,96,83
9/26/2026,5:50:32 PM,96,83
9/26/2026,5:50:33 PM,96,83
9/26/2026,5:50:34 PM,96,83
9/26/2026,5:50:35 PM,96,84
9/26/2026,5:50:36 PM,96,84
9/26/2026,5:50:37 PM,96,84
9/26/2026,5:50:38 PM,96,84
9/26/2026,5:50:39 PM,96,84
9/26/2026,5:50:40 PM,96,83
9/26/2026,5:50:41 PM,96,84
9/26/2026,5:50:42 PM,96,83
9/26/2026,5:50:43 PM,96,83
9/26/2026,5:50:44 PM,96,83
9/26/2026,5:50:45 PM,96,82
9/26/2026,5:50:46 PM,96,82
9/26/2026,5:50:47 PM,96,82
9/26/2026,5:50:48 PM,96,82
9/26/2026,5:50:49 PM,97,82
9/26/2026,5:50:50 PM,97,82
9/26/2026,5:50:51 PM,97,82
9/26/2026,5:50:52 PM,97,81
9/26/2026,5:50:53 PM,97,81
9/26/2026,5:50:54 PM,97,81
9/26/2026,5:50:55 PM,97,81
9/26/2026,5:50:56 PM,98,81
9/26/2026,5:50:57 PM,98,81
9/26/2026,5:50:58 PM,98,81
9/26/2026,5:50:59 PM,98,82
9/26/2026,5:51:00 PM,98,81
9/26/2026,5:51:01 PM,98,81
9/26/2026,5:51:02 PM,98,81
9/26/2026,5:51:03 PM,98,81
9/26/2026,5:51:04 PM,98,81
9/26/2026,5:51:05 PM,98,81
9/26/2026,5:51:06 PM,98,81
9/26/2026,5:51:07 PM,98,82
9/26/2026,5:51:08 PM,98,82
9/26/2026,5:51:09 PM,98,82
9/26/2026,5:51:10 PM,98,81
9/26/2026,5:51:11 PM,98,81
9/26/2026,5:51:12 PM,98,81
9/26/2026,5:51:13 PM,98,81
9/26/2026,5:51:14 PM,98,80
9/26/2026,5:51:15 PM,98,80
9/26/2026,5:51:16 PM,98,79
9/26/2026,5:51:17 PM,98,78
9/26/2026,5:51:18 PM,98,78
9/26/2026,5:51:19 PM,98,78
9/26/2026,5:51:20 PM,98,76
9/26/2026,5:51:21 PM,98,76
9/26/2026,5:51:22 PM,98,76
9/26/2026,5:51:23 PM,98,76
9/26/2026,5:51:24 PM,98,76
9/26/2026,5:51:25 PM,99,75
9/26/2026,5:51:26 PM,99,75
9/26/2026,5:51:27 PM,99,75
9/26/2026,5:51:28 PM,99,75
9/26/2026,5:51:29 PM,99,74
9/26/2026,5:51:30 PM,99,74
9/26/2026,5:51:31 PM,99,74
9/26/2026,5:51:32 PM,99,74
9/26/2026,5:51:33 PM,99,74
9/26/2026,5:51:34 PM,99,74
9/26/2026,5:51:35 PM,99,74
9/26/2026,5:51:36 PM,99,75
9/26/2026,5:51:37 PM,99,75
9/26/2026,5:51:38 PM,99,75
9/26/2026,5:51:39 PM,99,76
9/26/2026,5:51:40 PM,99,76
9/26/2026,5:51:41 PM,99,76
9/26/2026,5:51:42 PM,99,76
9/26/2026,5:51:43 PM,99,76
9/26/2026,5:51:44 PM,99,76
9/26/2026,5:51:45 PM,99,76
9/26/2026,5:51:46 PM,99,76
9/26/2026,5:51:47 PM,99,76
9/26/2026,5:51:48 PM,98,77
9/26/2026,5:51:49 PM,98,77
9/26/2026,5:51:50 PM,98,77
9/26/2026,5:51:51 PM,98,78
9/26/2026,5:51:52 PM,98,78
9/26/2026,5:51:53 PM,98,78
9/26/2026,5:51:54 PM,98,78
9/26/2026,5:51:55 PM,98,78
9/26/2026,5:51:56 PM,98,78
9/26/2026,5:51:57 PM,98,78
9/26/2026,5:51:58 PM,98,78
9/26/2026,5:51:59 PM,98,78
9/26/2026,5:52:00 PM,98,78
9/26/2026,5:52:01 PM,98,78
9/26/2026,5:52:02 PM,98,77
9/26/2026,5:52:03 PM,98,77
9/26/2026,5:52:04 PM,98,77
9/26/2026,5:52:05 PM,98,76
9/26/2026,5:52:06 PM,98,76
9/26/2026,5:52:07 PM,98,76
9/26/2026,5:52:08 PM,98,76
9/26/2026,5:52:09 PM,98,76
9/26/2026,5:52:10 PM,98,77
9/26/2026,5:52:11 PM,98,77
9/26/2026,5:52:12 PM,98,77
9/26/2026,5:52:13 PM,98,77
9/26/2026,5:52:14 PM,98,77
9/26/2026,5:52:15 PM,98,77
9/26/2026,5:52:16 PM,98,77
9/26/2026,5:52:17 PM,98,77
9/26/2026,5:52:18 PM,98,77
9/26/2026,5:52:19 PM,98,77
9/26/2026,5:52:20 PM,98,77
9/26/2026,5:52:21 PM,98,77
9/26/2026,5:52:22 PM,98,78
9/26/2026,5:52:23 PM,98,78
9/26/2026,5:52:24 PM,98,78
9/26/2026,5:52:25 PM,98,78
9/26/2026,5:52:26 PM,98,78
9/26/2026,5:52:27 PM,98,78
9/26/2026,5:52:28 PM,98,78
9/26/2026,5:52:29 PM,97,78
9/26/2026,5:52:30 PM,97,78
9/26/2026,5:52:31 PM,97,78
9/26/2026,5:52:32 PM,97,78
9/26/2026,5:52:33 PM,97,78
9/26/2026,5:52:34 PM,97,78
9/26/2026,5:52:35 PM,97,78
9/26/2026,5:52:36 PM,97,78
9/26/2026,5:52:37 PM,97,78
9/26/2026,5:52:38 PM,97,78
9/26/2026,5:52:39 PM,97,78
9/26/2026,5:52:40 PM,97,78
9/26/2026,5:52:41 PM,97,78
9/26/2026,5:52:42 PM,97,78
9/26/2026,5:52:43 PM,97,78
9/26/2026,5:52:44 PM,97,78
9/26/2026,5:52:45 PM,97,78
9/26/2026,5:52:46 PM,97,78
9/26/2026,5:52:47 PM,97,78
9/26/2026,5:52:48 PM,97,78
9/26/2026,5:52:49 PM,97,78
9/26/2026,5:52:50 PM,97,78
9/26/2026,5:52:51 PM,97,78
9/26/2026,5:52:52 PM,97,78
9/26/2026,5:52:53 PM,97,77
9/26/2026,5:52:54 PM,97,77
9/26/2026,5:52:55 PM,97,77
9/26/2026,5:52:56 PM,97,77
9/26/2026,5:52:57 PM,97,77
9/26/2026,5:52:58 PM,97,76
9/26/2026,5:52:59 PM,97,76
9/26/2026,5:53:00 PM,97,76
9/26/2026,5:53:01 PM,97,77
9/26/2026,5:53:02 PM,97,77
9/26/2026,5:53:03 PM,97,77
9/26/2026,5:53:04 PM,97,77
9/26/2026,5:53:05 PM,97,77
9/26/2026,5:53:06 PM,97,77
9/26/2026,5:53:07 PM,97,77
9/26/2026,5:53:08 PM,96,77
9/26/2026,5:53:09 PM,96,76
9/26/2026,5:53:10 PM,96,76
9/26/2026,5:53:11 PM,96,76
9/26/2026,5:53:12 PM,96,76
9/26/2026,5:53:13 PM,96,76
9/26/2026,5:53:14 PM,96,76
9/26/2026,5:53:15 PM,96,76
9/26/2026,5:53:16 PM,96,76
9/26/2026,5:53:17 PM,96,76
9/26/2026,5:53:18 PM,96,76
9/26/2026,5:53:19 PM,95,76
9/26/2026,5:53:20 PM,95,76
9/26/2026,5:53:21 PM,95,76
9/26/2026,5:53:22 PM,95,77
9/26/2026,5:53:23 PM,95,77
9/26/2026,5:53:24 PM,95,77
9/26/2026,5:53:25 PM,95,77
9/26/2026,5:53:26 PM,95,77
9/26/2026,5:53:27 PM,95,77
9/26/2026,5:53:28 PM,95,78
9/26/2026,5:53:29 PM,94,77
9/26/2026,5:53:30 PM,94,77
9/26/2026,5:53:31 PM,94,77
9/26/2026,5:53:32 PM,94,77
9/26/2026,5:53:33 PM,94,78
9/26/2026,5:53:34 PM,94,78
9/26/2026,5:53:35 PM,94,78
9/26/2026,5:53:36 PM,94,78
9/26/2026,5:53:37 PM,94,78
9/26/2026,5:53:38 PM,95,78
9/26/2026,5:53:39 PM,95,78
9/26/2026,5:53:40 PM,95,78
9/26/2026,5:53:41 PM,95,78
9/26/2026,5:53:42 PM,95,78
9/26/2026,5:53:43 PM,95,78
9/26/2026,5:53:44 PM,95,78
9/26/2026,5:53:45 PM,95,78
9/26/2026,5:53:46 PM,95,78
9/26/2026,5:53:47 PM,95,78
9/26/2026,5:53:48 PM,95,78
9/26/2026,5:53:49 PM,95,78
9/26/2026,5:53:50 PM,94,78
9/26/2026,5:53:51 PM,94,78
9/26/2026,5:53:52 PM,94,78
9/26/2026,5:53:53 PM,94,78
9/26/2026,5:53:54 PM,95,78
9/26/2026,5:53:55 PM,95,79
9/26/2026,5:53:56 PM,95,79
9/26/2026,5:53:57 PM,95,79
9/26/2026,5:53:58 PM,96,79
9/26/2026,5:53:59 PM,96,80
9/26/2026,5:54:00 PM,97,80
9/26/2026,5:54:01 PM,97,81
9/26/2026,5:54:02 PM,97,81
9/26/2026,5:54:03 PM,98,81
9/26/2026,5:54:04 PM,98,81
9/26/2026,5:54:05 PM,98,81
9/26/2026,5:54:06 PM,98,80
9/26/2026,5:54:07 PM,98,80
9/26/2026,5:54:08 PM,98,79
9/26/2026,5:54:09 PM,98,78
9/26/2026,5:54:10 PM,98,78
9/26/2026,5:54:11 PM,98,78
9/26/2026,5:54:12 PM,98,77
9/26/2026,5:54:13 PM,98,77
9/26/2026,5:54:14 PM,98,77
9/26/2026,5:54:15 PM,98,77
9/26/2026,5:54:16 PM,98,77
9/26/2026,5:54:17 PM,98,77
9/26/2026,5:54:18 PM,98,77
9/26/2026,5:54:19 PM,98,77
9/26/2026,5:54:20 PM,98,77
9/26/2026,5:54:21 PM,98,77
9/26/2026,5:54:22 PM,98,77
9/26/2026,5:54:23 PM,98,77
9/26/2026,5:54:24 PM,98,77
9/26/2026,5:54:25 PM,98,77
9/26/2026,5:54:26 PM,98,77
9/26/2026,5:54:27 PM,98,76
9/26/2026,5:54:28 PM,98,76
9/26/2026,5:54:29 PM,98,76
9/26/2026,5:54:30 PM,98,75
9/26/2026,5:54:31 PM,98,75
9/26/2026,5:54:32 PM,98,75
9/26/2026,5:54:33 PM,98,75
9/26/2026,5:54:34 PM,98,76
9/26/2026,5:54:35 PM,98,76
9/26/2026,5:54:36 PM,98,76
9/26/2026,5:54:37 PM,98,76
9/26/2026,5:54:38 PM,98,77
9/26/2026,5:54:39 PM,98,77
9/26/2026,5:54:40 PM,98,77
9/26/2026,5:54:41 PM,98,77
9/26/2026,5:54:42 PM,98,77
9/26/2026,5:54:43 PM,98,77
9/26/2026,5:54:44 PM,98,77
9/26/2026,5:54:45 PM,98,77
9/26/2026,5:54:46 PM,98,77
9/26/2026,5:54:47 PM,98,77
9/26/2026,5:54:48 PM,98,76
9/26/2026,5:54:49 PM,98,76
9/26/2026,5:54:50 PM,98,76
9/26/2026,5:54:51 PM,98,76
9/26/2026,5:54:52 PM,98,77
9/26/2026,5:54:53 PM,98,77
9/26/2026,5:54:54 PM,98,77
9/26/2026,5:54:55 PM,98,77
9/26/2026,5:54:56 PM,98,77
9/26/2026,5:54:57 PM,98,77
9/26/2026,5:54:58 PM,98,77
9/26/2026,5:54:59 PM,98,77
9/26/2026,5:55:00 PM,98,77
9/26/2026,5:55:01 PM,98,77
9/26/2026,5:55:02 PM,98,77
9/26/2026,5:55:03 PM,98,77
9/26/2026,5:55:04 PM,98,77
9/26/2026,5:55:05 PM,98,77
9/26/2026,5:55:06 PM,98,77
9/26/2026,5:55:07 PM,98,76
9/26/2026,5:55:08 PM,97,76
9/26/2026,5:55:09 PM,97,76
9/26/2026,5:55:10 PM,97,76
9/26/2026,5:55:11 PM,97,76
9/26/2026,5:55:12 PM,97,76
9/26/2026,5:55:13 PM,97,76
9/26/2026,5:55:14 PM,97,76
9/26/2026,5:55:15 PM,97,76
9/26/2026,5:55:16 PM,96,76
9/26/2026,5:55:17 PM,96,76
9/26/2026,5:55:18 PM,96,76
9/26/2026,5:55:19 PM,96,76
9/26/2026,5:55:20 PM,96,76
9/26/2026,5:55:21 PM,96,76
9/26/2026,5:55:22 PM,96,76
9/26/2026,5:55:23 PM,96,77
9/26/2026,5:55:24 PM,96,77
9/26/2026,5:55:25 PM,96,76
9/26/2026,5:55:26 PM,96,76
9/26/2026,5:55:27 PM,96,76
9/26/2026,5:55:28 PM,96,76
9/26/2026,5:55:29 PM,96,76
9/26/2026,5:55:30 PM,96,76
9/26/2026,5:55:31 PM,95,76
9/26/2026,5:55:32 PM,95,76
9/26/2026,5:55:33 PM,95,76
9/26/2026,5:55:34 PM,95,76
9/26/2026,5:55:35 PM,95,76
9/26/2026,5:55:36 PM,95,76
9/26/2026,5:55:37 PM,95,75
9/26/2026,5:55:38 PM,95,75
9/26/2026,5:55:39 PM,95,75
9/26/2026,5:55:40 PM,95,75
9/26/2026,5:55:41 PM,95,76
9/26/2026,5:55:42 PM,95,76
9/26/2026,5:55:43 PM,95,76
9/26/2026,5:55:44 PM,95,76
9/26/2026,5:55:45 PM,95,76
9/26/2026,5:55:46 PM,95,76
9/26/2026,5:55:47 PM,95,76
9/26/2026,5:55:48 PM,95,76
9/26/2026,5:55:49 PM,95,76
9/26/2026,5:55:50 PM,95,76
9/26/2026,5:55:51 PM,95,76
9/26/2026,5:55:52 PM,94,76
9/26/2026,5:55:53 PM,94,76
9/26/2026,5:55:54 PM,94,76
9/26/2026,5:55:55 PM,94,76
9/26/2026,5:55:56 PM,94,76
9/26/2026,5:55:57 PM,94,76
9/26/2026,5:55:58 PM,93,76
9/26/2026,5:55:59 PM,93,76
9/26/2026,5:56:00 PM,94,76
9/26/2026,5:56:01 PM,94,76
9/26/2026,5:56:02 PM,94,76
9/26/2026,5:56:03 PM,94,76
9/26/2026,5:56:04 PM,93,76
9/26/2026,5:56:05 PM,93,76
9/26/2026,5:56:06 PM,94,77
9/26/2026,5:56:07 PM,94,77
9/26/2026,5:56:08 PM,94,77
9/26/2026,5:56:09 PM,94,77
9/26/2026,5:56:10 PM,94,77
9/26/2026,5:56:11 PM,94,77
9/26/2026,5:56:12 PM,94,77
9/26/2026,5:56:13 PM,95,77
9/26/2026,5:56:14 PM,95,77
9/26/2026,5:56:15 PM,95,77
9/26/2026,5:56:16 PM,95,77
9/26/2026,5:56:17 PM,95,77
9/26/2026,5:56:18 PM,95,77
9/26/2026,5:56:19 PM,95,77
9/26/2026,5:56:20 PM,95,77
9/26/2026,5:56:21 PM,95,77
9/26/2026,5:56:22 PM,96,77
9/26/2026,5:56:23 PM,96,77
9/26/2026,5:56:24 PM,97,77
9/26/2026,5:56:25 PM,98,77
9/26/2026,5:56:26 PM,98,77
9/26/2026,5:56:27 PM,98,78
9/26/2026,5:56:28 PM,98,78
9/26/2026,5:56:29 PM,98,78
9/26/2026,5:56:30 PM,98,78
9/26/2026,5:56:31 PM,98,78
9/26/2026,5:56:32 PM,98,78
9/26/2026,5:56:33 PM,98,78
9/26/2026,5:56:34 PM,99,78
9/26/2026,5:56:35 PM,99,77
9/26/2026,5:56:36 PM,99,76
9/26/2026,5:56:37 PM,99,76
9/26/2026,5:56:38 PM,99,75
9/26/2026,5:56:39 PM,99,74
9/26/2026,5:56:40 PM,99,74
9/26/2026,5:56:41 PM,99,74
9/26/2026,5:56:42 PM,99,74
9/26/2026,5:56:43 PM,99,75
9/26/2026,5:56:44 PM,99,75
9/26/2026,5:56:45 PM,99,76
9/26/2026,5:56:46 PM,99,76
9/26/2026,5:56:47 PM,99,76
9/26/2026,5:56:48 PM,99,76
9/26/2026,5:56:49 PM,99,76
9/26/2026,5:56:50 PM,99,76
9/26/2026,5:56:51 PM,99,76
9/26/2026,5:56:52 PM,99,76
9/26/2026,5:56:53 PM,99,76
9/26/2026,5:56:54 PM,99,76
9/26/2026,5:56:55 PM,99,75
9/26/2026,5:56:56 PM,98,75
9/26/2026,5:56:57 PM,98,75
9/26/2026,5:56:58 PM,98,75
9/26/2026,5:56:59 PM,98,75
9/26/2026,5:57:00 PM,98,75
9/26/2026,5:57:01 PM,98,75
9/26/2026,5:57:02 PM,98,75
9/26/2026,5:57:03 PM,98,75
9/26/2026,5:57:04 PM,98,75
9/26/2026,5:57:05 PM,97,75
9/26/2026,5:57:06 PM,97,75
9/26/2026,5:57:07 PM,97,75
9/26/2026,5:57:08 PM,97,75
9/26/2026,5:57:09 PM,97,75
9/26/2026,5:57:10 PM,97,75
9/26/2026,5:57:11 PM,97,75
9/26/2026,5:57:12 PM,96,75
9/26/2026,5:57:13 PM,96,75
9/26/2026,5:57:14 PM,96,75
9/26/2026,5:57:15 PM,96,75
9/26/2026,5:57:16 PM,97,75
9/26/2026,5:57:17 PM,97,75
9/26/2026,5:57:18 PM,97,76
9/26/2026,5:57:19 PM,97,76
9/26/2026,5:57:20 PM,97,76
9/26/2026,5:57:21 PM,97,76
9/26/2026,5:57:22 PM,97,76
9/26/2026,5:57:23 PM,97,76
9/26/2026,5:57:24 PM,97,77
9/26/2026,5:57:25 PM,97,77
9/26/2026,5:57:26 PM,97,77
9/26/2026,5:57:27 PM,97,77
9/26/2026,5:57:28 PM,97,77
9/26/2026,5:57:29 PM,97,77
9/26/2026,5:57:30 PM,97,77
9/26/2026,5:57:31 PM,97,77
9/26/2026,5:57:32 PM,97,77
9/26/2026,5:57:33 PM,97,77
9/26/2026,5:57:34 PM,97,77
9/26/2026,5:57:35 PM,97,77
9/26/2026,5:57:36 PM,97,77
9/26/2026,5:57:37 PM,97,77
9/26/2026,5:57:38 PM,97,77
9/26/2026,5:57:39 PM,97,77
9/26/2026,5:57:40 PM,97,77
9/26/2026,5:57:41 PM,96,77
9/26/2026,5:57:42 PM,96,77
9/26/2026,5:57:43 PM,96,77
9/26/2026,5:57:44 PM,96,77
9/26/2026,5:57:45 PM,96,77
9/26/2026,5:57:46 PM,96,77
9/26/2026,5:57:47 PM,95,77
9/26/2026,5:57:48 PM,95,77
9/26/2026,5:57:49 PM,95,77
9/26/2026,5:57:50 PM,95,77
9/26/2026,5:57:51 PM,95,76
9/26/2026,5:57:52 PM,95,76
9/26/2026,5:57:53 PM,95,76
9/26/2026,5:57:54 PM,95,76
9/26/2026,5:57:55 PM,95,76
9/26/2026,5:57:56 PM,94,76
9/26/2026,5:57:57 PM,94,76
9/26/2026,5:57:58 PM,94,76
9/26/2026,5:57:59 PM,94,76
9/26/2026,5:58:00 PM,94,76
9/26/2026,5:58:01 PM,94,76
9/26/2026,5:58:02 PM,94,76
9/26/2026,5:58:03 PM,94,76
9/26/2026,5:58:04 PM,94,76
9/26/2026,5:58:05 PM,94,77
9/26/2026,5:58:06 PM,94,77
9/26/2026,5:58:07 PM,94,77
9/26/2026,5:58:08 PM,94,78
9/26/2026,5:58:09 PM,94,78
9/26/2026,5:58:10 PM,94,78
9/26/2026,5:58:11 PM,94,78
9/26/2026,5:58:12 PM,94,77
9/26/2026,5:58:13 PM,94,77
9/26/2026,5:58:14 PM,94,76
9/26/2026,5:58:15 PM,94,76
9/26/2026,5:58:16 PM,94,76
9/26/2026,5:58:17 PM,94,76
9/26/2026,5:58:18 PM,94,76
9/26/2026,5:58:19 PM,94,76
9/26/2026,5:58:20 PM,95,76
9/26/2026,5:58:21 PM,95,76
9/26/2026,5:58:22 PM,95,76
9/26/2026,5:58:23 PM,95,76
9/26/2026,5:58:24 PM,95,76
9/26/2026,5:58:25 PM,95,76
9/26/2026,5:58:26 PM,95,76
9/26/2026,5:58:27 PM,96,76
9/26/2026,5:58:28 PM,96,76
9/26/2026,5:58:29 PM,96,76
9/26/2026,5:58:30 PM,97,76
9/26/2026,5:58:31 PM,97,76
9/26/2026,5:58:32 PM,97,76
9/26/2026,5:58:33 PM,97,76
9/26/2026,5:58:34 PM,97,76
9/26/2026,5:58:35 PM,97,76
9/26/2026,5:58:36 PM,97,76
9/26/2026,5:58:37 PM,97,76
9/26/2026,5:58:38 PM,97,76
9/26/2026,5:58:39 PM,97,76
9/26/2026,5:58:40 PM,97,76
9/26/2026,5:58:41 PM,97,76
9/26/2026,5:58:42 PM,96,76
9/26/2026,5:58:43 PM,96,76
9/26/2026,5:58:44 PM,96,76
9/26/2026,5:58:45 PM,96,76
9/26/2026,5:58:46 PM,96,76
9/26/2026,5:58:47 PM,95,76
9/26/2026,5:58:48 PM,95,76
9/26/2026,5:58:49 PM,95,76
9/26/2026,5:58:50 PM,95,75
9/26/2026,5:58:51 PM,95,75
9/26/2026,5:58:52 PM,95,75
9/26/2026,5:58:53 PM,94,75
9/26/2026,5:58:54 PM,94,75
9/26/2026,5:58:55 PM,94,75
9/26/2026,5:58:56 PM,94,76
9/26/2026,5:58:57 PM,94,76
9/26/2026,5:58:58 PM,94,76
9/26/2026,5:58:59 PM,94,76
9/26/2026,5:59:00 PM,94,76
9/26/2026,5:59:01 PM,94,76
9/26/2026,5:59:02 PM,94,76
9/26/2026,5:59:03 PM,94,76
9/26/2026,5:59:04 PM,94,76
9/26/2026,5:59:05 PM,94,75
9/26/2026,5:59:06 PM,94,75
9/26/2026,5:59:07 PM,94,75
9/26/2026,5:59:08 PM,94,75
9/26/2026,5:59:09 PM,94,74
9/26/2026,5:59:10 PM,94,74
9/26/2026,5:59:11 PM,94,75
9/26/2026,5:59:12 PM,94,75
9/26/2026,5:59:13 PM,94,75
9/26/2026,5:59:14 PM,94,76
9/26/2026,5:59:15 PM,94,76
9/26/2026,5:59:16 PM,94,76
9/26/2026,5:59:17 PM,94,76
9/26/2026,5:59:18 PM,94,76
9/26/2026,5:59:19 PM,94,76
9/26/2026,5:59:20 PM,94,76
9/26/2026,5:59:21 PM,94,76
9/26/2026,5:59:22 PM,94,76
9/26/2026,5:59:23 PM,95,76
9/26/2026,5:59:24 PM,96,76
9/26/2026,5:59:25 PM,96,76
9/26/2026,5:59:26 PM,97,76
9/26/2026,5:59:27 PM,98,76
9/26/2026,5:59:28 PM,98,76
9/26/2026,5:59:29 PM,98,76
9/26/2026,5:59:30 PM,98,76
9/26/2026,5:59:31 PM,98,76
9/26/2026,5:59:32 PM,98,76
9/26/2026,5:59:33 PM,98,76
9/26/2026,5:59:34 PM,98,76
9/26/2026,5:59:35 PM,98,76
9/26/2026,5:59:36 PM,98,76
9/26/2026,5:59:37 PM,98,76
9/26/2026,5:59:38 PM,98,76
9/26/2026,5:59:39 PM,98,76
9/26/2026,5:59:40 PM,97,76
9/26/2026,5:59:41 PM,97,76
9/26/2026,5:59:42 PM,97,76
9/26/2026,5:59:43 PM,97,76
9/26/2026,5:59:44 PM,97,75
9/26/2026,5:59:45 PM,96,75
9/26/2026,5:59:46 PM,96,75
9/26/2026,5:59:47 PM,96,75
9/26/2026,5:59:48 PM,96,75
9/26/2026,5:59:49 PM,96,74
9/26/2026,5:59:50 PM,95,74
9/26/2026,5:59:51 PM,95,74
9/26/2026,5:59:52 PM,95,74
9/26/2026,5:59:53 PM,95,74
9/26/2026,5:59:54 PM,95,75
9/26/2026,5:59:55 PM,95,75
9/26/2026,5:59:56 PM,94,75
9/26/2026,5:59:57 PM,94,75
9/26/2026,5:59:58 PM,94,75
9/26/2026,5:59:59 PM,94,75
9/26/2026,6:00:00 PM,94,75
9/26/2026,6:00:01 PM,94,75
9/26/2026,6:00:02 PM,94,75
9/26/2026,6:00:03 PM,94,75
9/26/2026,6:00:04 PM,94,75
9/26/2026,6:00:05 PM,94,75
9/26/2026,6:00:06 PM,94,75
9/26/2026,6:00:07 PM,94,76
9/26/2026,6:00:08 PM,94,76
9/26/2026,6:00:09 PM,94,76
9/26/2026,6:00:10 PM,94,76
9/26/2026,6:00:11 PM,94,76
9/26/2026,6:00:12 PM,94,76
9/26/2026,6:00:13 PM,94,76
9/26/2026,6:00:14 PM,94,76
9/26/2026,6:00:15 PM,94,76
9/26/2026,6:00:16 PM,94,76
9/26/2026,6:00:17 PM,94,76
9/26/2026,6:00:18 PM,94,76
9/26/2026,6:00:19 PM,95,76
9/26/2026,6:00:20 PM,95,76
9/26/2026,6:00:21 PM,94,76
9/26/2026,6:00:22 PM,95,75
9/26/2026,6:00:23 PM,95,75
9/26/2026,6:00:24 PM,95,75
9/26/2026,6:00:25 PM,95,76
9/26/2026,6:00:26 PM,95,76
9/26/2026,6:00:27 PM,94,75
9/26/2026,6:00:28 PM,94,75
9/26/2026,6:00:29 PM,94,75
9/26/2026,6:00:30 PM,94,75
9/26/2026,6:00:31 PM,94,75
9/26/2026,6:00:32 PM,94,75
9/26/2026,6:00:33 PM,94,74
9/26/2026,6:00:34 PM,94,74
9/26/2026,6:00:35 PM,94,74
9/26/2026,6:00:36 PM,95,74
9/26/2026,6:00:37 PM,95,74
9/26/2026,6:00:38 PM,95,74
9/26/2026,6:00:39 PM,96,74
9/26/2026,6:00:40 PM,97,74
9/26/2026,6:00:41 PM,97,74
9/26/2026,6:00:42 PM,98,74
9/26/2026,6:00:43 PM,98,74
9/26/2026,6:00:44 PM,99,74
9/26/2026,6:00:45 PM,99,74
9/26/2026,6:00:46 PM,99,74
9/26/2026,6:00:47 PM,99,74
9/26/2026,6:00:48 PM,99,74
9/26/2026,6:00:49 PM,99,74
9/26/2026,6:00:50 PM,99,74
9/26/2026,6:00:51 PM,99,74
9/26/2026,6:00:52 PM,99,74
9/26/2026,6:00:53 PM,99,74
9/26/2026,6:00:54 PM,99,74
9/26/2026,6:00:55 PM,99,74
9/26/2026,6:00:56 PM,99,74
9/26/2026,6:00:57 PM,98,74
9/26/2026,6:00:58 PM,98,74
9/26/2026,6:00:59 PM,98,74
9/26/2026,6:01:00 PM,98,74
9/26/2026,6:01:01 PM,98,74
9/26/2026,6:01:02 PM,98,74
9/26/2026,6:01:03 PM,98,74
9/26/2026,6:01:04 PM,97,74
9/26/2026,6:01:05 PM,97,74
9/26/2026,6:01:06 PM,97,74
9/26/2026,6:01:07 PM,97,74
9/26/2026,6:01:08 PM,97,74
9/26/2026,6:01:09 PM,97,74
9/26/2026,6:01:10 PM,96,74
9/26/2026,6:01:11 PM,96,75
9/26/2026,6:01:12 PM,96,75
9/26/2026,6:01:13 PM,96,75
9/26/2026,6:01:14 PM,96,75
9/26/2026,6:01:15 PM,95,75
9/26/2026,6:01:16 PM,95,75
9/26/2026,6:01:17 PM,95,75
9/26/2026,6:01:18 PM,95,75
9/26/2026,6:01:19 PM,95,75
9/26/2026,6:01:20 PM,94,75
9/26/2026,6:01:21 PM,94,75
9/26/2026,6:01:22 PM,94,75
9/26/2026,6:01:23 PM,94,75
9/26/2026,6:01:24 PM,94,75
9/26/2026,6:01:25 PM,93,75
9/26/2026,6:01:26 PM,93,75
9/26/2026,6:01:27 PM,93,75
9/26/2026,6:01:28 PM,93,75
9/26/2026,6:01:29 PM,93,75
9/26/2026,6:01:30 PM,93,75
9/26/2026,6:01:31 PM,94,75
9/26/2026,6:01:32 PM,94,75
9/26/2026,6:01:33 PM,94,75
9/26/2026,6:01:34 PM,94,75
9/26/2026,6:01:35 PM,93,75
9/26/2026,6:01:36 PM,93,75
9/26/2026,6:01:37 PM,93,75
9/26/2026,6:01:38 PM,93,76
9/26/2026,6:01:39 PM,93,76
9/26/2026,6:01:40 PM,93,76
9/26/2026,6:01:41 PM,93,76
9/26/2026,6:01:42 PM,93,76
9/26/2026,6:01:43 PM,93,76
9/26/2026,6:01:44 PM,93,76
9/26/2026,6:01:45 PM,93,76
9/26/2026,6:01:46 PM,93,76
9/26/2026,6:01:47 PM,93,76
9/26/2026,6:01:48 PM,93,76
9/26/2026,6:01:49 PM,93,76
9/26/2026,6:01:50 PM,93,76
9/26/2026,6:01:51 PM,93,76
9/26/2026,6:01:52 PM,93,76
9/26/2026,6:01:53 PM,92,76
9/26/2026,6:01:54 PM,92,76
9/26/2026,6:01:55 PM,92,76
9/26/2026,6:01:56 PM,91,75
9/26/2026,6:01:57 PM,91,75
9/26/2026,6:01:58 PM,91,75
9/26/2026,6:01:59 PM,91,75
9/26/2026,6:02:00 PM,91,75
9/26/2026,6:02:01 PM,91,75
9/26/2026,6:02:02 PM,91,74
9/26/2026,6:02:03 PM,91,74
9/26/2026,6:02:04 PM,91,74
9/26/2026,6:02:05 PM,91,73
9/26/2026,6:02:06 PM,91,73
9/26/2026,6:02:07 PM,92,73
9/26/2026,6:02:08 PM,92,73
9/26/2026,6:02:09 PM,93,73
9/26/2026,6:02:10 PM,95,73
9/26/2026,6:02:11 PM,96,73
9/26/2026,6:02:12 PM,96,73
9/26/2026,6:02:13 PM,96,73
9/26/2026,6:02:14 PM,97,74
9/26/2026,6:02:15 PM,98,74
9/26/2026,6:02:16 PM,98,74
9/26/2026,6:02:17 PM,98,74
9/26/2026,6:02:18 PM,99,74
9/26/2026,6:02:19 PM,99,75
9/26/2026,6:02:20 PM,99,75
9/26/2026,6:02:21 PM,99,75
9/26/2026,6:02:22 PM,99,75
9/26/2026,6:02:23 PM,99,75
9/26/2026,6:02:24 PM,99,75
9/26/2026,6:02:25 PM,99,75
9/26/2026,6:02:26 PM,99,75
9/26/2026,6:02:27 PM,99,74
9/26/2026,6:02:28 PM,99,74
9/26/2026,6:02:29 PM,99,74
9/26/2026,6:02:30 PM,99,74
9/26/2026,6:02:31 PM,99,74
9/26/2026,6:02:32 PM,99,74
9/26/2026,6:02:33 PM,99,74
9/26/2026,6:02:34 PM,99,74
9/26/2026,6:02:35 PM,99,74
9/26/2026,6:02:36 PM,99,74
9/26/2026,6:02:37 PM,99,74
9/26/2026,6:02:38 PM,99,74
9/26/2026,6:02:39 PM,99,74
9/26/2026,6:02:40 PM,99,74
9/26/2026,6:02:41 PM,99,74
9/26/2026,6:02:42 PM,99,74
9/26/2026,6:02:43 PM,99,74
9/26/2026,6:02:44 PM,99,74
9/26/2026,6:02:45 PM,99,74
9/26/2026,6:02:46 PM,99,74
9/26/2026,6:02:47 PM,99,74
9/26/2026,6:02:48 PM,99,74
9/26/2026,6:02:49 PM,99,74
9/26/2026,6:02:50 PM,99,74
9/26/2026,6:02:51 PM,99,74
9/26/2026,6:02:52 PM,99,74
9/26/2026,6:02:53 PM,99,75
9/26/2026,6:02:54 PM,99,75
9/26/2026,6:02:55 PM,98,75
9/26/2026,6:02:56 PM,98,75
9/26/2026,6:02:57 PM,98,75
9/26/2026,6:02:58 PM,98,75
9/26/2026,6:02:59 PM,98,75
9/26/2026,6:03:00 PM,98,75
9/26/2026,6:03:01 PM,98,75
9/26/2026,6:03:02 PM,98,76
9/26/2026,6:03:03 PM,98,76
9/26/2026,6:03:04 PM,98,76
9/26/2026,6:03:05 PM,98,76
9/26/2026,6:03:06 PM,98,76
9/26/2026,6:03:07 PM,98,76
9/26/2026,6:03:08 PM,98,76
9/26/2026,6:03:09 PM,98,76
9/26/2026,6:03:10 PM,98,76
9/26/2026,6:03:11 PM,98,76
9/26/2026,6:03:12 PM,98,76
9/26/2026,6:03:13 PM,98,76
9/26/2026,6:03:14 PM,98,76
9/26/2026,6:03:15 PM,98,76
9/26/2026,6:03:16 PM,98,76
9/26/2026,6:03:17 PM,98,76
9/26/2026,6:03:18 PM,98,76
9/26/2026,6:03:19 PM,98,76
9/26/2026,6:03:20 PM,98,76
9/26/2026,6:03:21 PM,98,76
9/26/2026,6:03:22 PM,97,76
9/26/2026,6:03:23 PM,97,76
9/26/2026,6:03:24 PM,97,76
9/26/2026,6:03:25 PM,97,76
9/26/2026,6:03:26 PM,98,76
9/26/2026,6:03:27 PM,98,77
9/26/2026,6:03:28 PM,98,77
9/26/2026,6:03:29 PM,98,78
9/26/2026,6:03:30 PM,98,78
9/26/2026,6:03:31 PM,98,78
9/26/2026,6:03:32 PM,99,78
9/26/2026,6:03:33 PM,99,78
9/26/2026,6:03:34 PM,99,78
9/26/2026,6:03:35 PM,99,78
9/26/2026,6:03:36 PM,99,78
9/26/2026,6:03:37 PM,99,78
9/26/2026,6:03:38 PM,99,77
9/26/2026,6:03:39 PM,99,77
9/26/2026,6:03:40 PM,99,77
9/26/2026,6:03:41 PM,99,76
9/26/2026,6:03:42 PM,99,76
9/26/2026,6:03:43 PM,99,76
9/26/2026,6:03:44 PM,99,76
9/26/2026,6:03:45 PM,99,76
9/26/2026,6:03:46 PM,98,76
9/26/2026,6:03:47 PM,98,76
9/26/2026,6:03:48 PM,98,77
9/26/2026,6:03:49 PM,98,77
9/26/2026,6:03:50 PM,98,77
9/26/2026,6:03:51 PM,98,77
9/26/2026,6:03:52 PM,98,77
9/26/2026,6:03:53 PM,98,77
9/26/2026,6:03:54 PM,98,77
9/26/2026,6:03:55 PM,98,77
9/26/2026,6:03:56 PM,98,77
9/26/2026,6:03:57 PM,98,77
9/26/2026,6:03:58 PM,98,77
9/26/2026,6:03:59 PM,98,77
9/26/2026,6:04:00 PM,98,77
9/26/2026,6:04:01 PM,98,77
9/26/2026,6:04:02 PM,98,77
9/26/2026,6:04:03 PM,98,77
9/26/2026,6:04:04 PM,98,77
9/26/2026,6:04:05 PM,98,76
9/26/2026,6:04:06 PM,98,75
9/26/2026,6:04:07 PM,99,75
9/26/2026,6:04:08 PM,99,75
9/26/2026,6:04:09 PM,99,75
9/26/2026,6:04:10 PM,99,75
9/26/2026,6:04:11 PM,99,75
9/26/2026,6:04:12 PM,99,75
9/26/2026,6:04:13 PM,99,75
9/26/2026,6:04:14 PM,99,75
9/26/2026,6:04:15 PM,99,75
9/26/2026,6:04:16 PM,98,76
9/26/2026,6:04:17 PM,98,77
9/26/2026,6:04:18 PM,98,78
9/26/2026,6:04:19 PM,98,78
9/26/2026,6:04:20 PM,98,78
9/26/2026,6:04:21 PM,98,78
9/26/2026,6:04:22 PM,98,78
9/26/2026,6:04:23 PM,98,78
9/26/2026,6:04:24 PM,98,78
9/26/2026,6:04:25 PM,98,78
9/26/2026,6:04:26 PM,98,78
9/26/2026,6:04:27 PM,98,78
9/26/2026,6:04:28 PM,98,78
9/26/2026,6:04:29 PM,98,78
9/26/2026,6:04:30 PM,98,78
9/26/2026,6:04:31 PM,98,78
9/26/2026,6:04:32 PM,98,79
9/26/2026,6:04:33 PM,98,79
9/26/2026,6:04:34 PM,98,79
9/26/2026,6:04:35 PM,98,79
9/26/2026,6:04:36 PM,98,79
9/26/2026,6:04:37 PM,98,79
9/26/2026,6:04:38 PM,98,79
9/26/2026,6:04:39 PM,98,79
9/26/2026,6:04:40 PM,98,79
9/26/2026,6:04:41 PM,98,79
9/26/2026,6:04:42 PM,98,79
9/26/2026,6:04:43 PM,98,79
9/26/2026,6:04:44 PM,98,79
9/26/2026,6:04:45 PM,98,79
9/26/2026,6:04:46 PM,98,79
9/26/2026,6:04:47 PM,98,79
9/26/2026,6:04:48 PM,98,79
9/26/2026,6:04:49 PM,98,79
9/26/2026,6:04:50 PM,98,79
9/26/2026,6:04:51 PM,98,80
9/26/2026,6:04:52 PM,98,80
9/26/2026,6:04:53 PM,98,80
9/26/2026,6:04:54 PM,98,80
9/26/2026,6:04:55 PM,98,80
9/26/2026,6:04:56 PM,98,81
9/26/2026,6:04:57 PM,98,80
9/26/2026,6:04:58 PM,98,80
9/26/2026,6:04:59 PM,98,80
9/26/2026,6:05:00 PM,98,80
9/26/2026,6:05:01 PM,98,80
9/26/2026,6:05:02 PM,98,80
9/26/2026,6:05:03 PM,98,80
9/26/2026,6:05:04 PM,98,80
9/26/2026,6:05:05 PM,98,80
9/26/2026,6:05:06 PM,98,80
9/26/2026,6:05:07 PM,98,80
9/26/2026,6:05:08 PM,98,80
9/26/2026,6:05:09 PM,98,79
9/26/2026,6:05:10 PM,98,79
9/26/2026,6:05:11 PM,98,79
9/26/2026,6:05:12 PM,98,79
9/26/2026,6:05:13 PM,98,79
9/26/2026,6:05:14 PM,98,79
9/26/2026,6:05:15 PM,98,79
9/26/2026,6:05:16 PM,98,79
9/26/2026,6:05:17 PM,98,79
9/26/2026,6:05:18 PM,98,79
9/26/2026,6:05:19 PM,98,79
9/26/2026,6:05:20 PM,98,79
9/26/2026,6:05:21 PM,98,79
9/26/2026,6:05:22 PM,98,79
9/26/2026,6:05:23 PM,98,79
9/26/2026,6:05:24 PM,98,79
9/26/2026,6:05:25 PM,98,79
9/26/2026,6:05:26 PM,98,79
9/26/2026,6:05:27 PM,98,79
9/26/2026,6:05:28 PM,98,79
9/26/2026,6:05:29 PM,98,79
9/26/2026,6:05:30 PM,98,79
9/26/2026,6:05:31 PM,97,79
9/26/2026,6:05:32 PM,97,79
9/26/2026,6:05:33 PM,97,79
9/26/2026,6:05:34 PM,97,79
9/26/2026,6:05:35 PM,97,79
9/26/2026,6:05:36 PM,97,79
9/26/2026,6:05:37 PM,97,79
9/26/2026,6:05:38 PM,97,79
9/26/2026,6:05:39 PM,98,79
9/26/2026,6:05:40 PM,98,79
9/26/2026,6:05:41 PM,98,79
9/26/2026,6:05:42 PM,98,79
9/26/2026,6:05:43 PM,98,79
9/26/2026,6:05:44 PM,98,79
9/26/2026,6:05:45 PM,98,79
9/26/2026,6:05:46 PM,98,79
9/26/2026,6:05:47 PM,98,80
9/26/2026,6:05:48 PM,98,80
9/26/2026,6:05:49 PM,97,80
9/26/2026,6:05:50 PM,97,80
9/26/2026,6:05:51 PM,97,80
9/26/2026,6:05:52 PM,97,80
9/26/2026,6:05:53 PM,97,80
9/26/2026,6:05:54 PM,97,80
9/26/2026,6:05:55 PM,97,80
9/26/2026,6:05:56 PM,97,80
9/26/2026,6:05:57 PM,97,80
9/26/2026,6:05:58 PM,97,80
9/26/2026,6:05:59 PM,97,80
9/26/2026,6:06:00 PM,97,80
9/26/2026,6:06:01 PM,97,80
9/26/2026,6:06:02 PM,97,80
9/26/2026,6:06:03 PM,97,80
9/26/2026,6:06:04 PM,97,80
9/26/2026,6:06:05 PM,98,80
9/26/2026,6:06:06 PM,97,80
9/26/2026,6:06:07 PM,97,80
9/26/2026,6:06:08 PM,97,80
9/26/2026,6:06:09 PM,98,80
9/26/2026,6:06:10 PM,98,80
9/26/2026,6:06:11 PM,98,80
9/26/2026,6:06:12 PM,98,80
9/26/2026,6:06:13 PM,98,79
9/26/2026,6:06:14 PM,98,79
9/26/2026,6:06:15 PM,98,78
9/26/2026,6:06:16 PM,98,77
9/26/2026,6:06:17 PM,98,77
9/26/2026,6:06:18 PM,98,77
9/26/2026,6:06:19 PM,98,76
9/26/2026,6:06:20 PM,98,76
9/26/2026,6:06:21 PM,98,77
9/26/2026,6:06:22 PM,98,77
9/26/2026,6:06:23 PM,98,78
9/26/2026,6:06:24 PM,98,78
9/26/2026,6:06:25 PM,98,78
9/26/2026,6:06:26 PM,98,78
9/26/2026,6:06:27 PM,98,79
9/26/2026,6:06:28 PM,98,79
9/26/2026,6:06:29 PM,98,79
9/26/2026,6:06:30 PM,98,80
9/26/2026,6:06:31 PM,98,81
9/26/2026,6:06:32 PM,98,81
9/26/2026,6:06:33 PM,98,81
9/26/2026,6:06:34 PM,98,80
9/26/2026,6:06:35 PM,98,80
9/26/2026,6:06:36 PM,98,80
9/26/2026,6:06:37 PM,98,80
9/26/2026,6:06:38 PM,98,80
9/26/2026,6:06:39 PM,98,79
9/26/2026,6:06:40 PM,98,79
9/26/2026,6:06:41 PM,98,79
9/26/2026,6:06:42 PM,98,79
9/26/2026,6:06:43 PM,98,79
9/26/2026,6:06:44 PM,98,79
9/26/2026,6:06:45 PM,98,79
9/26/2026,6:06:46 PM,98,79
9/26/2026,6:06:47 PM,98,79
9/26/2026,6:06:48 PM,98,79
9/26/2026,6:06:49 PM,98,78
9/26/2026,6:06:50 PM,98,78
9/26/2026,6:06:51 PM,98,77
9/26/2026,6:06:52 PM,98,77
9/26/2026,6:06:53 PM,98,78
9/26/2026,6:06:54 PM,98,78
9/26/2026,6:06:55 PM,98,78
9/26/2026,6:06:56 PM,98,78
9/26/2026,6:06:57 PM,98,78
9/26/2026,6:06:58 PM,98,78
9/26/2026,6:06:59 PM,98,78
9/26/2026,6:07:00 PM,98,78
9/26/2026,6:07:01 PM,98,79
9/26/2026,6:07:02 PM,98,79
9/26/2026,6:07:03 PM,98,80
9/26/2026,6:07:04 PM,98,80
9/26/2026,6:07:05 PM,98,80
9/26/2026,6:07:06 PM,98,80
9/26/2026,6:07:07 PM,98,80
9/26/2026,6:07:08 PM,98,81
9/26/2026,6:07:09 PM,98,81
9/26/2026,6:07:10 PM,98,81
9/26/2026,6:07:11 PM,98,82
9/26/2026,6:07:12 PM,98,82
9/26/2026,6:07:13 PM,98,82
9/26/2026,6:07:14 PM,98,82
9/26/2026,6:07:15 PM,98,82
9/26/2026,6:07:16 PM,98,81
9/26/2026,6:07:17 PM,98,81
9/26/2026,6:07:18 PM,98,81
9/26/2026,6:07:19 PM,98,81
9/26/2026,6:07:20 PM,98,81
9/26/2026,6:07:21 PM,98,81
9/26/2026,6:07:22 PM,98,81
9/26/2026,6:07:23 PM,98,81
9/26/2026,6:07:24 PM,98,81
9/26/2026,6:07:25 PM,98,81
9/26/2026,6:07:26 PM,98,81
9/26/2026,6:07:27 PM,98,81
9/26/2026,6:07:28 PM,98,81
9/26/2026,6:07:29 PM,98,81
9/26/2026,6:07:30 PM,98,81
9/26/2026,6:07:31 PM,98,81
9/26/2026,6:07:32 PM,98,81
9/26/2026,6:07:33 PM,98,81
9/26/2026,6:07:34 PM,98,81
9/26/2026,6:07:35 PM,98,81
9/26/2026,6:07:36 PM,98,81
9/26/2026,6:07:37 PM,98,81
9/26/2026,6:07:38 PM,98,81
9/26/2026,6:07:39 PM,98,81
9/26/2026,6:07:40 PM,98,81
9/26/2026,6:07:41 PM,98,81
9/26/2026,6:07:42 PM,98,81
9/26/2026,6:07:43 PM,98,81
9/26/2026,6:07:44 PM,98,81
9/26/2026,6:07:45 PM,98,81
9/26/2026,6:07:46 PM,98,81
9/26/2026,6:07:47 PM,98,81
9/26/2026,6:07:48 PM,98,81
9/26/2026,6:07:49 PM,98,81
9/26/2026,6:07:50 PM,98,81
9/26/2026,6:07:51 PM,98,81
9/26/2026,6:07:52 PM,98,81
9/26/2026,6:07:53 PM,98,81
9/26/2026,6:07:54 PM,98,81
9/26/2026,6:07:55 PM,98,81
9/26/2026,6:07:56 PM,98,81
9/26/2026,6:07:57 PM,98,81
9/26/2026,6:07:58 PM,98,81
9/26/2026,6:07:59 PM,98,81
9/26/2026,6:08:00 PM,98,81
9/26/2026,6:08:01 PM,98,81
9/26/2026,6:08:02 PM,98,81
9/26/2026,6:08:03 PM,98,81
9/26/2026,6:08:04 PM,98,81
9/26/2026,6:08:05 PM,98,81
9/26/2026,6:08:06 PM,98,81
9/26/2026,6:08:07 PM,98,81
9/26/2026,6:08:08 PM,98,81
9/26/2026,6:08:09 PM,98,81
9/26/2026,6:08:10 PM,98,81
9/26/2026,6:08:11 PM,98,81
9/26/2026,6:08:12 PM,98,81
9/26/2026,6:08:13 PM,98,81
9/26/2026,6:08:14 PM,98,81
9/26/2026,6:08:15 PM,98,81
9/26/2026,6:08:16 PM,98,81
9/26/2026,6:08:17 PM,98,81
9/26/2026,6:08:18 PM,98,81
9/26/2026,6:08:19 PM,98,81
9/26/2026,6:08:20 PM,98,81
9/26/2026,6:08:21 PM,98,81
9/26/2026,6:08:22 PM,98,81
9/26/2026,6:08:23 PM,98,81
9/26/2026,6:08:24 PM,98,81
9/26/2026,6:08:25 PM,98,80
9/26/2026,6:08:26 PM,98,78
9/26/2026,6:08:27 PM,98,77
9/26/2026,6:08:28 PM,98,76
9/26/2026,6:08:29 PM,98,76
9/26/2026,6:08:30 PM,98,76
9/26/2026,6:08:31 PM,98,76
9/26/2026,6:08:32 PM,99,76
9/26/2026,6:08:33 PM,99,76
9/26/2026,6:08:34 PM,99,76
9/26/2026,6:08:35 PM,99,77
9/26/2026,6:08:36 PM,99,77
9/26/2026,6:08:37 PM,99,77
9/26/2026,6:08:38 PM,99,76
9/26/2026,6:08:39 PM,99,76
9/26/2026,6:08:40 PM,99,76
9/26/2026,6:08:41 PM,99,76
9/26/2026,6:08:42 PM,99,76
9/26/2026,6:08:43 PM,99,76
9/26/2026,6:08:44 PM,99,76
9/26/2026,6:08:45 PM,99,76
9/26/2026,6:08:46 PM,99,76
9/26/2026,6:08:47 PM,99,76
9/26/2026,6:08:48 PM,99,76
9/26/2026,6:08:49 PM,99,76
9/26/2026,6:08:50 PM,99,76
9/26/2026,6:08:51 PM,99,76
9/26/2026,6:08:52 PM,99,76
9/26/2026,6:08:53 PM,99,76
9/26/2026,6:08:54 PM,99,76
9/26/2026,6:08:55 PM,99,76
9/26/2026,6:08:56 PM,99,76
9/26/2026,6:08:57 PM,99,76
9/26/2026,6:08:58 PM,99,76
9/26/2026,6:08:59 PM,99,76
9/26/2026,6:09:00 PM,99,76
9/26/2026,6:09:01 PM,99,76
9/26/2026,6:09:02 PM,99,77
9/26/2026,6:09:03 PM,99,77
9/26/2026,6:09:04 PM,99,77
9/26/2026,6:09:05 PM,99,77
9/26/2026,6:09:06 PM,99,77
9/26/2026,6:09:07 PM,99,77
9/26/2026,6:09:08 PM,99,78
9/26/2026,6:09:09 PM,99,78
9/26/2026,6:09:10 PM,98,78
9/26/2026,6:09:11 PM,98,78
9/26/2026,6:09:12 PM,98,78
9/26/2026,6:09:13 PM,98,79
9/26/2026,6:09:14 PM,98,80
9/26/2026,6:09:15 PM,98,80
9/26/2026,6:09:16 PM,98,80
9/26/2026,6:09:17 PM,98,80
9/26/2026,6:09:18 PM,98,80
9/26/2026,6:09:19 PM,98,80
9/26/2026,6:09:20 PM,98,80
9/26/2026,6:09:21 PM,98,80
9/26/2026,6:09:22 PM,98,80
9/26/2026,6:09:23 PM,99,80
9/26/2026,6:09:24 PM,99,79
9/26/2026,6:09:25 PM,98,78
9/26/2026,6:09:26 PM,98,78
9/26/2026,6:09:27 PM,99,78
9/26/2026,6:09:28 PM,99,78
9/26/2026,6:09:29 PM,99,78
9/26/2026,6:09:30 PM,99,78
9/26/2026,6:09:31 PM,99,78
9/26/2026,6:09:32 PM,99,78
9/26/2026,6:09:33 PM,98,78
9/26/2026,6:09:34 PM,98,77
9/26/2026,6:09:35 PM,98,77
9/26/2026,6:09:36 PM,98,77
9/26/2026,6:09:37 PM,98,77
9/26/2026,6:09:38 PM,98,77
9/26/2026,6:09:39 PM,98,77
9/26/2026,6:09:40 PM,98,78
9/26/2026,6:09:41 PM,98,78
9/26/2026,6:09:42 PM,98,78
9/26/2026,6:09:43 PM,98,79
9/26/2026,6:09:44 PM,98,79
9/26/2026,6:09:45 PM,98,79
9/26/2026,6:09:46 PM,98,79
9/26/2026,6:09:47 PM,98,79
9/26/2026,6:09:48 PM,98,79
9/26/2026,6:09:49 PM,98,79
9/26/2026,6:09:50 PM,98,79
9/26/2026,6:09:51 PM,98,79
9/26/2026,6:09:52 PM,98,79
9/26/2026,6:09:53 PM,98,79
9/26/2026,6:09:54 PM,98,79
9/26/2026,6:09:55 PM,98,79
9/26/2026,6:09:56 PM,98,79
9/26/2026,6:09:57 PM,98,79
9/26/2026,6:09:58 PM,98,79
9/26/2026,6:09:59 PM,98,79
9/26/2026,6:10:00 PM,98,79
9/26/2026,6:10:01 PM,98,79
9/26/2026,6:10:02 PM,98,79
9/26/2026,6:10:03 PM,98,80
9/26/2026,6:10:04 PM,98,80
9/26/2026,6:10:05 PM,98,80
9/26/2026,6:10:06 PM,98,80
9/26/2026,6:10:07 PM,98,80
9/26/2026,6:10:08 PM,98,80
9/26/2026,6:10:09 PM,98,80
9/26/2026,6:10:10 PM,98,80
9/26/2026,6:10:11 PM,98,79
9/26/2026,6:10:12 PM,98,79
9/26/2026,6:10:13 PM,98,79
9/26/2026,6:10:14 PM,98,79
9/26/2026,6:10:15 PM,98,79
9/26/2026,6:10:16 PM,98,79
9/26/2026,6:10:17 PM,98,79
9/26/2026,6:10:18 PM,98,79
9/26/2026,6:10:19 PM,98,79
9/26/2026,6:10:20 PM,98,78
9/26/2026,6:10:21 PM,98,78
9/26/2026,6:10:22 PM,98,78
9/26/2026,6:10:23 PM,98,78
9/26/2026,6:10:24 PM,97,78
9/26/2026,6:10:25 PM,97,78
9/26/2026,6:10:26 PM,98,78
9/26/2026,6:10:27 PM,98,77
9/26/2026,6:10:28 PM,97,77
9/26/2026,6:10:29 PM,97,78
9/26/2026,6:10:30 PM,97,78
9/26/2026,6:10:31 PM,97,78
9/26/2026,6:10:32 PM,97,78
9/26/2026,6:10:33 PM,97,78
9/26/2026,6:10:34 PM,97,78
9/26/2026,6:10:35 PM,97,78
9/26/2026,6:10:36 PM,97,78
9/26/2026,6:10:37 PM,97,78
9/26/2026,6:10:38 PM,97,79
9/26/2026,6:10:39 PM,97,80
9/26/2026,6:10:40 PM,97,80
9/26/2026,6:10:41 PM,97,80
9/26/2026,6:10:42 PM,97,80
9/26/2026,6:10:43 PM,98,80
9/26/2026,6:10:44 PM,98,80
9/26/2026,6:10:45 PM,98,80
9/26/2026,6:10:46 PM,98,80
9/26/2026,6:10:47 PM,98,80
9/26/2026,6:10:48 PM,98,80
9/26/2026,6:10:49 PM,98,80
9/26/2026,6:10:50 PM,98,80
9/26/2026,6:10:51 PM,98,80
9/26/2026,6:10:52 PM,98,80
9/26/2026,6:10:53 PM,98,80
9/26/2026,6:10:54 PM,98,79
9/26/2026,6:10:55 PM,98,78
9/26/2026,6:10:56 PM,98,77
9/26/2026,6:10:57 PM,98,77
9/26/2026,6:10:58 PM,98,77
9/26/2026,6:10:59 PM,98,77
9/26/2026,6:11:00 PM,98,77
9/26/2026,6:11:01 PM,98,76
9/26/2026,6:11:02 PM,98,76
9/26/2026,6:11:03 PM,98,76
9/26/2026,6:11:04 PM,98,76
9/26/2026,6:11:05 PM,98,76
9/26/2026,6:11:06 PM,98,76
9/26/2026,6:11:07 PM,98,76
9/26/2026,6:11:08 PM,98,76
9/26/2026,6:11:09 PM,98,75
9/26/2026,6:11:10 PM,98,75
9/26/2026,6:11:11 PM,98,75
9/26/2026,6:11:12 PM,98,75
9/26/2026,6:11:13 PM,98,75
9/26/2026,6:11:14 PM,98,75
9/26/2026,6:11:15 PM,98,75
9/26/2026,6:11:16 PM,98,75
9/26/2026,6:11:17 PM,98,75
9/26/2026,6:11:18 PM,98,75
9/26/2026,6:11:19 PM,98,75
9/26/2026,6:11:20 PM,98,75
9/26/2026,6:11:21 PM,98,75
9/26/2026,6:11:22 PM,98,75
9/26/2026,6:11:23 PM,98,75
9/26/2026,6:11:24 PM,98,75
9/26/2026,6:11:25 PM,98,75
9/26/2026,6:11:26 PM,98,75
9/26/2026,6:11:27 PM,98,75
9/26/2026,6:11:28 PM,98,75
9/26/2026,6:11:29 PM,98,75
9/26/2026,6:11:30 PM,98,75
9/26/2026,6:11:31 PM,98,75
9/26/2026,6:11:32 PM,98,75
9/26/2026,6:11:33 PM,98,75
9/26/2026,6:11:34 PM,98,75
9/26/2026,6:11:35 PM,98,75
9/26/2026,6:11:36 PM,98,75
9/26/2026,6:11:37 PM,98,75
9/26/2026,6:11:38 PM,99,75
9/26/2026,6:11:39 PM,99,75
9/26/2026,6:11:40 PM,99,75
9/26/2026,6:11:41 PM,99,75
9/26/2026,6:11:42 PM,99,75
9/26/2026,6:11:43 PM,99,75
9/26/2026,6:11:44 PM,99,75
9/26/2026,6:11:45 PM,99,75
9/26/2026,6:11:46 PM,99,75
9/26/2026,6:11:47 PM,99,75
9/26/2026,6:11:48 PM,99,75
9/26/2026,6:11:49 PM,99,75
9/26/2026,6:11:50 PM,99,75
9/26/2026,6:11:51 PM,99,75
9/26/2026,6:11:52 PM,99,75
9/26/2026,6:11:53 PM,98,75
9/26/2026,6:11:54 PM,98,75
9/26/2026,6:11:55 PM,98,75
9/26/2026,6:11:56 PM,98,75
9/26/2026,6:11:57 PM,98,75
9/26/2026,6:11:58 PM,98,74
9/26/2026,6:11:59 PM,98,74
9/26/2026,6:12:00 PM,98,74
9/26/2026,6:12:01 PM,98,74
9/26/2026,6:12:02 PM,98,74
9/26/2026,6:12:03 PM,98,74
9/26/2026,6:12:04 PM,98,74
9/26/2026,6:12:05 PM,98,74
9/26/2026,6:12:06 PM,98,74
9/26/2026,6:12:07 PM,98,74
9/26/2026,6:12:08 PM,98,74
9/26/2026,6:12:09 PM,98,74
9/26/2026,6:12:10 PM,98,74
9/26/2026,6:12:11 PM,98,74
9/26/2026,6:12:12 PM,98,74
9/26/2026,6:12:13 PM,98,74
9/26/2026,6:12:14 PM,98,74
9/26/2026,6:12:15 PM,98,74
9/26/2026,6:12:16 PM,98,74
9/26/2026,6:12:17 PM,98,74
9/26/2026,6:12:18 PM,98,74
9/26/2026,6:12:19 PM,98,74
9/26/2026,6:12:20 PM,98,74
9/26/2026,6:12:21 PM,98,74
9/26/2026,6:12:22 PM,98,74
9/26/2026,6:12:23 PM,98,74
9/26/2026,6:12:24 PM,98,74
9/26/2026,6:12:25 PM,98,74
9/26/2026,6:12:26 PM,98,74
9/26/2026,6:12:27 PM,98,74
9/26/2026,6:12:28 PM,98,74
9/26/2026,6:12:29 PM,98,74
9/26/2026,6:12:30 PM,98,74
9/26/2026,6:12:31 PM,98,74
9/26/2026,6:12:32 PM,98,74
9/26/2026,6:12:33 PM,98,74
9/26/2026,6:12:34 PM,98,74
9/26/2026,6:12:35 PM,98,74
9/26/2026,6:12:36 PM,98,74
9/26/2026,6:12:37 PM,98,74
9/26/2026,6:12:38 PM,98,74
9/26/2026,6:12:39 PM,98,74
9/26/2026,6:12:40 PM,98,74
9/26/2026,6:12:41 PM,98,74
9/26/2026,6:12:42 PM,98,74
9/26/2026,6:12:43 PM,98,74
9/26/2026,6:12:44 PM,98,74
9/26/2026,6:12:45 PM,98,75
9/26/2026,6:12:46 PM,98,75
9/26/2026,6:12:47 PM,98,76
9/26/2026,6:12:48 PM,98,76
9/26/2026,6:12:49 PM,98,77
9/26/2026,6:12:50 PM,98,76
9/26/2026,6:12:51 PM,98,77
9/26/2026,6:12:52 PM,97,77
9/26/2026,6:12:53 PM,97,76
9/26/2026,6:12:54 PM,97,76
9/26/2026,6:12:55 PM,97,76
9/26/2026,6:12:56 PM,97,76
9/26/2026,6:12:57 PM,96,76
9/26/2026,6:12:58 PM,97,76
9/26/2026,6:12:59 PM,96,76
9/26/2026,6:13:00 PM,96,76
9/26/2026,6:13:01 PM,96,76
9/26/2026,6:13:02 PM,96,77
9/26/2026,6:13:03 PM,96,76
9/26/2026,6:13:04 PM,96,76
9/26/2026,6:13:05 PM,96,76
9/26/2026,6:13:06 PM,96,76
9/26/2026,6:13:07 PM,96,76
9/26/2026,6:13:08 PM,96,76
9/26/2026,6:13:09 PM,96,76
9/26/2026,6:13:10 PM,96,76
9/26/2026,6:13:11 PM,96,76
9/26/2026,6:13:12 PM,96,76
9/26/2026,6:13:13 PM,96,76
9/26/2026,6:13:14 PM,96,76
9/26/2026,6:13:15 PM,96,77
9/26/2026,6:13:16 PM,96,77
9/26/2026,6:13:17 PM,96,77
9/26/2026,6:13:18 PM,96,77
9/26/2026,6:13:19 PM,96,77
9/26/2026,6:13:20 PM,96,77
9/26/2026,6:13:21 PM,96,77
9/26/2026,6:13:22 PM,96,77
9/26/2026,6:13:23 PM,96,76
9/26/2026,6:13:24 PM,96,76
9/26/2026,6:13:25 PM,96,76
9/26/2026,6:13:26 PM,96,76
9/26/2026,6:13:27 PM,96,76
9/26/2026,6:13:28 PM,95,76
9/26/2026,6:13:29 PM,95,77
9/26/2026,6:13:30 PM,95,77
9/26/2026,6:13:31 PM,95,77
9/26/2026,6:13:32 PM,95,78
9/26/2026,6:13:33 PM,95,78
9/26/2026,6:13:34 PM,95,78
9/26/2026,6:13:35 PM,95,78
9/26/2026,6:13:36 PM,95,78
9/26/2026,6:13:37 PM,95,78
9/26/2026,6:13:38 PM,95,78
9/26/2026,6:13:39 PM,95,78
9/26/2026,6:13:40 PM,95,78
9/26/2026,6:13:41 PM,95,78
9/26/2026,6:13:42 PM,95,78
9/26/2026,6:13:43 PM,95,77
9/26/2026,6:13:44 PM,95,77
9/26/2026,6:13:45 PM,95,77
9/26/2026,6:13:46 PM,95,77
9/26/2026,6:13:47 PM,95,77
9/26/2026,6:13:48 PM,95,77
9/26/2026,6:13:49 PM,95,77
9/26/2026,6:13:50 PM,95,77
9/26/2026,6:13:51 PM,95,77
9/26/2026,6:13:52 PM,95,76
9/26/2026,6:13:53 PM,95,76
9/26/2026,6:13:54 PM,94,76
9/26/2026,6:13:55 PM,94,76
9/26/2026,6:13:56 PM,94,76
9/26/2026,6:13:57 PM,94,75
9/26/2026,6:13:58 PM,94,75
9/26/2026,6:13:59 PM,95,75
9/26/2026,6:14:00 PM,95,76
9/26/2026,6:14:01 PM,95,76
9/26/2026,6:14:02 PM,95,76
9/26/2026,6:14:03 PM,96,76
9/26/2026,6:14:04 PM,96,77
9/26/2026,6:14:05 PM,96,77
9/26/2026,6:14:06 PM,96,77
9/26/2026,6:14:07 PM,96,77
9/26/2026,6:14:08 PM,96,77
9/26/2026,6:14:09 PM,97,77
9/26/2026,6:14:10 PM,97,78
9/26/2026,6:14:11 PM,97,78
9/26/2026,6:14:12 PM,97,78
9/26/2026,6:14:13 PM,97,78
9/26/2026,6:14:14 PM,97,78
9/26/2026,6:14:15 PM,97,78
9/26/2026,6:14:16 PM,97,78
9/26/2026,6:14:17 PM,97,78
9/26/2026,6:14:18 PM,97,78
9/26/2026,6:14:19 PM,97,78
9/26/2026,6:14:20 PM,96,77
9/26/2026,6:14:21 PM,96,77
9/26/2026,6:14:22 PM,96,76
9/26/2026,6:14:23 PM,96,76
9/26/2026,6:14:24 PM,95,76
9/26/2026,6:14:25 PM,95,76
9/26/2026,6:14:26 PM,95,76
9/26/2026,6:14:27 PM,95,76
9/26/2026,6:14:28 PM,94,76
9/26/2026,6:14:29 PM,94,76
9/26/2026,6:14:30 PM,93,76
9/26/2026,6:14:31 PM,93,76
9/26/2026,6:14:32 PM,93,76
9/26/2026,6:14:33 PM,93,76
9/26/2026,6:14:34 PM,92,76
9/26/2026,6:14:35 PM,92,76
9/26/2026,6:14:36 PM,91,76
9/26/2026,6:14:37 PM,91,76
9/26/2026,6:14:38 PM,91,76
9/26/2026,6:14:39 PM,91,76
9/26/2026,6:14:40 PM,91,76
9/26/2026,6:14:41 PM,91,76
9/26/2026,6:14:42 PM,90,76
9/26/2026,6:14:43 PM,90,76
9/26/2026,6:14:44 PM,90,77
9/26/2026,6:14:45 PM,90,77
9/26/2026,6:14:46 PM,90,77
9/26/2026,6:14:47 PM,90,77
9/26/2026,6:14:48 PM,90,77
9/26/2026,6:14:49 PM,90,77
9/26/2026,6:14:50 PM,90,77
9/26/2026,6:14:51 PM,90,77
9/26/2026,6:14:52 PM,90,77
9/26/2026,6:14:53 PM,90,77
9/26/2026,6:14:54 PM,90,77
9/26/2026,6:14:55 PM,90,77
9/26/2026,6:14:56 PM,90,77
9/26/2026,6:14:57 PM,91,77
9/26/2026,6:14:58 PM,92,77
9/26/2026,6:14:59 PM,94,77
9/26/2026,6:15:00 PM,95,77
9/26/2026,6:15:01 PM,96,77
9/26/2026,6:15:02 PM,97,77
9/26/2026,6:15:03 PM,98,77
9/26/2026,6:15:04 PM,98,77
9/26/2026,6:15:05 PM,98,77
9/26/2026,6:15:06 PM,98,77
9/26/2026,6:15:07 PM,98,77
9/26/2026,6:15:08 PM,98,77
9/26/2026,6:15:09 PM,98,77
9/26/2026,6:15:10 PM,98,77
9/26/2026,6:15:11 PM,98,77
9/26/2026,6:15:12 PM,98,77
9/26/2026,6:15:13 PM,98,77
9/26/2026,6:15:14 PM,98,77
9/26/2026,6:15:15 PM,97,77
9/26/2026,6:15:16 PM,97,77
9/26/2026,6:15:17 PM,97,77
9/26/2026,6:15:18 PM,97,76
9/26/2026,6:15:19 PM,97,76
9/26/2026,6:15:20 PM,96,76
9/26/2026,6:15:21 PM,96,76
9/26/2026,6:15:22 PM,96,76
9/26/2026,6:15:23 PM,96,75
9/26/2026,6:15:24 PM,95,76
9/26/2026,6:15:25 PM,95,75
9/26/2026,6:15:26 PM,95,76
9/26/2026,6:15:27 PM,95,76
9/26/2026,6:15:28 PM,95,76
9/26/2026,6:15:29 PM,94,76
9/26/2026,6:15:30 PM,94,76
9/26/2026,6:15:31 PM,94,76
9/26/2026,6:15:32 PM,94,76
9/26/2026,6:15:33 PM,93,76
9/26/2026,6:15:34 PM,93,76
9/26/2026,6:15:35 PM,93,76
9/26/2026,6:15:36 PM,92,76
9/26/2026,6:15:37 PM,92,76
9/26/2026,6:15:38 PM,92,76
9/26/2026,6:15:39 PM,92,76
9/26/2026,6:15:40 PM,91,76
9/26/2026,6:15:41 PM,91,76
9/26/2026,6:15:42 PM,91,75
9/26/2026,6:15:43 PM,91,76
9/26/2026,6:15:44 PM,91,76
9/26/2026,6:15:45 PM,91,76
9/26/2026,6:15:46 PM,91,76
9/26/2026,6:15:47 PM,91,76
9/26/2026,6:15:48 PM,91,76
9/26/2026,6:15:49 PM,91,76
9/26/2026,6:15:50 PM,91,76
9/26/2026,6:15:51 PM,91,76
9/26/2026,6:15:52 PM,91,77
9/26/2026,6:15:53 PM,91,77
9/26/2026,6:15:54 PM,91,78
9/26/2026,6:15:55 PM,91,78
9/26/2026,6:15:56 PM,91,78
9/26/2026,6:15:57 PM,91,78
9/26/2026,6:15:58 PM,91,78
9/26/2026,6:15:59 PM,91,78
9/26/2026,6:16:00 PM,91,78
9/26/2026,6:16:01 PM,91,78
9/26/2026,6:16:02 PM,91,78
9/26/2026,6:16:03 PM,91,78
9/26/2026,6:16:04 PM,91,78
9/26/2026,6:16:05 PM,91,78
9/26/2026,6:16:06 PM,91,77
9/26/2026,6:16:07 PM,93,77
9/26/2026,6:16:08 PM,94,77
9/26/2026,6:16:09 PM,95,77
9/26/2026,6:16:10 PM,95,76
9/26/2026,6:16:11 PM,97,76
9/26/2026,6:16:12 PM,97,76
9/26/2026,6:16:13 PM,97,76
9/26/2026,6:16:14 PM,97,76
9/26/2026,6:16:15 PM,96,76
9/26/2026,6:16:16 PM,96,76
9/26/2026,6:16:17 PM,96,76
9/26/2026,6:16:18 PM,95,76
9/26/2026,6:16:19 PM,95,76
9/26/2026,6:16:20 PM,95,76
9/26/2026,6:16:21 PM,95,75
9/26/2026,6:16:22 PM,94,75
9/26/2026,6:16:23 PM,94,75
9/26/2026,6:16:24 PM,94,75
9/26/2026,6:16:25 PM,94,74
9/26/2026,6:16:26 PM,93,74
9/26/2026,6:16:27 PM,93,74
9/26/2026,6:16:28 PM,93,74
9/26/2026,6:16:29 PM,93,74
9/26/2026,6:16:30 PM,92,74
9/26/2026,6:16:31 PM,92,74
9/26/2026,6:16:32 PM,92,74
9/26/2026,6:16:33 PM,92,74
9/26/2026,6:16:34 PM,92,74
9/26/2026,6:16:35 PM,92,74
9/26/2026,6:16:36 PM,92,74
9/26/2026,6:16:37 PM,92,74
9/26/2026,6:16:38 PM,92,75
9/26/2026,6:16:39 PM,92,75
9/26/2026,6:16:40 PM,92,75
9/26/2026,6:16:41 PM,92,75
9/26/2026,6:16:42 PM,91,75
9/26/2026,6:16:43 PM,91,75
9/26/2026,6:16:44 PM,91,75
9/26/2026,6:16:45 PM,92,75
9/26/2026,6:16:46 PM,92,75
9/26/2026,6:16:47 PM,92,75
9/26/2026,6:16:48 PM,92,75
9/26/2026,6:16:49 PM,92,75
9/26/2026,6:16:50 PM,92,75
9/26/2026,6:16:51 PM,92,75
9/26/2026,6:16:52 PM,92,75
9/26/2026,6:16:53 PM,92,75
9/26/2026,6:16:54 PM,92,75
9/26/2026,6:16:55 PM,92,75
9/26/2026,6:16:56 PM,92,75
9/26/2026,6:16:57 PM,92,75
9/26/2026,6:16:58 PM,92,75
9/26/2026,6:16:59 PM,92,75
9/26/2026,6:17:00 PM,92,75
9/26/2026,6:17:01 PM,92,74
9/26/2026,6:17:02 PM,93,74
9/26/2026,6:17:03 PM,93,74
9/26/2026,6:17:04 PM,93,74
9/26/2026,6:17:05 PM,95,75
9/26/2026,6:17:06 PM,96,75
9/26/2026,6:17:07 PM,97,75
9/26/2026,6:17:08 PM,98,75
9/26/2026,6:17:09 PM,99,75
9/26/2026,6:17:10 PM,99,75
9/26/2026,6:17:11 PM,99,75
9/26/2026,6:17:12 PM,99,75
9/26/2026,6:17:13 PM,99,76
9/26/2026,6:17:14 PM,99,75
9/26/2026,6:17:15 PM,99,75
9/26/2026,6:17:16 PM,99,75
9/26/2026,6:17:17 PM,99,75
9/26/2026,6:17:18 PM,99,75
9/26/2026,6:17:19 PM,98,75
9/26/2026,6:17:20 PM,98,75
9/26/2026,6:17:21 PM,98,75
9/26/2026,6:17:22 PM,98,75
9/26/2026,6:17:23 PM,98,75
9/26/2026,6:17:24 PM,97,74
9/26/2026,6:17:25 PM,97,74
9/26/2026,6:17:26 PM,97,74
9/26/2026,6:17:27 PM,96,74
9/26/2026,6:17:28 PM,96,74
9/26/2026,6:17:29 PM,96,74
9/26/2026,6:17:30 PM,96,74
9/26/2026,6:17:31 PM,96,74
9/26/2026,6:17:32 PM,95,73
9/26/2026,6:17:33 PM,95,73
9/26/2026,6:17:34 PM,95,73
9/26/2026,6:17:35 PM,95,72
9/26/2026,6:17:36 PM,94,72
9/26/2026,6:17:37 PM,94,72
9/26/2026,6:17:38 PM,94,72
9/26/2026,6:17:39 PM,94,72
9/26/2026,6:17:40 PM,94,72
9/26/2026,6:17:41 PM,94,72
9/26/2026,6:17:42 PM,93,73
9/26/2026,6:17:43 PM,94,73
9/26/2026,6:17:44 PM,93,73
9/26/2026,6:17:45 PM,94,74
9/26/2026,6:17:46 PM,94,74
9/26/2026,6:17:47 PM,94,74
9/26/2026,6:17:48 PM,94,74
9/26/2026,6:17:49 PM,94,74
9/26/2026,6:17:50 PM,94,73
9/26/2026,6:17:51 PM,94,73
9/26/2026,6:17:52 PM,94,73
9/26/2026,6:17:53 PM,95,73
9/26/2026,6:17:54 PM,95,73
9/26/2026,6:17:55 PM,95,73
9/26/2026,6:17:56 PM,95,73
9/26/2026,6:17:57 PM,95,73
9/26/2026,6:17:58 PM,96,73
9/26/2026,6:17:59 PM,96,73
9/26/2026,6:18:00 PM,96,73
9/26/2026,6:18:01 PM,97,72
9/26/2026,6:18:02 PM,97,72
9/26/2026,6:18:03 PM,98,72
9/26/2026,6:18:04 PM,98,72
9/26/2026,6:18:05 PM,98,72
9/26/2026,6:18:06 PM,98,72
9/26/2026,6:18:07 PM,98,72
9/26/2026,6:18:08 PM,98,72
9/26/2026,6:18:09 PM,98,72
9/26/2026,6:18:10 PM,98,72
9/26/2026,6:18:11 PM,97,72
9/26/2026,6:18:12 PM,97,73
9/26/2026,6:18:13 PM,97,73
9/26/2026,6:18:14 PM,97,73
9/26/2026,6:18:15 PM,97,73
9/26/2026,6:18:16 PM,96,73
9/26/2026,6:18:17 PM,96,73
9/26/2026,6:18:18 PM,96,73
9/26/2026,6:18:19 PM,96,72
9/26/2026,6:18:20 PM,96,72
9/26/2026,6:18:21 PM,96,72
9/26/2026,6:18:22 PM,95,72
9/26/2026,6:18:23 PM,95,72
9/26/2026,6:18:24 PM,95,72
9/26/2026,6:18:25 PM,95,72
9/26/2026,6:18:26 PM,95,72
9/26/2026,6:18:27 PM,95,72
9/26/2026,6:18:28 PM,95,72
9/26/2026,6:18:29 PM,94,72
9/26/2026,6:18:30 PM,94,72
9/26/2026,6:18:31 PM,94,72
9/26/2026,6:18:32 PM,94,72
9/26/2026,6:18:33 PM,94,72
9/26/2026,6:18:34 PM,94,72
9/26/2026,6:18:35 PM,94,72
9/26/2026,6:18:36 PM,94,72
9/26/2026,6:18:37 PM,94,72
9/26/2026,6:18:38 PM,94,72
9/26/2026,6:18:39 PM,93,72
9/26/2026,6:18:40 PM,93,72
9/26/2026,6:18:41 PM,94,72
9/26/2026,6:18:42 PM,94,72
9/26/2026,6:18:43 PM,94,72
9/26/2026,6:18:44 PM,94,72
9/26/2026,6:18:45 PM,94,72
9/26/2026,6:18:46 PM,94,72
9/26/2026,6:18:47 PM,94,73
9/26/2026,6:18:48 PM,94,73
9/26/2026,6:18:49 PM,94,73
9/26/2026,6:18:50 PM,94,73
9/26/2026,6:18:51 PM,94,74
9/26/2026,6:18:52 PM,94,74
9/26/2026,6:18:53 PM,94,74
9/26/2026,6:18:54 PM,94,75
9/26/2026,6:18:55 PM,94,75
9/26/2026,6:18:56 PM,94,75
9/26/2026,6:18:57 PM,94,75
9/26/2026,6:18:58 PM,94,75
9/26/2026,6:18:59 PM,94,75
9/26/2026,6:19:00 PM,94,74
9/26/2026,6:19:01 PM,94,74
9/26/2026,6:19:02 PM,94,73
9/26/2026,6:19:03 PM,94,73
9/26/2026,6:19:04 PM,94,73
9/26/2026,6:19:05 PM,94,73
9/26/2026,6:19:06 PM,94,73
9/26/2026,6:19:07 PM,94,73
9/26/2026,6:19:08 PM,94,73
9/26/2026,6:19:09 PM,94,73
9/26/2026,6:19:10 PM,94,74
9/26/2026,6:19:11 PM,94,73
9/26/2026,6:19:12 PM,94,73
9/26/2026,6:19:13 PM,95,73
9/26/2026,6:19:14 PM,95,73
9/26/2026,6:19:15 PM,95,73
9/26/2026,6:19:16 PM,96,73
9/26/2026,6:19:17 PM,96,73
9/26/2026,6:19:18 PM,98,73
9/26/2026,6:19:19 PM,98,73
9/26/2026,6:19:20 PM,98,73
9/26/2026,6:19:21 PM,98,73
9/26/2026,6:19:22 PM,99,73
9/26/2026,6:19:23 PM,99,73
9/26/2026,6:19:24 PM,99,73
9/26/2026,6:19:25 PM,99,73
9/26/2026,6:19:26 PM,98,73
9/26/2026,6:19:27 PM,98,73
9/26/2026,6:19:28 PM,98,73
9/26/2026,6:19:29 PM,98,73
9/26/2026,6:19:30 PM,98,73
9/26/2026,6:19:31 PM,98,73
9/26/2026,6:19:32 PM,98,73
9/26/2026,6:19:33 PM,98,73
9/26/2026,6:19:34 PM,98,73
9/26/2026,6:19:35 PM,98,73
9/26/2026,6:19:36 PM,97,73
9/26/2026,6:19:37 PM,97,73
9/26/2026,6:19:38 PM,97,73
9/26/2026,6:19:39 PM,97,73
9/26/2026,6:19:40 PM,97,73
9/26/2026,6:19:41 PM,97,73
9/26/2026,6:19:42 PM,97,72
9/26/2026,6:19:43 PM,97,72
9/26/2026,6:19:44 PM,97,72
9/26/2026,6:19:45 PM,96,72
9/26/2026,6:19:46 PM,96,72
9/26/2026,6:19:47 PM,96,72
9/26/2026,6:19:48 PM,96,71
9/26/2026,6:19:49 PM,95,71
9/26/2026,6:19:50 PM,95,71
9/26/2026,6:19:51 PM,95,71
9/26/2026,6:19:52 PM,95,71
9/26/2026,6:19:53 PM,95,71
9/26/2026,6:19:54 PM,95,71
9/26/2026,6:19:55 PM,94,71
9/26/2026,6:19:56 PM,94,71
9/26/2026,6:19:57 PM,94,71
9/26/2026,6:19:58 PM,94,71
9/26/2026,6:19:59 PM,94,72
9/26/2026,6:20:00 PM,94,72
9/26/2026,6:20:01 PM,94,73
9/26/2026,6:20:02 PM,94,73
9/26/2026,6:20:03 PM,94,74
9/26/2026,6:20:04 PM,94,74
9/26/2026,6:20:05 PM,95,74
9/26/2026,6:20:06 PM,95,74
9/26/2026,6:20:07 PM,95,74
9/26/2026,6:20:08 PM,95,74
9/26/2026,6:20:09 PM,95,75
9/26/2026,6:20:10 PM,95,75
9/26/2026,6:20:11 PM,95,76
9/26/2026,6:20:12 PM,95,76
9/26/2026,6:20:13 PM,95,76
9/26/2026,6:20:14 PM,95,76
9/26/2026,6:20:15 PM,95,75
9/26/2026,6:20:16 PM,95,75
9/26/2026,6:20:17 PM,95,74
9/26/2026,6:20:18 PM,95,74
9/26/2026,6:20:19 PM,96,74
9/26/2026,6:20:20 PM,96,73
9/26/2026,6:20:21 PM,96,73
9/26/2026,6:20:22 PM,96,73
9/26/2026,6:20:23 PM,97,73
9/26/2026,6:20:24 PM,97,73
9/26/2026,6:20:25 PM,97,73
9/26/2026,6:20:26 PM,97,73
9/26/2026,6:20:27 PM,97,73
9/26/2026,6:20:28 PM,97,73
9/26/2026,6:20:29 PM,97,73
9/26/2026,6:20:30 PM,97,73
9/26/2026,6:20:31 PM,97,73
9/26/2026,6:20:32 PM,97,73
9/26/2026,6:20:33 PM,97,73
9/26/2026,6:20:34 PM,97,73
9/26/2026,6:20:35 PM,97,73
9/26/2026,6:20:36 PM,97,73
9/26/2026,6:20:37 PM,97,73
9/26/2026,6:20:38 PM,97,72
9/26/2026,6:20:39 PM,96,72
9/26/2026,6:20:40 PM,96,72
9/26/2026,6:20:41 PM,96,72
9/26/2026,6:20:42 PM,96,72
9/26/2026,6:20:43 PM,96,72
9/26/2026,6:20:44 PM,96,72
9/26/2026,6:20:45 PM,96,72
9/26/2026,6:20:46 PM,96,73
9/26/2026,6:20:47 PM,96,73
9/26/2026,6:20:48 PM,96,73
9/26/2026,6:20:49 PM,95,73
9/26/2026,6:20:50 PM,95,73
9/26/2026,6:20:51 PM,95,73
9/26/2026,6:20:52 PM,95,73
9/26/2026,6:20:53 PM,95,73
9/26/2026,6:20:54 PM,95,74
9/26/2026,6:20:55 PM,95,74
9/26/2026,6:20:56 PM,95,74
9/26/2026,6:20:57 PM,95,75
9/26/2026,6:20:58 PM,95,75
9/26/2026,6:20:59 PM,95,75
9/26/2026,6:21:00 PM,95,75
9/26/2026,6:21:01 PM,95,74
9/26/2026,6:21:02 PM,95,74
9/26/2026,6:21:03 PM,95,74
9/26/2026,6:21:04 PM,95,72
9/26/2026,6:21:05 PM,95,72
9/26/2026,6:21:06 PM,95,72
9/26/2026,6:21:07 PM,95,72
9/26/2026,6:21:08 PM,95,72
9/26/2026,6:21:09 PM,95,72
9/26/2026,6:21:10 PM,95,72
9/26/2026,6:21:11 PM,95,72
9/26/2026,6:21:12 PM,96,72
9/26/2026,6:21:13 PM,96,72
9/26/2026,6:21:14 PM,97,72
9/26/2026,6:21:15 PM,97,72
9/26/2026,6:21:16 PM,97,72
9/26/2026,6:21:17 PM,97,72
9/26/2026,6:21:18 PM,98,72
9/26/2026,6:21:19 PM,98,72
9/26/2026,6:21:20 PM,98,72
9/26/2026,6:21:21 PM,98,72
9/26/2026,6:21:22 PM,97,72
9/26/2026,6:21:23 PM,97,72
9/26/2026,6:21:24 PM,97,72
9/26/2026,6:21:25 PM,97,72
9/26/2026,6:21:26 PM,97,72
9/26/2026,6:21:27 PM,97,72
9/26/2026,6:21:28 PM,97,72
9/26/2026,6:21:29 PM,97,72
9/26/2026,6:21:30 PM,97,72
9/26/2026,6:21:31 PM,97,72
9/26/2026,6:21:32 PM,96,72
9/26/2026,6:21:33 PM,96,72
9/26/2026,6:21:34 PM,96,72
9/26/2026,6:21:35 PM,96,72
9/26/2026,6:21:36 PM,96,72
9/26/2026,6:21:37 PM,96,71
9/26/2026,6:21:38 PM,96,71
9/26/2026,6:21:39 PM,96,71
9/26/2026,6:21:40 PM,96,71
9/26/2026,6:21:41 PM,96,71
9/26/2026,6:21:42 PM,95,71
9/26/2026,6:21:43 PM,95,71
9/26/2026,6:21:44 PM,95,71
9/26/2026,6:21:45 PM,95,72
9/26/2026,6:21:46 PM,95,72
9/26/2026,6:21:47 PM,95,72
9/26/2026,6:21:48 PM,95,72
9/26/2026,6:21:49 PM,95,73
9/26/2026,6:21:50 PM,95,73
9/26/2026,6:21:51 PM,95,73
9/26/2026,6:21:52 PM,95,73
9/26/2026,6:21:53 PM,95,74
9/26/2026,6:21:54 PM,95,74
9/26/2026,6:21:55 PM,95,74
9/26/2026,6:21:56 PM,95,74
9/26/2026,6:21:57 PM,95,73
9/26/2026,6:21:58 PM,95,72
9/26/2026,6:21:59 PM,95,72
9/26/2026,6:22:00 PM,95,71
9/26/2026,6:22:01 PM,95,71
9/26/2026,6:22:02 PM,95,71
9/26/2026,6:22:03 PM,95,71
9/26/2026,6:22:04 PM,95,71
9/26/2026,6:22:05 PM,95,71
9/26/2026,6:22:06 PM,95,71
9/26/2026,6:22:07 PM,95,71
9/26/2026,6:22:08 PM,95,71
9/26/2026,6:22:09 PM,95,71
9/26/2026,6:22:10 PM,95,71
9/26/2026,6:22:11 PM,95,71
9/26/2026,6:22:12 PM,95,72
9/26/2026,6:22:13 PM,95,72
9/26/2026,6:22:14 PM,95,72
9/26/2026,6:22:15 PM,95,72
9/26/2026,6:22:16 PM,95,72
9/26/2026,6:22:17 PM,95,72
9/26/2026,6:22:18 PM,95,72
9/26/2026,6:22:19 PM,95,72
9/26/2026,6:22:20 PM,95,72
9/26/2026,6:22:21 PM,95,72
9/26/2026,6:22:22 PM,95,72
9/26/2026,6:22:23 PM,95,72
9/26/2026,6:22:24 PM,95,72
9/26/2026,6:22:25 PM,95,72
9/26/2026,6:22:26 PM,95,72
9/26/2026,6:22:27 PM,95,72
9/26/2026,6:22:28 PM,96,72
9/26/2026,6:22:29 PM,96,72
9/26/2026,6:22:30 PM,97,72
9/26/2026,6:22:31 PM,97,72
9/26/2026,6:22:32 PM,97,72
9/26/2026,6:22:33 PM,97,72
9/26/2026,6:22:34 PM,97,72
9/26/2026,6:22:35 PM,97,72
9/26/2026,6:22:36 PM,97,72
9/26/2026,6:22:37 PM,97,72
9/26/2026,6:22:38 PM,97,72
9/26/2026,6:22:39 PM,97,72
9/26/2026,6:22:40 PM,97,72
9/26/2026,6:22:41 PM,97,72
9/26/2026,6:22:42 PM,97,72
9/26/2026,6:22:43 PM,97,72
9/26/2026,6:22:44 PM,97,72
9/26/2026,6:22:45 PM,97,72
9/26/2026,6:22:46 PM,97,72
9/26/2026,6:22:47 PM,98,73
9/26/2026,6:22:48 PM,98,73
9/26/2026,6:22:49 PM,98,73
9/26/2026,6:22:50 PM,98,74
9/26/2026,6:22:51 PM,98,74
9/26/2026,6:22:52 PM,98,74
9/26/2026,6:22:53 PM,98,74
9/26/2026,6:22:54 PM,98,74
9/26/2026,6:22:55 PM,98,74
9/26/2026,6:22:56 PM,98,74
9/26/2026,6:22:57 PM,98,74
9/26/2026,6:22:58 PM,98,74
9/26/2026,6:22:59 PM,98,74
9/26/2026,6:23:00 PM,98,73
9/26/2026,6:23:01 PM,98,73
9/26/2026,6:23:02 PM,98,73
9/26/2026,6:23:03 PM,98,73
9/26/2026,6:23:04 PM,98,73
9/26/2026,6:23:05 PM,98,73
9/26/2026,6:23:06 PM,98,73
9/26/2026,6:23:07 PM,98,73
9/26/2026,6:23:08 PM,98,73
9/26/2026,6:23:09 PM,98,73
9/26/2026,6:23:10 PM,98,73
9/26/2026,6:23:11 PM,98,73
9/26/2026,6:23:12 PM,98,74
9/26/2026,6:23:13 PM,98,74
9/26/2026,6:23:14 PM,98,74
9/26/2026,6:23:15 PM,98,73
9/26/2026,6:23:16 PM,98,73
9/26/2026,6:23:17 PM,98,73
9/26/2026,6:23:18 PM,98,73
9/26/2026,6:23:19 PM,98,73
9/26/2026,6:23:20 PM,98,73
9/26/2026,6:23:21 PM,98,73
9/26/2026,6:23:22 PM,98,73
9/26/2026,6:23:23 PM,98,73
9/26/2026,6:23:24 PM,98,73
9/26/2026,6:23:25 PM,98,73
9/26/2026,6:23:26 PM,98,73
9/26/2026,6:23:27 PM,98,73
9/26/2026,6:23:28 PM,98,73
9/26/2026,6:23:29 PM,98,73
9/26/2026,6:23:30 PM,98,72
9/26/2026,6:23:31 PM,98,71
9/26/2026,6:23:32 PM,98,70
9/26/2026,6:23:33 PM,98,70
9/26/2026,6:23:34 PM,98,70
9/26/2026,6:23:35 PM,98,70
9/26/2026,6:23:36 PM,98,70
9/26/2026,6:23:37 PM,98,70
9/26/2026,6:23:38 PM,98,70
9/26/2026,6:23:39 PM,98,70
9/26/2026,6:23:40 PM,98,70
9/26/2026,6:23:41 PM,98,70
9/26/2026,6:23:42 PM,98,71
9/26/2026,6:23:43 PM,98,71
9/26/2026,6:23:44 PM,98,71
9/26/2026,6:23:45 PM,98,71
9/26/2026,6:23:46 PM,98,72
9/26/2026,6:23:47 PM,99,72
9/26/2026,6:23:48 PM,98,72
9/26/2026,6:23:49 PM,98,72
9/26/2026,6:23:50 PM,98,72
9/26/2026,6:23:51 PM,98,72
9/26/2026,6:23:52 PM,98,72
9/26/2026,6:23:53 PM,98,72
9/26/2026,6:23:54 PM,99,72
9/26/2026,6:23:55 PM,99,72
9/26/2026,6:23:56 PM,99,72
9/26/2026,6:23:57 PM,99,72
9/26/2026,6:23:58 PM,99,72
9/26/2026,6:23:59 PM,99,72
9/26/2026,6:24:00 PM,99,73
9/26/2026,6:24:01 PM,99,73
9/26/2026,6:24:02 PM,99,73
9/26/2026,6:24:03 PM,99,73
9/26/2026,6:24:04 PM,99,73
9/26/2026,6:24:05 PM,99,73
9/26/2026,6:24:06 PM,99,73
9/26/2026,6:24:07 PM,99,73
9/26/2026,6:24:08 PM,98,73
9/26/2026,6:24:09 PM,98,73
9/26/2026,6:24:10 PM,98,73
9/26/2026,6:24:11 PM,98,73
9/26/2026,6:24:12 PM,98,73
9/26/2026,6:24:13 PM,98,73
9/26/2026,6:24:14 PM,98,73
9/26/2026,6:24:15 PM,98,73
9/26/2026,6:24:16 PM,98,73
9/26/2026,6:24:17 PM,98,73
9/26/2026,6:24:18 PM,98,73
9/26/2026,6:24:19 PM,98,73
9/26/2026,6:24:20 PM,98,73
9/26/2026,6:24:21 PM,98,73
9/26/2026,6:24:22 PM,98,73
9/26/2026,6:24:23 PM,98,73
9/26/2026,6:24:24 PM,98,73
9/26/2026,6:24:25 PM,98,73
9/26/2026,6:24:26 PM,98,73
9/26/2026,6:24:27 PM,98,73
9/26/2026,6:24:28 PM,98,72
9/26/2026,6:24:29 PM,98,72
9/26/2026,6:24:30 PM,98,72
9/26/2026,6:24:31 PM,98,72
9/26/2026,6:24:32 PM,98,72
9/26/2026,6:24:33 PM,98,72
9/26/2026,6:24:34 PM,98,72
9/26/2026,6:24:35 PM,98,72
9/26/2026,6:24:36 PM,98,72
9/26/2026,6:24:37 PM,98,72
9/26/2026,6:24:38 PM,98,72
9/26/2026,6:24:39 PM,98,72
9/26/2026,6:24:40 PM,98,72
9/26/2026,6:24:41 PM,98,72
9/26/2026,6:24:42 PM,98,72
9/26/2026,6:24:43 PM,98,72
9/26/2026,6:24:44 PM,98,72
9/26/2026,6:24:45 PM,98,72
9/26/2026,6:24:46 PM,98,72
9/26/2026,6:24:47 PM,98,72
9/26/2026,6:24:48 PM,98,72
9/26/2026,6:24:49 PM,98,72
9/26/2026,6:24:50 PM,98,72
9/26/2026,6:24:51 PM,98,72
9/26/2026,6:24:52 PM,98,71
9/26/2026,6:24:53 PM,98,71
9/26/2026,6:24:54 PM,98,71
9/26/2026,6:24:55 PM,98,71
9/26/2026,6:24:56 PM,98,71
9/26/2026,6:24:57 PM,98,71
9/26/2026,6:24:58 PM,98,71
9/26/2026,6:24:59 PM,98,71
9/26/2026,6:25:00 PM,98,71
9/26/2026,6:25:01 PM,98,71
9/26/2026,6:25:02 PM,98,71
9/26/2026,6:25:03 PM,98,71
9/26/2026,6:25:04 PM,98,71
9/26/2026,6:25:05 PM,98,71
9/26/2026,6:25:06 PM,98,71
9/26/2026,6:25:07 PM,98,71
9/26/2026,6:25:08 PM,98,71
9/26/2026,6:25:09 PM,98,71
9/26/2026,6:25:10 PM,98,71
9/26/2026,6:25:11 PM,98,71
9/26/2026,6:25:12 PM,98,71
9/26/2026,6:25:13 PM,98,71
9/26/2026,6:25:14 PM,98,71
9/26/2026,6:25:15 PM,98,71
9/26/2026,6:25:16 PM,98,71
9/26/2026,6:25:17 PM,98,71
9/26/2026,6:25:18 PM,98,71
9/26/2026,6:25:19 PM,98,71
9/26/2026,6:25:20 PM,98,71
9/26/2026,6:25:21 PM,98,71
9/26/2026,6:25:22 PM,98,71
9/26/2026,6:25:23 PM,98,72
9/26/2026,6:25:24 PM,98,72
9/26/2026,6:25:25 PM,98,72
9/26/2026,6:25:26 PM,98,72
9/26/2026,6:25:27 PM,98,72
9/26/2026,6:25:28 PM,98,73
9/26/2026,6:25:29 PM,98,72
9/26/2026,6:25:30 PM,98,72
9/26/2026,6:25:31 PM,98,72
9/26/2026,6:25:32 PM,98,72
9/26/2026,6:25:33 PM,98,73
9/26/2026,6:25:34 PM,97,73
9/26/2026,6:25:35 PM,97,73
9/26/2026,6:25:36 PM,97,73
9/26/2026,6:25:37 PM,97,73
9/26/2026,6:25:38 PM,97,72
9/26/2026,6:25:39 PM,97,72
9/26/2026,6:25:40 PM,97,72
9/26/2026,6:25:41 PM,97,72
9/26/2026,6:25:42 PM,97,72
9/26/2026,6:25:43 PM,97,72
9/26/2026,6:25:44 PM,97,72
9/26/2026,6:25:45 PM,97,72
9/26/2026,6:25:46 PM,97,72
9/26/2026,6:25:47 PM,97,72
9/26/2026,6:25:48 PM,97,72
9/26/2026,6:25:49 PM,97,72
9/26/2026,6:25:50 PM,97,72
9/26/2026,6:25:51 PM,97,72
9/26/2026,6:25:52 PM,97,72
9/26/2026,6:25:53 PM,97,72
9/26/2026,6:25:54 PM,97,72
9/26/2026,6:25:55 PM,97,72
9/26/2026,6:25:56 PM,97,72
9/26/2026,6:25:57 PM,97,72
9/26/2026,6:25:58 PM,97,72
9/26/2026,6:25:59 PM,97,72
9/26/2026,6:26:00 PM,96,72
9/26/2026,6:26:01 PM,96,72
9/26/2026,6:26:02 PM,96,73
9/26/2026,6:26:03 PM,96,73
9/26/2026,6:26:04 PM,96,73
9/26/2026,6:26:05 PM,96,73
9/26/2026,6:26:06 PM,96,73
9/26/2026,6:26:07 PM,96,73
9/26/2026,6:26:08 PM,96,73
9/26/2026,6:26:09 PM,96,73
9/26/2026,6:26:10 PM,96,73
9/26/2026,6:26:11 PM,96,73
9/26/2026,6:26:12 PM,96,73
9/26/2026,6:26:13 PM,96,73
9/26/2026,6:26:14 PM,97,73
9/26/2026,6:26:15 PM,97,73
9/26/2026,6:26:16 PM,96,73
9/26/2026,6:26:17 PM,96,73
9/26/2026,6:26:18 PM,96,73
9/26/2026,6:26:19 PM,96,73
9/26/2026,6:26:20 PM,96,73
9/26/2026,6:26:21 PM,96,73
9/26/2026,6:26:22 PM,96,73
9/26/2026,6:26:23 PM,97,73
9/26/2026,6:26:24 PM,97,73
9/26/2026,6:26:25 PM,97,73
9/26/2026,6:26:26 PM,97,73
9/26/2026,6:26:27 PM,97,73
9/26/2026,6:26:28 PM,97,73
9/26/2026,6:26:29 PM,97,73
9/26/2026,6:26:30 PM,97,73
9/26/2026,6:26:31 PM,97,73
9/26/2026,6:26:32 PM,97,73
9/26/2026,6:26:33 PM,97,73
9/26/2026,6:26:34 PM,97,73
9/26/2026,6:26:35 PM,97,73
9/26/2026,6:26:36 PM,97,73
9/26/2026,6:26:37 PM,96,73
9/26/2026,6:26:38 PM,96,73
9/26/2026,6:26:39 PM,96,73
9/26/2026,6:26:40 PM,97,73
9/26/2026,6:26:41 PM,97,73
9/26/2026,6:26:42 PM,97,73
9/26/2026,6:26:43 PM,97,73
9/26/2026,6:26:44 PM,97,73
9/26/2026,6:26:45 PM,97,73
9/26/2026,6:26:46 PM,97,73
9/26/2026,6:26:47 PM,97,73
9/26/2026,6:26:48 PM,97,73
9/26/2026,6:26:49 PM,97,73
9/26/2026,6:26:50 PM,97,73
9/26/2026,6:26:51 PM,97,73
9/26/2026,6:26:52 PM,97,73
9/26/2026,6:26:53 PM,97,73
9/26/2026,6:26:54 PM,97,73
9/26/2026,6:26:55 PM,97,73
9/26/2026,6:26:56 PM,97,73
9/26/2026,6:26:57 PM,97,73
9/26/2026,6:26:58 PM,97,73
9/26/2026,6:26:59 PM,97,73
9/26/2026,6:27:00 PM,97,73
9/26/2026,6:27:01 PM,97,73
9/26/2026,6:27:02 PM,97,73
9/26/2026,6:27:03 PM,97,73
9/26/2026,6:27:04 PM,97,73
9/26/2026,6:27:05 PM,97,73
9/26/2026,6:27:06 PM,97,73
9/26/2026,6:27:07 PM,97,73
9/26/2026,6:27:08 PM,97,73
9/26/2026,6:27:09 PM,97,73
9/26/2026,6:27:10 PM,97,73
9/26/2026,6:27:11 PM,97,73
9/26/2026,6:27:12 PM,97,73
9/26/2026,6:27:13 PM,97,73
9/26/2026,6:27:14 PM,97,73
9/26/2026,6:27:15 PM,97,73
9/26/2026,6:27:16 PM,97,73
9/26/2026,6:27:17 PM,97,73
9/26/2026,6:27:18 PM,97,73
9/26/2026,6:27:19 PM,97,73
9/26/2026,6:27:20 PM,97,73
9/26/2026,6:27:21 PM,97,73
9/26/2026,6:27:22 PM,97,73
9/26/2026,6:27:23 PM,97,73
9/26/2026,6:27:24 PM,97,73
9/26/2026,6:27:25 PM,97,73
9/26/2026,6:27:26 PM,97,73
9/26/2026,6:27:27 PM,97,73
9/26/2026,6:27:28 PM,97,73
9/26/2026,6:27:29 PM,97,73
9/26/2026,6:27:30 PM,97,73
9/26/2026,6:27:31 PM,97,73
9/26/2026,6:27:32 PM,97,73
9/26/2026,6:27:33 PM,97,73
9/26/2026,6:27:34 PM,97,73
9/26/2026,6:27:35 PM,97,73
9/26/2026,6:27:36 PM,97,73
9/26/2026,6:27:37 PM,97,73
9/26/2026,6:27:38 PM,97,73
9/26/2026,6:27:39 PM,97,73
9/26/2026,6:27:40 PM,97,73
9/26/2026,6:27:41 PM,97,74
9/26/2026,6:27:42 PM,97,74
9/26/2026,6:27:43 PM,97,74
9/26/2026,6:27:44 PM,97,74
9/26/2026,6:27:45 PM,97,74
9/26/2026,6:27:46 PM,97,74
9/26/2026,6:27:47 PM,97,74
9/26/2026,6:27:48 PM,97,74
9/26/2026,6:27:49 PM,97,74
9/26/2026,6:27:50 PM,98,73
9/26/2026,6:27:51 PM,98,73
9/26/2026,6:27:52 PM,98,73
9/26/2026,6:27:53 PM,98,72
9/26/2026,6:27:54 PM,98,72
9/26/2026,6:27:55 PM,98,72
9/26/2026,6:27:56 PM,98,72
9/26/2026,6:27:57 PM,98,72
9/26/2026,6:27:58 PM,98,72
9/26/2026,6:27:59 PM,97,72
9/26/2026,6:28:00 PM,97,72
9/26/2026,6:28:01 PM,97,72
9/26/2026,6:28:02 PM,97,72
9/26/2026,6:28:03 PM,97,73
9/26/2026,6:28:04 PM,97,73
9/26/2026,6:28:05 PM,97,73
9/26/2026,6:28:06 PM,97,73
9/26/2026,6:28:07 PM,97,73
9/26/2026,6:28:08 PM,97,73
9/26/2026,6:28:09 PM,97,73
9/26/2026,6:28:10 PM,97,73
9/26/2026,6:28:11 PM,97,73
9/26/2026,6:28:12 PM,97,73
9/26/2026,6:28:13 PM,97,73
9/26/2026,6:28:14 PM,97,73
9/26/2026,6:28:15 PM,97,73
9/26/2026,6:28:16 PM,97,73
9/26/2026,6:28:17 PM,97,73
9/26/2026,6:28:18 PM,97,73
9/26/2026,6:28:19 PM,97,73
9/26/2026,6:28:20 PM,97,73
9/26/2026,6:28:21 PM,97,73
9/26/2026,6:28:22 PM,97,73
9/26/2026,6:28:23 PM,97,73
9/26/2026,6:28:24 PM,97,73
9/26/2026,6:28:25 PM,97,73
9/26/2026,6:28:26 PM,97,73
9/26/2026,6:28:27 PM,97,74
9/26/2026,6:28:28 PM,97,74
9/26/2026,6:28:29 PM,97,74
9/26/2026,6:28:30 PM,97,74
9/26/2026,6:28:31 PM,97,74
9/26/2026,6:28:32 PM,97,74
9/26/2026,6:28:33 PM,98,74
9/26/2026,6:28:34 PM,98,75
9/26/2026,6:28:35 PM,98,75
9/26/2026,6:28:36 PM,98,75
9/26/2026,6:28:37 PM,98,76
9/26/2026,6:28:38 PM,98,76
9/26/2026,6:28:39 PM,98,76
9/26/2026,6:28:40 PM,98,77
9/26/2026,6:28:41 PM,98,77
9/26/2026,6:28:42 PM,98,77
9/26/2026,6:28:43 PM,98,77
9/26/2026,6:28:44 PM,98,77
9/26/2026,6:28:45 PM,98,77
9/26/2026,6:28:46 PM,98,77
9/26/2026,6:28:47 PM,98,77
9/26/2026,6:28:48 PM,98,77
9/26/2026,6:28:49 PM,98,77
9/26/2026,6:28:50 PM,98,77
9/26/2026,6:28:51 PM,98,77
9/26/2026,6:28:52 PM,98,77
9/26/2026,6:28:53 PM,97,78
9/26/2026,6:28:54 PM,97,78
9/26/2026,6:28:55 PM,97,78
9/26/2026,6:28:56 PM,97,78
9/26/2026,6:28:57 PM,97,77
9/26/2026,6:28:58 PM,97,77
9/26/2026,6:28:59 PM,97,77
9/26/2026,6:29:00 PM,97,77
9/26/2026,6:29:01 PM,97,77
9/26/2026,6:29:02 PM,97,78
9/26/2026,6:29:03 PM,97,78
9/26/2026,6:29:04 PM,97,78
9/26/2026,6:29:05 PM,98,78
9/26/2026,6:29:06 PM,97,78
9/26/2026,6:29:07 PM,97,78
9/26/2026,6:29:08 PM,97,78
9/26/2026,6:29:09 PM,97,78
9/26/2026,6:29:10 PM,97,78
9/26/2026,6:29:11 PM,97,78
9/26/2026,6:29:12 PM,97,77
9/26/2026,6:29:13 PM,97,77
9/26/2026,6:29:14 PM,97,77
9/26/2026,6:29:15 PM,97,77
9/26/2026,6:29:16 PM,97,78
9/26/2026,6:29:17 PM,97,78
9/26/2026,6:29:18 PM,97,78
9/26/2026,6:29:19 PM,98,78
9/26/2026,6:29:20 PM,98,77
9/26/2026,6:29:21 PM,98,77
9/26/2026,6:29:22 PM,98,78
9/26/2026,6:29:23 PM,98,78
9/26/2026,6:29:24 PM,98,78
9/26/2026,6:29:25 PM,97,78
9/26/2026,6:29:26 PM,97,78
9/26/2026,6:29:27 PM,97,78
9/26/2026,6:29:28 PM,97,78
9/26/2026,6:29:29 PM,97,78
9/26/2026,6:29:30 PM,98,78
9/26/2026,6:29:31 PM,97,78
9/26/2026,6:29:32 PM,97,78
9/26/2026,6:29:33 PM,97,78
9/26/2026,6:29:34 PM,97,78
9/26/2026,6:29:35 PM,97,78
9/26/2026,6:29:36 PM,97,78
9/26/2026,6:29:37 PM,97,78
9/26/2026,6:29:38 PM,98,78
9/26/2026,6:29:39 PM,98,78
9/26/2026,6:29:40 PM,98,78
9/26/2026,6:29:41 PM,98,78
9/26/2026,6:29:42 PM,98,78
9/26/2026,6:29:43 PM,98,78
9/26/2026,6:29:44 PM,98,78
9/26/2026,6:29:45 PM,98,78
9/26/2026,6:29:46 PM,98,78
9/26/2026,6:29:47 PM,98,78
9/26/2026,6:29:48 PM,98,78
9/26/2026,6:29:49 PM,98,77
9/26/2026,6:29:50 PM,98,77
9/26/2026,6:29:51 PM,98,77
9/26/2026,6:29:52 PM,98,77
9/26/2026,6:29:53 PM,98,77
9/26/2026,6:29:54 PM,98,77
9/26/2026,6:29:55 PM,98,77
9/26/2026,6:29:56 PM,98,77
9/26/2026,6:29:57 PM,98,77
9/26/2026,6:29:58 PM,98,77
9/26/2026,6:29:59 PM,98,77
9/26/2026,6:30:00 PM,98,77
9/26/2026,6:30:01 PM,98,77
9/26/2026,6:30:02 PM,97,77
9/26/2026,6:30:03 PM,97,77
9/26/2026,6:30:04 PM,97,77
9/26/2026,6:30:05 PM,97,77
9/26/2026,6:30:06 PM,97,77
9/26/2026,6:30:07 PM,97,77
9/26/2026,6:30:08 PM,98,77
9/26/2026,6:30:09 PM,98,77
9/26/2026,6:30:10 PM,98,77
9/26/2026,6:30:11 PM,98,77
9/26/2026,6:30:12 PM,98,77
9/26/2026,6:30:13 PM,98,77
9/26/2026,6:30:14 PM,98,77
9/26/2026,6:30:15 PM,98,77
9/26/2026,6:30:16 PM,98,77
9/26/2026,6:30:17 PM,98,77
9/26/2026,6:30:18 PM,98,77
9/26/2026,6:30:19 PM,98,77
9/26/2026,6:30:20 PM,98,77
9/26/2026,6:30:21 PM,98,77
9/26/2026,6:30:22 PM,98,77
9/26/2026,6:30:23 PM,98,77
9/26/2026,6:30:24 PM,98,77
9/26/2026,6:30:25 PM,98,77
9/26/2026,6:30:26 PM,98,77
9/26/2026,6:30:27 PM,98,77
9/26/2026,6:30:28 PM,98,76
9/26/2026,6:30:29 PM,98,76
9/26/2026,6:30:30 PM,99,76
9/26/2026,6:30:31 PM,99,76
9/26/2026,6:30:32 PM,99,76
9/26/2026,6:30:33 PM,99,76
9/26/2026,6:30:34 PM,99,76
9/26/2026,6:30:35 PM,99,76
9/26/2026,6:30:36 PM,99,76
9/26/2026,6:30:37 PM,99,76
9/26/2026,6:30:38 PM,99,76
9/26/2026,6:30:39 PM,99,76
9/26/2026,6:30:40 PM,99,76
9/26/2026,6:30:41 PM,99,76
9/26/2026,6:30:42 PM,99,76
9/26/2026,6:30:43 PM,99,76
9/26/2026,6:30:44 PM,99,76
9/26/2026,6:30:45 PM,99,76
9/26/2026,6:30:46 PM,99,76
9/26/2026,6:30:47 PM,99,76
9/26/2026,6:30:48 PM,99,76
9/26/2026,6:30:49 PM,99,76
9/26/2026,6:30:50 PM,99,76
9/26/2026,6:30:51 PM,99,76
9/26/2026,6:30:52 PM,99,76
9/26/2026,6:30:53 PM,99,76
9/26/2026,6:30:54 PM,99,76
9/26/2026,6:30:55 PM,99,76
9/26/2026,6:30:56 PM,99,76
9/26/2026,6:30:57 PM,99,76
9/26/2026,6:30:58 PM,99,76
9/26/2026,6:30:59 PM,99,76
9/26/2026,6:31:00 PM,99,76
9/26/2026,6:31:01 PM,99,76
9/26/2026,6:31:02 PM,99,76
9/26/2026,6:31:03 PM,99,76
9/26/2026,6:31:04 PM,99,76
9/26/2026,6:31:05 PM,99,76
9/26/2026,6:31:06 PM,99,76
9/26/2026,6:31:07 PM,99,76
9/26/2026,6:31:08 PM,99,76
9/26/2026,6:31:09 PM,99,76
9/26/2026,6:31:10 PM,99,76
9/26/2026,6:31:11 PM,99,76
9/26/2026,6:31:12 PM,99,76
9/26/2026,6:31:13 PM,99,76
9/26/2026,6:31:14 PM,98,76
9/26/2026,6:31:15 PM,98,76
9/26/2026,6:31:16 PM,98,76
9/26/2026,6:31:17 PM,98,76
9/26/2026,6:31:18 PM,98,76
9/26/2026,6:31:19 PM,98,76
9/26/2026,6:31:20 PM,98,76
9/26/2026,6:31:21 PM,98,76
9/26/2026,6:31:22 PM,98,76
9/26/2026,6:31:23 PM,98,76
9/26/2026,6:31:24 PM,98,76
9/26/2026,6:31:25 PM,98,76
9/26/2026,6:31:26 PM,98,76
9/26/2026,6:31:27 PM,98,76
9/26/2026,6:31:28 PM,98,77
9/26/2026,6:31:29 PM,98,77
9/26/2026,6:31:30 PM,98,77
9/26/2026,6:31:31 PM,98,77
9/26/2026,6:31:32 PM,98,77
9/26/2026,6:31:33 PM,98,77
9/26/2026,6:31:34 PM,98,77
9/26/2026,6:31:35 PM,98,77
9/26/2026,6:31:36 PM,98,78
9/26/2026,6:31:37 PM,98,78
9/26/2026,6:31:38 PM,98,78
9/26/2026,6:31:39 PM,98,78
9/26/2026,6:31:40 PM,98,78
9/26/2026,6:31:41 PM,98,78
9/26/2026,6:31:42 PM,98,78
9/26/2026,6:31:43 PM,98,78
9/26/2026,6:31:44 PM,98,78
9/26/2026,6:31:45 PM,99,78
9/26/2026,6:31:46 PM,99,79
9/26/2026,6:31:47 PM,99,79
9/26/2026,6:31:48 PM,99,79
9/26/2026,6:31:49 PM,99,79
9/26/2026,6:31:50 PM,99,79
9/26/2026,6:31:51 PM,99,79
9/26/2026,6:31:52 PM,99,79
9/26/2026,6:31:53 PM,99,79
9/26/2026,6:31:54 PM,99,79
9/26/2026,6:31:55 PM,99,79
9/26/2026,6:31:56 PM,99,79
9/26/2026,6:31:57 PM,99,79
9/26/2026,6:31:58 PM,99,79
9/26/2026,6:31:59 PM,99,79
9/26/2026,6:32:00 PM,99,79
9/26/2026,6:32:01 PM,99,79
9/26/2026,6:32:02 PM,99,79
9/26/2026,6:32:03 PM,99,79
9/26/2026,6:32:04 PM,99,79
9/26/2026,6:32:05 PM,99,79
9/26/2026,6:32:06 PM,99,79
9/26/2026,6:32:07 PM,99,79
9/26/2026,6:32:08 PM,99,79
9/26/2026,6:32:09 PM,98,79
9/26/2026,6:32:10 PM,98,79
9/26/2026,6:32:11 PM,98,79
9/26/2026,6:32:12 PM,98,79
9/26/2026,6:32:13 PM,98,79
9/26/2026,6:32:14 PM,98,79
9/26/2026,6:32:15 PM,98,79
9/26/2026,6:32:16 PM,98,79
9/26/2026,6:32:17 PM,98,78
9/26/2026,6:32:18 PM,98,78
9/26/2026,6:32:19 PM,98,78
9/26/2026,6:32:20 PM,98,78
9/26/2026,6:32:21 PM,98,76
9/26/2026,6:32:22 PM,98,76
9/26/2026,6:32:23 PM,98,75
9/26/2026,6:32:24 PM,98,75
9/26/2026,6:32:25 PM,98,75
9/26/2026,6:32:26 PM,98,75
9/26/2026,6:32:27 PM,98,74
9/26/2026,6:32:28 PM,98,74
9/26/2026,6:32:29 PM,98,74
9/26/2026,6:32:30 PM,98,75
9/26/2026,6:32:31 PM,98,75
9/26/2026,6:32:32 PM,98,75
9/26/2026,6:32:33 PM,98,75
9/26/2026,6:32:34 PM,98,75
9/26/2026,6:32:35 PM,98,75
9/26/2026,6:32:36 PM,98,75
9/26/2026,6:32:37 PM,98,75
9/26/2026,6:32:38 PM,98,75
9/26/2026,6:32:39 PM,98,75
9/26/2026,6:32:40 PM,98,75
9/26/2026,6:32:41 PM,98,74
9/26/2026,6:32:42 PM,97,74
9/26/2026,6:32:43 PM,97,74
9/26/2026,6:32:44 PM,97,75
9/26/2026,6:32:45 PM,97,75
9/26/2026,6:32:46 PM,97,75
9/26/2026,6:32:47 PM,97,75
9/26/2026,6:32:48 PM,97,75
9/26/2026,6:32:49 PM,97,75
9/26/2026,6:32:50 PM,97,75
9/26/2026,6:32:51 PM,97,75
9/26/2026,6:32:52 PM,97,75
9/26/2026,6:32:53 PM,97,75
9/26/2026,6:32:54 PM,97,75
9/26/2026,6:32:55 PM,97,75
9/26/2026,6:32:56 PM,97,75
9/26/2026,6:32:57 PM,97,75
9/26/2026,6:32:58 PM,97,75
9/26/2026,6:32:59 PM,97,75
9/26/2026,6:33:00 PM,97,75
9/26/2026,6:33:01 PM,97,75
9/26/2026,6:33:02 PM,97,75
9/26/2026,6:33:03 PM,97,75
9/26/2026,6:33:04 PM,97,75
9/26/2026,6:33:05 PM,97,75
9/26/2026,6:33:06 PM,97,75
9/26/2026,6:33:07 PM,97,75
9/26/2026,6:33:08 PM,97,75
9/26/2026,6:33:09 PM,97,75
9/26/2026,6:33:10 PM,97,75
9/26/2026,6:33:11 PM,97,75
9/26/2026,6:33:12 PM,97,75
9/26/2026,6:33:13 PM,97,75
9/26/2026,6:33:14 PM,98,75
9/26/2026,6:33:15 PM,97,75
9/26/2026,6:33:16 PM,98,76
9/26/2026,6:33:17 PM,97,76
9/26/2026,6:33:18 PM,98,75
9/26/2026,6:33:19 PM,97,76
9/26/2026,6:33:20 PM,97,76
9/26/2026,6:33:21 PM,97,76
9/26/2026,6:33:22 PM,97,76
9/26/2026,6:33:23 PM,97,76
9/26/2026,6:33:24 PM,97,76
9/26/2026,6:33:25 PM,97,76
9/26/2026,6:33:26 PM,98,76
9/26/2026,6:33:27 PM,98,76
9/26/2026,6:33:28 PM,98,76
9/26/2026,6:33:29 PM,98,76
9/26/2026,6:33:30 PM,98,76
9/26/2026,6:33:31 PM,98,76
9/26/2026,6:33:32 PM,98,76
9/26/2026,6:33:33 PM,98,77
9/26/2026,6:33:34 PM,98,77
9/26/2026,6:33:35 PM,98,77
9/26/2026,6:33:36 PM,98,77
9/26/2026,6:33:37 PM,98,77
9/26/2026,6:33:38 PM,98,77
9/26/2026,6:33:39 PM,98,77
9/26/2026,6:33:40 PM,98,77
9/26/2026,6:33:41 PM,98,77
9/26/2026,6:33:42 PM,98,77
9/26/2026,6:33:43 PM,98,77
9/26/2026,6:33:44 PM,98,77
9/26/2026,6:33:45 PM,98,77
9/26/2026,6:33:46 PM,98,77
9/26/2026,6:33:47 PM,98,77
9/26/2026,6:33:48 PM,98,77
9/26/2026,6:33:49 PM,98,77
9/26/2026,6:33:50 PM,98,77
9/26/2026,6:33:51 PM,98,76
9/26/2026,6:33:52 PM,98,76
9/26/2026,6:33:53 PM,98,76
9/26/2026,6:33:54 PM,98,76
9/26/2026,6:33:55 PM,98,75
9/26/2026,6:33:56 PM,98,75
9/26/2026,6:33:57 PM,98,76
9/26/2026,6:33:58 PM,98,76
9/26/2026,6:33:59 PM,98,76
9/26/2026,6:34:00 PM,98,75
9/26/2026,6:34:01 PM,98,75
9/26/2026,6:34:02 PM,98,75
9/26/2026,6:34:03 PM,98,75
9/26/2026,6:34:04 PM,98,75
9/26/2026,6:34:05 PM,98,74
9/26/2026,6:34:06 PM,98,74
9/26/2026,6:34:07 PM,98,74
9/26/2026,6:34:08 PM,98,74
9/26/2026,6:34:09 PM,98,74
9/26/2026,6:34:10 PM,98,74
9/26/2026,6:34:11 PM,98,74
9/26/2026,6:34:12 PM,98,74
9/26/2026,6:34:13 PM,98,74
9/26/2026,6:34:14 PM,98,74
9/26/2026,6:34:15 PM,98,74
9/26/2026,6:34:16 PM,98,73
9/26/2026,6:34:17 PM,98,73
9/26/2026,6:34:18 PM,98,74
9/26/2026,6:34:19 PM,98,74
9/26/2026,6:34:20 PM,98,74
9/26/2026,6:34:21 PM,98,74
9/26/2026,6:34:22 PM,98,75
9/26/2026,6:34:23 PM,98,75
9/26/2026,6:34:24 PM,98,76
9/26/2026,6:34:25 PM,97,76
9/26/2026,6:34:26 PM,97,76
9/26/2026,6:34:27 PM,97,76
9/26/2026,6:34:28 PM,97,76
9/26/2026,6:34:29 PM,97,76
9/26/2026,6:34:30 PM,97,76
9/26/2026,6:34:31 PM,97,76
9/26/2026,6:34:32 PM,97,76
9/26/2026,6:34:33 PM,97,76
9/26/2026,6:34:34 PM,97,76
9/26/2026,6:34:35 PM,97,76
9/26/2026,6:34:36 PM,97,75
9/26/2026,6:34:37 PM,97,76
9/26/2026,6:34:38 PM,97,76
9/26/2026,6:34:39 PM,97,76
9/26/2026,6:34:40 PM,97,76
9/26/2026,6:34:41 PM,97,76
9/26/2026,6:34:42 PM,97,76
9/26/2026,6:34:43 PM,97,76
9/26/2026,6:34:44 PM,97,76
9/26/2026,6:34:45 PM,97,76
9/26/2026,6:34:46 PM,97,76
9/26/2026,6:34:47 PM,97,76
9/26/2026,6:34:48 PM,97,76
9/26/2026,6:34:49 PM,97,75
9/26/2026,6:34:50 PM,97,75
9/26/2026,6:34:51 PM,97,76
9/26/2026,6:34:52 PM,97,75
9/26/2026,6:34:53 PM,97,75
9/26/2026,6:34:54 PM,97,75
9/26/2026,6:34:55 PM,97,75
9/26/2026,6:34:56 PM,97,75
9/26/2026,6:34:57 PM,97,75
9/26/2026,6:34:58 PM,97,76
9/26/2026,6:34:59 PM,97,75
9/26/2026,6:35:00 PM,97,75
9/26/2026,6:35:01 PM,97,75
9/26/2026,6:35:02 PM,97,75
9/26/2026,6:35:03 PM,97,75
9/26/2026,6:35:04 PM,97,75
9/26/2026,6:35:05 PM,97,76
9/26/2026,6:35:06 PM,97,76
9/26/2026,6:35:07 PM,97,76
9/26/2026,6:35:08 PM,96,76
9/26/2026,6:35:09 PM,97,75
9/26/2026,6:35:10 PM,97,75
9/26/2026,6:35:11 PM,97,75
9/26/2026,6:35:12 PM,97,75
9/26/2026,6:35:13 PM,97,75
9/26/2026,6:35:14 PM,97,75
9/26/2026,6:35:15 PM,97,75
9/26/2026,6:35:16 PM,97,75
9/26/2026,6:35:17 PM,97,75
9/26/2026,6:35:18 PM,97,75
9/26/2026,6:35:19 PM,97,75
9/26/2026,6:35:20 PM,98,75
9/26/2026,6:35:21 PM,98,76
9/26/2026,6:35:22 PM,98,76
9/26/2026,6:35:23 PM,99,76
9/26/2026,6:35:24 PM,99,76
9/26/2026,6:35:25 PM,99,77
9/26/2026,6:35:26 PM,99,76
9/26/2026,6:35:27 PM,99,76
9/26/2026,6:35:28 PM,99,77
9/26/2026,6:35:29 PM,99,77
9/26/2026,6:35:30 PM,99,77
9/26/2026,6:35:31 PM,99,77
9/26/2026,6:35:32 PM,99,77
9/26/2026,6:35:33 PM,99,77
9/26/2026,6:35:34 PM,99,77
9/26/2026,6:35:35 PM,98,76
9/26/2026,6:35:36 PM,98,77
9/26/2026,6:35:37 PM,98,77
9/26/2026,6:35:38 PM,98,77
9/26/2026,6:35:39 PM,98,77
9/26/2026,6:35:40 PM,98,77
9/26/2026,6:35:41 PM,98,77
9/26/2026,6:35:42 PM,98,77
9/26/2026,6:35:43 PM,98,77
9/26/2026,6:35:44 PM,97,77
9/26/2026,6:35:45 PM,97,77
9/26/2026,6:35:46 PM,97,77
9/26/2026,6:35:47 PM,97,77
9/26/2026,6:35:48 PM,97,77
9/26/2026,6:35:49 PM,97,77
9/26/2026,6:35:50 PM,96,77
9/26/2026,6:35:51 PM,96,77
9/26/2026,6:35:52 PM,96,77
9/26/2026,6:35:53 PM,96,77
9/26/2026,6:35:54 PM,95,77
9/26/2026,6:35:55 PM,95,77
9/26/2026,6:35:56 PM,95,77
9/26/2026,6:35:57 PM,95,77
9/26/2026,6:35:58 PM,95,77
9/26/2026,6:35:59 PM,95,77
9/26/2026,6:36:00 PM,95,77
9/26/2026,6:36:01 PM,95,76
9/26/2026,6:36:02 PM,94,76
9/26/2026,6:36:03 PM,94,76
9/26/2026,6:36:04 PM,95,76
9/26/2026,6:36:05 PM,95,76
9/26/2026,6:36:06 PM,95,77
9/26/2026,6:36:07 PM,96,77
9/26/2026,6:36:08 PM,96,77
9/26/2026,6:36:09 PM,97,77
9/26/2026,6:36:10 PM,97,77
9/26/2026,6:36:11 PM,98,77
9/26/2026,6:36:12 PM,98,77
9/26/2026,6:36:13 PM,98,77
9/26/2026,6:36:14 PM,98,78
9/26/2026,6:36:15 PM,98,78
9/26/2026,6:36:16 PM,98,78
9/26/2026,6:36:17 PM,98,78
9/26/2026,6:36:18 PM,98,78
9/26/2026,6:36:19 PM,98,78
9/26/2026,6:36:20 PM,98,78
9/26/2026,6:36:21 PM,98,78
9/26/2026,6:36:22 PM,98,79
9/26/2026,6:36:23 PM,98,79
9/26/2026,6:36:24 PM,98,79
9/26/2026,6:36:25 PM,98,79
9/26/2026,6:36:26 PM,98,79
9/26/2026,6:36:27 PM,98,80
9/26/2026,6:36:28 PM,97,80
9/26/2026,6:36:29 PM,97,80
9/26/2026,6:36:30 PM,97,80
9/26/2026,6:36:31 PM,97,80
9/26/2026,6:36:32 PM,96,79
9/26/2026,6:36:33 PM,96,79
9/26/2026,6:36:34 PM,96,79
9/26/2026,6:36:35 PM,96,79
9/26/2026,6:36:36 PM,96,79
9/26/2026,6:36:37 PM,96,79
9/26/2026,6:36:38 PM,96,79
9/26/2026,6:36:39 PM,96,79
9/26/2026,6:36:40 PM,96,79
9/26/2026,6:36:41 PM,96,79
9/26/2026,6:36:42 PM,95,78
9/26/2026,6:36:43 PM,95,78
9/26/2026,6:36:44 PM,95,78
9/26/2026,6:36:45 PM,95,78
9/26/2026,6:36:46 PM,95,78
9/26/2026,6:36:47 PM,95,78
9/26/2026,6:36:48 PM,95,77
9/26/2026,6:36:49 PM,95,77
9/26/2026,6:36:50 PM,95,77
9/26/2026,6:36:51 PM,95,77
9/26/2026,6:36:52 PM,95,77
9/26/2026,6:36:53 PM,95,77
9/26/2026,6:36:54 PM,96,77
9/26/2026,6:36:55 PM,96,76
9/26/2026,6:36:56 PM,96,76
9/26/2026,6:36:57 PM,96,76
9/26/2026,6:36:58 PM,96,76
9/26/2026,6:36:59 PM,97,76
9/26/2026,6:37:00 PM,97,77
9/26/2026,6:37:01 PM,97,77
9/26/2026,6:37:02 PM,97,77
9/26/2026,6:37:03 PM,97,77
9/26/2026,6:37:04 PM,97,77
9/26/2026,6:37:05 PM,97,77
9/26/2026,6:37:06 PM,98,77
9/26/2026,6:37:07 PM,98,77
9/26/2026,6:37:08 PM,98,77
9/26/2026,6:37:09 PM,98,77
9/26/2026,6:37:10 PM,98,77
9/26/2026,6:37:11 PM,98,77
9/26/2026,6:37:12 PM,98,77
9/26/2026,6:37:13 PM,98,77
9/26/2026,6:37:14 PM,98,77
9/26/2026,6:37:15 PM,98,76
9/26/2026,6:37:16 PM,98,76
9/26/2026,6:37:17 PM,98,76
9/26/2026,6:37:18 PM,98,76
9/26/2026,6:37:19 PM,98,76
9/26/2026,6:37:20 PM,97,76
9/26/2026,6:37:21 PM,97,76
9/26/2026,6:37:22 PM,97,76
9/26/2026,6:37:23 PM,97,75
9/26/2026,6:37:24 PM,97,76
9/26/2026,6:37:25 PM,97,75
9/26/2026,6:37:26 PM,97,75
9/26/2026,6:37:27 PM,97,75
9/26/2026,6:37:28 PM,97,75
9/26/2026,6:37:29 PM,97,75
9/26/2026,6:37:30 PM,97,75
9/26/2026,6:37:31 PM,97,75
9/26/2026,6:37:32 PM,97,75
9/26/2026,6:37:33 PM,97,75
9/26/2026,6:37:34 PM,97,75
9/26/2026,6:37:35 PM,97,75
9/26/2026,6:37:36 PM,97,75
9/26/2026,6:37:37 PM,97,75
9/26/2026,6:37:38 PM,97,75
9/26/2026,6:37:39 PM,97,75
9/26/2026,6:37:40 PM,97,75
9/26/2026,6:37:41 PM,96,75
9/26/2026,6:37:42 PM,96,75
9/26/2026,6:37:43 PM,95,75
9/26/2026,6:37:44 PM,95,75
9/26/2026,6:37:45 PM,95,75
9/26/2026,6:37:46 PM,95,75
9/26/2026,6:37:47 PM,95,75
9/26/2026,6:37:48 PM,95,75
9/26/2026,6:37:49 PM,95,75
9/26/2026,6:37:50 PM,95,75
9/26/2026,6:37:51 PM,95,74
9/26/2026,6:37:52 PM,95,74
9/26/2026,6:37:53 PM,95,74
9/26/2026,6:37:54 PM,96,74
9/26/2026,6:37:55 PM,97,74
9/26/2026,6:37:56 PM,97,74
9/26/2026,6:37:57 PM,97,74
9/26/2026,6:37:58 PM,97,74
9/26/2026,6:37:59 PM,98,74
9/26/2026,6:38:00 PM,98,74
9/26/2026,6:38:01 PM,98,74
9/26/2026,6:38:02 PM,98,74
9/26/2026,6:38:03 PM,98,74
9/26/2026,6:38:04 PM,98,74
9/26/2026,6:38:05 PM,98,75
9/26/2026,6:38:06 PM,98,75
9/26/2026,6:38:07 PM,98,75
9/26/2026,6:38:08 PM,98,75
9/26/2026,6:38:09 PM,98,75
9/26/2026,6:38:10 PM,98,75
9/26/2026,6:38:11 PM,98,75
9/26/2026,6:38:12 PM,98,75
9/26/2026,6:38:13 PM,98,75
9/26/2026,6:38:14 PM,97,75
9/26/2026,6:38:15 PM,97,74
9/26/2026,6:38:16 PM,97,75
9/26/2026,6:38:17 PM,97,74
9/26/2026,6:38:18 PM,97,74
9/26/2026,6:38:19 PM,97,74
9/26/2026,6:38:20 PM,97,74
9/26/2026,6:38:21 PM,97,74
9/26/2026,6:38:22 PM,97,74
9/26/2026,6:38:23 PM,97,74
9/26/2026,6:38:24 PM,97,74
9/26/2026,6:38:25 PM,97,74
9/26/2026,6:38:26 PM,97,74
9/26/2026,6:38:27 PM,97,74
9/26/2026,6:38:28 PM,97,74
9/26/2026,6:38:29 PM,97,74
9/26/2026,6:38:30 PM,97,74
9/26/2026,6:38:31 PM,97,74
9/26/2026,6:38:32 PM,97,74
9/26/2026,6:38:33 PM,97,74
9/26/2026,6:38:34 PM,97,74
9/26/2026,6:38:35 PM,97,74
9/26/2026,6:38:36 PM,97,74
9/26/2026,6:38:37 PM,97,75
9/26/2026,6:38:38 PM,97,75
9/26/2026,6:38:39 PM,97,75
9/26/2026,6:38:40 PM,97,76
9/26/2026,6:38:41 PM,97,76
9/26/2026,6:38:42 PM,97,76
9/26/2026,6:38:43 PM,97,76
9/26/2026,6:38:44 PM,97,76
9/26/2026,6:38:45 PM,97,76
9/26/2026,6:38:46 PM,97,77
9/26/2026,6:38:47 PM,97,77
9/26/2026,6:38:48 PM,97,77
9/26/2026,6:38:49 PM,97,77
9/26/2026,6:38:50 PM,97,77
9/26/2026,6:38:51 PM,96,77
9/26/2026,6:38:52 PM,96,77
9/26/2026,6:38:53 PM,96,77
9/26/2026,6:38:54 PM,96,77
9/26/2026,6:38:55 PM,96,77
9/26/2026,6:38:56 PM,96,77
9/26/2026,6:38:57 PM,95,77
9/26/2026,6:38:58 PM,95,78
9/26/2026,6:38:59 PM,95,78
9/26/2026,6:39:00 PM,95,78
9/26/2026,6:39:01 PM,96,78
9/26/2026,6:39:02 PM,96,78
9/26/2026,6:39:03 PM,96,78
9/26/2026,6:39:04 PM,96,78
9/26/2026,6:39:05 PM,96,78
9/26/2026,6:39:06 PM,97,78
9/26/2026,6:39:07 PM,97,80
9/26/2026,6:39:08 PM,97,80
9/26/2026,6:39:09 PM,98,80
9/26/2026,6:39:10 PM,98,80
9/26/2026,6:39:11 PM,98,80
9/26/2026,6:39:12 PM,98,80
9/26/2026,6:39:13 PM,98,80
9/26/2026,6:39:14 PM,98,80
9/26/2026,6:39:15 PM,98,80
9/26/2026,6:39:16 PM,97,80
9/26/2026,6:39:17 PM,97,80
9/26/2026,6:39:18 PM,97,80
9/26/2026,6:39:19 PM,97,82
9/26/2026,6:39:20 PM,97,82
9/26/2026,6:39:21 PM,97,82
9/26/2026,6:39:22 PM,97,83
9/26/2026,6:39:23 PM,97,83
9/26/2026,6:39:24 PM,96,83
9/26/2026,6:39:25 PM,96,83
9/26/2026,6:39:26 PM,96,83
9/26/2026,6:39:27 PM,96,83
9/26/2026,6:39:28 PM,96,83
9/26/2026,6:39:29 PM,96,83
9/26/2026,6:39:30 PM,96,83
9/26/2026,6:39:31 PM,96,83
9/26/2026,6:39:32 PM,96,85
9/26/2026,6:39:33 PM,97,85
9/26/2026,6:39:34 PM,97,86
9/26/2026,6:39:35 PM,97,86
9/26/2026,6:39:36 PM,97,86
9/26/2026,6:39:37 PM,97,87
9/26/2026,6:39:38 PM,97,88
9/26/2026,6:39:39 PM,97,88
9/26/2026,6:39:40 PM,97,88
9/26/2026,6:39:41 PM,97,88
9/26/2026,6:39:42 PM,97,88
9/26/2026,6:39:43 PM,97,88
9/26/2026,6:39:44 PM,97,88
9/26/2026,6:39:45 PM,97,88
9/26/2026,6:39:46 PM,97,88
9/26/2026,6:39:47 PM,97,88
9/26/2026,6:39:48 PM,97,88
9/26/2026,6:39:49 PM,97,88
9/26/2026,6:39:50 PM,97,88
9/26/2026,6:39:51 PM,97,88
9/26/2026,6:39:52 PM,97,88
9/26/2026,6:39:53 PM,97,88
9/26/2026,6:39:54 PM,97,88
9/26/2026,6:39:55 PM,97,88
9/26/2026,6:39:56 PM,97,88
9/26/2026,6:39:57 PM,97,88
9/26/2026,6:39:58 PM,97,88
9/26/2026,6:39:59 PM,97,88
9/26/2026,6:40:00 PM,97,88
9/26/2026,6:40:01 PM,97,88
9/26/2026,6:40:02 PM,96,87
9/26/2026,6:40:03 PM,96,87
9/26/2026,6:40:04 PM,96,87
9/26/2026,6:40:05 PM,97,87
9/26/2026,6:40:06 PM,97,87
9/26/2026,6:40:07 PM,97,87
9/26/2026,6:40:08 PM,97,87
9/26/2026,6:40:09 PM,97,87
9/26/2026,6:40:10 PM,97,87
9/26/2026,6:40:11 PM,97,87
9/26/2026,6:40:12 PM,97,87
9/26/2026,6:40:13 PM,98,86
9/26/2026,6:40:14 PM,97,83
9/26/2026,6:40:15 PM,97,81
9/26/2026,6:40:16 PM,97,81
9/26/2026,6:40:17 PM,97,80
9/26/2026,6:40:18 PM,97,80
9/26/2026,6:40:19 PM,97,79
9/26/2026,6:40:20 PM,97,79
9/26/2026,6:40:21 PM,97,79
9/26/2026,6:40:22 PM,96,79
9/26/2026,6:40:23 PM,96,79
9/26/2026,6:40:24 PM,96,79
9/26/2026,6:40:25 PM,96,79
9/26/2026,6:40:26 PM,96,79
9/26/2026,6:40:27 PM,96,79
9/26/2026,6:40:28 PM,96,79
9/26/2026,6:40:29 PM,95,79
9/26/2026,6:40:30 PM,95,80
9/26/2026,6:40:31 PM,95,80
9/26/2026,6:40:32 PM,95,80
9/26/2026,6:40:33 PM,95,80
9/26/2026,6:40:34 PM,95,80
9/26/2026,6:40:35 PM,95,80
9/26/2026,6:40:36 PM,95,80
9/26/2026,6:40:37 PM,95,80
9/26/2026,6:40:38 PM,95,80
9/26/2026,6:40:39 PM,95,80
9/26/2026,6:40:40 PM,95,80
9/26/2026,6:40:41 PM,95,80
9/26/2026,6:40:42 PM,95,80
9/26/2026,6:40:43 PM,94,81
9/26/2026,6:40:44 PM,94,81
9/26/2026,6:40:45 PM,94,81
9/26/2026,6:40:46 PM,94,81
9/26/2026,6:40:47 PM,94,81
9/26/2026,6:40:48 PM,94,81
9/26/2026,6:40:49 PM,94,81
9/26/2026,6:40:50 PM,94,81
9/26/2026,6:40:51 PM,94,81
9/26/2026,6:40:52 PM,94,81
9/26/2026,6:40:53 PM,95,81
9/26/2026,6:40:54 PM,95,81
9/26/2026,6:40:55 PM,95,81
9/26/2026,6:40:56 PM,95,81
9/26/2026,6:40:57 PM,95,81
9/26/2026,6:40:58 PM,95,81
9/26/2026,6:40:59 PM,95,81
9/26/2026,6:41:00 PM,95,81
9/26/2026,6:41:01 PM,95,81
9/26/2026,6:41:02 PM,95,81
9/26/2026,6:41:03 PM,96,81
9/26/2026,6:41:04 PM,96,81
9/26/2026,6:41:05 PM,96,81
9/26/2026,6:41:06 PM,96,81
9/26/2026,6:41:07 PM,96,81
9/26/2026,6:41:08 PM,96,81
9/26/2026,6:41:09 PM,96,81
9/26/2026,6:41:10 PM,96,81
9/26/2026,6:41:11 PM,95,81
9/26/2026,6:41:12 PM,95,81
9/26/2026,6:41:13 PM,95,81
9/26/2026,6:41:14 PM,95,81
9/26/2026,6:41:15 PM,96,81
9/26/2026,6:41:16 PM,96,81
9/26/2026,6:41:17 PM,96,79
9/26/2026,6:41:18 PM,96,78
9/26/2026,6:41:19 PM,96,78
9/26/2026,6:41:20 PM,96,78
9/26/2026,6:41:21 PM,96,78
9/26/2026,6:41:22 PM,96,78
9/26/2026,6:41:23 PM,95,78
9/26/2026,6:41:24 PM,95,78
9/26/2026,6:41:25 PM,95,78
9/26/2026,6:41:26 PM,95,77
9/26/2026,6:41:27 PM,95,77
9/26/2026,6:41:28 PM,95,77
9/26/2026,6:41:29 PM,95,77
9/26/2026,6:41:30 PM,95,77
9/26/2026,6:41:31 PM,95,77
9/26/2026,6:41:32 PM,95,77
9/26/2026,6:41:33 PM,95,77
9/26/2026,6:41:34 PM,94,77
9/26/2026,6:41:35 PM,94,77
9/26/2026,6:41:36 PM,94,77
9/26/2026,6:41:37 PM,94,77
9/26/2026,6:41:38 PM,95,77
9/26/2026,6:41:39 PM,94,77
9/26/2026,6:41:40 PM,95,76
9/26/2026,6:41:41 PM,95,77
9/26/2026,6:41:42 PM,95,77
9/26/2026,6:41:43 PM,95,77
9/26/2026,6:41:44 PM,95,77
9/26/2026,6:41:45 PM,95,77
9/26/2026,6:41:46 PM,95,77
9/26/2026,6:41:47 PM,95,77
9/26/2026,6:41:48 PM,95,77
9/26/2026,6:41:49 PM,95,77
9/26/2026,6:41:50 PM,95,77
9/26/2026,6:41:51 PM,95,77
9/26/2026,6:41:52 PM,95,77
9/26/2026,6:41:53 PM,95,77
9/26/2026,6:41:54 PM,95,77
9/26/2026,6:41:55 PM,95,77
9/26/2026,6:41:56 PM,95,77
9/26/2026,6:41:57 PM,95,77
9/26/2026,6:41:58 PM,95,77
9/26/2026,6:41:59 PM,95,77
9/26/2026,6:42:00 PM,95,77
9/26/2026,6:42:01 PM,95,77
9/26/2026,6:42:02 PM,95,77
9/26/2026,6:42:03 PM,95,77
9/26/2026,6:42:04 PM,95,77
9/26/2026,6:42:05 PM,95,77
9/26/2026,6:42:06 PM,95,77
9/26/2026,6:42:07 PM,95,77
9/26/2026,6:42:08 PM,96,77
9/26/2026,6:42:09 PM,96,77
9/26/2026,6:42:10 PM,96,77
9/26/2026,6:42:11 PM,96,77
9/26/2026,6:42:12 PM,96,77
9/26/2026,6:42:13 PM,96,77
9/26/2026,6:42:14 PM,96,77
9/26/2026,6:42:15 PM,96,77
9/26/2026,6:42:16 PM,96,77
9/26/2026,6:42:17 PM,96,77
9/26/2026,6:42:18 PM,96,77
9/26/2026,6:42:19 PM,96,77
9/26/2026,6:42:20 PM,96,77
9/26/2026,6:42:21 PM,96,77
9/26/2026,6:42:22 PM,96,77
9/26/2026,6:42:23 PM,96,77
9/26/2026,6:42:24 PM,96,77
9/26/2026,6:42:25 PM,96,77
9/26/2026,6:42:26 PM,96,77
9/26/2026,6:42:27 PM,97,76
9/26/2026,6:42:28 PM,97,75
9/26/2026,6:42:29 PM,98,74
9/26/2026,6:42:30 PM,98,74
9/26/2026,6:42:31 PM,98,74
9/26/2026,6:42:32 PM,98,74
9/26/2026,6:42:33 PM,98,74
9/26/2026,6:42:34 PM,98,74
9/26/2026,6:42:35 PM,98,74
9/26/2026,6:42:36 PM,98,74
9/26/2026,6:42:37 PM,98,74
9/26/2026,6:42:38 PM,98,74
9/26/2026,6:42:39 PM,98,74
9/26/2026,6:42:40 PM,98,74
9/26/2026,6:42:41 PM,98,74
9/26/2026,6:42:42 PM,98,74
9/26/2026,6:42:43 PM,98,74
9/26/2026,6:42:44 PM,98,74
9/26/2026,6:42:45 PM,98,74
9/26/2026,6:42:46 PM,98,74
9/26/2026,6:42:47 PM,98,74
9/26/2026,6:42:48 PM,98,75
9/26/2026,6:42:49 PM,98,75
9/26/2026,6:42:50 PM,98,75
9/26/2026,6:42:51 PM,98,75
9/26/2026,6:42:52 PM,98,75
9/26/2026,6:42:53 PM,97,74
9/26/2026,6:42:54 PM,97,74
9/26/2026,6:42:55 PM,97,74
9/26/2026,6:42:56 PM,97,75
9/26/2026,6:42:57 PM,97,75
9/26/2026,6:42:58 PM,97,75
9/26/2026,6:42:59 PM,97,75
9/26/2026,6:43:00 PM,97,75
9/26/2026,6:43:01 PM,97,75
9/26/2026,6:43:02 PM,97,75
9/26/2026,6:43:03 PM,97,75
9/26/2026,6:43:04 PM,98,75
9/26/2026,6:43:05 PM,98,75
9/26/2026,6:43:06 PM,98,75
9/26/2026,6:43:07 PM,98,75
9/26/2026,6:43:08 PM,98,75
9/26/2026,6:43:09 PM,98,76
9/26/2026,6:43:10 PM,98,76
9/26/2026,6:43:11 PM,98,76
9/26/2026,6:43:12 PM,98,76
9/26/2026,6:43:13 PM,98,76
9/26/2026,6:43:14 PM,98,76
9/26/2026,6:43:15 PM,98,76
9/26/2026,6:43:16 PM,99,76
9/26/2026,6:43:17 PM,99,77
9/26/2026,6:43:18 PM,99,77
9/26/2026,6:43:19 PM,99,77
9/26/2026,6:43:20 PM,99,77
9/26/2026,6:43:21 PM,99,77
9/26/2026,6:43:22 PM,98,77
9/26/2026,6:43:23 PM,98,77
9/26/2026,6:43:24 PM,98,77
9/26/2026,6:43:25 PM,98,77
9/26/2026,6:43:26 PM,98,77
9/26/2026,6:43:27 PM,98,77
9/26/2026,6:43:28 PM,98,77
9/26/2026,6:43:29 PM,98,77
9/26/2026,6:43:30 PM,98,77
9/26/2026,6:43:31 PM,98,77
9/26/2026,6:43:32 PM,98,77
9/26/2026,6:43:33 PM,98,77
9/26/2026,6:43:34 PM,98,76
9/26/2026,6:43:35 PM,98,76
9/26/2026,6:43:36 PM,98,76
9/26/2026,6:43:37 PM,98,76
9/26/2026,6:43:38 PM,98,76
9/26/2026,6:43:39 PM,98,76
9/26/2026,6:43:40 PM,98,76
9/26/2026,6:43:41 PM,99,76
9/26/2026,6:43:42 PM,99,76
9/26/2026,6:43:43 PM,99,76
9/26/2026,6:43:44 PM,99,76
9/26/2026,6:43:45 PM,99,76
9/26/2026,6:43:46 PM,99,76
9/26/2026,6:43:47 PM,99,76
9/26/2026,6:43:48 PM,99,76
9/26/2026,6:43:49 PM,99,76
9/26/2026,6:43:50 PM,99,76
9/26/2026,6:43:51 PM,99,76
9/26/2026,6:43:52 PM,99,76
9/26/2026,6:43:53 PM,99,76
9/26/2026,6:43:54 PM,99,76
9/26/2026,6:43:55 PM,99,76
9/26/2026,6:43:56 PM,99,76
9/26/2026,6:43:57 PM,99,76
9/26/2026,6:43:58 PM,99,76
9/26/2026,6:43:59 PM,99,76
9/26/2026,6:44:00 PM,99,76
9/26/2026,6:44:01 PM,99,76
9/26/2026,6:44:02 PM,99,75
9/26/2026,6:44:03 PM,99,75
9/26/2026,6:44:04 PM,99,75
9/26/2026,6:44:05 PM,99,75
9/26/2026,6:44:06 PM,99,75
9/26/2026,6:44:07 PM,99,75
9/26/2026,6:44:08 PM,99,75
9/26/2026,6:44:09 PM,99,75
9/26/2026,6:44:10 PM,99,75
9/26/2026,6:44:11 PM,99,75
9/26/2026,6:44:12 PM,99,75
9/26/2026,6:44:13 PM,99,75
9/26/2026,6:44:14 PM,99,75
9/26/2026,6:44:15 PM,99,75
9/26/2026,6:44:16 PM,99,75
9/26/2026,6:44:17 PM,99,75
9/26/2026,6:44:18 PM,99,75
9/26/2026,6:44:19 PM,99,75
9/26/2026,6:44:20 PM,99,75
9/26/2026,6:44:21 PM,99,75
9/26/2026,6:44:22 PM,99,75
9/26/2026,6:44:23 PM,99,75
9/26/2026,6:44:24 PM,99,75
9/26/2026,6:44:25 PM,99,75
9/26/2026,6:44:26 PM,99,75
9/26/2026,6:44:27 PM,99,75
9/26/2026,6:44:28 PM,99,75
9/26/2026,6:44:29 PM,99,75
9/26/2026,6:44:30 PM,99,75
9/26/2026,6:44:31 PM,99,75
9/26/2026,6:44:32 PM,99,75
9/26/2026,6:44:33 PM,99,75
9/26/2026,6:44:34 PM,99,75
9/26/2026,6:44:35 PM,99,75
9/26/2026,6:44:36 PM,99,75
9/26/2026,6:44:37 PM,99,75
9/26/2026,6:44:38 PM,99,75
9/26/2026,6:44:39 PM,99,75
9/26/2026,6:44:40 PM,99,75
9/26/2026,6:44:41 PM,99,75
9/26/2026,6:44:42 PM,99,75
9/26/2026,6:44:43 PM,99,75
9/26/2026,6:44:44 PM,99,75
9/26/2026,6:44:45 PM,99,75
9/26/2026,6:44:46 PM,99,75
9/26/2026,6:44:47 PM,99,75
9/26/2026,6:44:48 PM,99,75
9/26/2026,6:44:49 PM,99,75
9/26/2026,6:44:50 PM,99,75
9/26/2026,6:44:51 PM,99,75
9/26/2026,6:44:52 PM,99,75
9/26/2026,6:44:53 PM,99,75
9/26/2026,6:44:54 PM,99,75
9/26/2026,6:44:55 PM,99,75
9/26/2026,6:44:56 PM,99,75
9/26/2026,6:44:57 PM,99,75
9/26/2026,6:44:58 PM,99,75
9/26/2026,6:44:59 PM,99,75
9/26/2026,6:45:00 PM,99,75
9/26/2026,6:45:01 PM,99,75
9/26/2026,6:45:02 PM,99,75
9/26/2026,6:45:03 PM,99,75
9/26/2026,6:45:04 PM,99,75
9/26/2026,6:45:05 PM,99,75
9/26/2026,6:45:06 PM,99,75
9/26/2026,6:45:07 PM,99,75
9/26/2026,6:45:08 PM,99,75
9/26/2026,6:45:09 PM,99,75
9/26/2026,6:45:10 PM,99,75
9/26/2026,6:45:11 PM,99,75
9/26/2026,6:45:12 PM,98,75
9/26/2026,6:45:13 PM,98,75
9/26/2026,6:45:14 PM,98,75
9/26/2026,6:45:15 PM,98,75
9/26/2026,6:45:16 PM,98,75
9/26/2026,6:45:17 PM,98,75
9/26/2026,6:45:18 PM,98,75
9/26/2026,6:45:19 PM,98,75
9/26/2026,6:45:20 PM,98,75
9/26/2026,6:45:21 PM,98,75
9/26/2026,6:45:22 PM,98,75
9/26/2026,6:45:23 PM,98,75
9/26/2026,6:45:24 PM,98,75
9/26/2026,6:45:25 PM,98,75
9/26/2026,6:45:26 PM,98,75
9/26/2026,6:45:27 PM,98,75
9/26/2026,6:45:28 PM,98,75
9/26/2026,6:45:29 PM,98,75
9/26/2026,6:45:30 PM,98,75
9/26/2026,6:45:31 PM,98,75
9/26/2026,6:45:32 PM,98,75
9/26/2026,6:45:33 PM,98,75
9/26/2026,6:45:34 PM,98,75
9/26/2026,6:45:35 PM,98,75
9/26/2026,6:45:36 PM,98,75
9/26/2026,6:45:37 PM,98,75
9/26/2026,6:45:38 PM,98,75
9/26/2026,6:45:39 PM,98,75
9/26/2026,6:45:40 PM,98,75
9/26/2026,6:45:41 PM,98,75
9/26/2026,6:45:42 PM,98,75
9/26/2026,6:45:43 PM,98,76
9/26/2026,6:45:44 PM,98,76
9/26/2026,6:45:45 PM,98,76
9/26/2026,6:45:46 PM,98,76
9/26/2026,6:45:47 PM,98,76
9/26/2026,6:45:48 PM,98,76
9/26/2026,6:45:49 PM,98,76
9/26/2026,6:45:50 PM,98,76
9/26/2026,6:45:51 PM,98,77
9/26/2026,6:45:52 PM,98,77
9/26/2026,6:45:53 PM,98,77
9/26/2026,6:45:54 PM,98,77
9/26/2026,6:45:55 PM,98,77
9/26/2026,6:45:56 PM,98,77
9/26/2026,6:45:57 PM,98,77
9/26/2026,6:45:58 PM,98,76
9/26/2026,6:45:59 PM,98,76
9/26/2026,6:46:00 PM,98,76
9/26/2026,6:46:01 PM,98,76
9/26/2026,6:46:02 PM,98,76
9/26/2026,6:46:03 PM,98,76
9/26/2026,6:46:04 PM,98,76
9/26/2026,6:46:05 PM,98,76
9/26/2026,6:46:06 PM,98,77
9/26/2026,6:46:07 PM,99,77
9/26/2026,6:46:08 PM,99,78
9/26/2026,6:46:09 PM,99,78
9/26/2026,6:46:10 PM,99,78
9/26/2026,6:46:11 PM,99,79
9/26/2026,6:46:12 PM,99,78
9/26/2026,6:46:13 PM,99,78
9/26/2026,6:46:14 PM,99,78
9/26/2026,6:46:15 PM,99,78
9/26/2026,6:46:16 PM,99,77
9/26/2026,6:46:17 PM,99,77
9/26/2026,6:46:18 PM,98,77
9/26/2026,6:46:19 PM,98,77
9/26/2026,6:46:20 PM,98,77
9/26/2026,6:46:21 PM,98,77
9/26/2026,6:46:22 PM,98,77
9/26/2026,6:46:23 PM,98,77
9/26/2026,6:46:24 PM,98,77
9/26/2026,6:46:25 PM,98,77
9/26/2026,6:46:26 PM,98,77
9/26/2026,6:46:27 PM,98,77
9/26/2026,6:46:28 PM,98,77
9/26/2026,6:46:29 PM,98,77
9/26/2026,6:46:30 PM,98,77
9/26/2026,6:46:31 PM,98,77
9/26/2026,6:46:32 PM,98,77
9/26/2026,6:46:33 PM,98,78
9/26/2026,6:46:34 PM,98,78
9/26/2026,6:46:35 PM,98,78
9/26/2026,6:46:36 PM,98,78
9/26/2026,6:46:37 PM,98,78
9/26/2026,6:46:38 PM,98,78
9/26/2026,6:46:39 PM,98,78
9/26/2026,6:46:40 PM,99,77
9/26/2026,6:46:41 PM,99,77
9/26/2026,6:46:42 PM,99,77
9/26/2026,6:46:43 PM,99,77
9/26/2026,6:46:44 PM,99,77
9/26/2026,6:46:45 PM,99,77
9/26/2026,6:46:46 PM,99,76
9/26/2026,6:46:47 PM,99,76
9/26/2026,6:46:48 PM,99,76
9/26/2026,6:46:49 PM,99,76
9/26/2026,6:46:50 PM,99,76
9/26/2026,6:46:51 PM,99,76
9/26/2026,6:46:52 PM,99,76
9/26/2026,6:46:53 PM,99,76
9/26/2026,6:46:54 PM,99,76
9/26/2026,6:46:55 PM,98,76
9/26/2026,6:46:56 PM,98,76
9/26/2026,6:46:57 PM,98,76
9/26/2026,6:46:58 PM,98,76
9/26/2026,6:46:59 PM,98,76
9/26/2026,6:47:00 PM,98,76
9/26/2026,6:47:01 PM,98,77
9/26/2026,6:47:02 PM,98,77
9/26/2026,6:47:03 PM,99,77
9/26/2026,6:47:04 PM,99,78
9/26/2026,6:47:05 PM,99,78
9/26/2026,6:47:06 PM,99,78
9/26/2026,6:47:07 PM,99,78
9/26/2026,6:47:08 PM,99,78
9/26/2026,6:47:09 PM,99,77
9/26/2026,6:47:10 PM,99,77
9/26/2026,6:47:11 PM,99,77
9/26/2026,6:47:12 PM,99,76
9/26/2026,6:47:13 PM,99,76
9/26/2026,6:47:14 PM,99,76
9/26/2026,6:47:15 PM,98,77
9/26/2026,6:47:16 PM,98,76
9/26/2026,6:47:17 PM,98,76
9/26/2026,6:47:18 PM,98,77
9/26/2026,6:47:19 PM,98,77
9/26/2026,6:47:20 PM,98,77
9/26/2026,6:47:21 PM,98,77
9/26/2026,6:47:22 PM,98,76
9/26/2026,6:47:23 PM,98,76
9/26/2026,6:47:24 PM,98,76
9/26/2026,6:47:25 PM,98,76
9/26/2026,6:47:26 PM,98,76
9/26/2026,6:47:27 PM,98,76
9/26/2026,6:47:28 PM,98,76
9/26/2026,6:47:29 PM,98,76
9/26/2026,6:47:30 PM,98,76
9/26/2026,6:47:31 PM,98,76
9/26/2026,6:47:32 PM,98,76
9/26/2026,6:47:33 PM,98,76
9/26/2026,6:47:34 PM,98,76
9/26/2026,6:47:35 PM,98,76
9/26/2026,6:47:36 PM,98,76
9/26/2026,6:47:37 PM,98,76
9/26/2026,6:47:38 PM,98,76
9/26/2026,6:47:39 PM,98,77
9/26/2026,6:47:40 PM,98,77
9/26/2026,6:47:41 PM,98,77
9/26/2026,6:47:42 PM,98,76
9/26/2026,6:47:43 PM,98,76
9/26/2026,6:47:44 PM,98,76
9/26/2026,6:47:45 PM,98,76
9/26/2026,6:47:46 PM,98,76
9/26/2026,6:47:47 PM,98,76
9/26/2026,6:47:48 PM,98,76
9/26/2026,6:47:49 PM,98,76
9/26/2026,6:47:50 PM,98,76
9/26/2026,6:47:51 PM,98,77
9/26/2026,6:47:52 PM,98,77
9/26/2026,6:47:53 PM,97,77
9/26/2026,6:47:54 PM,97,77
9/26/2026,6:47:55 PM,97,76
9/26/2026,6:47:56 PM,97,76
9/26/2026,6:47:57 PM,97,76
9/26/2026,6:47:58 PM,97,76
9/26/2026,6:47:59 PM,97,76
9/26/2026,6:48:00 PM,97,76
9/26/2026,6:48:01 PM,97,76
9/26/2026,6:48:02 PM,97,75
9/26/2026,6:48:03 PM,97,75
9/26/2026,6:48:04 PM,97,76
9/26/2026,6:48:05 PM,97,76
9/26/2026,6:48:06 PM,97,75
9/26/2026,6:48:07 PM,97,75
9/26/2026,6:48:08 PM,97,75
9/26/2026,6:48:09 PM,97,75
9/26/2026,6:48:10 PM,97,75
9/26/2026,6:48:11 PM,97,75
9/26/2026,6:48:12 PM,97,75
9/26/2026,6:48:13 PM,97,74
9/26/2026,6:48:14 PM,97,74
9/26/2026,6:48:15 PM,97,73
9/26/2026,6:48:16 PM,97,73
9/26/2026,6:48:17 PM,97,73
9/26/2026,6:48:18 PM,97,73
9/26/2026,6:48:19 PM,97,73
9/26/2026,6:48:20 PM,97,73
9/26/2026,6:48:21 PM,97,73
9/26/2026,6:48:22 PM,97,73
9/26/2026,6:48:23 PM,97,73
9/26/2026,6:48:24 PM,97,73
9/26/2026,6:48:25 PM,97,73
9/26/2026,6:48:26 PM,97,73
9/26/2026,6:48:27 PM,97,73
9/26/2026,6:48:28 PM,97,73
9/26/2026,6:48:29 PM,97,73
9/26/2026,6:48:30 PM,97,73
9/26/2026,6:48:31 PM,97,73
9/26/2026,6:48:32 PM,97,73
9/26/2026,6:48:33 PM,98,73
9/26/2026,6:48:34 PM,98,73
9/26/2026,6:48:35 PM,98,73
9/26/2026,6:48:36 PM,98,74
9/26/2026,6:48:37 PM,98,74
9/26/2026,6:48:38 PM,98,75
9/26/2026,6:48:39 PM,98,74
9/26/2026,6:48:40 PM,98,75
9/26/2026,6:48:41 PM,98,75
9/26/2026,6:48:42 PM,97,75
9/26/2026,6:48:43 PM,97,75
9/26/2026,6:48:44 PM,97,75
9/26/2026,6:48:45 PM,97,75
9/26/2026,6:48:46 PM,97,75
9/26/2026,6:48:47 PM,97,75
9/26/2026,6:48:48 PM,97,75
9/26/2026,6:48:49 PM,97,75
9/26/2026,6:48:50 PM,97,75
9/26/2026,6:48:51 PM,97,75
9/26/2026,6:48:52 PM,97,75
9/26/2026,6:48:53 PM,97,75
9/26/2026,6:48:54 PM,97,75
9/26/2026,6:48:55 PM,97,75
9/26/2026,6:48:56 PM,97,75
9/26/2026,6:48:57 PM,97,75
9/26/2026,6:48:58 PM,97,75
9/26/2026,6:48:59 PM,97,75
9/26/2026,6:49:00 PM,97,75
9/26/2026,6:49:01 PM,97,75
9/26/2026,6:49:02 PM,97,75
9/26/2026,6:49:03 PM,97,75
9/26/2026,6:49:04 PM,97,75
9/26/2026,6:49:05 PM,97,75
9/26/2026,6:49:06 PM,97,75
9/26/2026,6:49:07 PM,97,75
9/26/2026,6:49:08 PM,97,75
9/26/2026,6:49:09 PM,97,75
9/26/2026,6:49:10 PM,97,75
9/26/2026,6:49:11 PM,97,75
