Date,Time,SpO2(%),PR(bpm)
10/2/2026,4:20:59 AM,98,67
10/2/2026,4:21:00 AM,98,67
10/2/2026,4:21:01 AM,98,67
10/2/2026,4:21:02 AM,98,66
10/2/2026,4:21:03 AM,98,66
10/2/2026,4:21:04 AM,98,66
10/2/2026,4:21:05 AM,98,66
10/2/2026,4:21:06 AM,98,67
10/2/2026,4:21:07 AM,98,67
10/2/2026,4:21:08 AM,98,67
10/2/2026,4:21:09 AM,98,67
10/2/2026,4:21:10 AM,98,67
10/2/2026,4:21:11 AM,98,67
10/2/2026,4:21:12 AM,98,67
10/2/2026,4:21:13 AM,98,67
10/2/2026,4:21:14 AM,98,68
10/2/2026,4:21:15 AM,98,68
10/2/2026,4:21:16 AM,98,68
10/2/2026,4:21:17 AM,98,68
10/2/2026,4:21:18 AM,98,68
10/2/2026,4:21:19 AM,98,69
10/2/2026,4:21:20 AM,98,69
10/2/2026,4:21:21 AM,98,69
10/2/2026,4:21:22 AM,98,69
10/2/2026,4:21:23 AM,98,70
10/2/2026,4:21:24 AM,98,70
10/2/2026,4:21:25 AM,98,71
10/2/2026,4:21:26 AM,98,71
10/2/2026,4:21:27 AM,98,71
10/2/2026,4:21:28 AM,98,71
10/2/2026,4:21:29 AM,98,71
10/2/2026,4:21:30 AM,98,71
10/2/2026,4:21:31 AM,98,71
10/2/2026,4:21:32 AM,98,71
10/2/2026,4:21:33 AM,98,71
10/2/2026,4:21:34 AM,98,71
10/2/2026,4:21:35 AM,98,71
10/2/2026,4:21:36 AM,98,72
10/2/2026,4:21:37 AM,98,72
10/2/2026,4:21:38 AM,98,72
10/2/2026,4:21:39 AM,98,72
10/2/2026,4:21:40 AM,98,72
10/2/2026,4:21:41 AM,98,72
10/2/2026,4:21:42 AM,98,73
10/2/2026,4:21:43 AM,98,73
10/2/2026,4:21:44 AM,98,73
10/2/2026,4:21:45 AM,98,72
10/2/2026,4:21:46 AM,98,72
10/2/2026,4:21:47 AM,98,72
10/2/2026,4:21:48 AM,98,71
10/2/2026,4:21:49 AM,98,70
10/2/2026,4:21:50 AM,98,67
10/2/2026,4:21:51 AM,98,66
10/2/2026,4:21:52 AM,98,66
10/2/2026,4:21:53 AM,98,65
10/2/2026,4:21:54 AM,98,65
10/2/2026,4:21:55 AM,98,65
10/2/2026,4:21:56 AM,98,64
10/2/2026,4:21:57 AM,98,64
10/2/2026,4:21:58 AM,98,64
10/2/2026,4:21:59 AM,98,64
10/2/2026,4:22:00 AM,98,65
10/2/2026,4:22:01 AM,98,65
10/2/2026,4:22:02 AM,98,66
10/2/2026,4:22:03 AM,98,66
10/2/2026,4:22:04 AM,99,66
10/2/2026,4:22:05 AM,99,66
10/2/2026,4:22:06 AM,99,66
10/2/2026,4:22:07 AM,99,66
10/2/2026,4:22:08 AM,99,66
10/2/2026,4:22:09 AM,99,66
10/2/2026,4:22:10 AM,99,66
10/2/2026,4:22:11 AM,99,66
10/2/2026,4:22:12 AM,99,67
10/2/2026,4:22:13 AM,99,67
10/2/2026,4:22:14 AM,99,67
10/2/2026,4:22:15 AM,99,67
10/2/2026,4:22:16 AM,99,67
10/2/2026,4:22:17 AM,98,67
10/2/2026,4:22:18 AM,98,67
10/2/2026,4:22:19 AM,98,68
10/2/2026,4:22:20 AM,98,68
10/2/2026,4:22:21 AM,98,68
10/2/2026,4:22:22 AM,98,69
10/2/2026,4:22:23 AM,98,70
10/2/2026,4:22:24 AM,98,70
10/2/2026,4:22:25 AM,98,70
10/2/2026,4:22:26 AM,98,71
10/2/2026,4:22:27 AM,98,71
10/2/2026,4:22:28 AM,98,72
10/2/2026,4:22:29 AM,98,72
10/2/2026,4:22:30 AM,98,73
10/2/2026,4:22:31 AM,98,73
10/2/2026,4:22:32 AM,98,74
10/2/2026,4:22:33 AM,98,74
10/2/2026,4:22:34 AM,98,74
10/2/2026,4:22:35 AM,98,74
10/2/2026,4:22:36 AM,98,74
10/2/2026,4:22:37 AM,98,73
10/2/2026,4:22:38 AM,98,71
10/2/2026,4:22:39 AM,98,70
10/2/2026,4:22:40 AM,99,69
10/2/2026,4:22:41 AM,99,68
10/2/2026,4:22:42 AM,99,68
10/2/2026,4:22:43 AM,99,67
10/2/2026,4:22:44 AM,99,67
10/2/2026,4:22:45 AM,99,67
10/2/2026,4:22:46 AM,99,67
10/2/2026,4:22:47 AM,99,67
10/2/2026,4:22:48 AM,99,67
10/2/2026,4:22:49 AM,99,67
10/2/2026,4:22:50 AM,99,67
10/2/2026,4:22:51 AM,98,67
10/2/2026,4:22:52 AM,98,68
10/2/2026,4:22:53 AM,98,68
10/2/2026,4:22:54 AM,98,68
10/2/2026,4:22:55 AM,98,68
10/2/2026,4:22:56 AM,98,68
10/2/2026,4:22:57 AM,98,69
10/2/2026,4:22:58 AM,98,69
10/2/2026,4:22:59 AM,98,69
10/2/2026,4:23:00 AM,98,70
10/2/2026,4:23:01 AM,98,70
10/2/2026,4:23:02 AM,98,70
10/2/2026,4:23:03 AM,98,71
10/2/2026,4:23:04 AM,98,72
10/2/2026,4:23:05 AM,98,72
10/2/2026,4:23:06 AM,98,73
10/2/2026,4:23:07 AM,98,75
10/2/2026,4:23:08 AM,98,75
10/2/2026,4:23:09 AM,98,76
10/2/2026,4:23:10 AM,98,77
10/2/2026,4:23:11 AM,98,78
10/2/2026,4:23:12 AM,98,79
10/2/2026,4:23:13 AM,98,79
10/2/2026,4:23:14 AM,98,79
10/2/2026,4:23:15 AM,98,79
10/2/2026,4:23:16 AM,98,77
10/2/2026,4:23:17 AM,98,77
10/2/2026,4:23:18 AM,98,76
10/2/2026,4:23:19 AM,98,75
10/2/2026,4:23:20 AM,98,74
10/2/2026,4:23:21 AM,99,74
10/2/2026,4:23:22 AM,99,73
10/2/2026,4:23:23 AM,99,73
10/2/2026,4:23:24 AM,99,72
10/2/2026,4:23:25 AM,99,71
10/2/2026,4:23:26 AM,99,71
10/2/2026,4:23:27 AM,98,71
10/2/2026,4:23:28 AM,98,71
10/2/2026,4:23:29 AM,98,71
10/2/2026,4:23:30 AM,98,71
10/2/2026,4:23:31 AM,98,71
10/2/2026,4:23:32 AM,98,71
10/2/2026,4:23:33 AM,98,71
10/2/2026,4:23:34 AM,98,72
10/2/2026,4:23:35 AM,98,72
10/2/2026,4:23:36 AM,98,72
10/2/2026,4:23:37 AM,98,72
10/2/2026,4:23:38 AM,98,73
10/2/2026,4:23:39 AM,98,73
10/2/2026,4:23:40 AM,98,73
10/2/2026,4:23:41 AM,98,73
10/2/2026,4:23:42 AM,98,73
10/2/2026,4:23:43 AM,98,73
10/2/2026,4:23:44 AM,98,73
10/2/2026,4:23:45 AM,98,73
10/2/2026,4:23:46 AM,98,73
10/2/2026,4:23:47 AM,98,73
10/2/2026,4:23:48 AM,98,73
10/2/2026,4:23:49 AM,98,72
10/2/2026,4:23:50 AM,98,72
10/2/2026,4:23:51 AM,98,72
10/2/2026,4:23:52 AM,98,72
10/2/2026,4:23:53 AM,98,71
10/2/2026,4:23:54 AM,98,71
10/2/2026,4:23:55 AM,98,71
10/2/2026,4:23:56 AM,98,71
10/2/2026,4:23:57 AM,98,71
10/2/2026,4:23:58 AM,98,71
10/2/2026,4:23:59 AM,98,72
10/2/2026,4:24:00 AM,98,72
10/2/2026,4:24:01 AM,98,73
10/2/2026,4:24:02 AM,98,73
10/2/2026,4:24:03 AM,98,73
10/2/2026,4:24:04 AM,98,73
10/2/2026,4:24:05 AM,98,73
10/2/2026,4:24:06 AM,98,73
10/2/2026,4:24:07 AM,98,73
10/2/2026,4:24:08 AM,98,74
10/2/2026,4:24:09 AM,98,74
10/2/2026,4:24:10 AM,98,74
10/2/2026,4:24:11 AM,98,74
10/2/2026,4:24:12 AM,98,74
10/2/2026,4:24:13 AM,98,74
10/2/2026,4:24:14 AM,98,74
10/2/2026,4:24:15 AM,98,74
10/2/2026,4:24:16 AM,98,74
10/2/2026,4:24:17 AM,98,73
10/2/2026,4:24:18 AM,98,72
10/2/2026,4:24:19 AM,98,72
10/2/2026,4:24:20 AM,98,71
10/2/2026,4:24:21 AM,98,70
10/2/2026,4:24:22 AM,98,70
10/2/2026,4:24:23 AM,98,69
10/2/2026,4:24:24 AM,98,69
10/2/2026,4:24:25 AM,98,69
10/2/2026,4:24:26 AM,98,69
10/2/2026,4:24:27 AM,98,69
10/2/2026,4:24:28 AM,98,69
10/2/2026,4:24:29 AM,98,69
10/2/2026,4:24:30 AM,98,69
10/2/2026,4:24:31 AM,98,69
10/2/2026,4:24:32 AM,98,69
10/2/2026,4:24:33 AM,98,69
10/2/2026,4:24:34 AM,98,69
10/2/2026,4:24:35 AM,98,69
10/2/2026,4:24:36 AM,98,69
10/2/2026,4:24:37 AM,98,70
10/2/2026,4:24:38 AM,98,70
10/2/2026,4:24:39 AM,98,71
10/2/2026,4:24:40 AM,98,72
10/2/2026,4:24:41 AM,98,72
10/2/2026,4:24:42 AM,98,72
10/2/2026,4:24:43 AM,98,72
10/2/2026,4:24:44 AM,98,72
10/2/2026,4:24:45 AM,98,73
10/2/2026,4:24:46 AM,98,74
10/2/2026,4:24:47 AM,98,75
10/2/2026,4:24:48 AM,98,75
10/2/2026,4:24:49 AM,98,76
10/2/2026,4:24:50 AM,98,76
10/2/2026,4:24:51 AM,98,76
10/2/2026,4:24:52 AM,98,76
10/2/2026,4:24:53 AM,98,76
10/2/2026,4:24:54 AM,98,75
10/2/2026,4:24:55 AM,98,74
10/2/2026,4:24:56 AM,98,72
10/2/2026,4:24:57 AM,98,71
10/2/2026,4:24:58 AM,98,70
10/2/2026,4:24:59 AM,98,69
10/2/2026,4:25:00 AM,98,68
10/2/2026,4:25:01 AM,98,67
10/2/2026,4:25:02 AM,98,67
10/2/2026,4:25:03 AM,98,67
10/2/2026,4:25:04 AM,98,67
10/2/2026,4:25:05 AM,99,67
10/2/2026,4:25:06 AM,99,67
10/2/2026,4:25:07 AM,99,68
10/2/2026,4:25:08 AM,99,68
10/2/2026,4:25:09 AM,99,68
10/2/2026,4:25:10 AM,99,68
10/2/2026,4:25:11 AM,99,69
10/2/2026,4:25:12 AM,99,69
10/2/2026,4:25:13 AM,99,69
10/2/2026,4:25:14 AM,99,69
10/2/2026,4:25:15 AM,99,69
10/2/2026,4:25:16 AM,99,69
10/2/2026,4:25:17 AM,99,69
10/2/2026,4:25:18 AM,99,69
10/2/2026,4:25:19 AM,99,69
10/2/2026,4:25:20 AM,99,70
10/2/2026,4:25:21 AM,99,71
10/2/2026,4:25:22 AM,99,71
10/2/2026,4:25:23 AM,99,71
10/2/2026,4:25:24 AM,99,71
10/2/2026,4:25:25 AM,99,71
10/2/2026,4:25:26 AM,99,71
10/2/2026,4:25:27 AM,99,71
10/2/2026,4:25:28 AM,99,71
10/2/2026,4:25:29 AM,99,71
10/2/2026,4:25:30 AM,99,72
10/2/2026,4:25:31 AM,99,72
10/2/2026,4:25:32 AM,99,72
10/2/2026,4:25:33 AM,99,73
10/2/2026,4:25:34 AM,99,74
10/2/2026,4:25:35 AM,98,74
10/2/2026,4:25:36 AM,98,74
10/2/2026,4:25:37 AM,98,75
10/2/2026,4:25:38 AM,98,75
10/2/2026,4:25:39 AM,99,75
10/2/2026,4:25:40 AM,99,74
10/2/2026,4:25:41 AM,99,73
10/2/2026,4:25:42 AM,99,73
10/2/2026,4:25:43 AM,99,72
10/2/2026,4:25:44 AM,99,72
10/2/2026,4:25:45 AM,99,72
10/2/2026,4:25:46 AM,99,71
10/2/2026,4:25:47 AM,99,71
10/2/2026,4:25:48 AM,99,71
10/2/2026,4:25:49 AM,99,71
10/2/2026,4:25:50 AM,99,71
10/2/2026,4:25:51 AM,99,71
10/2/2026,4:25:52 AM,99,71
10/2/2026,4:25:53 AM,99,71
10/2/2026,4:25:54 AM,99,70
10/2/2026,4:25:55 AM,99,70
10/2/2026,4:25:56 AM,99,70
10/2/2026,4:25:57 AM,99,70
10/2/2026,4:25:58 AM,99,70
10/2/2026,4:25:59 AM,99,70
10/2/2026,4:26:00 AM,98,70
10/2/2026,4:26:01 AM,98,70
10/2/2026,4:26:02 AM,98,70
10/2/2026,4:26:03 AM,98,70
10/2/2026,4:26:04 AM,98,70
10/2/2026,4:26:05 AM,98,70
10/2/2026,4:26:06 AM,98,70
10/2/2026,4:26:07 AM,98,70
10/2/2026,4:26:08 AM,98,70
10/2/2026,4:26:09 AM,98,70
10/2/2026,4:26:10 AM,98,70
10/2/2026,4:26:11 AM,98,70
10/2/2026,4:26:12 AM,98,70
10/2/2026,4:26:13 AM,98,70
10/2/2026,4:26:14 AM,98,70
10/2/2026,4:26:15 AM,98,70
10/2/2026,4:26:16 AM,98,70
10/2/2026,4:26:17 AM,98,70
10/2/2026,4:26:18 AM,98,70
10/2/2026,4:26:19 AM,98,70
10/2/2026,4:26:20 AM,98,70
10/2/2026,4:26:21 AM,98,70
10/2/2026,4:26:22 AM,98,70
10/2/2026,4:26:23 AM,98,70
10/2/2026,4:26:24 AM,98,70
10/2/2026,4:26:25 AM,98,72
10/2/2026,4:26:26 AM,98,72
10/2/2026,4:26:27 AM,98,73
10/2/2026,4:26:28 AM,98,74
10/2/2026,4:26:29 AM,98,74
10/2/2026,4:26:30 AM,98,74
10/2/2026,4:26:31 AM,98,74
10/2/2026,4:26:32 AM,98,74
10/2/2026,4:26:33 AM,99,74
10/2/2026,4:26:34 AM,99,74
10/2/2026,4:26:35 AM,99,74
10/2/2026,4:26:36 AM,98,73
10/2/2026,4:26:37 AM,98,72
10/2/2026,4:26:38 AM,98,71
10/2/2026,4:26:39 AM,99,71
10/2/2026,4:26:40 AM,99,70
10/2/2026,4:26:41 AM,99,69
10/2/2026,4:26:42 AM,99,69
10/2/2026,4:26:43 AM,99,69
10/2/2026,4:26:44 AM,99,69
10/2/2026,4:26:45 AM,99,69
10/2/2026,4:26:46 AM,99,69
10/2/2026,4:26:47 AM,99,70
10/2/2026,4:26:48 AM,99,70
10/2/2026,4:26:49 AM,99,70
10/2/2026,4:26:50 AM,98,70
10/2/2026,4:26:51 AM,98,70
10/2/2026,4:26:52 AM,98,71
10/2/2026,4:26:53 AM,98,71
10/2/2026,4:26:54 AM,98,71
10/2/2026,4:26:55 AM,98,71
10/2/2026,4:26:56 AM,98,71
10/2/2026,4:26:57 AM,98,71
10/2/2026,4:26:58 AM,98,71
10/2/2026,4:26:59 AM,98,71
10/2/2026,4:27:00 AM,98,71
10/2/2026,4:27:01 AM,98,71
10/2/2026,4:27:02 AM,98,71
10/2/2026,4:27:03 AM,98,71
10/2/2026,4:27:04 AM,98,71
10/2/2026,4:27:05 AM,98,71
10/2/2026,4:27:06 AM,98,71
10/2/2026,4:27:07 AM,98,71
10/2/2026,4:27:08 AM,98,71
10/2/2026,4:27:09 AM,98,71
10/2/2026,4:27:10 AM,98,71
10/2/2026,4:27:11 AM,97,71
10/2/2026,4:27:12 AM,97,71
10/2/2026,4:27:13 AM,97,71
10/2/2026,4:27:14 AM,97,71
10/2/2026,4:27:15 AM,97,71
10/2/2026,4:27:16 AM,97,71
10/2/2026,4:27:17 AM,97,72
10/2/2026,4:27:18 AM,97,72
10/2/2026,4:27:19 AM,97,72
10/2/2026,4:27:20 AM,97,72
10/2/2026,4:27:21 AM,97,72
10/2/2026,4:27:22 AM,97,72
10/2/2026,4:27:23 AM,97,72
10/2/2026,4:27:24 AM,97,72
10/2/2026,4:27:25 AM,97,72
10/2/2026,4:27:26 AM,97,72
10/2/2026,4:27:27 AM,97,72
10/2/2026,4:27:28 AM,96,71
10/2/2026,4:27:29 AM,96,71
10/2/2026,4:27:30 AM,96,71
10/2/2026,4:27:31 AM,96,70
10/2/2026,4:27:32 AM,96,71
10/2/2026,4:27:33 AM,96,70
10/2/2026,4:27:34 AM,96,70
10/2/2026,4:27:35 AM,96,70
10/2/2026,4:27:36 AM,96,70
10/2/2026,4:27:37 AM,96,70
10/2/2026,4:27:38 AM,96,70
10/2/2026,4:27:39 AM,96,70
10/2/2026,4:27:40 AM,96,70
10/2/2026,4:27:41 AM,96,70
10/2/2026,4:27:42 AM,96,70
10/2/2026,4:27:43 AM,96,70
10/2/2026,4:27:44 AM,95,70
10/2/2026,4:27:45 AM,95,70
10/2/2026,4:27:46 AM,95,69
10/2/2026,4:27:47 AM,95,69
10/2/2026,4:27:48 AM,95,69
10/2/2026,4:27:49 AM,94,69
10/2/2026,4:27:50 AM,94,69
10/2/2026,4:27:51 AM,94,69
10/2/2026,4:27:52 AM,94,69
10/2/2026,4:27:53 AM,94,69
10/2/2026,4:27:54 AM,93,69
10/2/2026,4:27:55 AM,93,69
10/2/2026,4:27:56 AM,93,70
10/2/2026,4:27:57 AM,93,70
10/2/2026,4:27:58 AM,93,70
10/2/2026,4:27:59 AM,92,70
10/2/2026,4:28:00 AM,92,71
10/2/2026,4:28:01 AM,92,71
10/2/2026,4:28:02 AM,92,71
10/2/2026,4:28:03 AM,91,71
10/2/2026,4:28:04 AM,91,71
10/2/2026,4:28:05 AM,91,72
10/2/2026,4:28:06 AM,91,72
10/2/2026,4:28:07 AM,90,72
10/2/2026,4:28:08 AM,90,72
10/2/2026,4:28:09 AM,90,72
10/2/2026,4:28:10 AM,90,72
10/2/2026,4:28:11 AM,90,72
10/2/2026,4:28:12 AM,90,72
10/2/2026,4:28:13 AM,90,73
10/2/2026,4:28:14 AM,89,73
10/2/2026,4:28:15 AM,89,73
10/2/2026,4:28:16 AM,89,73
10/2/2026,4:28:17 AM,88,73
10/2/2026,4:28:18 AM,88,73
10/2/2026,4:28:19 AM,88,74
10/2/2026,4:28:20 AM,88,74
10/2/2026,4:28:21 AM,88,74
10/2/2026,4:28:22 AM,88,74
10/2/2026,4:28:23 AM,88,74
10/2/2026,4:28:24 AM,88,74
10/2/2026,4:28:25 AM,88,74
10/2/2026,4:28:26 AM,89,75
10/2/2026,4:28:27 AM,89,75
10/2/2026,4:28:28 AM,89,75
10/2/2026,4:28:29 AM,89,75
10/2/2026,4:28:30 AM,89,76
10/2/2026,4:28:31 AM,89,76
10/2/2026,4:28:32 AM,89,76
10/2/2026,4:28:33 AM,89,76
10/2/2026,4:28:34 AM,89,76
10/2/2026,4:28:35 AM,89,76
10/2/2026,4:28:36 AM,89,76
10/2/2026,4:28:37 AM,90,77
10/2/2026,4:28:38 AM,90,77
10/2/2026,4:28:39 AM,91,77
10/2/2026,4:28:40 AM,92,78
10/2/2026,4:28:41 AM,93,78
10/2/2026,4:28:42 AM,94,78
10/2/2026,4:28:43 AM,95,78
10/2/2026,4:28:44 AM,96,78
10/2/2026,4:28:45 AM,96,78
10/2/2026,4:28:46 AM,96,77
10/2/2026,4:28:47 AM,97,76
10/2/2026,4:28:48 AM,97,76
10/2/2026,4:28:49 AM,97,75
10/2/2026,4:28:50 AM,97,75
10/2/2026,4:28:51 AM,97,75
10/2/2026,4:28:52 AM,97,74
10/2/2026,4:28:53 AM,97,74
10/2/2026,4:28:54 AM,97,74
10/2/2026,4:28:55 AM,97,74
10/2/2026,4:28:56 AM,97,74
10/2/2026,4:28:57 AM,97,74
10/2/2026,4:28:58 AM,97,74
10/2/2026,4:28:59 AM,97,74
10/2/2026,4:29:00 AM,97,74
10/2/2026,4:29:01 AM,97,74
10/2/2026,4:29:02 AM,97,74
10/2/2026,4:29:03 AM,96,74
10/2/2026,4:29:04 AM,97,74
10/2/2026,4:29:05 AM,97,74
10/2/2026,4:29:06 AM,97,74
10/2/2026,4:29:07 AM,97,74
10/2/2026,4:29:08 AM,97,73
10/2/2026,4:29:09 AM,97,72
10/2/2026,4:29:10 AM,97,71
10/2/2026,4:29:11 AM,97,70
10/2/2026,4:29:12 AM,97,69
10/2/2026,4:29:13 AM,98,67
10/2/2026,4:29:14 AM,98,66
10/2/2026,4:29:15 AM,98,66
10/2/2026,4:29:16 AM,98,65
10/2/2026,4:29:17 AM,98,65
10/2/2026,4:29:18 AM,98,64
10/2/2026,4:29:19 AM,98,64
10/2/2026,4:29:20 AM,98,64
10/2/2026,4:29:21 AM,98,64
10/2/2026,4:29:22 AM,98,64
10/2/2026,4:29:23 AM,98,64
10/2/2026,4:29:24 AM,98,65
10/2/2026,4:29:25 AM,98,65
10/2/2026,4:29:26 AM,98,65
10/2/2026,4:29:27 AM,98,66
10/2/2026,4:29:28 AM,98,66
10/2/2026,4:29:29 AM,98,66
10/2/2026,4:29:30 AM,97,66
10/2/2026,4:29:31 AM,97,67
10/2/2026,4:29:32 AM,97,67
10/2/2026,4:29:33 AM,97,67
10/2/2026,4:29:34 AM,97,66
10/2/2026,4:29:35 AM,97,66
10/2/2026,4:29:36 AM,97,66
10/2/2026,4:29:37 AM,97,66
10/2/2026,4:29:38 AM,97,66
10/2/2026,4:29:39 AM,97,66
10/2/2026,4:29:40 AM,97,66
10/2/2026,4:29:41 AM,97,66
10/2/2026,4:29:42 AM,97,66
10/2/2026,4:29:43 AM,97,66
10/2/2026,4:29:44 AM,97,66
10/2/2026,4:29:45 AM,97,66
10/2/2026,4:29:46 AM,97,67
10/2/2026,4:29:47 AM,97,67
10/2/2026,4:29:48 AM,97,67
10/2/2026,4:29:49 AM,96,66
10/2/2026,4:29:50 AM,96,66
10/2/2026,4:29:51 AM,96,66
10/2/2026,4:29:52 AM,96,66
10/2/2026,4:29:53 AM,96,66
10/2/2026,4:29:54 AM,96,66
10/2/2026,4:29:55 AM,96,66
10/2/2026,4:29:56 AM,95,66
10/2/2026,4:29:57 AM,95,66
10/2/2026,4:29:58 AM,95,66
10/2/2026,4:29:59 AM,95,67
10/2/2026,4:30:00 AM,95,67
10/2/2026,4:30:01 AM,94,67
10/2/2026,4:30:02 AM,94,67
10/2/2026,4:30:03 AM,94,67
10/2/2026,4:30:04 AM,94,67
10/2/2026,4:30:05 AM,94,67
10/2/2026,4:30:06 AM,93,67
10/2/2026,4:30:07 AM,93,67
10/2/2026,4:30:08 AM,93,66
10/2/2026,4:30:09 AM,93,66
10/2/2026,4:30:10 AM,93,66
10/2/2026,4:30:11 AM,92,66
10/2/2026,4:30:12 AM,92,66
10/2/2026,4:30:13 AM,92,66
10/2/2026,4:30:14 AM,92,66
10/2/2026,4:30:15 AM,92,66
10/2/2026,4:30:16 AM,92,67
10/2/2026,4:30:17 AM,92,67
10/2/2026,4:30:18 AM,91,67
10/2/2026,4:30:19 AM,91,68
10/2/2026,4:30:20 AM,91,68
10/2/2026,4:30:21 AM,91,68
10/2/2026,4:30:22 AM,90,68
10/2/2026,4:30:23 AM,90,68
10/2/2026,4:30:24 AM,90,68
10/2/2026,4:30:25 AM,90,68
10/2/2026,4:30:26 AM,89,68
10/2/2026,4:30:27 AM,89,68
10/2/2026,4:30:28 AM,89,68
10/2/2026,4:30:29 AM,89,69
10/2/2026,4:30:30 AM,88,69
10/2/2026,4:30:31 AM,88,69
10/2/2026,4:30:32 AM,88,70
10/2/2026,4:30:33 AM,88,71
10/2/2026,4:30:34 AM,87,71
10/2/2026,4:30:35 AM,87,72
10/2/2026,4:30:36 AM,87,74
10/2/2026,4:30:37 AM,87,74
10/2/2026,4:30:38 AM,87,74
10/2/2026,4:30:39 AM,87,74
10/2/2026,4:30:40 AM,87,74
10/2/2026,4:30:41 AM,87,74
10/2/2026,4:30:42 AM,87,74
10/2/2026,4:30:43 AM,87,74
10/2/2026,4:30:44 AM,88,73
10/2/2026,4:30:45 AM,88,73
10/2/2026,4:30:46 AM,89,72
10/2/2026,4:30:47 AM,90,71
10/2/2026,4:30:48 AM,91,70
10/2/2026,4:30:49 AM,92,67
10/2/2026,4:30:50 AM,92,66
10/2/2026,4:30:51 AM,94,66
10/2/2026,4:30:52 AM,95,66
10/2/2026,4:30:53 AM,96,66
10/2/2026,4:30:54 AM,97,66
10/2/2026,4:30:55 AM,97,66
10/2/2026,4:30:56 AM,98,66
10/2/2026,4:30:57 AM,98,66
10/2/2026,4:30:58 AM,98,66
10/2/2026,4:30:59 AM,98,66
10/2/2026,4:31:00 AM,98,66
10/2/2026,4:31:01 AM,97,66
10/2/2026,4:31:02 AM,97,66
10/2/2026,4:31:03 AM,97,66
10/2/2026,4:31:04 AM,97,66
10/2/2026,4:31:05 AM,97,66
10/2/2026,4:31:06 AM,96,66
10/2/2026,4:31:07 AM,96,66
10/2/2026,4:31:08 AM,96,66
10/2/2026,4:31:09 AM,96,66
10/2/2026,4:31:10 AM,96,66
10/2/2026,4:31:11 AM,96,66
10/2/2026,4:31:12 AM,96,66
10/2/2026,4:31:13 AM,95,66
10/2/2026,4:31:14 AM,95,66
10/2/2026,4:31:15 AM,95,66
10/2/2026,4:31:16 AM,95,66
10/2/2026,4:31:17 AM,95,65
10/2/2026,4:31:18 AM,95,65
10/2/2026,4:31:19 AM,95,65
10/2/2026,4:31:20 AM,94,65
10/2/2026,4:31:21 AM,94,65
10/2/2026,4:31:22 AM,94,65
10/2/2026,4:31:23 AM,94,65
10/2/2026,4:31:24 AM,94,65
10/2/2026,4:31:25 AM,93,65
10/2/2026,4:31:26 AM,93,65
10/2/2026,4:31:27 AM,93,65
10/2/2026,4:31:28 AM,93,65
10/2/2026,4:31:29 AM,92,65
10/2/2026,4:31:30 AM,92,65
10/2/2026,4:31:31 AM,92,65
10/2/2026,4:31:32 AM,91,65
10/2/2026,4:31:33 AM,91,65
10/2/2026,4:31:34 AM,91,66
10/2/2026,4:31:35 AM,91,66
10/2/2026,4:31:36 AM,90,66
10/2/2026,4:31:37 AM,90,66
10/2/2026,4:31:38 AM,90,66
10/2/2026,4:31:39 AM,89,66
10/2/2026,4:31:40 AM,89,67
10/2/2026,4:31:41 AM,89,67
10/2/2026,4:31:42 AM,89,67
10/2/2026,4:31:43 AM,89,67
10/2/2026,4:31:44 AM,89,67
10/2/2026,4:31:45 AM,89,68
10/2/2026,4:31:46 AM,90,68
10/2/2026,4:31:47 AM,91,68
10/2/2026,4:31:48 AM,92,69
10/2/2026,4:31:49 AM,92,69
10/2/2026,4:31:50 AM,93,69
10/2/2026,4:31:51 AM,94,69
10/2/2026,4:31:52 AM,94,69
10/2/2026,4:31:53 AM,95,69
10/2/2026,4:31:54 AM,95,68
10/2/2026,4:31:55 AM,96,68
10/2/2026,4:31:56 AM,96,68
10/2/2026,4:31:57 AM,96,67
10/2/2026,4:31:58 AM,96,67
10/2/2026,4:31:59 AM,96,67
10/2/2026,4:32:00 AM,96,66
10/2/2026,4:32:01 AM,96,66
10/2/2026,4:32:02 AM,96,66
10/2/2026,4:32:03 AM,96,66
10/2/2026,4:32:04 AM,96,66
10/2/2026,4:32:05 AM,96,66
10/2/2026,4:32:06 AM,96,66
10/2/2026,4:32:07 AM,96,66
10/2/2026,4:32:08 AM,95,66
10/2/2026,4:32:09 AM,95,66
10/2/2026,4:32:10 AM,95,66
10/2/2026,4:32:11 AM,95,66
10/2/2026,4:32:12 AM,95,66
10/2/2026,4:32:13 AM,94,66
10/2/2026,4:32:14 AM,94,66
10/2/2026,4:32:15 AM,94,66
10/2/2026,4:32:16 AM,94,66
10/2/2026,4:32:17 AM,94,66
10/2/2026,4:32:18 AM,93,66
10/2/2026,4:32:19 AM,93,66
10/2/2026,4:32:20 AM,93,66
10/2/2026,4:32:21 AM,93,66
10/2/2026,4:32:22 AM,92,66
10/2/2026,4:32:23 AM,92,66
10/2/2026,4:32:24 AM,92,67
10/2/2026,4:32:25 AM,92,67
10/2/2026,4:32:26 AM,91,67
10/2/2026,4:32:27 AM,91,66
10/2/2026,4:32:28 AM,91,66
10/2/2026,4:32:29 AM,90,66
10/2/2026,4:32:30 AM,90,66
10/2/2026,4:32:31 AM,90,66
10/2/2026,4:32:32 AM,90,66
10/2/2026,4:32:33 AM,90,66
10/2/2026,4:32:34 AM,90,66
10/2/2026,4:32:35 AM,90,67
10/2/2026,4:32:36 AM,91,67
10/2/2026,4:32:37 AM,92,67
10/2/2026,4:32:38 AM,93,68
10/2/2026,4:32:39 AM,94,68
10/2/2026,4:32:40 AM,94,68
10/2/2026,4:32:41 AM,95,69
10/2/2026,4:32:42 AM,96,69
10/2/2026,4:32:43 AM,96,69
10/2/2026,4:32:44 AM,97,68
10/2/2026,4:32:45 AM,97,68
10/2/2026,4:32:46 AM,97,68
10/2/2026,4:32:47 AM,97,67
10/2/2026,4:32:48 AM,97,67
10/2/2026,4:32:49 AM,97,67
10/2/2026,4:32:50 AM,97,66
10/2/2026,4:32:51 AM,97,66
10/2/2026,4:32:52 AM,97,66
10/2/2026,4:32:53 AM,97,66
10/2/2026,4:32:54 AM,97,66
10/2/2026,4:32:55 AM,97,66
10/2/2026,4:32:56 AM,97,66
10/2/2026,4:32:57 AM,97,66
10/2/2026,4:32:58 AM,97,66
10/2/2026,4:32:59 AM,97,66
10/2/2026,4:33:00 AM,97,66
10/2/2026,4:33:01 AM,97,66
10/2/2026,4:33:02 AM,97,66
10/2/2026,4:33:03 AM,97,66
10/2/2026,4:33:04 AM,96,66
10/2/2026,4:33:05 AM,96,66
10/2/2026,4:33:06 AM,96,65
10/2/2026,4:33:07 AM,96,65
10/2/2026,4:33:08 AM,96,65
10/2/2026,4:33:09 AM,96,65
10/2/2026,4:33:10 AM,96,65
10/2/2026,4:33:11 AM,96,65
10/2/2026,4:33:12 AM,96,65
10/2/2026,4:33:13 AM,95,65
10/2/2026,4:33:14 AM,95,65
10/2/2026,4:33:15 AM,95,65
10/2/2026,4:33:16 AM,95,65
10/2/2026,4:33:17 AM,94,64
10/2/2026,4:33:18 AM,94,64
10/2/2026,4:33:19 AM,94,64
10/2/2026,4:33:20 AM,94,64
10/2/2026,4:33:21 AM,94,64
10/2/2026,4:33:22 AM,93,64
10/2/2026,4:33:23 AM,93,64
10/2/2026,4:33:24 AM,93,64
10/2/2026,4:33:25 AM,93,64
10/2/2026,4:33:26 AM,92,64
10/2/2026,4:33:27 AM,92,64
10/2/2026,4:33:28 AM,92,64
10/2/2026,4:33:29 AM,91,65
10/2/2026,4:33:30 AM,91,65
10/2/2026,4:33:31 AM,91,65
10/2/2026,4:33:32 AM,91,65
10/2/2026,4:33:33 AM,90,65
10/2/2026,4:33:34 AM,90,65
10/2/2026,4:33:35 AM,90,66
10/2/2026,4:33:36 AM,90,66
10/2/2026,4:33:37 AM,90,66
10/2/2026,4:33:38 AM,90,66
10/2/2026,4:33:39 AM,90,66
10/2/2026,4:33:40 AM,91,66
10/2/2026,4:33:41 AM,92,66
10/2/2026,4:33:42 AM,93,66
10/2/2026,4:33:43 AM,94,66
10/2/2026,4:33:44 AM,95,66
10/2/2026,4:33:45 AM,96,66
10/2/2026,4:33:46 AM,97,66
10/2/2026,4:33:47 AM,98,66
10/2/2026,4:33:48 AM,98,65
10/2/2026,4:33:49 AM,98,65
10/2/2026,4:33:50 AM,98,65
10/2/2026,4:33:51 AM,98,65
10/2/2026,4:33:52 AM,98,65
10/2/2026,4:33:53 AM,98,64
10/2/2026,4:33:54 AM,97,64
10/2/2026,4:33:55 AM,97,64
10/2/2026,4:33:56 AM,97,64
10/2/2026,4:33:57 AM,97,64
10/2/2026,4:33:58 AM,97,64
10/2/2026,4:33:59 AM,96,64
10/2/2026,4:34:00 AM,96,64
10/2/2026,4:34:01 AM,96,64
10/2/2026,4:34:02 AM,96,64
10/2/2026,4:34:03 AM,96,64
10/2/2026,4:34:04 AM,96,64
10/2/2026,4:34:05 AM,96,64
10/2/2026,4:34:06 AM,95,64
10/2/2026,4:34:07 AM,95,64
10/2/2026,4:34:08 AM,95,64
10/2/2026,4:34:09 AM,95,64
10/2/2026,4:34:10 AM,95,64
10/2/2026,4:34:11 AM,94,64
10/2/2026,4:34:12 AM,94,64
10/2/2026,4:34:13 AM,94,64
10/2/2026,4:34:14 AM,94,64
10/2/2026,4:34:15 AM,93,64
10/2/2026,4:34:16 AM,93,64
10/2/2026,4:34:17 AM,93,64
10/2/2026,4:34:18 AM,93,64
10/2/2026,4:34:19 AM,92,64
10/2/2026,4:34:20 AM,92,64
10/2/2026,4:34:21 AM,92,64
10/2/2026,4:34:22 AM,92,64
10/2/2026,4:34:23 AM,91,64
10/2/2026,4:34:24 AM,91,64
10/2/2026,4:34:25 AM,91,64
10/2/2026,4:34:26 AM,90,64
10/2/2026,4:34:27 AM,90,64
10/2/2026,4:34:28 AM,90,64
10/2/2026,4:34:29 AM,90,65
10/2/2026,4:34:30 AM,89,65
10/2/2026,4:34:31 AM,89,65
10/2/2026,4:34:32 AM,89,65
10/2/2026,4:34:33 AM,89,65
10/2/2026,4:34:34 AM,89,65
10/2/2026,4:34:35 AM,89,65
10/2/2026,4:34:36 AM,88,65
10/2/2026,4:34:37 AM,88,65
10/2/2026,4:34:38 AM,88,66
10/2/2026,4:34:39 AM,88,67
10/2/2026,4:34:40 AM,88,67
10/2/2026,4:34:41 AM,88,67
10/2/2026,4:34:42 AM,88,67
10/2/2026,4:34:43 AM,88,67
10/2/2026,4:34:44 AM,88,67
10/2/2026,4:34:45 AM,88,67
10/2/2026,4:34:46 AM,88,67
10/2/2026,4:34:47 AM,89,66
10/2/2026,4:34:48 AM,90,65
10/2/2026,4:34:49 AM,91,65
10/2/2026,4:34:50 AM,92,64
10/2/2026,4:34:51 AM,93,64
10/2/2026,4:34:52 AM,94,64
10/2/2026,4:34:53 AM,97,63
10/2/2026,4:34:54 AM,97,63
10/2/2026,4:34:55 AM,98,63
10/2/2026,4:34:56 AM,98,63
10/2/2026,4:34:57 AM,98,63
10/2/2026,4:34:58 AM,98,63
10/2/2026,4:34:59 AM,98,63
10/2/2026,4:35:00 AM,98,64
10/2/2026,4:35:01 AM,98,64
10/2/2026,4:35:02 AM,98,65
10/2/2026,4:35:03 AM,98,65
10/2/2026,4:35:04 AM,98,65
10/2/2026,4:35:05 AM,97,65
10/2/2026,4:35:06 AM,97,65
10/2/2026,4:35:07 AM,97,65
10/2/2026,4:35:08 AM,97,65
10/2/2026,4:35:09 AM,97,65
10/2/2026,4:35:10 AM,97,65
10/2/2026,4:35:11 AM,96,65
10/2/2026,4:35:12 AM,96,65
10/2/2026,4:35:13 AM,96,65
10/2/2026,4:35:14 AM,96,65
10/2/2026,4:35:15 AM,96,64
10/2/2026,4:35:16 AM,96,64
10/2/2026,4:35:17 AM,96,64
10/2/2026,4:35:18 AM,95,64
10/2/2026,4:35:19 AM,95,63
10/2/2026,4:35:20 AM,95,63
10/2/2026,4:35:21 AM,95,63
10/2/2026,4:35:22 AM,95,63
10/2/2026,4:35:23 AM,94,63
10/2/2026,4:35:24 AM,94,63
10/2/2026,4:35:25 AM,94,63
10/2/2026,4:35:26 AM,94,63
10/2/2026,4:35:27 AM,93,63
10/2/2026,4:35:28 AM,93,63
10/2/2026,4:35:29 AM,93,63
10/2/2026,4:35:30 AM,93,64
10/2/2026,4:35:31 AM,92,64
10/2/2026,4:35:32 AM,92,65
10/2/2026,4:35:33 AM,92,65
10/2/2026,4:35:34 AM,92,65
10/2/2026,4:35:35 AM,92,65
10/2/2026,4:35:36 AM,92,65
10/2/2026,4:35:37 AM,92,65
10/2/2026,4:35:38 AM,92,66
10/2/2026,4:35:39 AM,92,66
10/2/2026,4:35:40 AM,91,66
10/2/2026,4:35:41 AM,91,67
10/2/2026,4:35:42 AM,91,67
10/2/2026,4:35:43 AM,92,67
10/2/2026,4:35:44 AM,92,67
10/2/2026,4:35:45 AM,92,67
10/2/2026,4:35:46 AM,93,67
10/2/2026,4:35:47 AM,94,66
10/2/2026,4:35:48 AM,95,66
10/2/2026,4:35:49 AM,95,66
10/2/2026,4:35:50 AM,96,66
10/2/2026,4:35:51 AM,97,66
10/2/2026,4:35:52 AM,97,65
10/2/2026,4:35:53 AM,97,65
10/2/2026,4:35:54 AM,97,65
10/2/2026,4:35:55 AM,97,65
10/2/2026,4:35:56 AM,97,65
10/2/2026,4:35:57 AM,97,64
10/2/2026,4:35:58 AM,97,64
10/2/2026,4:35:59 AM,97,64
10/2/2026,4:36:00 AM,97,64
10/2/2026,4:36:01 AM,97,64
10/2/2026,4:36:02 AM,97,64
10/2/2026,4:36:03 AM,96,64
10/2/2026,4:36:04 AM,96,64
10/2/2026,4:36:05 AM,96,64
10/2/2026,4:36:06 AM,96,64
10/2/2026,4:36:07 AM,96,65
10/2/2026,4:36:08 AM,96,65
10/2/2026,4:36:09 AM,95,65
10/2/2026,4:36:10 AM,95,65
10/2/2026,4:36:11 AM,95,65
10/2/2026,4:36:12 AM,95,65
10/2/2026,4:36:13 AM,95,65
10/2/2026,4:36:14 AM,94,64
10/2/2026,4:36:15 AM,94,64
10/2/2026,4:36:16 AM,94,64
10/2/2026,4:36:17 AM,94,64
10/2/2026,4:36:18 AM,94,65
10/2/2026,4:36:19 AM,94,65
10/2/2026,4:36:20 AM,93,65
10/2/2026,4:36:21 AM,93,65
10/2/2026,4:36:22 AM,93,66
10/2/2026,4:36:23 AM,93,66
10/2/2026,4:36:24 AM,92,66
10/2/2026,4:36:25 AM,92,66
10/2/2026,4:36:26 AM,92,66
10/2/2026,4:36:27 AM,92,67
10/2/2026,4:36:28 AM,92,67
10/2/2026,4:36:29 AM,91,68
10/2/2026,4:36:30 AM,91,68
10/2/2026,4:36:31 AM,91,68
10/2/2026,4:36:32 AM,91,68
10/2/2026,4:36:33 AM,91,68
10/2/2026,4:36:34 AM,91,68
10/2/2026,4:36:35 AM,91,68
10/2/2026,4:36:36 AM,91,68
10/2/2026,4:36:37 AM,91,68
10/2/2026,4:36:38 AM,90,68
10/2/2026,4:36:39 AM,90,68
10/2/2026,4:36:40 AM,90,68
10/2/2026,4:36:41 AM,90,68
10/2/2026,4:36:42 AM,90,68
10/2/2026,4:36:43 AM,90,68
10/2/2026,4:36:44 AM,91,68
10/2/2026,4:36:45 AM,91,67
10/2/2026,4:36:46 AM,92,66
10/2/2026,4:36:47 AM,93,66
10/2/2026,4:36:48 AM,95,65
10/2/2026,4:36:49 AM,96,65
10/2/2026,4:36:50 AM,97,64
10/2/2026,4:36:51 AM,97,64
10/2/2026,4:36:52 AM,98,64
10/2/2026,4:36:53 AM,98,64
10/2/2026,4:36:54 AM,98,64
10/2/2026,4:36:55 AM,98,64
10/2/2026,4:36:56 AM,98,64
10/2/2026,4:36:57 AM,98,64
10/2/2026,4:36:58 AM,98,64
10/2/2026,4:36:59 AM,98,64
10/2/2026,4:37:00 AM,98,64
10/2/2026,4:37:01 AM,97,63
10/2/2026,4:37:02 AM,97,63
10/2/2026,4:37:03 AM,97,63
10/2/2026,4:37:04 AM,97,63
10/2/2026,4:37:05 AM,96,63
10/2/2026,4:37:06 AM,96,63
10/2/2026,4:37:07 AM,96,63
10/2/2026,4:37:08 AM,96,63
10/2/2026,4:37:09 AM,96,63
10/2/2026,4:37:10 AM,96,63
10/2/2026,4:37:11 AM,95,63
10/2/2026,4:37:12 AM,95,63
10/2/2026,4:37:13 AM,95,63
10/2/2026,4:37:14 AM,95,63
10/2/2026,4:37:15 AM,95,63
10/2/2026,4:37:16 AM,95,63
10/2/2026,4:37:17 AM,94,64
10/2/2026,4:37:18 AM,94,64
10/2/2026,4:37:19 AM,94,64
10/2/2026,4:37:20 AM,94,64
10/2/2026,4:37:21 AM,93,64
10/2/2026,4:37:22 AM,93,64
10/2/2026,4:37:23 AM,93,65
10/2/2026,4:37:24 AM,93,65
10/2/2026,4:37:25 AM,92,65
10/2/2026,4:37:26 AM,92,65
10/2/2026,4:37:27 AM,92,65
10/2/2026,4:37:28 AM,92,66
10/2/2026,4:37:29 AM,91,66
10/2/2026,4:37:30 AM,91,66
10/2/2026,4:37:31 AM,91,67
10/2/2026,4:37:32 AM,91,68
10/2/2026,4:37:33 AM,90,69
10/2/2026,4:37:34 AM,90,69
10/2/2026,4:37:35 AM,90,69
10/2/2026,4:37:36 AM,90,69
10/2/2026,4:37:37 AM,90,69
10/2/2026,4:37:38 AM,90,69
10/2/2026,4:37:39 AM,90,68
10/2/2026,4:37:40 AM,90,68
10/2/2026,4:37:41 AM,90,68
10/2/2026,4:37:42 AM,90,67
10/2/2026,4:37:43 AM,90,67
10/2/2026,4:37:44 AM,91,67
10/2/2026,4:37:45 AM,91,66
10/2/2026,4:37:46 AM,91,65
10/2/2026,4:37:47 AM,91,65
10/2/2026,4:37:48 AM,92,65
10/2/2026,4:37:49 AM,92,64
10/2/2026,4:37:50 AM,92,64
10/2/2026,4:37:51 AM,93,64
10/2/2026,4:37:52 AM,94,64
10/2/2026,4:37:53 AM,95,64
10/2/2026,4:37:54 AM,95,64
10/2/2026,4:37:55 AM,96,64
10/2/2026,4:37:56 AM,97,64
10/2/2026,4:37:57 AM,98,64
10/2/2026,4:37:58 AM,98,65
10/2/2026,4:37:59 AM,98,65
10/2/2026,4:38:00 AM,98,65
10/2/2026,4:38:01 AM,98,65
10/2/2026,4:38:02 AM,98,65
10/2/2026,4:38:03 AM,98,65
10/2/2026,4:38:04 AM,98,64
10/2/2026,4:38:05 AM,98,64
10/2/2026,4:38:06 AM,98,64
10/2/2026,4:38:07 AM,98,64
10/2/2026,4:38:08 AM,98,64
10/2/2026,4:38:09 AM,98,64
10/2/2026,4:38:10 AM,98,63
10/2/2026,4:38:11 AM,97,63
10/2/2026,4:38:12 AM,97,63
10/2/2026,4:38:13 AM,97,63
10/2/2026,4:38:14 AM,97,63
10/2/2026,4:38:15 AM,97,63
10/2/2026,4:38:16 AM,96,64
10/2/2026,4:38:17 AM,96,64
10/2/2026,4:38:18 AM,96,64
10/2/2026,4:38:19 AM,96,64
10/2/2026,4:38:20 AM,96,64
10/2/2026,4:38:21 AM,96,64
10/2/2026,4:38:22 AM,96,64
10/2/2026,4:38:23 AM,96,64
10/2/2026,4:38:24 AM,96,64
10/2/2026,4:38:25 AM,96,64
10/2/2026,4:38:26 AM,96,64
10/2/2026,4:38:27 AM,96,64
10/2/2026,4:38:28 AM,96,64
10/2/2026,4:38:29 AM,95,64
10/2/2026,4:38:30 AM,96,64
10/2/2026,4:38:31 AM,95,64
10/2/2026,4:38:32 AM,96,64
10/2/2026,4:38:33 AM,96,64
10/2/2026,4:38:34 AM,96,64
10/2/2026,4:38:35 AM,96,63
10/2/2026,4:38:36 AM,96,63
10/2/2026,4:38:37 AM,96,63
10/2/2026,4:38:38 AM,96,62
10/2/2026,4:38:39 AM,96,62
10/2/2026,4:38:40 AM,96,62
10/2/2026,4:38:41 AM,96,62
10/2/2026,4:38:42 AM,96,62
10/2/2026,4:38:43 AM,96,62
10/2/2026,4:38:44 AM,96,62
10/2/2026,4:38:45 AM,96,62
10/2/2026,4:38:46 AM,96,62
10/2/2026,4:38:47 AM,96,62
10/2/2026,4:38:48 AM,96,62
10/2/2026,4:38:49 AM,96,62
10/2/2026,4:38:50 AM,96,62
10/2/2026,4:38:51 AM,97,62
10/2/2026,4:38:52 AM,97,62
10/2/2026,4:38:53 AM,98,62
10/2/2026,4:38:54 AM,98,62
10/2/2026,4:38:55 AM,98,62
10/2/2026,4:38:56 AM,98,62
10/2/2026,4:38:57 AM,99,62
10/2/2026,4:38:58 AM,99,62
10/2/2026,4:38:59 AM,99,62
10/2/2026,4:39:00 AM,99,63
10/2/2026,4:39:01 AM,99,63
10/2/2026,4:39:02 AM,99,63
10/2/2026,4:39:03 AM,99,63
10/2/2026,4:39:04 AM,99,63
10/2/2026,4:39:05 AM,98,63
10/2/2026,4:39:06 AM,98,64
10/2/2026,4:39:07 AM,98,64
10/2/2026,4:39:08 AM,98,65
10/2/2026,4:39:09 AM,98,65
10/2/2026,4:39:10 AM,98,65
10/2/2026,4:39:11 AM,98,65
10/2/2026,4:39:12 AM,98,65
10/2/2026,4:39:13 AM,98,65
10/2/2026,4:39:14 AM,97,65
10/2/2026,4:39:15 AM,97,65
10/2/2026,4:39:16 AM,97,65
10/2/2026,4:39:17 AM,97,65
10/2/2026,4:39:18 AM,97,64
10/2/2026,4:39:19 AM,97,64
10/2/2026,4:39:20 AM,97,63
10/2/2026,4:39:21 AM,96,62
10/2/2026,4:39:22 AM,96,62
10/2/2026,4:39:23 AM,96,62
10/2/2026,4:39:24 AM,96,62
10/2/2026,4:39:25 AM,96,62
10/2/2026,4:39:26 AM,97,62
10/2/2026,4:39:27 AM,97,63
10/2/2026,4:39:28 AM,97,63
10/2/2026,4:39:29 AM,98,63
10/2/2026,4:39:30 AM,98,63
10/2/2026,4:39:31 AM,98,64
10/2/2026,4:39:32 AM,98,64
10/2/2026,4:39:33 AM,98,64
10/2/2026,4:39:34 AM,98,65
10/2/2026,4:39:35 AM,98,65
10/2/2026,4:39:36 AM,98,65
10/2/2026,4:39:37 AM,97,65
10/2/2026,4:39:38 AM,97,66
10/2/2026,4:39:39 AM,97,66
10/2/2026,4:39:40 AM,97,66
10/2/2026,4:39:41 AM,97,66
10/2/2026,4:39:42 AM,96,66
10/2/2026,4:39:43 AM,96,66
10/2/2026,4:39:44 AM,96,66
10/2/2026,4:39:45 AM,96,66
10/2/2026,4:39:46 AM,96,66
10/2/2026,4:39:47 AM,95,65
10/2/2026,4:39:48 AM,95,65
10/2/2026,4:39:49 AM,95,65
10/2/2026,4:39:50 AM,95,65
10/2/2026,4:39:51 AM,94,65
10/2/2026,4:39:52 AM,94,65
10/2/2026,4:39:53 AM,94,65
10/2/2026,4:39:54 AM,94,64
10/2/2026,4:39:55 AM,94,64
10/2/2026,4:39:56 AM,93,65
10/2/2026,4:39:57 AM,93,65
10/2/2026,4:39:58 AM,93,65
10/2/2026,4:39:59 AM,93,65
10/2/2026,4:40:00 AM,93,65
10/2/2026,4:40:01 AM,93,65
10/2/2026,4:40:02 AM,93,65
10/2/2026,4:40:03 AM,93,65
10/2/2026,4:40:04 AM,93,65
10/2/2026,4:40:05 AM,93,65
10/2/2026,4:40:06 AM,93,65
10/2/2026,4:40:07 AM,93,65
10/2/2026,4:40:08 AM,93,65
10/2/2026,4:40:09 AM,93,65
10/2/2026,4:40:10 AM,93,65
10/2/2026,4:40:11 AM,93,65
10/2/2026,4:40:12 AM,93,65
10/2/2026,4:40:13 AM,93,65
10/2/2026,4:40:14 AM,93,65
10/2/2026,4:40:15 AM,93,65
10/2/2026,4:40:16 AM,93,65
10/2/2026,4:40:17 AM,94,64
10/2/2026,4:40:18 AM,94,64
10/2/2026,4:40:19 AM,95,64
10/2/2026,4:40:20 AM,95,63
10/2/2026,4:40:21 AM,96,63
10/2/2026,4:40:22 AM,98,63
10/2/2026,4:40:23 AM,98,63
10/2/2026,4:40:24 AM,98,63
10/2/2026,4:40:25 AM,98,63
10/2/2026,4:40:26 AM,99,63
10/2/2026,4:40:27 AM,99,63
10/2/2026,4:40:28 AM,99,63
10/2/2026,4:40:29 AM,99,63
10/2/2026,4:40:30 AM,98,63
10/2/2026,4:40:31 AM,98,62
10/2/2026,4:40:32 AM,98,62
10/2/2026,4:40:33 AM,98,62
10/2/2026,4:40:34 AM,98,62
10/2/2026,4:40:35 AM,98,62
10/2/2026,4:40:36 AM,98,62
10/2/2026,4:40:37 AM,98,62
10/2/2026,4:40:38 AM,98,62
10/2/2026,4:40:39 AM,98,62
10/2/2026,4:40:40 AM,98,62
10/2/2026,4:40:41 AM,98,62
10/2/2026,4:40:42 AM,97,62
10/2/2026,4:40:43 AM,97,62
10/2/2026,4:40:44 AM,97,62
10/2/2026,4:40:45 AM,97,62
10/2/2026,4:40:46 AM,97,63
10/2/2026,4:40:47 AM,96,63
10/2/2026,4:40:48 AM,96,63
10/2/2026,4:40:49 AM,96,63
10/2/2026,4:40:50 AM,96,63
10/2/2026,4:40:51 AM,96,63
10/2/2026,4:40:52 AM,96,63
10/2/2026,4:40:53 AM,95,63
10/2/2026,4:40:54 AM,95,63
10/2/2026,4:40:55 AM,95,63
10/2/2026,4:40:56 AM,95,63
10/2/2026,4:40:57 AM,95,63
10/2/2026,4:40:58 AM,94,63
10/2/2026,4:40:59 AM,94,63
10/2/2026,4:41:00 AM,94,63
10/2/2026,4:41:01 AM,93,63
10/2/2026,4:41:02 AM,93,63
10/2/2026,4:41:03 AM,93,64
10/2/2026,4:41:04 AM,93,64
10/2/2026,4:41:05 AM,93,64
10/2/2026,4:41:06 AM,93,64
10/2/2026,4:41:07 AM,92,65
10/2/2026,4:41:08 AM,92,65
10/2/2026,4:41:09 AM,92,65
10/2/2026,4:41:10 AM,92,65
10/2/2026,4:41:11 AM,92,65
10/2/2026,4:41:12 AM,92,65
10/2/2026,4:41:13 AM,92,65
10/2/2026,4:41:14 AM,92,65
10/2/2026,4:41:15 AM,92,66
10/2/2026,4:41:16 AM,92,66
10/2/2026,4:41:17 AM,92,67
10/2/2026,4:41:18 AM,92,68
10/2/2026,4:41:19 AM,92,69
10/2/2026,4:41:20 AM,92,70
10/2/2026,4:41:21 AM,92,70
10/2/2026,4:41:22 AM,92,71
10/2/2026,4:41:23 AM,92,71
10/2/2026,4:41:24 AM,92,71
10/2/2026,4:41:25 AM,92,71
10/2/2026,4:41:26 AM,92,71
10/2/2026,4:41:27 AM,92,71
10/2/2026,4:41:28 AM,92,71
10/2/2026,4:41:29 AM,92,71
10/2/2026,4:41:30 AM,92,71
10/2/2026,4:41:31 AM,92,70
10/2/2026,4:41:32 AM,92,69
10/2/2026,4:41:33 AM,93,69
10/2/2026,4:41:34 AM,93,68
10/2/2026,4:41:35 AM,93,67
10/2/2026,4:41:36 AM,93,66
10/2/2026,4:41:37 AM,93,65
10/2/2026,4:41:38 AM,94,65
10/2/2026,4:41:39 AM,95,64
10/2/2026,4:41:40 AM,96,64
10/2/2026,4:41:41 AM,97,64
10/2/2026,4:41:42 AM,98,63
10/2/2026,4:41:43 AM,99,63
10/2/2026,4:41:44 AM,99,63
10/2/2026,4:41:45 AM,99,63
10/2/2026,4:41:46 AM,99,63
10/2/2026,4:41:47 AM,99,63
10/2/2026,4:41:48 AM,99,63
10/2/2026,4:41:49 AM,98,63
10/2/2026,4:41:50 AM,98,63
10/2/2026,4:41:51 AM,98,63
10/2/2026,4:41:52 AM,98,63
10/2/2026,4:41:53 AM,98,63
10/2/2026,4:41:54 AM,98,63
10/2/2026,4:41:55 AM,98,63
10/2/2026,4:41:56 AM,97,63
10/2/2026,4:41:57 AM,97,63
10/2/2026,4:41:58 AM,97,63
10/2/2026,4:41:59 AM,97,63
10/2/2026,4:42:00 AM,97,63
10/2/2026,4:42:01 AM,97,63
10/2/2026,4:42:02 AM,96,63
10/2/2026,4:42:03 AM,96,63
10/2/2026,4:42:04 AM,96,63
10/2/2026,4:42:05 AM,96,64
10/2/2026,4:42:06 AM,96,64
10/2/2026,4:42:07 AM,96,65
10/2/2026,4:42:08 AM,96,65
10/2/2026,4:42:09 AM,96,65
10/2/2026,4:42:10 AM,95,65
10/2/2026,4:42:11 AM,95,65
10/2/2026,4:42:12 AM,95,65
10/2/2026,4:42:13 AM,95,65
10/2/2026,4:42:14 AM,95,66
10/2/2026,4:42:15 AM,94,66
10/2/2026,4:42:16 AM,94,66
10/2/2026,4:42:17 AM,94,66
10/2/2026,4:42:18 AM,94,66
10/2/2026,4:42:19 AM,94,66
10/2/2026,4:42:20 AM,93,66
10/2/2026,4:42:21 AM,93,66
10/2/2026,4:42:22 AM,93,66
10/2/2026,4:42:23 AM,93,66
10/2/2026,4:42:24 AM,93,66
10/2/2026,4:42:25 AM,94,66
10/2/2026,4:42:26 AM,94,66
10/2/2026,4:42:27 AM,94,66
10/2/2026,4:42:28 AM,94,66
10/2/2026,4:42:29 AM,94,66
10/2/2026,4:42:30 AM,94,66
10/2/2026,4:42:31 AM,95,66
10/2/2026,4:42:32 AM,95,65
10/2/2026,4:42:33 AM,95,65
10/2/2026,4:42:34 AM,95,65
10/2/2026,4:42:35 AM,95,65
10/2/2026,4:42:36 AM,95,65
10/2/2026,4:42:37 AM,95,65
10/2/2026,4:42:38 AM,95,64
10/2/2026,4:42:39 AM,95,64
10/2/2026,4:42:40 AM,95,64
10/2/2026,4:42:41 AM,95,64
10/2/2026,4:42:42 AM,95,63
10/2/2026,4:42:43 AM,95,63
10/2/2026,4:42:44 AM,95,64
10/2/2026,4:42:45 AM,95,64
10/2/2026,4:42:46 AM,95,64
10/2/2026,4:42:47 AM,95,64
10/2/2026,4:42:48 AM,95,64
10/2/2026,4:42:49 AM,95,64
10/2/2026,4:42:50 AM,95,65
10/2/2026,4:42:51 AM,95,65
10/2/2026,4:42:52 AM,95,65
10/2/2026,4:42:53 AM,95,65
10/2/2026,4:42:54 AM,95,65
10/2/2026,4:42:55 AM,95,65
10/2/2026,4:42:56 AM,95,65
10/2/2026,4:42:57 AM,95,65
10/2/2026,4:42:58 AM,95,65
10/2/2026,4:42:59 AM,95,65
10/2/2026,4:43:00 AM,95,65
10/2/2026,4:43:01 AM,95,65
10/2/2026,4:43:02 AM,95,65
10/2/2026,4:43:03 AM,95,65
10/2/2026,4:43:04 AM,95,65
10/2/2026,4:43:05 AM,95,65
10/2/2026,4:43:06 AM,95,65
10/2/2026,4:43:07 AM,95,65
10/2/2026,4:43:08 AM,95,65
10/2/2026,4:43:09 AM,95,65
10/2/2026,4:43:10 AM,95,65
10/2/2026,4:43:11 AM,95,65
10/2/2026,4:43:12 AM,94,65
10/2/2026,4:43:13 AM,94,65
10/2/2026,4:43:14 AM,94,65
10/2/2026,4:43:15 AM,94,65
10/2/2026,4:43:16 AM,94,65
10/2/2026,4:43:17 AM,94,64
10/2/2026,4:43:18 AM,94,64
10/2/2026,4:43:19 AM,94,64
10/2/2026,4:43:20 AM,94,64
10/2/2026,4:43:21 AM,94,64
10/2/2026,4:43:22 AM,93,64
10/2/2026,4:43:23 AM,93,64
10/2/2026,4:43:24 AM,93,64
10/2/2026,4:43:25 AM,93,63
10/2/2026,4:43:26 AM,93,63
10/2/2026,4:43:27 AM,93,63
10/2/2026,4:43:28 AM,93,63
10/2/2026,4:43:29 AM,93,64
10/2/2026,4:43:30 AM,93,64
10/2/2026,4:43:31 AM,93,64
10/2/2026,4:43:32 AM,93,65
10/2/2026,4:43:33 AM,93,65
10/2/2026,4:43:34 AM,93,65
10/2/2026,4:43:35 AM,93,66
10/2/2026,4:43:36 AM,93,67
10/2/2026,4:43:37 AM,93,68
10/2/2026,4:43:38 AM,94,68
10/2/2026,4:43:39 AM,94,69
10/2/2026,4:43:40 AM,94,69
10/2/2026,4:43:41 AM,94,70
10/2/2026,4:43:42 AM,94,70
10/2/2026,4:43:43 AM,94,70
10/2/2026,4:43:44 AM,95,71
10/2/2026,4:43:45 AM,95,71
10/2/2026,4:43:46 AM,95,72
10/2/2026,4:43:47 AM,95,72
10/2/2026,4:43:48 AM,95,72
10/2/2026,4:43:49 AM,95,72
10/2/2026,4:43:50 AM,95,72
10/2/2026,4:43:51 AM,95,72
10/2/2026,4:43:52 AM,95,71
10/2/2026,4:43:53 AM,95,70
10/2/2026,4:43:54 AM,95,69
10/2/2026,4:43:55 AM,95,68
10/2/2026,4:43:56 AM,95,68
10/2/2026,4:43:57 AM,95,67
10/2/2026,4:43:58 AM,95,67
10/2/2026,4:43:59 AM,96,66
10/2/2026,4:44:00 AM,96,66
10/2/2026,4:44:01 AM,96,66
10/2/2026,4:44:02 AM,96,66
10/2/2026,4:44:03 AM,96,65
10/2/2026,4:44:04 AM,96,65
10/2/2026,4:44:05 AM,97,65
10/2/2026,4:44:06 AM,97,65
10/2/2026,4:44:07 AM,97,65
10/2/2026,4:44:08 AM,97,65
10/2/2026,4:44:09 AM,97,65
10/2/2026,4:44:10 AM,97,65
10/2/2026,4:44:11 AM,97,65
10/2/2026,4:44:12 AM,97,64
10/2/2026,4:44:13 AM,97,64
10/2/2026,4:44:14 AM,97,64
10/2/2026,4:44:15 AM,97,64
10/2/2026,4:44:16 AM,97,64
10/2/2026,4:44:17 AM,96,64
10/2/2026,4:44:18 AM,96,64
10/2/2026,4:44:19 AM,96,64
10/2/2026,4:44:20 AM,96,64
10/2/2026,4:44:21 AM,96,64
10/2/2026,4:44:22 AM,96,64
10/2/2026,4:44:23 AM,95,64
10/2/2026,4:44:24 AM,95,64
10/2/2026,4:44:25 AM,95,63
10/2/2026,4:44:26 AM,95,63
10/2/2026,4:44:27 AM,95,63
10/2/2026,4:44:28 AM,95,63
10/2/2026,4:44:29 AM,94,63
10/2/2026,4:44:30 AM,94,63
10/2/2026,4:44:31 AM,94,63
10/2/2026,4:44:32 AM,94,63
10/2/2026,4:44:33 AM,94,63
10/2/2026,4:44:34 AM,93,63
10/2/2026,4:44:35 AM,93,64
10/2/2026,4:44:36 AM,93,64
10/2/2026,4:44:37 AM,93,65
10/2/2026,4:44:38 AM,93,65
10/2/2026,4:44:39 AM,93,66
10/2/2026,4:44:40 AM,93,67
10/2/2026,4:44:41 AM,93,67
10/2/2026,4:44:42 AM,93,67
10/2/2026,4:44:43 AM,93,68
10/2/2026,4:44:44 AM,94,68
10/2/2026,4:44:45 AM,94,68
10/2/2026,4:44:46 AM,94,68
10/2/2026,4:44:47 AM,94,67
10/2/2026,4:44:48 AM,95,67
10/2/2026,4:44:49 AM,95,66
10/2/2026,4:44:50 AM,95,66
10/2/2026,4:44:51 AM,95,66
10/2/2026,4:44:52 AM,96,65
10/2/2026,4:44:53 AM,96,65
10/2/2026,4:44:54 AM,96,65
10/2/2026,4:44:55 AM,96,64
10/2/2026,4:44:56 AM,96,64
10/2/2026,4:44:57 AM,96,64
10/2/2026,4:44:58 AM,96,64
10/2/2026,4:44:59 AM,97,64
10/2/2026,4:45:00 AM,97,64
10/2/2026,4:45:01 AM,97,64
10/2/2026,4:45:02 AM,97,64
10/2/2026,4:45:03 AM,97,64
10/2/2026,4:45:04 AM,97,65
10/2/2026,4:45:05 AM,97,65
10/2/2026,4:45:06 AM,97,65
10/2/2026,4:45:07 AM,96,65
10/2/2026,4:45:08 AM,96,65
10/2/2026,4:45:09 AM,96,65
10/2/2026,4:45:10 AM,96,65
10/2/2026,4:45:11 AM,96,65
10/2/2026,4:45:12 AM,96,65
10/2/2026,4:45:13 AM,96,65
10/2/2026,4:45:14 AM,96,65
10/2/2026,4:45:15 AM,96,64
10/2/2026,4:45:16 AM,95,64
10/2/2026,4:45:17 AM,95,64
10/2/2026,4:45:18 AM,95,64
10/2/2026,4:45:19 AM,95,64
10/2/2026,4:45:20 AM,95,64
10/2/2026,4:45:21 AM,95,64
10/2/2026,4:45:22 AM,94,64
10/2/2026,4:45:23 AM,94,64
10/2/2026,4:45:24 AM,94,65
10/2/2026,4:45:25 AM,94,65
10/2/2026,4:45:26 AM,94,65
10/2/2026,4:45:27 AM,94,65
10/2/2026,4:45:28 AM,94,65
10/2/2026,4:45:29 AM,94,66
10/2/2026,4:45:30 AM,94,66
10/2/2026,4:45:31 AM,94,66
10/2/2026,4:45:32 AM,94,66
10/2/2026,4:45:33 AM,94,66
10/2/2026,4:45:34 AM,94,66
10/2/2026,4:45:35 AM,94,66
10/2/2026,4:45:36 AM,94,66
10/2/2026,4:45:37 AM,94,66
10/2/2026,4:45:38 AM,94,66
10/2/2026,4:45:39 AM,94,66
10/2/2026,4:45:40 AM,94,66
10/2/2026,4:45:41 AM,94,66
10/2/2026,4:45:42 AM,95,66
10/2/2026,4:45:43 AM,95,66
10/2/2026,4:45:44 AM,95,66
10/2/2026,4:45:45 AM,95,66
10/2/2026,4:45:46 AM,95,65
10/2/2026,4:45:47 AM,95,66
10/2/2026,4:45:48 AM,96,66
10/2/2026,4:45:49 AM,96,66
10/2/2026,4:45:50 AM,96,65
10/2/2026,4:45:51 AM,96,65
10/2/2026,4:45:52 AM,96,65
10/2/2026,4:45:53 AM,96,65
10/2/2026,4:45:54 AM,96,65
10/2/2026,4:45:55 AM,96,64
10/2/2026,4:45:56 AM,96,64
10/2/2026,4:45:57 AM,96,64
10/2/2026,4:45:58 AM,96,64
10/2/2026,4:45:59 AM,96,64
10/2/2026,4:46:00 AM,96,64
10/2/2026,4:46:01 AM,96,64
10/2/2026,4:46:02 AM,96,64
10/2/2026,4:46:03 AM,96,64
10/2/2026,4:46:04 AM,96,64
10/2/2026,4:46:05 AM,96,64
10/2/2026,4:46:06 AM,95,64
10/2/2026,4:46:07 AM,95,64
10/2/2026,4:46:08 AM,95,64
10/2/2026,4:46:09 AM,95,64
10/2/2026,4:46:10 AM,95,64
10/2/2026,4:46:11 AM,95,64
10/2/2026,4:46:12 AM,95,64
10/2/2026,4:46:13 AM,95,64
10/2/2026,4:46:14 AM,95,65
10/2/2026,4:46:15 AM,95,65
10/2/2026,4:46:16 AM,94,65
10/2/2026,4:46:17 AM,94,65
10/2/2026,4:46:18 AM,94,66
10/2/2026,4:46:19 AM,94,66
10/2/2026,4:46:20 AM,94,66
10/2/2026,4:46:21 AM,94,66
10/2/2026,4:46:22 AM,94,66
10/2/2026,4:46:23 AM,94,66
10/2/2026,4:46:24 AM,94,66
10/2/2026,4:46:25 AM,94,66
10/2/2026,4:46:26 AM,94,66
10/2/2026,4:46:27 AM,95,66
10/2/2026,4:46:28 AM,95,66
10/2/2026,4:46:29 AM,95,66
10/2/2026,4:46:30 AM,95,66
10/2/2026,4:46:31 AM,95,66
10/2/2026,4:46:32 AM,95,66
10/2/2026,4:46:33 AM,95,66
10/2/2026,4:46:34 AM,95,67
10/2/2026,4:46:35 AM,95,67
10/2/2026,4:46:36 AM,95,66
10/2/2026,4:46:37 AM,95,66
10/2/2026,4:46:38 AM,95,66
10/2/2026,4:46:39 AM,95,66
10/2/2026,4:46:40 AM,96,66
10/2/2026,4:46:41 AM,96,66
10/2/2026,4:46:42 AM,96,65
10/2/2026,4:46:43 AM,96,65
10/2/2026,4:46:44 AM,96,65
10/2/2026,4:46:45 AM,96,65
10/2/2026,4:46:46 AM,96,64
10/2/2026,4:46:47 AM,96,64
10/2/2026,4:46:48 AM,96,64
10/2/2026,4:46:49 AM,96,64
10/2/2026,4:46:50 AM,96,64
10/2/2026,4:46:51 AM,95,64
10/2/2026,4:46:52 AM,95,64
10/2/2026,4:46:53 AM,95,64
10/2/2026,4:46:54 AM,95,64
10/2/2026,4:46:55 AM,95,65
10/2/2026,4:46:56 AM,95,65
10/2/2026,4:46:57 AM,95,65
10/2/2026,4:46:58 AM,95,65
10/2/2026,4:46:59 AM,95,65
10/2/2026,4:47:00 AM,95,66
10/2/2026,4:47:01 AM,95,66
10/2/2026,4:47:02 AM,95,66
10/2/2026,4:47:03 AM,94,66
10/2/2026,4:47:04 AM,94,66
10/2/2026,4:47:05 AM,94,66
10/2/2026,4:47:06 AM,94,66
10/2/2026,4:47:07 AM,94,66
10/2/2026,4:47:08 AM,94,66
10/2/2026,4:47:09 AM,94,66
10/2/2026,4:47:10 AM,94,66
10/2/2026,4:47:11 AM,94,66
10/2/2026,4:47:12 AM,94,66
10/2/2026,4:47:13 AM,94,66
10/2/2026,4:47:14 AM,94,66
10/2/2026,4:47:15 AM,94,65
10/2/2026,4:47:16 AM,94,65
10/2/2026,4:47:17 AM,94,65
10/2/2026,4:47:18 AM,95,65
10/2/2026,4:47:19 AM,95,65
10/2/2026,4:47:20 AM,95,64
10/2/2026,4:47:21 AM,95,64
10/2/2026,4:47:22 AM,95,64
10/2/2026,4:47:23 AM,95,64
10/2/2026,4:47:24 AM,95,64
10/2/2026,4:47:25 AM,95,64
10/2/2026,4:47:26 AM,95,64
10/2/2026,4:47:27 AM,95,64
10/2/2026,4:47:28 AM,95,64
10/2/2026,4:47:29 AM,95,64
10/2/2026,4:47:30 AM,95,64
10/2/2026,4:47:31 AM,95,64
10/2/2026,4:47:32 AM,95,64
10/2/2026,4:47:33 AM,95,64
10/2/2026,4:47:34 AM,95,65
10/2/2026,4:47:35 AM,95,65
10/2/2026,4:47:36 AM,95,65
10/2/2026,4:47:37 AM,95,65
10/2/2026,4:47:38 AM,95,65
10/2/2026,4:47:39 AM,95,65
10/2/2026,4:47:40 AM,95,65
10/2/2026,4:47:41 AM,95,65
10/2/2026,4:47:42 AM,95,65
10/2/2026,4:47:43 AM,95,65
10/2/2026,4:47:44 AM,95,66
10/2/2026,4:47:45 AM,95,66
10/2/2026,4:47:46 AM,95,66
10/2/2026,4:47:47 AM,95,66
10/2/2026,4:47:48 AM,95,67
10/2/2026,4:47:49 AM,95,67
10/2/2026,4:47:50 AM,95,67
10/2/2026,4:47:51 AM,95,67
10/2/2026,4:47:52 AM,95,67
10/2/2026,4:47:53 AM,95,67
10/2/2026,4:47:54 AM,95,67
10/2/2026,4:47:55 AM,95,66
10/2/2026,4:47:56 AM,95,66
10/2/2026,4:47:57 AM,95,66
10/2/2026,4:47:58 AM,95,66
10/2/2026,4:47:59 AM,95,67
10/2/2026,4:48:00 AM,95,67
10/2/2026,4:48:01 AM,95,67
10/2/2026,4:48:02 AM,95,68
10/2/2026,4:48:03 AM,95,68
10/2/2026,4:48:04 AM,95,69
10/2/2026,4:48:05 AM,95,70
10/2/2026,4:48:06 AM,95,70
10/2/2026,4:48:07 AM,95,70
10/2/2026,4:48:08 AM,95,70
10/2/2026,4:48:09 AM,95,70
10/2/2026,4:48:10 AM,95,70
10/2/2026,4:48:11 AM,95,70
10/2/2026,4:48:12 AM,95,69
10/2/2026,4:48:13 AM,95,69
10/2/2026,4:48:14 AM,95,68
10/2/2026,4:48:15 AM,95,68
10/2/2026,4:48:16 AM,96,68
10/2/2026,4:48:17 AM,96,67
10/2/2026,4:48:18 AM,96,67
10/2/2026,4:48:19 AM,96,66
10/2/2026,4:48:20 AM,96,66
10/2/2026,4:48:21 AM,96,66
10/2/2026,4:48:22 AM,96,65
10/2/2026,4:48:23 AM,96,65
10/2/2026,4:48:24 AM,96,65
10/2/2026,4:48:25 AM,96,65
10/2/2026,4:48:26 AM,96,65
10/2/2026,4:48:27 AM,96,65
10/2/2026,4:48:28 AM,96,65
10/2/2026,4:48:29 AM,96,65
10/2/2026,4:48:30 AM,96,65
10/2/2026,4:48:31 AM,96,64
10/2/2026,4:48:32 AM,96,64
10/2/2026,4:48:33 AM,96,64
10/2/2026,4:48:34 AM,96,64
10/2/2026,4:48:35 AM,96,64
10/2/2026,4:48:36 AM,95,64
10/2/2026,4:48:37 AM,95,65
10/2/2026,4:48:38 AM,95,65
10/2/2026,4:48:39 AM,95,65
10/2/2026,4:48:40 AM,95,65
10/2/2026,4:48:41 AM,95,66
10/2/2026,4:48:42 AM,95,66
10/2/2026,4:48:43 AM,95,67
10/2/2026,4:48:44 AM,94,67
10/2/2026,4:48:45 AM,94,67
10/2/2026,4:48:46 AM,94,68
10/2/2026,4:48:47 AM,94,68
10/2/2026,4:48:48 AM,94,68
10/2/2026,4:48:49 AM,94,68
10/2/2026,4:48:50 AM,94,67
10/2/2026,4:48:51 AM,94,67
10/2/2026,4:48:52 AM,95,66
10/2/2026,4:48:53 AM,95,66
10/2/2026,4:48:54 AM,95,65
10/2/2026,4:48:55 AM,95,65
10/2/2026,4:48:56 AM,95,65
10/2/2026,4:48:57 AM,95,65
10/2/2026,4:48:58 AM,95,65
10/2/2026,4:48:59 AM,95,65
10/2/2026,4:49:00 AM,96,65
10/2/2026,4:49:01 AM,96,65
10/2/2026,4:49:02 AM,96,65
10/2/2026,4:49:03 AM,96,66
10/2/2026,4:49:04 AM,96,66
10/2/2026,4:49:05 AM,96,66
10/2/2026,4:49:06 AM,96,66
10/2/2026,4:49:07 AM,96,66
10/2/2026,4:49:08 AM,96,66
10/2/2026,4:49:09 AM,96,66
10/2/2026,4:49:10 AM,96,66
10/2/2026,4:49:11 AM,96,66
10/2/2026,4:49:12 AM,96,66
10/2/2026,4:49:13 AM,96,66
10/2/2026,4:49:14 AM,96,66
10/2/2026,4:49:15 AM,96,66
10/2/2026,4:49:16 AM,96,66
10/2/2026,4:49:17 AM,96,66
10/2/2026,4:49:18 AM,96,66
10/2/2026,4:49:19 AM,96,66
10/2/2026,4:49:20 AM,96,66
10/2/2026,4:49:21 AM,96,66
10/2/2026,4:49:22 AM,96,66
10/2/2026,4:49:23 AM,96,66
10/2/2026,4:49:24 AM,95,67
10/2/2026,4:49:25 AM,95,67
10/2/2026,4:49:26 AM,95,67
10/2/2026,4:49:27 AM,95,67
10/2/2026,4:49:28 AM,95,67
10/2/2026,4:49:29 AM,95,67
10/2/2026,4:49:30 AM,95,67
10/2/2026,4:49:31 AM,95,67
10/2/2026,4:49:32 AM,95,67
10/2/2026,4:49:33 AM,95,67
10/2/2026,4:49:34 AM,95,68
10/2/2026,4:49:35 AM,95,68
10/2/2026,4:49:36 AM,95,68
10/2/2026,4:49:37 AM,95,68
10/2/2026,4:49:38 AM,95,68
10/2/2026,4:49:39 AM,94,68
10/2/2026,4:49:40 AM,94,68
10/2/2026,4:49:41 AM,94,69
10/2/2026,4:49:42 AM,94,69
10/2/2026,4:49:43 AM,94,70
10/2/2026,4:49:44 AM,94,72
10/2/2026,4:49:45 AM,94,72
10/2/2026,4:49:46 AM,94,73
10/2/2026,4:49:47 AM,94,73
10/2/2026,4:49:48 AM,94,73
10/2/2026,4:49:49 AM,94,73
10/2/2026,4:49:50 AM,94,73
10/2/2026,4:49:51 AM,94,73
10/2/2026,4:49:52 AM,95,73
10/2/2026,4:49:53 AM,95,72
10/2/2026,4:49:54 AM,95,72
10/2/2026,4:49:55 AM,95,71
10/2/2026,4:49:56 AM,95,70
10/2/2026,4:49:57 AM,95,68
10/2/2026,4:49:58 AM,95,66
10/2/2026,4:49:59 AM,95,66
10/2/2026,4:50:00 AM,95,66
10/2/2026,4:50:01 AM,96,66
10/2/2026,4:50:02 AM,96,66
10/2/2026,4:50:03 AM,96,66
10/2/2026,4:50:04 AM,96,66
10/2/2026,4:50:05 AM,96,66
10/2/2026,4:50:06 AM,97,66
10/2/2026,4:50:07 AM,97,67
10/2/2026,4:50:08 AM,97,67
10/2/2026,4:50:09 AM,97,67
10/2/2026,4:50:10 AM,97,67
10/2/2026,4:50:11 AM,97,67
10/2/2026,4:50:12 AM,97,67
10/2/2026,4:50:13 AM,96,67
10/2/2026,4:50:14 AM,96,67
10/2/2026,4:50:15 AM,96,68
10/2/2026,4:50:16 AM,96,68
10/2/2026,4:50:17 AM,96,68
10/2/2026,4:50:18 AM,96,68
10/2/2026,4:50:19 AM,96,68
10/2/2026,4:50:20 AM,96,68
10/2/2026,4:50:21 AM,96,68
10/2/2026,4:50:22 AM,95,68
10/2/2026,4:50:23 AM,95,68
10/2/2026,4:50:24 AM,95,68
10/2/2026,4:50:25 AM,95,68
10/2/2026,4:50:26 AM,95,67
10/2/2026,4:50:27 AM,95,67
10/2/2026,4:50:28 AM,95,67
10/2/2026,4:50:29 AM,95,67
10/2/2026,4:50:30 AM,95,66
10/2/2026,4:50:31 AM,95,67
10/2/2026,4:50:32 AM,95,67
10/2/2026,4:50:33 AM,95,67
10/2/2026,4:50:34 AM,95,68
10/2/2026,4:50:35 AM,95,68
10/2/2026,4:50:36 AM,95,68
10/2/2026,4:50:37 AM,95,68
10/2/2026,4:50:38 AM,95,68
10/2/2026,4:50:39 AM,95,69
10/2/2026,4:50:40 AM,95,69
10/2/2026,4:50:41 AM,95,68
10/2/2026,4:50:42 AM,95,68
10/2/2026,4:50:43 AM,95,68
10/2/2026,4:50:44 AM,95,67
10/2/2026,4:50:45 AM,95,67
10/2/2026,4:50:46 AM,95,67
10/2/2026,4:50:47 AM,95,67
10/2/2026,4:50:48 AM,95,67
10/2/2026,4:50:49 AM,95,67
10/2/2026,4:50:50 AM,95,67
10/2/2026,4:50:51 AM,96,68
10/2/2026,4:50:52 AM,96,68
10/2/2026,4:50:53 AM,96,68
10/2/2026,4:50:54 AM,96,68
10/2/2026,4:50:55 AM,96,68
10/2/2026,4:50:56 AM,96,68
10/2/2026,4:50:57 AM,96,68
10/2/2026,4:50:58 AM,96,67
10/2/2026,4:50:59 AM,96,67
10/2/2026,4:51:00 AM,96,67
10/2/2026,4:51:01 AM,96,67
10/2/2026,4:51:02 AM,96,67
10/2/2026,4:51:03 AM,96,67
10/2/2026,4:51:04 AM,96,68
10/2/2026,4:51:05 AM,95,69
10/2/2026,4:51:06 AM,95,69
10/2/2026,4:51:07 AM,95,69
10/2/2026,4:51:08 AM,95,70
10/2/2026,4:51:09 AM,95,70
10/2/2026,4:51:10 AM,95,70
10/2/2026,4:51:11 AM,95,70
10/2/2026,4:51:12 AM,95,69
10/2/2026,4:51:13 AM,95,69
10/2/2026,4:51:14 AM,95,68
10/2/2026,4:51:15 AM,95,68
10/2/2026,4:51:16 AM,95,68
10/2/2026,4:51:17 AM,95,67
10/2/2026,4:51:18 AM,96,67
10/2/2026,4:51:19 AM,96,67
10/2/2026,4:51:20 AM,96,67
10/2/2026,4:51:21 AM,96,67
10/2/2026,4:51:22 AM,95,66
10/2/2026,4:51:23 AM,95,66
10/2/2026,4:51:24 AM,95,66
10/2/2026,4:51:25 AM,95,67
10/2/2026,4:51:26 AM,96,67
10/2/2026,4:51:27 AM,96,67
10/2/2026,4:51:28 AM,96,67
10/2/2026,4:51:29 AM,95,67
10/2/2026,4:51:30 AM,95,67
10/2/2026,4:51:31 AM,95,66
10/2/2026,4:51:32 AM,95,66
10/2/2026,4:51:33 AM,95,66
10/2/2026,4:51:34 AM,95,66
10/2/2026,4:51:35 AM,95,66
10/2/2026,4:51:36 AM,95,66
10/2/2026,4:51:37 AM,95,67
10/2/2026,4:51:38 AM,95,67
10/2/2026,4:51:39 AM,95,67
10/2/2026,4:51:40 AM,95,67
10/2/2026,4:51:41 AM,95,67
10/2/2026,4:51:42 AM,95,68
10/2/2026,4:51:43 AM,95,68
10/2/2026,4:51:44 AM,95,68
10/2/2026,4:51:45 AM,94,68
10/2/2026,4:51:46 AM,94,68
10/2/2026,4:51:47 AM,94,68
10/2/2026,4:51:48 AM,94,68
10/2/2026,4:51:49 AM,94,68
10/2/2026,4:51:50 AM,94,68
10/2/2026,4:51:51 AM,94,68
10/2/2026,4:51:52 AM,95,68
10/2/2026,4:51:53 AM,95,68
10/2/2026,4:51:54 AM,95,68
10/2/2026,4:51:55 AM,95,68
10/2/2026,4:51:56 AM,95,68
10/2/2026,4:51:57 AM,95,68
10/2/2026,4:51:58 AM,95,68
10/2/2026,4:51:59 AM,95,68
10/2/2026,4:52:00 AM,95,67
10/2/2026,4:52:01 AM,95,67
10/2/2026,4:52:02 AM,95,67
10/2/2026,4:52:03 AM,95,67
10/2/2026,4:52:04 AM,95,67
10/2/2026,4:52:05 AM,95,67
10/2/2026,4:52:06 AM,95,67
10/2/2026,4:52:07 AM,95,68
10/2/2026,4:52:08 AM,95,68
10/2/2026,4:52:09 AM,95,68
10/2/2026,4:52:10 AM,95,68
10/2/2026,4:52:11 AM,95,68
10/2/2026,4:52:12 AM,95,68
10/2/2026,4:52:13 AM,95,69
10/2/2026,4:52:14 AM,95,69
10/2/2026,4:52:15 AM,95,69
10/2/2026,4:52:16 AM,95,70
10/2/2026,4:52:17 AM,95,70
10/2/2026,4:52:18 AM,95,70
10/2/2026,4:52:19 AM,95,70
10/2/2026,4:52:20 AM,95,70
10/2/2026,4:52:21 AM,95,70
10/2/2026,4:52:22 AM,95,70
10/2/2026,4:52:23 AM,95,70
10/2/2026,4:52:24 AM,95,71
10/2/2026,4:52:25 AM,95,71
10/2/2026,4:52:26 AM,95,70
10/2/2026,4:52:27 AM,95,70
10/2/2026,4:52:28 AM,95,70
10/2/2026,4:52:29 AM,96,69
10/2/2026,4:52:30 AM,96,68
10/2/2026,4:52:31 AM,96,68
10/2/2026,4:52:32 AM,96,67
10/2/2026,4:52:33 AM,96,67
10/2/2026,4:52:34 AM,96,67
10/2/2026,4:52:35 AM,96,67
10/2/2026,4:52:36 AM,96,67
10/2/2026,4:52:37 AM,96,67
10/2/2026,4:52:38 AM,96,67
10/2/2026,4:52:39 AM,96,67
10/2/2026,4:52:40 AM,96,67
10/2/2026,4:52:41 AM,96,67
10/2/2026,4:52:42 AM,96,67
10/2/2026,4:52:43 AM,96,67
10/2/2026,4:52:44 AM,96,67
10/2/2026,4:52:45 AM,96,67
10/2/2026,4:52:46 AM,96,67
10/2/2026,4:52:47 AM,95,67
10/2/2026,4:52:48 AM,95,67
10/2/2026,4:52:49 AM,95,68
10/2/2026,4:52:50 AM,95,68
10/2/2026,4:52:51 AM,95,68
10/2/2026,4:52:52 AM,95,68
10/2/2026,4:52:53 AM,95,69
10/2/2026,4:52:54 AM,95,69
10/2/2026,4:52:55 AM,95,69
10/2/2026,4:52:56 AM,95,69
10/2/2026,4:52:57 AM,95,70
10/2/2026,4:52:58 AM,95,70
10/2/2026,4:52:59 AM,95,70
10/2/2026,4:53:00 AM,95,70
10/2/2026,4:53:01 AM,95,70
10/2/2026,4:53:02 AM,95,69
10/2/2026,4:53:03 AM,95,69
10/2/2026,4:53:04 AM,95,68
10/2/2026,4:53:05 AM,95,68
10/2/2026,4:53:06 AM,95,68
10/2/2026,4:53:07 AM,95,68
10/2/2026,4:53:08 AM,95,67
10/2/2026,4:53:09 AM,95,67
10/2/2026,4:53:10 AM,95,67
10/2/2026,4:53:11 AM,95,67
10/2/2026,4:53:12 AM,95,67
10/2/2026,4:53:13 AM,95,67
10/2/2026,4:53:14 AM,96,67
10/2/2026,4:53:15 AM,96,68
10/2/2026,4:53:16 AM,96,68
10/2/2026,4:53:17 AM,95,68
10/2/2026,4:53:18 AM,95,68
10/2/2026,4:53:19 AM,95,68
10/2/2026,4:53:20 AM,95,68
10/2/2026,4:53:21 AM,95,68
10/2/2026,4:53:22 AM,95,68
10/2/2026,4:53:23 AM,95,68
10/2/2026,4:53:24 AM,95,68
10/2/2026,4:53:25 AM,95,68
10/2/2026,4:53:26 AM,95,68
10/2/2026,4:53:27 AM,95,68
10/2/2026,4:53:28 AM,95,68
10/2/2026,4:53:29 AM,95,68
10/2/2026,4:53:30 AM,95,68
10/2/2026,4:53:31 AM,95,68
10/2/2026,4:53:32 AM,95,68
10/2/2026,4:53:33 AM,95,68
10/2/2026,4:53:34 AM,95,68
10/2/2026,4:53:35 AM,95,69
10/2/2026,4:53:36 AM,95,69
10/2/2026,4:53:37 AM,95,69
10/2/2026,4:53:38 AM,95,69
10/2/2026,4:53:39 AM,95,69
10/2/2026,4:53:40 AM,95,69
10/2/2026,4:53:41 AM,95,69
10/2/2026,4:53:42 AM,95,69
10/2/2026,4:53:43 AM,95,69
10/2/2026,4:53:44 AM,95,69
10/2/2026,4:53:45 AM,95,69
10/2/2026,4:53:46 AM,95,69
10/2/2026,4:53:47 AM,95,69
10/2/2026,4:53:48 AM,95,70
10/2/2026,4:53:49 AM,95,70
10/2/2026,4:53:50 AM,95,70
10/2/2026,4:53:51 AM,95,71
10/2/2026,4:53:52 AM,95,72
10/2/2026,4:53:53 AM,95,72
10/2/2026,4:53:54 AM,95,73
10/2/2026,4:53:55 AM,95,73
10/2/2026,4:53:56 AM,95,72
10/2/2026,4:53:57 AM,95,72
10/2/2026,4:53:58 AM,95,71
10/2/2026,4:53:59 AM,95,71
10/2/2026,4:54:00 AM,95,71
10/2/2026,4:54:01 AM,95,70
10/2/2026,4:54:02 AM,95,70
10/2/2026,4:54:03 AM,95,69
10/2/2026,4:54:04 AM,95,69
10/2/2026,4:54:05 AM,95,68
10/2/2026,4:54:06 AM,95,68
10/2/2026,4:54:07 AM,95,68
10/2/2026,4:54:08 AM,95,68
10/2/2026,4:54:09 AM,96,68
10/2/2026,4:54:10 AM,96,67
10/2/2026,4:54:11 AM,96,67
10/2/2026,4:54:12 AM,96,67
10/2/2026,4:54:13 AM,96,67
10/2/2026,4:54:14 AM,96,67
10/2/2026,4:54:15 AM,96,68
10/2/2026,4:54:16 AM,96,68
10/2/2026,4:54:17 AM,96,68
10/2/2026,4:54:18 AM,96,68
10/2/2026,4:54:19 AM,96,68
10/2/2026,4:54:20 AM,96,68
10/2/2026,4:54:21 AM,96,68
10/2/2026,4:54:22 AM,96,68
10/2/2026,4:54:23 AM,96,68
10/2/2026,4:54:24 AM,96,68
10/2/2026,4:54:25 AM,96,68
10/2/2026,4:54:26 AM,95,68
10/2/2026,4:54:27 AM,95,68
10/2/2026,4:54:28 AM,95,68
10/2/2026,4:54:29 AM,95,68
10/2/2026,4:54:30 AM,95,68
10/2/2026,4:54:31 AM,95,68
10/2/2026,4:54:32 AM,95,68
10/2/2026,4:54:33 AM,95,68
10/2/2026,4:54:34 AM,95,68
10/2/2026,4:54:35 AM,95,68
10/2/2026,4:54:36 AM,95,68
10/2/2026,4:54:37 AM,95,68
10/2/2026,4:54:38 AM,95,69
10/2/2026,4:54:39 AM,94,68
10/2/2026,4:54:40 AM,95,68
10/2/2026,4:54:41 AM,94,68
10/2/2026,4:54:42 AM,94,68
10/2/2026,4:54:43 AM,94,68
10/2/2026,4:54:44 AM,94,68
10/2/2026,4:54:45 AM,94,68
10/2/2026,4:54:46 AM,94,68
10/2/2026,4:54:47 AM,94,68
10/2/2026,4:54:48 AM,94,68
10/2/2026,4:54:49 AM,94,68
10/2/2026,4:54:50 AM,94,68
10/2/2026,4:54:51 AM,94,68
10/2/2026,4:54:52 AM,94,68
10/2/2026,4:54:53 AM,95,68
10/2/2026,4:54:54 AM,95,68
10/2/2026,4:54:55 AM,95,68
10/2/2026,4:54:56 AM,95,68
10/2/2026,4:54:57 AM,95,68
10/2/2026,4:54:58 AM,95,68
10/2/2026,4:54:59 AM,95,68
10/2/2026,4:55:00 AM,95,68
10/2/2026,4:55:01 AM,95,68
10/2/2026,4:55:02 AM,95,68
10/2/2026,4:55:03 AM,95,68
10/2/2026,4:55:04 AM,95,68
10/2/2026,4:55:05 AM,95,68
10/2/2026,4:55:06 AM,96,68
10/2/2026,4:55:07 AM,96,68
10/2/2026,4:55:08 AM,96,68
10/2/2026,4:55:09 AM,96,68
10/2/2026,4:55:10 AM,96,68
10/2/2026,4:55:11 AM,96,68
10/2/2026,4:55:12 AM,96,68
10/2/2026,4:55:13 AM,96,68
10/2/2026,4:55:14 AM,96,68
10/2/2026,4:55:15 AM,96,68
10/2/2026,4:55:16 AM,96,68
10/2/2026,4:55:17 AM,96,67
10/2/2026,4:55:18 AM,96,67
10/2/2026,4:55:19 AM,96,67
10/2/2026,4:55:20 AM,96,67
10/2/2026,4:55:21 AM,96,66
10/2/2026,4:55:22 AM,96,66
10/2/2026,4:55:23 AM,96,66
10/2/2026,4:55:24 AM,96,66
10/2/2026,4:55:25 AM,96,66
10/2/2026,4:55:26 AM,96,66
10/2/2026,4:55:27 AM,96,66
10/2/2026,4:55:28 AM,96,67
10/2/2026,4:55:29 AM,96,67
10/2/2026,4:55:30 AM,95,67
10/2/2026,4:55:31 AM,95,67
10/2/2026,4:55:32 AM,95,67
10/2/2026,4:55:33 AM,95,67
10/2/2026,4:55:34 AM,95,68
10/2/2026,4:55:35 AM,95,68
10/2/2026,4:55:36 AM,95,68
10/2/2026,4:55:37 AM,95,68
10/2/2026,4:55:38 AM,95,68
10/2/2026,4:55:39 AM,95,68
10/2/2026,4:55:40 AM,95,68
10/2/2026,4:55:41 AM,95,68
10/2/2026,4:55:42 AM,95,68
10/2/2026,4:55:43 AM,95,68
10/2/2026,4:55:44 AM,95,68
10/2/2026,4:55:45 AM,95,68
10/2/2026,4:55:46 AM,95,69
10/2/2026,4:55:47 AM,95,69
10/2/2026,4:55:48 AM,95,70
10/2/2026,4:55:49 AM,95,70
10/2/2026,4:55:50 AM,94,70
10/2/2026,4:55:51 AM,94,70
10/2/2026,4:55:52 AM,94,70
10/2/2026,4:55:53 AM,94,70
10/2/2026,4:55:54 AM,94,70
10/2/2026,4:55:55 AM,94,69
10/2/2026,4:55:56 AM,94,69
10/2/2026,4:55:57 AM,94,68
10/2/2026,4:55:58 AM,95,68
10/2/2026,4:55:59 AM,95,68
10/2/2026,4:56:00 AM,95,68
10/2/2026,4:56:01 AM,95,68
10/2/2026,4:56:02 AM,95,67
10/2/2026,4:56:03 AM,95,67
10/2/2026,4:56:04 AM,95,67
10/2/2026,4:56:05 AM,96,67
10/2/2026,4:56:06 AM,96,67
10/2/2026,4:56:07 AM,96,67
10/2/2026,4:56:08 AM,96,67
10/2/2026,4:56:09 AM,96,67
10/2/2026,4:56:10 AM,96,68
10/2/2026,4:56:11 AM,96,68
10/2/2026,4:56:12 AM,96,68
10/2/2026,4:56:13 AM,96,68
10/2/2026,4:56:14 AM,96,68
10/2/2026,4:56:15 AM,96,68
10/2/2026,4:56:16 AM,96,68
10/2/2026,4:56:17 AM,96,68
10/2/2026,4:56:18 AM,96,68
10/2/2026,4:56:19 AM,96,68
10/2/2026,4:56:20 AM,96,68
10/2/2026,4:56:21 AM,96,69
10/2/2026,4:56:22 AM,95,69
10/2/2026,4:56:23 AM,95,69
10/2/2026,4:56:24 AM,95,70
10/2/2026,4:56:25 AM,95,70
10/2/2026,4:56:26 AM,95,70
10/2/2026,4:56:27 AM,95,70
10/2/2026,4:56:28 AM,95,70
10/2/2026,4:56:29 AM,95,70
10/2/2026,4:56:30 AM,96,69
10/2/2026,4:56:31 AM,96,69
10/2/2026,4:56:32 AM,96,69
10/2/2026,4:56:33 AM,96,68
10/2/2026,4:56:34 AM,96,68
10/2/2026,4:56:35 AM,96,68
10/2/2026,4:56:36 AM,96,68
10/2/2026,4:56:37 AM,96,68
10/2/2026,4:56:38 AM,96,67
10/2/2026,4:56:39 AM,96,67
10/2/2026,4:56:40 AM,96,67
10/2/2026,4:56:41 AM,96,67
10/2/2026,4:56:42 AM,96,67
10/2/2026,4:56:43 AM,96,68
10/2/2026,4:56:44 AM,96,68
10/2/2026,4:56:45 AM,96,68
10/2/2026,4:56:46 AM,96,68
10/2/2026,4:56:47 AM,96,68
10/2/2026,4:56:48 AM,96,68
10/2/2026,4:56:49 AM,96,68
10/2/2026,4:56:50 AM,95,68
10/2/2026,4:56:51 AM,95,68
10/2/2026,4:56:52 AM,95,68
10/2/2026,4:56:53 AM,95,68
10/2/2026,4:56:54 AM,95,68
10/2/2026,4:56:55 AM,95,68
10/2/2026,4:56:56 AM,95,68
10/2/2026,4:56:57 AM,95,68
10/2/2026,4:56:58 AM,95,68
10/2/2026,4:56:59 AM,95,68
10/2/2026,4:57:00 AM,95,68
10/2/2026,4:57:01 AM,95,68
10/2/2026,4:57:02 AM,95,68
10/2/2026,4:57:03 AM,95,69
10/2/2026,4:57:04 AM,95,69
10/2/2026,4:57:05 AM,95,69
10/2/2026,4:57:06 AM,95,69
10/2/2026,4:57:07 AM,95,69
10/2/2026,4:57:08 AM,95,69
10/2/2026,4:57:09 AM,94,69
10/2/2026,4:57:10 AM,94,69
10/2/2026,4:57:11 AM,95,69
10/2/2026,4:57:12 AM,95,69
10/2/2026,4:57:13 AM,95,69
10/2/2026,4:57:14 AM,95,70
10/2/2026,4:57:15 AM,95,71
10/2/2026,4:57:16 AM,95,71
10/2/2026,4:57:17 AM,95,71
10/2/2026,4:57:18 AM,95,71
10/2/2026,4:57:19 AM,95,71
10/2/2026,4:57:20 AM,95,71
10/2/2026,4:57:21 AM,95,71
10/2/2026,4:57:22 AM,95,71
10/2/2026,4:57:23 AM,95,71
10/2/2026,4:57:24 AM,95,71
10/2/2026,4:57:25 AM,95,72
10/2/2026,4:57:26 AM,95,73
10/2/2026,4:57:27 AM,95,73
10/2/2026,4:57:28 AM,95,73
10/2/2026,4:57:29 AM,95,73
10/2/2026,4:57:30 AM,95,73
10/2/2026,4:57:31 AM,95,72
10/2/2026,4:57:32 AM,96,72
10/2/2026,4:57:33 AM,96,72
10/2/2026,4:57:34 AM,96,73
10/2/2026,4:57:35 AM,96,73
10/2/2026,4:57:36 AM,96,74
10/2/2026,4:57:37 AM,96,74
10/2/2026,4:57:38 AM,96,75
10/2/2026,4:57:39 AM,96,75
10/2/2026,4:57:40 AM,96,75
10/2/2026,4:57:41 AM,96,75
10/2/2026,4:57:42 AM,96,75
10/2/2026,4:57:43 AM,96,75
10/2/2026,4:57:44 AM,96,74
10/2/2026,4:57:45 AM,96,74
10/2/2026,4:57:46 AM,96,74
10/2/2026,4:57:47 AM,96,73
10/2/2026,4:57:48 AM,96,72
10/2/2026,4:57:49 AM,97,72
10/2/2026,4:57:50 AM,97,72
10/2/2026,4:57:51 AM,97,72
10/2/2026,4:57:52 AM,97,72
10/2/2026,4:57:53 AM,97,72
10/2/2026,4:57:54 AM,97,72
10/2/2026,4:57:55 AM,98,71
10/2/2026,4:57:56 AM,98,71
10/2/2026,4:57:57 AM,98,71
10/2/2026,4:57:58 AM,98,71
10/2/2026,4:57:59 AM,98,71
10/2/2026,4:58:00 AM,98,71
10/2/2026,4:58:01 AM,98,71
10/2/2026,4:58:02 AM,98,71
10/2/2026,4:58:03 AM,98,71
10/2/2026,4:58:04 AM,98,71
10/2/2026,4:58:05 AM,98,71
10/2/2026,4:58:06 AM,97,71
10/2/2026,4:58:07 AM,97,71
10/2/2026,4:58:08 AM,97,70
10/2/2026,4:58:09 AM,97,70
10/2/2026,4:58:10 AM,97,70
10/2/2026,4:58:11 AM,97,69
10/2/2026,4:58:12 AM,96,69
10/2/2026,4:58:13 AM,96,69
10/2/2026,4:58:14 AM,96,69
10/2/2026,4:58:15 AM,96,69
10/2/2026,4:58:16 AM,96,69
10/2/2026,4:58:17 AM,96,68
10/2/2026,4:58:18 AM,95,68
10/2/2026,4:58:19 AM,95,68
10/2/2026,4:58:20 AM,95,68
10/2/2026,4:58:21 AM,95,68
10/2/2026,4:58:22 AM,95,68
10/2/2026,4:58:23 AM,95,68
10/2/2026,4:58:24 AM,95,67
10/2/2026,4:58:25 AM,94,68
10/2/2026,4:58:26 AM,94,68
10/2/2026,4:58:27 AM,95,68
10/2/2026,4:58:28 AM,95,68
10/2/2026,4:58:29 AM,95,69
10/2/2026,4:58:30 AM,95,69
10/2/2026,4:58:31 AM,95,69
10/2/2026,4:58:32 AM,95,69
10/2/2026,4:58:33 AM,95,69
10/2/2026,4:58:34 AM,95,69
10/2/2026,4:58:35 AM,95,69
10/2/2026,4:58:36 AM,95,69
10/2/2026,4:58:37 AM,95,69
10/2/2026,4:58:38 AM,95,69
10/2/2026,4:58:39 AM,95,69
10/2/2026,4:58:40 AM,95,69
10/2/2026,4:58:41 AM,96,69
10/2/2026,4:58:42 AM,96,69
10/2/2026,4:58:43 AM,96,69
10/2/2026,4:58:44 AM,96,68
10/2/2026,4:58:45 AM,97,68
10/2/2026,4:58:46 AM,97,68
10/2/2026,4:58:47 AM,97,68
10/2/2026,4:58:48 AM,97,67
10/2/2026,4:58:49 AM,97,67
10/2/2026,4:58:50 AM,97,67
10/2/2026,4:58:51 AM,97,67
10/2/2026,4:58:52 AM,97,67
10/2/2026,4:58:53 AM,97,67
10/2/2026,4:58:54 AM,97,67
10/2/2026,4:58:55 AM,97,67
10/2/2026,4:58:56 AM,97,67
10/2/2026,4:58:57 AM,97,67
10/2/2026,4:58:58 AM,97,67
10/2/2026,4:58:59 AM,97,67
10/2/2026,4:59:00 AM,97,67
10/2/2026,4:59:01 AM,97,67
10/2/2026,4:59:02 AM,96,66
10/2/2026,4:59:03 AM,96,66
10/2/2026,4:59:04 AM,96,66
10/2/2026,4:59:05 AM,96,66
10/2/2026,4:59:06 AM,96,66
10/2/2026,4:59:07 AM,96,66
10/2/2026,4:59:08 AM,96,66
10/2/2026,4:59:09 AM,96,66
10/2/2026,4:59:10 AM,95,66
10/2/2026,4:59:11 AM,95,67
10/2/2026,4:59:12 AM,95,67
10/2/2026,4:59:13 AM,95,67
10/2/2026,4:59:14 AM,95,67
10/2/2026,4:59:15 AM,95,67
10/2/2026,4:59:16 AM,95,67
10/2/2026,4:59:17 AM,94,68
10/2/2026,4:59:18 AM,94,68
10/2/2026,4:59:19 AM,94,69
10/2/2026,4:59:20 AM,94,70
10/2/2026,4:59:21 AM,94,70
10/2/2026,4:59:22 AM,94,70
10/2/2026,4:59:23 AM,94,70
10/2/2026,4:59:24 AM,94,70
10/2/2026,4:59:25 AM,94,70
10/2/2026,4:59:26 AM,94,70
10/2/2026,4:59:27 AM,94,70
10/2/2026,4:59:28 AM,94,69
10/2/2026,4:59:29 AM,94,69
10/2/2026,4:59:30 AM,94,68
10/2/2026,4:59:31 AM,94,67
10/2/2026,4:59:32 AM,94,67
10/2/2026,4:59:33 AM,94,67
10/2/2026,4:59:34 AM,94,66
10/2/2026,4:59:35 AM,94,66
10/2/2026,4:59:36 AM,95,66
10/2/2026,4:59:37 AM,95,66
10/2/2026,4:59:38 AM,95,66
10/2/2026,4:59:39 AM,95,66
10/2/2026,4:59:40 AM,96,66
10/2/2026,4:59:41 AM,96,66
10/2/2026,4:59:42 AM,97,65
10/2/2026,4:59:43 AM,97,66
10/2/2026,4:59:44 AM,97,66
10/2/2026,4:59:45 AM,97,65
10/2/2026,4:59:46 AM,97,66
10/2/2026,4:59:47 AM,97,66
10/2/2026,4:59:48 AM,97,66
10/2/2026,4:59:49 AM,97,66
10/2/2026,4:59:50 AM,97,66
10/2/2026,4:59:51 AM,97,66
10/2/2026,4:59:52 AM,97,66
10/2/2026,4:59:53 AM,97,66
10/2/2026,4:59:54 AM,97,66
10/2/2026,4:59:55 AM,97,66
10/2/2026,4:59:56 AM,97,67
10/2/2026,4:59:57 AM,97,67
10/2/2026,4:59:58 AM,96,67
10/2/2026,4:59:59 AM,96,67
10/2/2026,5:00:00 AM,96,66
10/2/2026,5:00:01 AM,96,66
10/2/2026,5:00:02 AM,96,66
10/2/2026,5:00:03 AM,96,66
10/2/2026,5:00:04 AM,95,66
10/2/2026,5:00:05 AM,95,66
10/2/2026,5:00:06 AM,95,66
10/2/2026,5:00:07 AM,95,65
10/2/2026,5:00:08 AM,95,65
10/2/2026,5:00:09 AM,94,65
10/2/2026,5:00:10 AM,94,65
10/2/2026,5:00:11 AM,94,65
10/2/2026,5:00:12 AM,94,66
10/2/2026,5:00:13 AM,94,65
10/2/2026,5:00:14 AM,94,66
10/2/2026,5:00:15 AM,93,66
10/2/2026,5:00:16 AM,93,66
10/2/2026,5:00:17 AM,93,66
10/2/2026,5:00:18 AM,93,65
10/2/2026,5:00:19 AM,93,65
10/2/2026,5:00:20 AM,93,65
10/2/2026,5:00:21 AM,93,65
10/2/2026,5:00:22 AM,93,64
10/2/2026,5:00:23 AM,93,64
10/2/2026,5:00:24 AM,93,64
10/2/2026,5:00:25 AM,93,64
10/2/2026,5:00:26 AM,93,64
10/2/2026,5:00:27 AM,93,64
10/2/2026,5:00:28 AM,93,64
10/2/2026,5:00:29 AM,93,64
10/2/2026,5:00:30 AM,93,65
10/2/2026,5:00:31 AM,93,65
10/2/2026,5:00:32 AM,93,66
10/2/2026,5:00:33 AM,94,67
10/2/2026,5:00:34 AM,94,68
10/2/2026,5:00:35 AM,94,69
10/2/2026,5:00:36 AM,94,69
10/2/2026,5:00:37 AM,94,69
10/2/2026,5:00:38 AM,94,69
10/2/2026,5:00:39 AM,95,69
10/2/2026,5:00:40 AM,95,68
10/2/2026,5:00:41 AM,95,68
10/2/2026,5:00:42 AM,95,68
10/2/2026,5:00:43 AM,95,68
10/2/2026,5:00:44 AM,95,68
10/2/2026,5:00:45 AM,95,68
10/2/2026,5:00:46 AM,95,68
10/2/2026,5:00:47 AM,95,67
10/2/2026,5:00:48 AM,95,67
10/2/2026,5:00:49 AM,95,67
10/2/2026,5:00:50 AM,96,67
10/2/2026,5:00:51 AM,96,67
10/2/2026,5:00:52 AM,97,67
10/2/2026,5:00:53 AM,97,66
10/2/2026,5:00:54 AM,97,66
10/2/2026,5:00:55 AM,98,66
10/2/2026,5:00:56 AM,98,66
10/2/2026,5:00:57 AM,98,66
10/2/2026,5:00:58 AM,98,65
10/2/2026,5:00:59 AM,98,65
10/2/2026,5:01:00 AM,98,65
10/2/2026,5:01:01 AM,98,65
10/2/2026,5:01:02 AM,98,65
10/2/2026,5:01:03 AM,97,65
10/2/2026,5:01:04 AM,97,65
10/2/2026,5:01:05 AM,97,65
10/2/2026,5:01:06 AM,97,64
10/2/2026,5:01:07 AM,97,64
10/2/2026,5:01:08 AM,97,64
10/2/2026,5:01:09 AM,97,64
10/2/2026,5:01:10 AM,97,64
10/2/2026,5:01:11 AM,96,64
10/2/2026,5:01:12 AM,96,64
10/2/2026,5:01:13 AM,96,64
10/2/2026,5:01:14 AM,96,64
10/2/2026,5:01:15 AM,95,64
10/2/2026,5:01:16 AM,95,64
10/2/2026,5:01:17 AM,95,64
10/2/2026,5:01:18 AM,95,64
10/2/2026,5:01:19 AM,95,64
10/2/2026,5:01:20 AM,95,64
10/2/2026,5:01:21 AM,95,64
10/2/2026,5:01:22 AM,94,64
10/2/2026,5:01:23 AM,94,64
10/2/2026,5:01:24 AM,94,64
10/2/2026,5:01:25 AM,94,64
10/2/2026,5:01:26 AM,94,64
10/2/2026,5:01:27 AM,94,64
10/2/2026,5:01:28 AM,94,64
10/2/2026,5:01:29 AM,94,63
10/2/2026,5:01:30 AM,94,63
10/2/2026,5:01:31 AM,94,63
10/2/2026,5:01:32 AM,94,63
10/2/2026,5:01:33 AM,94,63
10/2/2026,5:01:34 AM,94,63
10/2/2026,5:01:35 AM,94,63
10/2/2026,5:01:36 AM,94,64
10/2/2026,5:01:37 AM,94,64
10/2/2026,5:01:38 AM,94,64
10/2/2026,5:01:39 AM,94,64
10/2/2026,5:01:40 AM,94,65
10/2/2026,5:01:41 AM,94,64
10/2/2026,5:01:42 AM,94,64
10/2/2026,5:01:43 AM,94,64
10/2/2026,5:01:44 AM,94,65
10/2/2026,5:01:45 AM,95,65
10/2/2026,5:01:46 AM,95,65
10/2/2026,5:01:47 AM,95,65
10/2/2026,5:01:48 AM,95,65
10/2/2026,5:01:49 AM,95,65
10/2/2026,5:01:50 AM,95,66
10/2/2026,5:01:51 AM,95,66
10/2/2026,5:01:52 AM,95,66
10/2/2026,5:01:53 AM,95,67
10/2/2026,5:01:54 AM,95,67
10/2/2026,5:01:55 AM,95,67
10/2/2026,5:01:56 AM,95,68
10/2/2026,5:01:57 AM,95,68
10/2/2026,5:01:58 AM,95,68
10/2/2026,5:01:59 AM,95,68
10/2/2026,5:02:00 AM,95,68
10/2/2026,5:02:01 AM,95,68
10/2/2026,5:02:02 AM,95,67
10/2/2026,5:02:03 AM,95,67
10/2/2026,5:02:04 AM,95,67
10/2/2026,5:02:05 AM,95,66
10/2/2026,5:02:06 AM,95,66
10/2/2026,5:02:07 AM,95,66
10/2/2026,5:02:08 AM,96,66
10/2/2026,5:02:09 AM,96,66
10/2/2026,5:02:10 AM,96,66
10/2/2026,5:02:11 AM,96,66
10/2/2026,5:02:12 AM,96,66
10/2/2026,5:02:13 AM,96,66
10/2/2026,5:02:14 AM,96,66
10/2/2026,5:02:15 AM,97,66
10/2/2026,5:02:16 AM,97,66
10/2/2026,5:02:17 AM,97,65
10/2/2026,5:02:18 AM,97,66
10/2/2026,5:02:19 AM,97,66
10/2/2026,5:02:20 AM,97,66
10/2/2026,5:02:21 AM,97,66
10/2/2026,5:02:22 AM,97,66
10/2/2026,5:02:23 AM,96,66
10/2/2026,5:02:24 AM,96,66
10/2/2026,5:02:25 AM,96,66
10/2/2026,5:02:26 AM,96,66
10/2/2026,5:02:27 AM,96,66
10/2/2026,5:02:28 AM,96,66
10/2/2026,5:02:29 AM,96,66
10/2/2026,5:02:30 AM,95,66
10/2/2026,5:02:31 AM,95,66
10/2/2026,5:02:32 AM,95,66
10/2/2026,5:02:33 AM,95,65
10/2/2026,5:02:34 AM,95,65
10/2/2026,5:02:35 AM,95,65
10/2/2026,5:02:36 AM,95,65
10/2/2026,5:02:37 AM,95,65
10/2/2026,5:02:38 AM,95,65
10/2/2026,5:02:39 AM,95,65
10/2/2026,5:02:40 AM,94,65
10/2/2026,5:02:41 AM,94,65
10/2/2026,5:02:42 AM,94,65
10/2/2026,5:02:43 AM,94,65
10/2/2026,5:02:44 AM,94,65
10/2/2026,5:02:45 AM,94,65
10/2/2026,5:02:46 AM,94,65
10/2/2026,5:02:47 AM,94,65
10/2/2026,5:02:48 AM,94,66
10/2/2026,5:02:49 AM,94,66
10/2/2026,5:02:50 AM,94,66
10/2/2026,5:02:51 AM,94,66
10/2/2026,5:02:52 AM,94,66
10/2/2026,5:02:53 AM,94,66
10/2/2026,5:02:54 AM,94,66
10/2/2026,5:02:55 AM,94,66
10/2/2026,5:02:56 AM,94,66
10/2/2026,5:02:57 AM,94,66
10/2/2026,5:02:58 AM,94,65
10/2/2026,5:02:59 AM,94,65
10/2/2026,5:03:00 AM,94,65
10/2/2026,5:03:01 AM,94,65
10/2/2026,5:03:02 AM,95,65
10/2/2026,5:03:03 AM,95,65
10/2/2026,5:03:04 AM,95,65
10/2/2026,5:03:05 AM,95,65
10/2/2026,5:03:06 AM,95,65
10/2/2026,5:03:07 AM,95,65
10/2/2026,5:03:08 AM,95,66
10/2/2026,5:03:09 AM,95,66
10/2/2026,5:03:10 AM,95,67
10/2/2026,5:03:11 AM,95,67
10/2/2026,5:03:12 AM,95,67
10/2/2026,5:03:13 AM,95,67
10/2/2026,5:03:14 AM,95,67
10/2/2026,5:03:15 AM,95,68
10/2/2026,5:03:16 AM,96,69
10/2/2026,5:03:17 AM,96,70
10/2/2026,5:03:18 AM,96,70
10/2/2026,5:03:19 AM,96,71
10/2/2026,5:03:20 AM,96,71
10/2/2026,5:03:21 AM,95,71
10/2/2026,5:03:22 AM,95,71
10/2/2026,5:03:23 AM,96,71
10/2/2026,5:03:24 AM,96,71
10/2/2026,5:03:25 AM,96,71
10/2/2026,5:03:26 AM,96,70
10/2/2026,5:03:27 AM,96,69
10/2/2026,5:03:28 AM,96,69
10/2/2026,5:03:29 AM,96,68
10/2/2026,5:03:30 AM,96,67
10/2/2026,5:03:31 AM,96,67
10/2/2026,5:03:32 AM,96,67
10/2/2026,5:03:33 AM,96,67
10/2/2026,5:03:34 AM,97,67
10/2/2026,5:03:35 AM,97,67
10/2/2026,5:03:36 AM,97,67
10/2/2026,5:03:37 AM,97,67
10/2/2026,5:03:38 AM,97,67
10/2/2026,5:03:39 AM,97,67
10/2/2026,5:03:40 AM,98,66
10/2/2026,5:03:41 AM,98,66
10/2/2026,5:03:42 AM,98,66
10/2/2026,5:03:43 AM,98,66
10/2/2026,5:03:44 AM,98,66
10/2/2026,5:03:45 AM,98,66
10/2/2026,5:03:46 AM,98,66
10/2/2026,5:03:47 AM,98,66
10/2/2026,5:03:48 AM,98,66
10/2/2026,5:03:49 AM,98,65
10/2/2026,5:03:50 AM,98,65
10/2/2026,5:03:51 AM,97,65
10/2/2026,5:03:52 AM,97,65
10/2/2026,5:03:53 AM,97,65
10/2/2026,5:03:54 AM,97,65
10/2/2026,5:03:55 AM,97,65
10/2/2026,5:03:56 AM,97,65
10/2/2026,5:03:57 AM,96,66
10/2/2026,5:03:58 AM,96,66
10/2/2026,5:03:59 AM,96,66
10/2/2026,5:04:00 AM,96,66
10/2/2026,5:04:01 AM,95,66
10/2/2026,5:04:02 AM,95,66
10/2/2026,5:04:03 AM,95,66
10/2/2026,5:04:04 AM,95,65
10/2/2026,5:04:05 AM,95,65
10/2/2026,5:04:06 AM,95,65
10/2/2026,5:04:07 AM,94,65
10/2/2026,5:04:08 AM,94,65
10/2/2026,5:04:09 AM,94,65
10/2/2026,5:04:10 AM,94,65
10/2/2026,5:04:11 AM,94,65
10/2/2026,5:04:12 AM,94,65
10/2/2026,5:04:13 AM,94,65
10/2/2026,5:04:14 AM,94,66
10/2/2026,5:04:15 AM,94,66
10/2/2026,5:04:16 AM,93,67
10/2/2026,5:04:17 AM,93,68
10/2/2026,5:04:18 AM,93,68
10/2/2026,5:04:19 AM,93,69
10/2/2026,5:04:20 AM,93,70
10/2/2026,5:04:21 AM,93,70
10/2/2026,5:04:22 AM,93,70
10/2/2026,5:04:23 AM,93,70
10/2/2026,5:04:24 AM,93,70
10/2/2026,5:04:25 AM,93,70
10/2/2026,5:04:26 AM,93,71
10/2/2026,5:04:27 AM,93,71
10/2/2026,5:04:28 AM,94,72
10/2/2026,5:04:29 AM,94,73
10/2/2026,5:04:30 AM,94,74
10/2/2026,5:04:31 AM,94,74
10/2/2026,5:04:32 AM,94,74
10/2/2026,5:04:33 AM,94,74
10/2/2026,5:04:34 AM,94,74
10/2/2026,5:04:35 AM,94,73
10/2/2026,5:04:36 AM,94,72
10/2/2026,5:04:37 AM,94,71
10/2/2026,5:04:38 AM,94,70
10/2/2026,5:04:39 AM,94,69
10/2/2026,5:04:40 AM,94,68
10/2/2026,5:04:41 AM,94,68
10/2/2026,5:04:42 AM,94,67
10/2/2026,5:04:43 AM,94,67
10/2/2026,5:04:44 AM,94,67
10/2/2026,5:04:45 AM,94,67
10/2/2026,5:04:46 AM,94,67
10/2/2026,5:04:47 AM,94,67
10/2/2026,5:04:48 AM,94,67
10/2/2026,5:04:49 AM,95,67
10/2/2026,5:04:50 AM,95,67
10/2/2026,5:04:51 AM,96,67
10/2/2026,5:04:52 AM,98,67
10/2/2026,5:04:53 AM,98,67
10/2/2026,5:04:54 AM,99,67
10/2/2026,5:04:55 AM,99,67
10/2/2026,5:04:56 AM,99,67
10/2/2026,5:04:57 AM,99,66
10/2/2026,5:04:58 AM,99,66
10/2/2026,5:04:59 AM,99,66
10/2/2026,5:05:00 AM,99,66
10/2/2026,5:05:01 AM,99,66
10/2/2026,5:05:02 AM,99,66
10/2/2026,5:05:03 AM,99,66
10/2/2026,5:05:04 AM,99,66
10/2/2026,5:05:05 AM,99,66
10/2/2026,5:05:06 AM,98,66
10/2/2026,5:05:07 AM,98,66
10/2/2026,5:05:08 AM,98,66
10/2/2026,5:05:09 AM,98,66
10/2/2026,5:05:10 AM,98,66
10/2/2026,5:05:11 AM,98,66
10/2/2026,5:05:12 AM,97,66
10/2/2026,5:05:13 AM,97,66
10/2/2026,5:05:14 AM,97,66
10/2/2026,5:05:15 AM,97,66
10/2/2026,5:05:16 AM,96,66
10/2/2026,5:05:17 AM,96,67
10/2/2026,5:05:18 AM,96,67
10/2/2026,5:05:19 AM,95,67
10/2/2026,5:05:20 AM,95,67
10/2/2026,5:05:21 AM,95,68
10/2/2026,5:05:22 AM,95,68
10/2/2026,5:05:23 AM,95,68
10/2/2026,5:05:24 AM,95,68
10/2/2026,5:05:25 AM,95,67
10/2/2026,5:05:26 AM,95,66
10/2/2026,5:05:27 AM,95,66
10/2/2026,5:05:28 AM,95,65
10/2/2026,5:05:29 AM,95,65
10/2/2026,5:05:30 AM,95,64
10/2/2026,5:05:31 AM,95,64
10/2/2026,5:05:32 AM,95,64
10/2/2026,5:05:33 AM,95,64
10/2/2026,5:05:34 AM,95,64
10/2/2026,5:05:35 AM,95,64
10/2/2026,5:05:36 AM,96,64
10/2/2026,5:05:37 AM,96,64
10/2/2026,5:05:38 AM,96,64
10/2/2026,5:05:39 AM,97,65
10/2/2026,5:05:40 AM,97,65
10/2/2026,5:05:41 AM,98,65
10/2/2026,5:05:42 AM,98,65
10/2/2026,5:05:43 AM,98,65
10/2/2026,5:05:44 AM,98,65
10/2/2026,5:05:45 AM,98,65
10/2/2026,5:05:46 AM,98,65
10/2/2026,5:05:47 AM,98,65
10/2/2026,5:05:48 AM,98,65
10/2/2026,5:05:49 AM,98,65
10/2/2026,5:05:50 AM,98,65
10/2/2026,5:05:51 AM,98,65
10/2/2026,5:05:52 AM,98,65
10/2/2026,5:05:53 AM,98,65
10/2/2026,5:05:54 AM,98,65
10/2/2026,5:05:55 AM,98,65
10/2/2026,5:05:56 AM,98,65
10/2/2026,5:05:57 AM,98,65
10/2/2026,5:05:58 AM,98,66
10/2/2026,5:05:59 AM,98,67
10/2/2026,5:06:00 AM,98,67
10/2/2026,5:06:01 AM,97,68
10/2/2026,5:06:02 AM,97,69
10/2/2026,5:06:03 AM,97,70
10/2/2026,5:06:04 AM,97,70
10/2/2026,5:06:05 AM,97,70
10/2/2026,5:06:06 AM,97,70
10/2/2026,5:06:07 AM,97,70
10/2/2026,5:06:08 AM,97,70
10/2/2026,5:06:09 AM,98,70
10/2/2026,5:06:10 AM,98,70
10/2/2026,5:06:11 AM,98,70
10/2/2026,5:06:12 AM,98,70
10/2/2026,5:06:13 AM,98,69
10/2/2026,5:06:14 AM,98,69
10/2/2026,5:06:15 AM,98,69
10/2/2026,5:06:16 AM,98,69
10/2/2026,5:06:17 AM,98,69
10/2/2026,5:06:18 AM,98,68
10/2/2026,5:06:19 AM,98,68
10/2/2026,5:06:20 AM,98,68
10/2/2026,5:06:21 AM,98,67
10/2/2026,5:06:22 AM,98,66
10/2/2026,5:06:23 AM,98,66
10/2/2026,5:06:24 AM,98,66
10/2/2026,5:06:25 AM,98,66
10/2/2026,5:06:26 AM,98,66
10/2/2026,5:06:27 AM,98,66
10/2/2026,5:06:28 AM,97,66
10/2/2026,5:06:29 AM,97,66
10/2/2026,5:06:30 AM,97,66
10/2/2026,5:06:31 AM,97,66
10/2/2026,5:06:32 AM,97,66
10/2/2026,5:06:33 AM,97,67
10/2/2026,5:06:34 AM,97,67
10/2/2026,5:06:35 AM,97,67
10/2/2026,5:06:36 AM,97,67
10/2/2026,5:06:37 AM,97,67
10/2/2026,5:06:38 AM,97,67
10/2/2026,5:06:39 AM,97,67
10/2/2026,5:06:40 AM,97,67
10/2/2026,5:06:41 AM,97,66
10/2/2026,5:06:42 AM,97,66
10/2/2026,5:06:43 AM,97,66
10/2/2026,5:06:44 AM,97,65
10/2/2026,5:06:45 AM,97,65
10/2/2026,5:06:46 AM,97,64
10/2/2026,5:06:47 AM,97,64
10/2/2026,5:06:48 AM,97,64
10/2/2026,5:06:49 AM,97,64
10/2/2026,5:06:50 AM,97,64
10/2/2026,5:06:51 AM,97,64
10/2/2026,5:06:52 AM,97,64
10/2/2026,5:06:53 AM,97,64
10/2/2026,5:06:54 AM,97,64
10/2/2026,5:06:55 AM,97,65
10/2/2026,5:06:56 AM,97,65
10/2/2026,5:06:57 AM,97,65
10/2/2026,5:06:58 AM,97,65
10/2/2026,5:06:59 AM,96,65
10/2/2026,5:07:00 AM,96,66
10/2/2026,5:07:01 AM,96,66
10/2/2026,5:07:02 AM,96,66
10/2/2026,5:07:03 AM,96,66
10/2/2026,5:07:04 AM,95,65
10/2/2026,5:07:05 AM,95,65
10/2/2026,5:07:06 AM,95,65
10/2/2026,5:07:07 AM,95,65
10/2/2026,5:07:08 AM,95,65
10/2/2026,5:07:09 AM,95,64
10/2/2026,5:07:10 AM,95,64
10/2/2026,5:07:11 AM,95,64
10/2/2026,5:07:12 AM,95,63
10/2/2026,5:07:13 AM,95,63
10/2/2026,5:07:14 AM,95,63
10/2/2026,5:07:15 AM,95,63
10/2/2026,5:07:16 AM,94,63
10/2/2026,5:07:17 AM,94,63
10/2/2026,5:07:18 AM,94,63
10/2/2026,5:07:19 AM,94,64
10/2/2026,5:07:20 AM,94,64
10/2/2026,5:07:21 AM,94,64
10/2/2026,5:07:22 AM,94,65
10/2/2026,5:07:23 AM,94,65
10/2/2026,5:07:24 AM,94,65
10/2/2026,5:07:25 AM,94,66
10/2/2026,5:07:26 AM,94,66
10/2/2026,5:07:27 AM,94,66
10/2/2026,5:07:28 AM,94,66
10/2/2026,5:07:29 AM,94,66
10/2/2026,5:07:30 AM,94,66
10/2/2026,5:07:31 AM,94,66
10/2/2026,5:07:32 AM,95,66
10/2/2026,5:07:33 AM,95,66
10/2/2026,5:07:34 AM,95,65
10/2/2026,5:07:35 AM,95,65
10/2/2026,5:07:36 AM,95,65
10/2/2026,5:07:37 AM,95,65
10/2/2026,5:07:38 AM,95,64
10/2/2026,5:07:39 AM,95,64
10/2/2026,5:07:40 AM,95,64
10/2/2026,5:07:41 AM,95,64
10/2/2026,5:07:42 AM,96,64
10/2/2026,5:07:43 AM,96,64
10/2/2026,5:07:44 AM,96,64
10/2/2026,5:07:45 AM,96,64
10/2/2026,5:07:46 AM,96,63
10/2/2026,5:07:47 AM,96,63
10/2/2026,5:07:48 AM,96,63
10/2/2026,5:07:49 AM,96,63
10/2/2026,5:07:50 AM,96,62
10/2/2026,5:07:51 AM,96,62
10/2/2026,5:07:52 AM,96,62
10/2/2026,5:07:53 AM,96,62
10/2/2026,5:07:54 AM,96,62
10/2/2026,5:07:55 AM,96,62
10/2/2026,5:07:56 AM,96,62
10/2/2026,5:07:57 AM,96,62
10/2/2026,5:07:58 AM,96,62
10/2/2026,5:07:59 AM,96,62
10/2/2026,5:08:00 AM,96,62
10/2/2026,5:08:01 AM,96,63
10/2/2026,5:08:02 AM,96,63
10/2/2026,5:08:03 AM,95,63
10/2/2026,5:08:04 AM,95,63
10/2/2026,5:08:05 AM,95,63
10/2/2026,5:08:06 AM,95,64
10/2/2026,5:08:07 AM,95,64
10/2/2026,5:08:08 AM,95,64
10/2/2026,5:08:09 AM,95,65
10/2/2026,5:08:10 AM,94,65
10/2/2026,5:08:11 AM,94,66
10/2/2026,5:08:12 AM,94,66
10/2/2026,5:08:13 AM,94,66
10/2/2026,5:08:14 AM,94,66
10/2/2026,5:08:15 AM,94,66
10/2/2026,5:08:16 AM,94,66
10/2/2026,5:08:17 AM,94,65
10/2/2026,5:08:18 AM,94,65
10/2/2026,5:08:19 AM,94,64
10/2/2026,5:08:20 AM,94,64
10/2/2026,5:08:21 AM,94,63
10/2/2026,5:08:22 AM,94,63
10/2/2026,5:08:23 AM,94,63
10/2/2026,5:08:24 AM,94,63
10/2/2026,5:08:25 AM,94,63
10/2/2026,5:08:26 AM,95,63
10/2/2026,5:08:27 AM,95,64
10/2/2026,5:08:28 AM,95,64
10/2/2026,5:08:29 AM,95,64
10/2/2026,5:08:30 AM,95,64
10/2/2026,5:08:31 AM,95,64
10/2/2026,5:08:32 AM,96,64
10/2/2026,5:08:33 AM,96,64
10/2/2026,5:08:34 AM,96,64
10/2/2026,5:08:35 AM,96,65
10/2/2026,5:08:36 AM,96,65
10/2/2026,5:08:37 AM,96,65
10/2/2026,5:08:38 AM,96,65
10/2/2026,5:08:39 AM,96,65
10/2/2026,5:08:40 AM,96,65
10/2/2026,5:08:41 AM,96,66
10/2/2026,5:08:42 AM,96,66
10/2/2026,5:08:43 AM,96,66
10/2/2026,5:08:44 AM,96,66
10/2/2026,5:08:45 AM,96,66
10/2/2026,5:08:46 AM,96,65
10/2/2026,5:08:47 AM,96,65
10/2/2026,5:08:48 AM,96,65
10/2/2026,5:08:49 AM,96,64
10/2/2026,5:08:50 AM,96,64
10/2/2026,5:08:51 AM,95,64
10/2/2026,5:08:52 AM,95,63
10/2/2026,5:08:53 AM,95,63
10/2/2026,5:08:54 AM,95,63
10/2/2026,5:08:55 AM,95,63
10/2/2026,5:08:56 AM,95,63
10/2/2026,5:08:57 AM,95,63
10/2/2026,5:08:58 AM,95,63
10/2/2026,5:08:59 AM,95,63
10/2/2026,5:09:00 AM,95,64
10/2/2026,5:09:01 AM,94,64
10/2/2026,5:09:02 AM,94,65
10/2/2026,5:09:03 AM,94,65
10/2/2026,5:09:04 AM,94,65
10/2/2026,5:09:05 AM,94,65
10/2/2026,5:09:06 AM,94,65
10/2/2026,5:09:07 AM,94,65
10/2/2026,5:09:08 AM,94,65
10/2/2026,5:09:09 AM,94,64
10/2/2026,5:09:10 AM,94,64
10/2/2026,5:09:11 AM,94,63
10/2/2026,5:09:12 AM,94,63
10/2/2026,5:09:13 AM,94,63
10/2/2026,5:09:14 AM,94,63
10/2/2026,5:09:15 AM,94,63
10/2/2026,5:09:16 AM,94,63
10/2/2026,5:09:17 AM,94,63
10/2/2026,5:09:18 AM,94,63
10/2/2026,5:09:19 AM,93,63
10/2/2026,5:09:20 AM,93,63
10/2/2026,5:09:21 AM,93,63
10/2/2026,5:09:22 AM,93,63
10/2/2026,5:09:23 AM,93,64
10/2/2026,5:09:24 AM,93,64
10/2/2026,5:09:25 AM,93,64
10/2/2026,5:09:26 AM,93,65
10/2/2026,5:09:27 AM,93,65
10/2/2026,5:09:28 AM,92,65
10/2/2026,5:09:29 AM,93,65
10/2/2026,5:09:30 AM,93,65
10/2/2026,5:09:31 AM,93,65
10/2/2026,5:09:32 AM,93,65
10/2/2026,5:09:33 AM,94,65
10/2/2026,5:09:34 AM,94,65
10/2/2026,5:09:35 AM,95,65
10/2/2026,5:09:36 AM,95,65
10/2/2026,5:09:37 AM,96,65
10/2/2026,5:09:38 AM,97,64
10/2/2026,5:09:39 AM,97,64
10/2/2026,5:09:40 AM,97,64
10/2/2026,5:09:41 AM,98,64
10/2/2026,5:09:42 AM,98,64
10/2/2026,5:09:43 AM,98,64
10/2/2026,5:09:44 AM,98,64
10/2/2026,5:09:45 AM,98,64
10/2/2026,5:09:46 AM,98,64
10/2/2026,5:09:47 AM,97,64
10/2/2026,5:09:48 AM,97,64
10/2/2026,5:09:49 AM,97,64
10/2/2026,5:09:50 AM,97,64
10/2/2026,5:09:51 AM,97,64
10/2/2026,5:09:52 AM,97,64
10/2/2026,5:09:53 AM,97,64
10/2/2026,5:09:54 AM,97,64
10/2/2026,5:09:55 AM,97,64
10/2/2026,5:09:56 AM,97,64
10/2/2026,5:09:57 AM,96,64
10/2/2026,5:09:58 AM,96,64
10/2/2026,5:09:59 AM,96,63
10/2/2026,5:10:00 AM,96,63
10/2/2026,5:10:01 AM,96,63
10/2/2026,5:10:02 AM,96,63
10/2/2026,5:10:03 AM,96,63
10/2/2026,5:10:04 AM,95,63
10/2/2026,5:10:05 AM,95,63
10/2/2026,5:10:06 AM,95,63
10/2/2026,5:10:07 AM,95,64
10/2/2026,5:10:08 AM,95,64
10/2/2026,5:10:09 AM,95,64
10/2/2026,5:10:10 AM,95,64
10/2/2026,5:10:11 AM,95,65
10/2/2026,5:10:12 AM,94,65
10/2/2026,5:10:13 AM,94,65
10/2/2026,5:10:14 AM,94,65
10/2/2026,5:10:15 AM,94,65
10/2/2026,5:10:16 AM,94,65
10/2/2026,5:10:17 AM,94,65
10/2/2026,5:10:18 AM,94,65
10/2/2026,5:10:19 AM,94,66
10/2/2026,5:10:20 AM,94,66
10/2/2026,5:10:21 AM,94,66
10/2/2026,5:10:22 AM,94,66
10/2/2026,5:10:23 AM,94,66
10/2/2026,5:10:24 AM,93,66
10/2/2026,5:10:25 AM,93,66
10/2/2026,5:10:26 AM,93,66
10/2/2026,5:10:27 AM,94,66
10/2/2026,5:10:28 AM,94,66
10/2/2026,5:10:29 AM,94,66
10/2/2026,5:10:30 AM,94,65
10/2/2026,5:10:31 AM,94,65
10/2/2026,5:10:32 AM,94,65
10/2/2026,5:10:33 AM,94,64
10/2/2026,5:10:34 AM,94,64
10/2/2026,5:10:35 AM,94,64
10/2/2026,5:10:36 AM,94,64
10/2/2026,5:10:37 AM,95,64
10/2/2026,5:10:38 AM,95,64
10/2/2026,5:10:39 AM,95,64
10/2/2026,5:10:40 AM,95,64
10/2/2026,5:10:41 AM,96,64
10/2/2026,5:10:42 AM,96,64
10/2/2026,5:10:43 AM,97,64
10/2/2026,5:10:44 AM,97,64
10/2/2026,5:10:45 AM,97,64
10/2/2026,5:10:46 AM,97,64
10/2/2026,5:10:47 AM,97,64
10/2/2026,5:10:48 AM,97,63
10/2/2026,5:10:49 AM,97,63
10/2/2026,5:10:50 AM,97,63
10/2/2026,5:10:51 AM,97,63
10/2/2026,5:10:52 AM,97,63
10/2/2026,5:10:53 AM,97,63
10/2/2026,5:10:54 AM,97,63
10/2/2026,5:10:55 AM,97,63
10/2/2026,5:10:56 AM,97,64
10/2/2026,5:10:57 AM,97,64
10/2/2026,5:10:58 AM,96,64
10/2/2026,5:10:59 AM,96,64
10/2/2026,5:11:00 AM,96,65
10/2/2026,5:11:01 AM,96,65
10/2/2026,5:11:02 AM,96,65
10/2/2026,5:11:03 AM,96,65
10/2/2026,5:11:04 AM,96,65
10/2/2026,5:11:05 AM,96,65
10/2/2026,5:11:06 AM,96,65
10/2/2026,5:11:07 AM,96,65
10/2/2026,5:11:08 AM,96,65
10/2/2026,5:11:09 AM,96,65
10/2/2026,5:11:10 AM,95,65
10/2/2026,5:11:11 AM,95,65
10/2/2026,5:11:12 AM,95,65
10/2/2026,5:11:13 AM,95,65
10/2/2026,5:11:14 AM,95,65
10/2/2026,5:11:15 AM,95,66
10/2/2026,5:11:16 AM,95,66
10/2/2026,5:11:17 AM,95,65
10/2/2026,5:11:18 AM,95,66
10/2/2026,5:11:19 AM,95,66
10/2/2026,5:11:20 AM,95,65
10/2/2026,5:11:21 AM,95,65
10/2/2026,5:11:22 AM,95,65
10/2/2026,5:11:23 AM,95,65
10/2/2026,5:11:24 AM,95,65
10/2/2026,5:11:25 AM,95,65
10/2/2026,5:11:26 AM,95,65
10/2/2026,5:11:27 AM,95,64
10/2/2026,5:11:28 AM,95,64
10/2/2026,5:11:29 AM,95,64
10/2/2026,5:11:30 AM,95,64
10/2/2026,5:11:31 AM,95,65
10/2/2026,5:11:32 AM,95,65
10/2/2026,5:11:33 AM,95,65
10/2/2026,5:11:34 AM,95,65
10/2/2026,5:11:35 AM,95,65
10/2/2026,5:11:36 AM,95,66
10/2/2026,5:11:37 AM,95,66
10/2/2026,5:11:38 AM,95,67
10/2/2026,5:11:39 AM,95,68
10/2/2026,5:11:40 AM,95,68
10/2/2026,5:11:41 AM,95,68
10/2/2026,5:11:42 AM,95,68
10/2/2026,5:11:43 AM,95,68
10/2/2026,5:11:44 AM,95,68
10/2/2026,5:11:45 AM,95,68
10/2/2026,5:11:46 AM,95,68
10/2/2026,5:11:47 AM,96,68
10/2/2026,5:11:48 AM,96,68
10/2/2026,5:11:49 AM,96,67
10/2/2026,5:11:50 AM,96,66
10/2/2026,5:11:51 AM,96,66
10/2/2026,5:11:52 AM,96,65
10/2/2026,5:11:53 AM,96,64
10/2/2026,5:11:54 AM,96,64
10/2/2026,5:11:55 AM,96,64
10/2/2026,5:11:56 AM,96,64
10/2/2026,5:11:57 AM,96,64
10/2/2026,5:11:58 AM,97,64
10/2/2026,5:11:59 AM,97,64
10/2/2026,5:12:00 AM,97,64
10/2/2026,5:12:01 AM,97,64
10/2/2026,5:12:02 AM,97,64
10/2/2026,5:12:03 AM,96,65
10/2/2026,5:12:04 AM,96,65
10/2/2026,5:12:05 AM,96,65
10/2/2026,5:12:06 AM,96,65
10/2/2026,5:12:07 AM,96,65
10/2/2026,5:12:08 AM,96,65
10/2/2026,5:12:09 AM,96,64
10/2/2026,5:12:10 AM,96,64
10/2/2026,5:12:11 AM,96,64
10/2/2026,5:12:12 AM,95,64
10/2/2026,5:12:13 AM,95,64
10/2/2026,5:12:14 AM,95,65
10/2/2026,5:12:15 AM,95,65
10/2/2026,5:12:16 AM,95,65
10/2/2026,5:12:17 AM,95,65
10/2/2026,5:12:18 AM,95,65
10/2/2026,5:12:19 AM,95,65
10/2/2026,5:12:20 AM,95,65
10/2/2026,5:12:21 AM,95,65
10/2/2026,5:12:22 AM,95,65
10/2/2026,5:12:23 AM,95,65
10/2/2026,5:12:24 AM,95,65
10/2/2026,5:12:25 AM,95,65
10/2/2026,5:12:26 AM,95,65
10/2/2026,5:12:27 AM,95,65
10/2/2026,5:12:28 AM,95,65
10/2/2026,5:12:29 AM,94,65
10/2/2026,5:12:30 AM,94,65
10/2/2026,5:12:31 AM,94,65
10/2/2026,5:12:32 AM,94,65
10/2/2026,5:12:33 AM,94,65
10/2/2026,5:12:34 AM,94,66
10/2/2026,5:12:35 AM,94,66
10/2/2026,5:12:36 AM,94,67
10/2/2026,5:12:37 AM,94,67
10/2/2026,5:12:38 AM,94,67
10/2/2026,5:12:39 AM,94,67
10/2/2026,5:12:40 AM,94,67
10/2/2026,5:12:41 AM,94,68
10/2/2026,5:12:42 AM,95,69
10/2/2026,5:12:43 AM,95,69
10/2/2026,5:12:44 AM,95,69
10/2/2026,5:12:45 AM,95,68
10/2/2026,5:12:46 AM,95,67
10/2/2026,5:12:47 AM,95,67
10/2/2026,5:12:48 AM,95,66
10/2/2026,5:12:49 AM,95,66
10/2/2026,5:12:50 AM,95,66
10/2/2026,5:12:51 AM,96,66
10/2/2026,5:12:52 AM,96,66
10/2/2026,5:12:53 AM,96,66
10/2/2026,5:12:54 AM,96,66
10/2/2026,5:12:55 AM,96,66
10/2/2026,5:12:56 AM,97,66
10/2/2026,5:12:57 AM,97,66
10/2/2026,5:12:58 AM,98,66
10/2/2026,5:12:59 AM,98,66
10/2/2026,5:13:00 AM,98,66
10/2/2026,5:13:01 AM,98,66
10/2/2026,5:13:02 AM,98,67
10/2/2026,5:13:03 AM,98,67
10/2/2026,5:13:04 AM,98,67
10/2/2026,5:13:05 AM,98,67
10/2/2026,5:13:06 AM,98,67
10/2/2026,5:13:07 AM,98,67
10/2/2026,5:13:08 AM,98,66
10/2/2026,5:13:09 AM,97,66
10/2/2026,5:13:10 AM,97,66
10/2/2026,5:13:11 AM,97,66
10/2/2026,5:13:12 AM,97,66
10/2/2026,5:13:13 AM,97,66
10/2/2026,5:13:14 AM,97,66
10/2/2026,5:13:15 AM,96,66
10/2/2026,5:13:16 AM,96,66
10/2/2026,5:13:17 AM,96,66
10/2/2026,5:13:18 AM,96,66
10/2/2026,5:13:19 AM,96,65
10/2/2026,5:13:20 AM,95,65
10/2/2026,5:13:21 AM,95,65
10/2/2026,5:13:22 AM,95,65
10/2/2026,5:13:23 AM,95,65
10/2/2026,5:13:24 AM,95,66
10/2/2026,5:13:25 AM,95,66
10/2/2026,5:13:26 AM,94,66
10/2/2026,5:13:27 AM,94,66
10/2/2026,5:13:28 AM,94,66
10/2/2026,5:13:29 AM,94,66
10/2/2026,5:13:30 AM,94,66
10/2/2026,5:13:31 AM,94,67
10/2/2026,5:13:32 AM,94,67
10/2/2026,5:13:33 AM,94,68
10/2/2026,5:13:34 AM,94,68
10/2/2026,5:13:35 AM,94,69
10/2/2026,5:13:36 AM,94,69
10/2/2026,5:13:37 AM,94,70
10/2/2026,5:13:38 AM,94,70
10/2/2026,5:13:39 AM,94,70
10/2/2026,5:13:40 AM,95,71
10/2/2026,5:13:41 AM,95,71
10/2/2026,5:13:42 AM,95,71
10/2/2026,5:13:43 AM,95,70
10/2/2026,5:13:44 AM,95,70
10/2/2026,5:13:45 AM,95,69
10/2/2026,5:13:46 AM,95,69
10/2/2026,5:13:47 AM,95,68
10/2/2026,5:13:48 AM,95,68
10/2/2026,5:13:49 AM,96,67
10/2/2026,5:13:50 AM,96,67
10/2/2026,5:13:51 AM,96,66
10/2/2026,5:13:52 AM,96,65
10/2/2026,5:13:53 AM,96,65
10/2/2026,5:13:54 AM,96,65
10/2/2026,5:13:55 AM,96,65
10/2/2026,5:13:56 AM,96,65
10/2/2026,5:13:57 AM,96,65
10/2/2026,5:13:58 AM,97,65
10/2/2026,5:13:59 AM,97,65
10/2/2026,5:14:00 AM,97,65
10/2/2026,5:14:01 AM,97,65
10/2/2026,5:14:02 AM,97,65
10/2/2026,5:14:03 AM,98,64
10/2/2026,5:14:04 AM,98,64
10/2/2026,5:14:05 AM,97,64
10/2/2026,5:14:06 AM,97,64
10/2/2026,5:14:07 AM,97,64
10/2/2026,5:14:08 AM,97,64
10/2/2026,5:14:09 AM,97,64
10/2/2026,5:14:10 AM,97,64
10/2/2026,5:14:11 AM,97,65
10/2/2026,5:14:12 AM,96,65
10/2/2026,5:14:13 AM,96,65
10/2/2026,5:14:14 AM,96,65
10/2/2026,5:14:15 AM,96,65
10/2/2026,5:14:16 AM,95,65
10/2/2026,5:14:17 AM,95,65
10/2/2026,5:14:18 AM,95,65
10/2/2026,5:14:19 AM,95,65
10/2/2026,5:14:20 AM,95,65
10/2/2026,5:14:21 AM,95,65
10/2/2026,5:14:22 AM,94,66
10/2/2026,5:14:23 AM,94,66
10/2/2026,5:14:24 AM,94,66
10/2/2026,5:14:25 AM,94,66
10/2/2026,5:14:26 AM,94,65
10/2/2026,5:14:27 AM,94,65
10/2/2026,5:14:28 AM,94,65
10/2/2026,5:14:29 AM,94,65
10/2/2026,5:14:30 AM,94,65
10/2/2026,5:14:31 AM,94,65
10/2/2026,5:14:32 AM,94,64
10/2/2026,5:14:33 AM,94,64
10/2/2026,5:14:34 AM,94,64
10/2/2026,5:14:35 AM,94,64
10/2/2026,5:14:36 AM,94,64
10/2/2026,5:14:37 AM,94,64
10/2/2026,5:14:38 AM,94,65
10/2/2026,5:14:39 AM,94,65
10/2/2026,5:14:40 AM,94,66
10/2/2026,5:14:41 AM,94,67
10/2/2026,5:14:42 AM,93,67
10/2/2026,5:14:43 AM,93,68
10/2/2026,5:14:44 AM,94,68
10/2/2026,5:14:45 AM,94,68
10/2/2026,5:14:46 AM,94,68
10/2/2026,5:14:47 AM,94,68
10/2/2026,5:14:48 AM,94,67
10/2/2026,5:14:49 AM,94,67
10/2/2026,5:14:50 AM,94,67
10/2/2026,5:14:51 AM,95,66
10/2/2026,5:14:52 AM,95,66
10/2/2026,5:14:53 AM,95,66
10/2/2026,5:14:54 AM,96,66
10/2/2026,5:14:55 AM,96,66
10/2/2026,5:14:56 AM,96,66
10/2/2026,5:14:57 AM,97,66
10/2/2026,5:14:58 AM,97,65
10/2/2026,5:14:59 AM,98,65
10/2/2026,5:15:00 AM,98,65
10/2/2026,5:15:01 AM,98,65
10/2/2026,5:15:02 AM,98,65
10/2/2026,5:15:03 AM,98,65
10/2/2026,5:15:04 AM,98,65
10/2/2026,5:15:05 AM,98,65
10/2/2026,5:15:06 AM,98,65
10/2/2026,5:15:07 AM,98,65
10/2/2026,5:15:08 AM,98,65
10/2/2026,5:15:09 AM,97,64
10/2/2026,5:15:10 AM,97,65
10/2/2026,5:15:11 AM,97,65
10/2/2026,5:15:12 AM,97,65
10/2/2026,5:15:13 AM,97,65
10/2/2026,5:15:14 AM,97,65
10/2/2026,5:15:15 AM,96,65
10/2/2026,5:15:16 AM,96,65
10/2/2026,5:15:17 AM,96,65
10/2/2026,5:15:18 AM,96,65
10/2/2026,5:15:19 AM,96,65
10/2/2026,5:15:20 AM,96,65
10/2/2026,5:15:21 AM,96,65
10/2/2026,5:15:22 AM,96,65
10/2/2026,5:15:23 AM,96,65
10/2/2026,5:15:24 AM,96,65
10/2/2026,5:15:25 AM,96,65
10/2/2026,5:15:26 AM,96,65
10/2/2026,5:15:27 AM,96,65
10/2/2026,5:15:28 AM,95,65
10/2/2026,5:15:29 AM,95,64
10/2/2026,5:15:30 AM,95,64
10/2/2026,5:15:31 AM,95,64
10/2/2026,5:15:32 AM,95,64
10/2/2026,5:15:33 AM,95,64
10/2/2026,5:15:34 AM,95,64
10/2/2026,5:15:35 AM,95,64
10/2/2026,5:15:36 AM,95,65
10/2/2026,5:15:37 AM,95,65
10/2/2026,5:15:38 AM,95,65
10/2/2026,5:15:39 AM,95,65
10/2/2026,5:15:40 AM,95,65
10/2/2026,5:15:41 AM,95,65
10/2/2026,5:15:42 AM,95,65
10/2/2026,5:15:43 AM,95,65
10/2/2026,5:15:44 AM,95,65
10/2/2026,5:15:45 AM,95,65
10/2/2026,5:15:46 AM,95,65
10/2/2026,5:15:47 AM,95,65
10/2/2026,5:15:48 AM,95,65
10/2/2026,5:15:49 AM,95,65
10/2/2026,5:15:50 AM,95,65
10/2/2026,5:15:51 AM,95,65
10/2/2026,5:15:52 AM,95,65
10/2/2026,5:15:53 AM,95,65
10/2/2026,5:15:54 AM,95,65
10/2/2026,5:15:55 AM,95,65
10/2/2026,5:15:56 AM,96,64
10/2/2026,5:15:57 AM,96,64
10/2/2026,5:15:58 AM,96,64
10/2/2026,5:15:59 AM,97,64
10/2/2026,5:16:00 AM,97,64
10/2/2026,5:16:01 AM,98,64
10/2/2026,5:16:02 AM,98,64
10/2/2026,5:16:03 AM,98,64
10/2/2026,5:16:04 AM,98,64
10/2/2026,5:16:05 AM,98,64
10/2/2026,5:16:06 AM,98,64
10/2/2026,5:16:07 AM,98,64
10/2/2026,5:16:08 AM,98,64
10/2/2026,5:16:09 AM,98,64
10/2/2026,5:16:10 AM,98,64
10/2/2026,5:16:11 AM,98,64
10/2/2026,5:16:12 AM,98,63
10/2/2026,5:16:13 AM,98,63
10/2/2026,5:16:14 AM,98,63
10/2/2026,5:16:15 AM,98,63
10/2/2026,5:16:16 AM,97,62
10/2/2026,5:16:17 AM,97,62
10/2/2026,5:16:18 AM,97,62
10/2/2026,5:16:19 AM,97,62
10/2/2026,5:16:20 AM,96,62
10/2/2026,5:16:21 AM,96,62
10/2/2026,5:16:22 AM,96,62
10/2/2026,5:16:23 AM,95,63
10/2/2026,5:16:24 AM,95,63
10/2/2026,5:16:25 AM,95,63
10/2/2026,5:16:26 AM,95,63
10/2/2026,5:16:27 AM,94,63
10/2/2026,5:16:28 AM,94,64
10/2/2026,5:16:29 AM,94,64
10/2/2026,5:16:30 AM,94,64
10/2/2026,5:16:31 AM,94,64
10/2/2026,5:16:32 AM,94,64
10/2/2026,5:16:33 AM,94,64
10/2/2026,5:16:34 AM,94,64
10/2/2026,5:16:35 AM,94,64
10/2/2026,5:16:36 AM,95,64
10/2/2026,5:16:37 AM,95,64
10/2/2026,5:16:38 AM,95,64
10/2/2026,5:16:39 AM,95,64
10/2/2026,5:16:40 AM,95,63
10/2/2026,5:16:41 AM,95,63
10/2/2026,5:16:42 AM,96,63
10/2/2026,5:16:43 AM,96,63
10/2/2026,5:16:44 AM,96,64
10/2/2026,5:16:45 AM,96,64
10/2/2026,5:16:46 AM,96,64
10/2/2026,5:16:47 AM,96,64
10/2/2026,5:16:48 AM,96,64
10/2/2026,5:16:49 AM,96,64
10/2/2026,5:16:50 AM,96,64
10/2/2026,5:16:51 AM,96,64
10/2/2026,5:16:52 AM,96,64
10/2/2026,5:16:53 AM,96,64
10/2/2026,5:16:54 AM,96,64
10/2/2026,5:16:55 AM,96,64
10/2/2026,5:16:56 AM,96,63
10/2/2026,5:16:57 AM,96,63
10/2/2026,5:16:58 AM,96,63
10/2/2026,5:16:59 AM,96,63
10/2/2026,5:17:00 AM,96,62
10/2/2026,5:17:01 AM,96,62
10/2/2026,5:17:02 AM,96,62
10/2/2026,5:17:03 AM,96,62
10/2/2026,5:17:04 AM,96,62
10/2/2026,5:17:05 AM,96,62
10/2/2026,5:17:06 AM,96,62
10/2/2026,5:17:07 AM,96,62
10/2/2026,5:17:08 AM,96,62
10/2/2026,5:17:09 AM,96,62
10/2/2026,5:17:10 AM,96,62
10/2/2026,5:17:11 AM,96,62
10/2/2026,5:17:12 AM,96,62
10/2/2026,5:17:13 AM,96,62
10/2/2026,5:17:14 AM,96,62
10/2/2026,5:17:15 AM,96,62
10/2/2026,5:17:16 AM,96,63
10/2/2026,5:17:17 AM,96,63
10/2/2026,5:17:18 AM,96,63
10/2/2026,5:17:19 AM,95,63
10/2/2026,5:17:20 AM,95,64
10/2/2026,5:17:21 AM,95,64
10/2/2026,5:17:22 AM,95,64
10/2/2026,5:17:23 AM,95,65
10/2/2026,5:17:24 AM,95,65
10/2/2026,5:17:25 AM,95,66
10/2/2026,5:17:26 AM,95,67
10/2/2026,5:17:27 AM,95,67
10/2/2026,5:17:28 AM,95,68
10/2/2026,5:17:29 AM,95,68
10/2/2026,5:17:30 AM,95,68
10/2/2026,5:17:31 AM,95,67
10/2/2026,5:17:32 AM,95,67
10/2/2026,5:17:33 AM,95,67
10/2/2026,5:17:34 AM,95,67
10/2/2026,5:17:35 AM,95,66
10/2/2026,5:17:36 AM,95,66
10/2/2026,5:17:37 AM,95,65
10/2/2026,5:17:38 AM,95,65
10/2/2026,5:17:39 AM,95,65
10/2/2026,5:17:40 AM,95,65
10/2/2026,5:17:41 AM,95,65
10/2/2026,5:17:42 AM,95,65
10/2/2026,5:17:43 AM,95,65
10/2/2026,5:17:44 AM,95,65
10/2/2026,5:17:45 AM,95,65
10/2/2026,5:17:46 AM,96,65
10/2/2026,5:17:47 AM,96,65
10/2/2026,5:17:48 AM,96,64
10/2/2026,5:17:49 AM,96,64
10/2/2026,5:17:50 AM,96,64
10/2/2026,5:17:51 AM,96,64
10/2/2026,5:17:52 AM,96,64
10/2/2026,5:17:53 AM,96,64
10/2/2026,5:17:54 AM,96,64
10/2/2026,5:17:55 AM,95,64
10/2/2026,5:17:56 AM,95,64
10/2/2026,5:17:57 AM,95,63
10/2/2026,5:17:58 AM,95,63
10/2/2026,5:17:59 AM,95,63
10/2/2026,5:18:00 AM,95,63
10/2/2026,5:18:01 AM,95,63
10/2/2026,5:18:02 AM,95,63
10/2/2026,5:18:03 AM,95,63
10/2/2026,5:18:04 AM,95,63
10/2/2026,5:18:05 AM,95,63
10/2/2026,5:18:06 AM,95,63
10/2/2026,5:18:07 AM,95,63
10/2/2026,5:18:08 AM,95,63
10/2/2026,5:18:09 AM,95,63
10/2/2026,5:18:10 AM,95,63
10/2/2026,5:18:11 AM,95,63
10/2/2026,5:18:12 AM,95,63
10/2/2026,5:18:13 AM,95,64
10/2/2026,5:18:14 AM,95,64
10/2/2026,5:18:15 AM,95,64
10/2/2026,5:18:16 AM,95,64
10/2/2026,5:18:17 AM,95,64
10/2/2026,5:18:18 AM,95,64
10/2/2026,5:18:19 AM,95,64
10/2/2026,5:18:20 AM,95,64
10/2/2026,5:18:21 AM,95,64
10/2/2026,5:18:22 AM,95,64
10/2/2026,5:18:23 AM,95,64
10/2/2026,5:18:24 AM,95,64
10/2/2026,5:18:25 AM,94,64
10/2/2026,5:18:26 AM,94,65
10/2/2026,5:18:27 AM,94,65
10/2/2026,5:18:28 AM,94,65
10/2/2026,5:18:29 AM,94,65
10/2/2026,5:18:30 AM,95,65
10/2/2026,5:18:31 AM,95,65
10/2/2026,5:18:32 AM,95,65
10/2/2026,5:18:33 AM,95,65
10/2/2026,5:18:34 AM,95,65
10/2/2026,5:18:35 AM,95,64
10/2/2026,5:18:36 AM,95,64
10/2/2026,5:18:37 AM,95,64
10/2/2026,5:18:38 AM,95,64
10/2/2026,5:18:39 AM,95,64
10/2/2026,5:18:40 AM,95,64
10/2/2026,5:18:41 AM,95,64
10/2/2026,5:18:42 AM,95,64
10/2/2026,5:18:43 AM,95,64
10/2/2026,5:18:44 AM,96,63
10/2/2026,5:18:45 AM,96,63
10/2/2026,5:18:46 AM,96,63
10/2/2026,5:18:47 AM,96,63
10/2/2026,5:18:48 AM,96,63
10/2/2026,5:18:49 AM,96,63
10/2/2026,5:18:50 AM,96,63
10/2/2026,5:18:51 AM,96,63
10/2/2026,5:18:52 AM,96,63
10/2/2026,5:18:53 AM,96,63
10/2/2026,5:18:54 AM,96,63
10/2/2026,5:18:55 AM,96,64
10/2/2026,5:18:56 AM,96,64
10/2/2026,5:18:57 AM,96,64
10/2/2026,5:18:58 AM,96,64
10/2/2026,5:18:59 AM,96,64
10/2/2026,5:19:00 AM,96,64
10/2/2026,5:19:01 AM,96,64
10/2/2026,5:19:02 AM,95,64
10/2/2026,5:19:03 AM,95,64
10/2/2026,5:19:04 AM,95,64
10/2/2026,5:19:05 AM,95,64
10/2/2026,5:19:06 AM,95,64
10/2/2026,5:19:07 AM,95,64
10/2/2026,5:19:08 AM,95,64
10/2/2026,5:19:09 AM,95,64
10/2/2026,5:19:10 AM,95,64
10/2/2026,5:19:11 AM,95,64
10/2/2026,5:19:12 AM,95,64
10/2/2026,5:19:13 AM,95,64
10/2/2026,5:19:14 AM,95,64
10/2/2026,5:19:15 AM,94,64
10/2/2026,5:19:16 AM,94,65
10/2/2026,5:19:17 AM,94,65
10/2/2026,5:19:18 AM,94,65
10/2/2026,5:19:19 AM,94,65
10/2/2026,5:19:20 AM,94,65
10/2/2026,5:19:21 AM,94,65
10/2/2026,5:19:22 AM,94,66
10/2/2026,5:19:23 AM,94,66
10/2/2026,5:19:24 AM,94,66
10/2/2026,5:19:25 AM,94,67
10/2/2026,5:19:26 AM,94,67
10/2/2026,5:19:27 AM,94,67
10/2/2026,5:19:28 AM,94,67
10/2/2026,5:19:29 AM,94,67
10/2/2026,5:19:30 AM,94,67
10/2/2026,5:19:31 AM,94,67
10/2/2026,5:19:32 AM,94,67
10/2/2026,5:19:33 AM,95,67
10/2/2026,5:19:34 AM,95,67
10/2/2026,5:19:35 AM,95,67
10/2/2026,5:19:36 AM,95,67
10/2/2026,5:19:37 AM,95,68
10/2/2026,5:19:38 AM,95,68
10/2/2026,5:19:39 AM,95,68
10/2/2026,5:19:40 AM,95,68
10/2/2026,5:19:41 AM,95,67
10/2/2026,5:19:42 AM,95,67
10/2/2026,5:19:43 AM,95,66
10/2/2026,5:19:44 AM,95,65
10/2/2026,5:19:45 AM,95,65
10/2/2026,5:19:46 AM,95,63
10/2/2026,5:19:47 AM,95,63
10/2/2026,5:19:48 AM,95,62
10/2/2026,5:19:49 AM,95,62
10/2/2026,5:19:50 AM,95,62
10/2/2026,5:19:51 AM,95,62
10/2/2026,5:19:52 AM,96,62
10/2/2026,5:19:53 AM,96,62
10/2/2026,5:19:54 AM,96,62
10/2/2026,5:19:55 AM,97,62
10/2/2026,5:19:56 AM,97,62
10/2/2026,5:19:57 AM,97,62
10/2/2026,5:19:58 AM,98,62
10/2/2026,5:19:59 AM,98,62
10/2/2026,5:20:00 AM,98,62
10/2/2026,5:20:01 AM,98,62
10/2/2026,5:20:02 AM,98,62
10/2/2026,5:20:03 AM,98,61
10/2/2026,5:20:04 AM,98,61
10/2/2026,5:20:05 AM,98,61
10/2/2026,5:20:06 AM,98,61
10/2/2026,5:20:07 AM,98,61
10/2/2026,5:20:08 AM,98,61
10/2/2026,5:20:09 AM,98,61
10/2/2026,5:20:10 AM,97,61
10/2/2026,5:20:11 AM,97,60
10/2/2026,5:20:12 AM,97,60
10/2/2026,5:20:13 AM,97,60
10/2/2026,5:20:14 AM,97,60
10/2/2026,5:20:15 AM,97,60
10/2/2026,5:20:16 AM,96,60
10/2/2026,5:20:17 AM,96,60
10/2/2026,5:20:18 AM,96,60
10/2/2026,5:20:19 AM,96,60
10/2/2026,5:20:20 AM,96,60
10/2/2026,5:20:21 AM,95,60
10/2/2026,5:20:22 AM,95,60
10/2/2026,5:20:23 AM,95,60
10/2/2026,5:20:24 AM,95,60
10/2/2026,5:20:25 AM,95,60
10/2/2026,5:20:26 AM,95,60
10/2/2026,5:20:27 AM,95,60
10/2/2026,5:20:28 AM,94,60
10/2/2026,5:20:29 AM,94,60
10/2/2026,5:20:30 AM,94,60
10/2/2026,5:20:31 AM,94,61
10/2/2026,5:20:32 AM,94,61
10/2/2026,5:20:33 AM,94,61
10/2/2026,5:20:34 AM,94,62
10/2/2026,5:20:35 AM,94,62
10/2/2026,5:20:36 AM,94,62
10/2/2026,5:20:37 AM,94,61
10/2/2026,5:20:38 AM,94,61
10/2/2026,5:20:39 AM,94,61
10/2/2026,5:20:40 AM,94,61
10/2/2026,5:20:41 AM,94,61
10/2/2026,5:20:42 AM,94,61
10/2/2026,5:20:43 AM,94,61
10/2/2026,5:20:44 AM,94,61
10/2/2026,5:20:45 AM,95,61
10/2/2026,5:20:46 AM,95,61
10/2/2026,5:20:47 AM,95,61
10/2/2026,5:20:48 AM,96,61
10/2/2026,5:20:49 AM,96,61
10/2/2026,5:20:50 AM,96,61
10/2/2026,5:20:51 AM,96,62
10/2/2026,5:20:52 AM,96,62
10/2/2026,5:20:53 AM,96,62
10/2/2026,5:20:54 AM,96,62
10/2/2026,5:20:55 AM,96,62
10/2/2026,5:20:56 AM,96,62
10/2/2026,5:20:57 AM,96,63
10/2/2026,5:20:58 AM,96,63
10/2/2026,5:20:59 AM,96,64
10/2/2026,5:21:00 AM,96,65
10/2/2026,5:21:01 AM,96,65
10/2/2026,5:21:02 AM,96,65
10/2/2026,5:21:03 AM,96,65
10/2/2026,5:21:04 AM,97,65
10/2/2026,5:21:05 AM,97,64
10/2/2026,5:21:06 AM,97,64
10/2/2026,5:21:07 AM,97,64
10/2/2026,5:21:08 AM,97,64
10/2/2026,5:21:09 AM,97,64
10/2/2026,5:21:10 AM,97,64
10/2/2026,5:21:11 AM,97,65
10/2/2026,5:21:12 AM,97,65
10/2/2026,5:21:13 AM,97,65
10/2/2026,5:21:14 AM,97,65
10/2/2026,5:21:15 AM,96,65
10/2/2026,5:21:16 AM,96,65
10/2/2026,5:21:17 AM,96,65
10/2/2026,5:21:18 AM,96,65
10/2/2026,5:21:19 AM,96,65
10/2/2026,5:21:20 AM,96,65
10/2/2026,5:21:21 AM,96,65
10/2/2026,5:21:22 AM,96,65
10/2/2026,5:21:23 AM,96,65
10/2/2026,5:21:24 AM,96,65
10/2/2026,5:21:25 AM,96,65
10/2/2026,5:21:26 AM,95,65
10/2/2026,5:21:27 AM,95,65
10/2/2026,5:21:28 AM,95,64
10/2/2026,5:21:29 AM,95,64
10/2/2026,5:21:30 AM,95,64
10/2/2026,5:21:31 AM,95,64
10/2/2026,5:21:32 AM,95,64
10/2/2026,5:21:33 AM,94,64
10/2/2026,5:21:34 AM,94,64
10/2/2026,5:21:35 AM,94,64
10/2/2026,5:21:36 AM,94,64
10/2/2026,5:21:37 AM,94,64
10/2/2026,5:21:38 AM,94,64
10/2/2026,5:21:39 AM,94,64
10/2/2026,5:21:40 AM,94,64
10/2/2026,5:21:41 AM,94,64
10/2/2026,5:21:42 AM,94,65
10/2/2026,5:21:43 AM,94,65
10/2/2026,5:21:44 AM,93,65
10/2/2026,5:21:45 AM,93,65
10/2/2026,5:21:46 AM,93,65
10/2/2026,5:21:47 AM,93,65
10/2/2026,5:21:48 AM,93,65
10/2/2026,5:21:49 AM,93,65
10/2/2026,5:21:50 AM,93,65
10/2/2026,5:21:51 AM,93,65
10/2/2026,5:21:52 AM,93,66
10/2/2026,5:21:53 AM,93,66
10/2/2026,5:21:54 AM,93,66
10/2/2026,5:21:55 AM,93,66
10/2/2026,5:21:56 AM,93,66
10/2/2026,5:21:57 AM,93,66
10/2/2026,5:21:58 AM,93,66
10/2/2026,5:21:59 AM,93,67
10/2/2026,5:22:00 AM,93,66
10/2/2026,5:22:01 AM,93,66
10/2/2026,5:22:02 AM,93,66
10/2/2026,5:22:03 AM,93,66
10/2/2026,5:22:04 AM,93,66
10/2/2026,5:22:05 AM,93,66
10/2/2026,5:22:06 AM,93,66
10/2/2026,5:22:07 AM,93,66
10/2/2026,5:22:08 AM,94,66
10/2/2026,5:22:09 AM,94,66
10/2/2026,5:22:10 AM,94,66
10/2/2026,5:22:11 AM,94,66
10/2/2026,5:22:12 AM,94,66
10/2/2026,5:22:13 AM,95,66
10/2/2026,5:22:14 AM,95,66
10/2/2026,5:22:15 AM,96,67
10/2/2026,5:22:16 AM,97,67
10/2/2026,5:22:17 AM,98,67
10/2/2026,5:22:18 AM,98,68
10/2/2026,5:22:19 AM,98,68
10/2/2026,5:22:20 AM,98,68
10/2/2026,5:22:21 AM,98,68
10/2/2026,5:22:22 AM,99,69
10/2/2026,5:22:23 AM,99,70
10/2/2026,5:22:24 AM,99,71
10/2/2026,5:22:25 AM,99,71
10/2/2026,5:22:26 AM,99,71
10/2/2026,5:22:27 AM,99,71
10/2/2026,5:22:28 AM,99,71
10/2/2026,5:22:29 AM,99,71
10/2/2026,5:22:30 AM,99,71
10/2/2026,5:22:31 AM,99,70
10/2/2026,5:22:32 AM,99,69
10/2/2026,5:22:33 AM,99,69
10/2/2026,5:22:34 AM,99,68
10/2/2026,5:22:35 AM,99,66
10/2/2026,5:22:36 AM,99,65
10/2/2026,5:22:37 AM,99,64
10/2/2026,5:22:38 AM,99,64
10/2/2026,5:22:39 AM,99,64
10/2/2026,5:22:40 AM,98,63
10/2/2026,5:22:41 AM,98,63
10/2/2026,5:22:42 AM,98,63
10/2/2026,5:22:43 AM,98,63
10/2/2026,5:22:44 AM,98,63
10/2/2026,5:22:45 AM,98,63
10/2/2026,5:22:46 AM,98,63
10/2/2026,5:22:47 AM,98,62
10/2/2026,5:22:48 AM,98,62
10/2/2026,5:22:49 AM,98,63
10/2/2026,5:22:50 AM,98,63
10/2/2026,5:22:51 AM,98,63
10/2/2026,5:22:52 AM,98,63
10/2/2026,5:22:53 AM,98,63
10/2/2026,5:22:54 AM,98,63
10/2/2026,5:22:55 AM,98,63
10/2/2026,5:22:56 AM,98,63
10/2/2026,5:22:57 AM,98,63
10/2/2026,5:22:58 AM,98,62
10/2/2026,5:22:59 AM,98,62
10/2/2026,5:23:00 AM,97,63
10/2/2026,5:23:01 AM,97,63
10/2/2026,5:23:02 AM,97,63
10/2/2026,5:23:03 AM,97,63
10/2/2026,5:23:04 AM,97,63
10/2/2026,5:23:05 AM,97,63
10/2/2026,5:23:06 AM,96,63
10/2/2026,5:23:07 AM,96,64
10/2/2026,5:23:08 AM,96,64
10/2/2026,5:23:09 AM,96,64
10/2/2026,5:23:10 AM,96,65
10/2/2026,5:23:11 AM,96,65
10/2/2026,5:23:12 AM,96,65
10/2/2026,5:23:13 AM,96,65
10/2/2026,5:23:14 AM,96,65
10/2/2026,5:23:15 AM,96,65
10/2/2026,5:23:16 AM,96,65
10/2/2026,5:23:17 AM,95,66
10/2/2026,5:23:18 AM,95,66
10/2/2026,5:23:19 AM,95,66
10/2/2026,5:23:20 AM,95,67
10/2/2026,5:23:21 AM,95,67
10/2/2026,5:23:22 AM,95,67
10/2/2026,5:23:23 AM,95,68
10/2/2026,5:23:24 AM,95,68
10/2/2026,5:23:25 AM,95,69
10/2/2026,5:23:26 AM,95,69
10/2/2026,5:23:27 AM,95,69
10/2/2026,5:23:28 AM,95,69
10/2/2026,5:23:29 AM,95,69
10/2/2026,5:23:30 AM,95,69
10/2/2026,5:23:31 AM,95,68
10/2/2026,5:23:32 AM,95,68
10/2/2026,5:23:33 AM,96,68
10/2/2026,5:23:34 AM,96,68
10/2/2026,5:23:35 AM,96,68
10/2/2026,5:23:36 AM,96,68
10/2/2026,5:23:37 AM,96,68
10/2/2026,5:23:38 AM,96,68
10/2/2026,5:23:39 AM,97,67
10/2/2026,5:23:40 AM,97,67
10/2/2026,5:23:41 AM,98,67
10/2/2026,5:23:42 AM,98,67
10/2/2026,5:23:43 AM,98,67
10/2/2026,5:23:44 AM,98,67
10/2/2026,5:23:45 AM,98,66
10/2/2026,5:23:46 AM,98,66
10/2/2026,5:23:47 AM,98,67
10/2/2026,5:23:48 AM,98,67
10/2/2026,5:23:49 AM,99,67
10/2/2026,5:23:50 AM,98,67
10/2/2026,5:23:51 AM,98,68
10/2/2026,5:23:52 AM,98,69
10/2/2026,5:23:53 AM,98,69
10/2/2026,5:23:54 AM,98,69
10/2/2026,5:23:55 AM,98,69
10/2/2026,5:23:56 AM,98,69
10/2/2026,5:23:57 AM,98,69
10/2/2026,5:23:58 AM,97,69
10/2/2026,5:23:59 AM,97,69
10/2/2026,5:24:00 AM,97,69
10/2/2026,5:24:01 AM,97,68
10/2/2026,5:24:02 AM,97,68
10/2/2026,5:24:03 AM,97,67
10/2/2026,5:24:04 AM,97,67
10/2/2026,5:24:05 AM,98,66
10/2/2026,5:24:06 AM,98,66
10/2/2026,5:24:07 AM,98,65
10/2/2026,5:24:08 AM,98,65
10/2/2026,5:24:09 AM,98,65
10/2/2026,5:24:10 AM,98,64
10/2/2026,5:24:11 AM,98,64
10/2/2026,5:24:12 AM,98,63
10/2/2026,5:24:13 AM,98,63
10/2/2026,5:24:14 AM,98,62
10/2/2026,5:24:15 AM,98,62
10/2/2026,5:24:16 AM,98,62
10/2/2026,5:24:17 AM,98,61
10/2/2026,5:24:18 AM,98,61
10/2/2026,5:24:19 AM,97,61
10/2/2026,5:24:20 AM,97,61
10/2/2026,5:24:21 AM,97,61
10/2/2026,5:24:22 AM,97,61
10/2/2026,5:24:23 AM,97,61
10/2/2026,5:24:24 AM,97,61
10/2/2026,5:24:25 AM,97,61
10/2/2026,5:24:26 AM,96,61
10/2/2026,5:24:27 AM,96,62
10/2/2026,5:24:28 AM,96,62
10/2/2026,5:24:29 AM,96,62
10/2/2026,5:24:30 AM,96,62
10/2/2026,5:24:31 AM,96,62
10/2/2026,5:24:32 AM,95,62
10/2/2026,5:24:33 AM,95,62
10/2/2026,5:24:34 AM,95,62
10/2/2026,5:24:35 AM,95,62
10/2/2026,5:24:36 AM,95,62
10/2/2026,5:24:37 AM,95,62
10/2/2026,5:24:38 AM,95,62
10/2/2026,5:24:39 AM,95,62
10/2/2026,5:24:40 AM,94,63
10/2/2026,5:24:41 AM,94,63
10/2/2026,5:24:42 AM,94,63
10/2/2026,5:24:43 AM,94,65
10/2/2026,5:24:44 AM,94,65
10/2/2026,5:24:45 AM,94,65
10/2/2026,5:24:46 AM,94,65
10/2/2026,5:24:47 AM,94,66
10/2/2026,5:24:48 AM,94,66
10/2/2026,5:24:49 AM,94,66
10/2/2026,5:24:50 AM,94,66
10/2/2026,5:24:51 AM,94,66
10/2/2026,5:24:52 AM,94,66
10/2/2026,5:24:53 AM,94,65
10/2/2026,5:24:54 AM,94,65
10/2/2026,5:24:55 AM,94,65
10/2/2026,5:24:56 AM,94,64
10/2/2026,5:24:57 AM,94,64
10/2/2026,5:24:58 AM,94,64
10/2/2026,5:24:59 AM,94,63
10/2/2026,5:25:00 AM,94,63
10/2/2026,5:25:01 AM,95,63
10/2/2026,5:25:02 AM,95,62
10/2/2026,5:25:03 AM,95,62
10/2/2026,5:25:04 AM,95,62
10/2/2026,5:25:05 AM,96,62
10/2/2026,5:25:06 AM,96,62
10/2/2026,5:25:07 AM,97,62
10/2/2026,5:25:08 AM,97,62
10/2/2026,5:25:09 AM,97,61
10/2/2026,5:25:10 AM,97,61
10/2/2026,5:25:11 AM,98,61
10/2/2026,5:25:12 AM,98,61
10/2/2026,5:25:13 AM,98,61
10/2/2026,5:25:14 AM,98,61
10/2/2026,5:25:15 AM,98,61
10/2/2026,5:25:16 AM,98,61
10/2/2026,5:25:17 AM,98,61
10/2/2026,5:25:18 AM,97,61
10/2/2026,5:25:19 AM,97,61
10/2/2026,5:25:20 AM,97,61
10/2/2026,5:25:21 AM,97,60
10/2/2026,5:25:22 AM,97,60
10/2/2026,5:25:23 AM,97,60
10/2/2026,5:25:24 AM,96,60
10/2/2026,5:25:25 AM,96,60
10/2/2026,5:25:26 AM,96,60
10/2/2026,5:25:27 AM,96,60
10/2/2026,5:25:28 AM,96,60
10/2/2026,5:25:29 AM,95,60
10/2/2026,5:25:30 AM,95,60
10/2/2026,5:25:31 AM,95,60
10/2/2026,5:25:32 AM,95,60
10/2/2026,5:25:33 AM,95,61
10/2/2026,5:25:34 AM,94,61
10/2/2026,5:25:35 AM,94,61
10/2/2026,5:25:36 AM,94,62
10/2/2026,5:25:37 AM,94,62
10/2/2026,5:25:38 AM,94,62
10/2/2026,5:25:39 AM,94,62
10/2/2026,5:25:40 AM,93,63
10/2/2026,5:25:41 AM,93,63
10/2/2026,5:25:42 AM,93,63
10/2/2026,5:25:43 AM,93,63
10/2/2026,5:25:44 AM,93,63
10/2/2026,5:25:45 AM,93,63
10/2/2026,5:25:46 AM,93,63
10/2/2026,5:25:47 AM,93,63
10/2/2026,5:25:48 AM,93,63
10/2/2026,5:25:49 AM,93,62
10/2/2026,5:25:50 AM,93,62
10/2/2026,5:25:51 AM,93,62
10/2/2026,5:25:52 AM,93,62
10/2/2026,5:25:53 AM,93,62
10/2/2026,5:25:54 AM,93,62
10/2/2026,5:25:55 AM,93,62
10/2/2026,5:25:56 AM,94,62
10/2/2026,5:25:57 AM,94,62
10/2/2026,5:25:58 AM,94,62
10/2/2026,5:25:59 AM,95,62
10/2/2026,5:26:00 AM,95,62
10/2/2026,5:26:01 AM,96,62
10/2/2026,5:26:02 AM,96,62
10/2/2026,5:26:03 AM,96,62
10/2/2026,5:26:04 AM,96,62
10/2/2026,5:26:05 AM,97,62
10/2/2026,5:26:06 AM,97,62
10/2/2026,5:26:07 AM,97,62
10/2/2026,5:26:08 AM,96,62
10/2/2026,5:26:09 AM,96,62
10/2/2026,5:26:10 AM,96,62
10/2/2026,5:26:11 AM,96,62
10/2/2026,5:26:12 AM,96,62
10/2/2026,5:26:13 AM,96,62
10/2/2026,5:26:14 AM,96,62
10/2/2026,5:26:15 AM,95,62
10/2/2026,5:26:16 AM,95,62
10/2/2026,5:26:17 AM,95,62
10/2/2026,5:26:18 AM,95,62
10/2/2026,5:26:19 AM,95,62
10/2/2026,5:26:20 AM,95,62
10/2/2026,5:26:21 AM,94,62
10/2/2026,5:26:22 AM,94,62
10/2/2026,5:26:23 AM,94,63
10/2/2026,5:26:24 AM,94,63
10/2/2026,5:26:25 AM,94,63
10/2/2026,5:26:26 AM,93,63
10/2/2026,5:26:27 AM,93,63
10/2/2026,5:26:28 AM,93,63
10/2/2026,5:26:29 AM,93,63
10/2/2026,5:26:30 AM,93,62
10/2/2026,5:26:31 AM,93,62
10/2/2026,5:26:32 AM,93,62
10/2/2026,5:26:33 AM,93,61
10/2/2026,5:26:34 AM,93,61
10/2/2026,5:26:35 AM,93,60
10/2/2026,5:26:36 AM,93,60
10/2/2026,5:26:37 AM,93,59
10/2/2026,5:26:38 AM,93,59
10/2/2026,5:26:39 AM,93,59
10/2/2026,5:26:40 AM,93,59
10/2/2026,5:26:41 AM,93,59
10/2/2026,5:26:42 AM,92,60
10/2/2026,5:26:43 AM,92,60
10/2/2026,5:26:44 AM,92,61
10/2/2026,5:26:45 AM,92,61
10/2/2026,5:26:46 AM,92,61
10/2/2026,5:26:47 AM,92,61
10/2/2026,5:26:48 AM,92,61
10/2/2026,5:26:49 AM,92,61
10/2/2026,5:26:50 AM,92,62
10/2/2026,5:26:51 AM,92,62
10/2/2026,5:26:52 AM,92,62
10/2/2026,5:26:53 AM,92,62
10/2/2026,5:26:54 AM,92,62
10/2/2026,5:26:55 AM,92,63
10/2/2026,5:26:56 AM,92,63
10/2/2026,5:26:57 AM,92,63
10/2/2026,5:26:58 AM,92,63
10/2/2026,5:26:59 AM,92,63
10/2/2026,5:27:00 AM,92,64
10/2/2026,5:27:01 AM,91,66
10/2/2026,5:27:02 AM,91,66
10/2/2026,5:27:03 AM,91,67
10/2/2026,5:27:04 AM,91,67
10/2/2026,5:27:05 AM,91,67
10/2/2026,5:27:06 AM,91,67
10/2/2026,5:27:07 AM,91,67
10/2/2026,5:27:08 AM,91,67
10/2/2026,5:27:09 AM,91,66
10/2/2026,5:27:10 AM,91,65
10/2/2026,5:27:11 AM,91,64
10/2/2026,5:27:12 AM,91,63
10/2/2026,5:27:13 AM,91,63
10/2/2026,5:27:14 AM,91,63
10/2/2026,5:27:15 AM,91,63
10/2/2026,5:27:16 AM,92,63
10/2/2026,5:27:17 AM,92,62
10/2/2026,5:27:18 AM,92,62
10/2/2026,5:27:19 AM,92,62
10/2/2026,5:27:20 AM,92,62
10/2/2026,5:27:21 AM,94,62
10/2/2026,5:27:22 AM,95,62
10/2/2026,5:27:23 AM,96,61
10/2/2026,5:27:24 AM,98,61
10/2/2026,5:27:25 AM,98,61
10/2/2026,5:27:26 AM,99,61
10/2/2026,5:27:27 AM,99,61
10/2/2026,5:27:28 AM,99,61
10/2/2026,5:27:29 AM,99,61
10/2/2026,5:27:30 AM,99,61
10/2/2026,5:27:31 AM,99,61
10/2/2026,5:27:32 AM,99,61
10/2/2026,5:27:33 AM,99,61
10/2/2026,5:27:34 AM,99,61
10/2/2026,5:27:35 AM,99,61
10/2/2026,5:27:36 AM,98,62
10/2/2026,5:27:37 AM,98,62
10/2/2026,5:27:38 AM,98,62
10/2/2026,5:27:39 AM,98,62
10/2/2026,5:27:40 AM,98,61
10/2/2026,5:27:41 AM,98,61
10/2/2026,5:27:42 AM,98,61
10/2/2026,5:27:43 AM,98,61
10/2/2026,5:27:44 AM,97,61
10/2/2026,5:27:45 AM,97,60
10/2/2026,5:27:46 AM,97,60
10/2/2026,5:27:47 AM,97,60
10/2/2026,5:27:48 AM,96,59
10/2/2026,5:27:49 AM,96,59
10/2/2026,5:27:50 AM,96,59
10/2/2026,5:27:51 AM,96,59
10/2/2026,5:27:52 AM,96,59
10/2/2026,5:27:53 AM,95,59
10/2/2026,5:27:54 AM,95,59
10/2/2026,5:27:55 AM,95,59
10/2/2026,5:27:56 AM,95,59
10/2/2026,5:27:57 AM,94,59
10/2/2026,5:27:58 AM,94,59
10/2/2026,5:27:59 AM,94,59
10/2/2026,5:28:00 AM,94,59
10/2/2026,5:28:01 AM,93,59
10/2/2026,5:28:02 AM,93,59
10/2/2026,5:28:03 AM,93,60
10/2/2026,5:28:04 AM,93,61
10/2/2026,5:28:05 AM,93,62
10/2/2026,5:28:06 AM,93,62
10/2/2026,5:28:07 AM,93,62
10/2/2026,5:28:08 AM,93,63
10/2/2026,5:28:09 AM,93,63
10/2/2026,5:28:10 AM,93,64
10/2/2026,5:28:11 AM,93,65
10/2/2026,5:28:12 AM,93,65
10/2/2026,5:28:13 AM,93,65
10/2/2026,5:28:14 AM,93,65
10/2/2026,5:28:15 AM,93,65
10/2/2026,5:28:16 AM,93,65
10/2/2026,5:28:17 AM,93,65
10/2/2026,5:28:18 AM,93,65
10/2/2026,5:28:19 AM,93,65
10/2/2026,5:28:20 AM,93,65
10/2/2026,5:28:21 AM,93,65
10/2/2026,5:28:22 AM,93,64
10/2/2026,5:28:23 AM,93,64
10/2/2026,5:28:24 AM,94,63
10/2/2026,5:28:25 AM,94,63
10/2/2026,5:28:26 AM,95,62
10/2/2026,5:28:27 AM,96,62
10/2/2026,5:28:28 AM,97,62
10/2/2026,5:28:29 AM,98,62
10/2/2026,5:28:30 AM,98,62
10/2/2026,5:28:31 AM,99,62
10/2/2026,5:28:32 AM,99,61
10/2/2026,5:28:33 AM,99,61
10/2/2026,5:28:34 AM,99,61
10/2/2026,5:28:35 AM,99,61
10/2/2026,5:28:36 AM,99,61
10/2/2026,5:28:37 AM,99,60
10/2/2026,5:28:38 AM,99,60
10/2/2026,5:28:39 AM,98,60
10/2/2026,5:28:40 AM,98,60
10/2/2026,5:28:41 AM,98,60
10/2/2026,5:28:42 AM,98,59
10/2/2026,5:28:43 AM,98,59
10/2/2026,5:28:44 AM,98,59
10/2/2026,5:28:45 AM,98,59
10/2/2026,5:28:46 AM,98,59
10/2/2026,5:28:47 AM,97,59
10/2/2026,5:28:48 AM,97,59
10/2/2026,5:28:49 AM,97,59
10/2/2026,5:28:50 AM,97,59
10/2/2026,5:28:51 AM,97,59
10/2/2026,5:28:52 AM,97,59
10/2/2026,5:28:53 AM,96,59
10/2/2026,5:28:54 AM,96,59
10/2/2026,5:28:55 AM,96,59
10/2/2026,5:28:56 AM,96,59
10/2/2026,5:28:57 AM,96,59
10/2/2026,5:28:58 AM,96,59
10/2/2026,5:28:59 AM,95,59
10/2/2026,5:29:00 AM,95,59
10/2/2026,5:29:01 AM,95,59
10/2/2026,5:29:02 AM,95,59
10/2/2026,5:29:03 AM,95,59
10/2/2026,5:29:04 AM,94,59
10/2/2026,5:29:05 AM,94,59
10/2/2026,5:29:06 AM,94,60
10/2/2026,5:29:07 AM,94,60
10/2/2026,5:29:08 AM,94,60
10/2/2026,5:29:09 AM,93,60
10/2/2026,5:29:10 AM,93,60
10/2/2026,5:29:11 AM,93,59
10/2/2026,5:29:12 AM,93,59
10/2/2026,5:29:13 AM,93,59
10/2/2026,5:29:14 AM,92,59
10/2/2026,5:29:15 AM,92,59
10/2/2026,5:29:16 AM,92,59
10/2/2026,5:29:17 AM,92,59
10/2/2026,5:29:18 AM,92,59
10/2/2026,5:29:19 AM,92,59
10/2/2026,5:29:20 AM,92,59
10/2/2026,5:29:21 AM,92,59
10/2/2026,5:29:22 AM,92,59
10/2/2026,5:29:23 AM,92,59
10/2/2026,5:29:24 AM,92,59
10/2/2026,5:29:25 AM,92,59
10/2/2026,5:29:26 AM,92,59
10/2/2026,5:29:27 AM,92,59
10/2/2026,5:29:28 AM,92,59
10/2/2026,5:29:29 AM,91,59
10/2/2026,5:29:30 AM,91,59
10/2/2026,5:29:31 AM,91,59
10/2/2026,5:29:32 AM,91,59
10/2/2026,5:29:33 AM,92,59
10/2/2026,5:29:34 AM,92,59
10/2/2026,5:29:35 AM,92,59
10/2/2026,5:29:36 AM,92,59
10/2/2026,5:29:37 AM,92,59
10/2/2026,5:29:38 AM,92,59
10/2/2026,5:29:39 AM,92,59
10/2/2026,5:29:40 AM,92,59
10/2/2026,5:29:41 AM,92,59
10/2/2026,5:29:42 AM,92,59
10/2/2026,5:29:43 AM,91,59
10/2/2026,5:29:44 AM,91,59
10/2/2026,5:29:45 AM,91,60
10/2/2026,5:29:46 AM,91,60
10/2/2026,5:29:47 AM,91,61
10/2/2026,5:29:48 AM,91,61
10/2/2026,5:29:49 AM,91,61
10/2/2026,5:29:50 AM,92,61
10/2/2026,5:29:51 AM,92,61
10/2/2026,5:29:52 AM,92,61
10/2/2026,5:29:53 AM,92,61
10/2/2026,5:29:54 AM,92,61
10/2/2026,5:29:55 AM,92,61
10/2/2026,5:29:56 AM,93,61
10/2/2026,5:29:57 AM,94,61
10/2/2026,5:29:58 AM,96,60
10/2/2026,5:29:59 AM,97,60
10/2/2026,5:30:00 AM,98,60
10/2/2026,5:30:01 AM,98,60
10/2/2026,5:30:02 AM,99,60
10/2/2026,5:30:03 AM,99,59
10/2/2026,5:30:04 AM,99,59
10/2/2026,5:30:05 AM,99,59
10/2/2026,5:30:06 AM,99,59
10/2/2026,5:30:07 AM,99,59
10/2/2026,5:30:08 AM,98,59
10/2/2026,5:30:09 AM,98,59
10/2/2026,5:30:10 AM,98,59
10/2/2026,5:30:11 AM,98,59
10/2/2026,5:30:12 AM,98,59
10/2/2026,5:30:13 AM,98,59
10/2/2026,5:30:14 AM,97,58
10/2/2026,5:30:15 AM,97,58
10/2/2026,5:30:16 AM,97,58
10/2/2026,5:30:17 AM,97,58
10/2/2026,5:30:18 AM,97,58
10/2/2026,5:30:19 AM,96,58
10/2/2026,5:30:20 AM,96,58
10/2/2026,5:30:21 AM,96,58
10/2/2026,5:30:22 AM,96,58
10/2/2026,5:30:23 AM,96,58
10/2/2026,5:30:24 AM,95,58
10/2/2026,5:30:25 AM,95,58
10/2/2026,5:30:26 AM,95,58
10/2/2026,5:30:27 AM,95,58
10/2/2026,5:30:28 AM,94,58
10/2/2026,5:30:29 AM,94,58
10/2/2026,5:30:30 AM,94,58
10/2/2026,5:30:31 AM,94,58
10/2/2026,5:30:32 AM,93,58
10/2/2026,5:30:33 AM,93,58
10/2/2026,5:30:34 AM,93,58
10/2/2026,5:30:35 AM,93,58
10/2/2026,5:30:36 AM,92,58
10/2/2026,5:30:37 AM,92,59
10/2/2026,5:30:38 AM,92,59
10/2/2026,5:30:39 AM,92,59
10/2/2026,5:30:40 AM,91,60
10/2/2026,5:30:41 AM,91,60
10/2/2026,5:30:42 AM,91,60
10/2/2026,5:30:43 AM,91,61
10/2/2026,5:30:44 AM,91,61
10/2/2026,5:30:45 AM,91,61
10/2/2026,5:30:46 AM,91,61
10/2/2026,5:30:47 AM,91,61
10/2/2026,5:30:48 AM,91,61
10/2/2026,5:30:49 AM,91,61
10/2/2026,5:30:50 AM,92,61
10/2/2026,5:30:51 AM,92,60
10/2/2026,5:30:52 AM,93,60
10/2/2026,5:30:53 AM,93,60
10/2/2026,5:30:54 AM,94,60
10/2/2026,5:30:55 AM,95,59
10/2/2026,5:30:56 AM,95,59
10/2/2026,5:30:57 AM,96,59
10/2/2026,5:30:58 AM,96,59
10/2/2026,5:30:59 AM,97,59
10/2/2026,5:31:00 AM,97,59
10/2/2026,5:31:01 AM,97,59
10/2/2026,5:31:02 AM,98,59
10/2/2026,5:31:03 AM,98,59
10/2/2026,5:31:04 AM,98,59
10/2/2026,5:31:05 AM,97,59
10/2/2026,5:31:06 AM,97,59
10/2/2026,5:31:07 AM,97,59
10/2/2026,5:31:08 AM,97,59
10/2/2026,5:31:09 AM,97,59
10/2/2026,5:31:10 AM,97,60
10/2/2026,5:31:11 AM,97,60
10/2/2026,5:31:12 AM,96,60
10/2/2026,5:31:13 AM,96,60
10/2/2026,5:31:14 AM,96,60
10/2/2026,5:31:15 AM,96,60
10/2/2026,5:31:16 AM,96,60
10/2/2026,5:31:17 AM,96,59
10/2/2026,5:31:18 AM,96,59
10/2/2026,5:31:19 AM,95,59
10/2/2026,5:31:20 AM,95,59
10/2/2026,5:31:21 AM,95,59
10/2/2026,5:31:22 AM,95,59
10/2/2026,5:31:23 AM,95,59
10/2/2026,5:31:24 AM,95,59
10/2/2026,5:31:25 AM,95,59
10/2/2026,5:31:26 AM,94,59
10/2/2026,5:31:27 AM,94,59
10/2/2026,5:31:28 AM,94,60
10/2/2026,5:31:29 AM,94,60
10/2/2026,5:31:30 AM,94,60
10/2/2026,5:31:31 AM,94,60
10/2/2026,5:31:32 AM,94,61
10/2/2026,5:31:33 AM,93,61
10/2/2026,5:31:34 AM,93,61
10/2/2026,5:31:35 AM,93,61
10/2/2026,5:31:36 AM,93,62
10/2/2026,5:31:37 AM,93,62
10/2/2026,5:31:38 AM,93,62
10/2/2026,5:31:39 AM,93,62
10/2/2026,5:31:40 AM,93,62
10/2/2026,5:31:41 AM,93,62
10/2/2026,5:31:42 AM,93,62
10/2/2026,5:31:43 AM,93,62
10/2/2026,5:31:44 AM,93,62
10/2/2026,5:31:45 AM,93,62
10/2/2026,5:31:46 AM,93,62
10/2/2026,5:31:47 AM,93,62
10/2/2026,5:31:48 AM,93,61
10/2/2026,5:31:49 AM,93,61
10/2/2026,5:31:50 AM,93,61
10/2/2026,5:31:51 AM,93,61
10/2/2026,5:31:52 AM,93,60
10/2/2026,5:31:53 AM,94,60
10/2/2026,5:31:54 AM,94,60
10/2/2026,5:31:55 AM,94,60
10/2/2026,5:31:56 AM,95,61
10/2/2026,5:31:57 AM,95,61
10/2/2026,5:31:58 AM,95,61
10/2/2026,5:31:59 AM,96,61
10/2/2026,5:32:00 AM,96,61
10/2/2026,5:32:01 AM,96,61
10/2/2026,5:32:02 AM,97,61
10/2/2026,5:32:03 AM,97,60
10/2/2026,5:32:04 AM,97,60
10/2/2026,5:32:05 AM,97,60
10/2/2026,5:32:06 AM,97,60
10/2/2026,5:32:07 AM,97,60
10/2/2026,5:32:08 AM,97,60
10/2/2026,5:32:09 AM,97,60
10/2/2026,5:32:10 AM,97,60
10/2/2026,5:32:11 AM,96,60
10/2/2026,5:32:12 AM,96,60
10/2/2026,5:32:13 AM,96,60
10/2/2026,5:32:14 AM,96,60
10/2/2026,5:32:15 AM,96,59
10/2/2026,5:32:16 AM,96,59
10/2/2026,5:32:17 AM,96,59
10/2/2026,5:32:18 AM,95,59
10/2/2026,5:32:19 AM,95,59
10/2/2026,5:32:20 AM,95,59
10/2/2026,5:32:21 AM,95,59
10/2/2026,5:32:22 AM,95,59
10/2/2026,5:32:23 AM,95,59
10/2/2026,5:32:24 AM,94,59
10/2/2026,5:32:25 AM,94,59
10/2/2026,5:32:26 AM,94,59
10/2/2026,5:32:27 AM,94,59
10/2/2026,5:32:28 AM,94,59
10/2/2026,5:32:29 AM,94,59
10/2/2026,5:32:30 AM,94,59
10/2/2026,5:32:31 AM,94,59
10/2/2026,5:32:32 AM,93,59
10/2/2026,5:32:33 AM,93,60
10/2/2026,5:32:34 AM,93,60
10/2/2026,5:32:35 AM,93,60
10/2/2026,5:32:36 AM,93,60
10/2/2026,5:32:37 AM,93,60
10/2/2026,5:32:38 AM,93,61
10/2/2026,5:32:39 AM,93,61
10/2/2026,5:32:40 AM,93,61
10/2/2026,5:32:41 AM,93,61
10/2/2026,5:32:42 AM,93,61
10/2/2026,5:32:43 AM,94,61
10/2/2026,5:32:44 AM,94,61
10/2/2026,5:32:45 AM,94,61
10/2/2026,5:32:46 AM,94,61
10/2/2026,5:32:47 AM,94,61
10/2/2026,5:32:48 AM,95,61
10/2/2026,5:32:49 AM,95,61
10/2/2026,5:32:50 AM,95,61
10/2/2026,5:32:51 AM,95,61
10/2/2026,5:32:52 AM,95,61
10/2/2026,5:32:53 AM,96,61
10/2/2026,5:32:54 AM,96,61
10/2/2026,5:32:55 AM,96,61
10/2/2026,5:32:56 AM,96,61
10/2/2026,5:32:57 AM,96,61
10/2/2026,5:32:58 AM,96,61
10/2/2026,5:32:59 AM,96,61
10/2/2026,5:33:00 AM,96,61
10/2/2026,5:33:01 AM,96,61
10/2/2026,5:33:02 AM,96,61
10/2/2026,5:33:03 AM,96,61
10/2/2026,5:33:04 AM,96,61
10/2/2026,5:33:05 AM,96,61
10/2/2026,5:33:06 AM,96,61
10/2/2026,5:33:07 AM,96,61
10/2/2026,5:33:08 AM,96,61
10/2/2026,5:33:09 AM,96,61
10/2/2026,5:33:10 AM,96,61
10/2/2026,5:33:11 AM,96,61
10/2/2026,5:33:12 AM,96,61
10/2/2026,5:33:13 AM,96,61
10/2/2026,5:33:14 AM,96,61
10/2/2026,5:33:15 AM,95,61
10/2/2026,5:33:16 AM,95,61
10/2/2026,5:33:17 AM,95,62
10/2/2026,5:33:18 AM,95,62
10/2/2026,5:33:19 AM,95,62
10/2/2026,5:33:20 AM,95,63
10/2/2026,5:33:21 AM,95,63
10/2/2026,5:33:22 AM,95,63
10/2/2026,5:33:23 AM,95,63
10/2/2026,5:33:24 AM,95,63
10/2/2026,5:33:25 AM,95,63
10/2/2026,5:33:26 AM,95,63
10/2/2026,5:33:27 AM,95,63
10/2/2026,5:33:28 AM,95,63
10/2/2026,5:33:29 AM,95,62
10/2/2026,5:33:30 AM,95,62
10/2/2026,5:33:31 AM,95,62
10/2/2026,5:33:32 AM,95,62
10/2/2026,5:33:33 AM,95,62
10/2/2026,5:33:34 AM,95,62
10/2/2026,5:33:35 AM,95,62
10/2/2026,5:33:36 AM,95,62
10/2/2026,5:33:37 AM,95,62
10/2/2026,5:33:38 AM,95,62
10/2/2026,5:33:39 AM,96,61
10/2/2026,5:33:40 AM,96,61
10/2/2026,5:33:41 AM,96,61
10/2/2026,5:33:42 AM,96,61
10/2/2026,5:33:43 AM,96,61
10/2/2026,5:33:44 AM,96,61
10/2/2026,5:33:45 AM,96,61
10/2/2026,5:33:46 AM,96,61
10/2/2026,5:33:47 AM,96,61
10/2/2026,5:33:48 AM,96,61
10/2/2026,5:33:49 AM,96,61
10/2/2026,5:33:50 AM,96,61
10/2/2026,5:33:51 AM,96,61
10/2/2026,5:33:52 AM,96,61
10/2/2026,5:33:53 AM,96,61
10/2/2026,5:33:54 AM,95,61
10/2/2026,5:33:55 AM,95,61
10/2/2026,5:33:56 AM,95,61
10/2/2026,5:33:57 AM,95,61
10/2/2026,5:33:58 AM,95,61
10/2/2026,5:33:59 AM,95,61
10/2/2026,5:34:00 AM,95,61
10/2/2026,5:34:01 AM,95,61
10/2/2026,5:34:02 AM,95,61
10/2/2026,5:34:03 AM,95,61
10/2/2026,5:34:04 AM,95,61
10/2/2026,5:34:05 AM,95,62
10/2/2026,5:34:06 AM,95,62
10/2/2026,5:34:07 AM,95,62
10/2/2026,5:34:08 AM,95,62
10/2/2026,5:34:09 AM,95,62
10/2/2026,5:34:10 AM,95,62
10/2/2026,5:34:11 AM,95,62
10/2/2026,5:34:12 AM,95,62
10/2/2026,5:34:13 AM,95,62
10/2/2026,5:34:14 AM,95,63
10/2/2026,5:34:15 AM,95,63
10/2/2026,5:34:16 AM,95,63
10/2/2026,5:34:17 AM,95,63
10/2/2026,5:34:18 AM,95,63
10/2/2026,5:34:19 AM,95,63
10/2/2026,5:34:20 AM,95,63
10/2/2026,5:34:21 AM,95,63
10/2/2026,5:34:22 AM,95,63
10/2/2026,5:34:23 AM,95,63
10/2/2026,5:34:24 AM,95,63
10/2/2026,5:34:25 AM,95,64
10/2/2026,5:34:26 AM,95,64
10/2/2026,5:34:27 AM,95,65
10/2/2026,5:34:28 AM,95,64
10/2/2026,5:34:29 AM,95,64
10/2/2026,5:34:30 AM,95,65
10/2/2026,5:34:31 AM,95,64
10/2/2026,5:34:32 AM,95,64
10/2/2026,5:34:33 AM,95,64
10/2/2026,5:34:34 AM,95,63
10/2/2026,5:34:35 AM,95,63
10/2/2026,5:34:36 AM,96,63
10/2/2026,5:34:37 AM,96,63
10/2/2026,5:34:38 AM,96,63
10/2/2026,5:34:39 AM,96,63
10/2/2026,5:34:40 AM,97,62
10/2/2026,5:34:41 AM,97,63
10/2/2026,5:34:42 AM,97,62
10/2/2026,5:34:43 AM,97,62
10/2/2026,5:34:44 AM,98,62
10/2/2026,5:34:45 AM,98,62
10/2/2026,5:34:46 AM,98,62
10/2/2026,5:34:47 AM,98,62
10/2/2026,5:34:48 AM,98,61
10/2/2026,5:34:49 AM,98,61
10/2/2026,5:34:50 AM,98,61
10/2/2026,5:34:51 AM,98,61
10/2/2026,5:34:52 AM,98,60
10/2/2026,5:34:53 AM,98,60
10/2/2026,5:34:54 AM,98,60
10/2/2026,5:34:55 AM,98,60
10/2/2026,5:34:56 AM,98,60
10/2/2026,5:34:57 AM,97,60
10/2/2026,5:34:58 AM,97,60
10/2/2026,5:34:59 AM,97,60
10/2/2026,5:35:00 AM,97,60
10/2/2026,5:35:01 AM,97,60
10/2/2026,5:35:02 AM,97,60
10/2/2026,5:35:03 AM,96,60
10/2/2026,5:35:04 AM,96,60
10/2/2026,5:35:05 AM,96,60
10/2/2026,5:35:06 AM,96,61
10/2/2026,5:35:07 AM,96,61
10/2/2026,5:35:08 AM,95,61
10/2/2026,5:35:09 AM,95,61
10/2/2026,5:35:10 AM,95,61
10/2/2026,5:35:11 AM,95,62
10/2/2026,5:35:12 AM,95,62
10/2/2026,5:35:13 AM,95,62
10/2/2026,5:35:14 AM,95,62
10/2/2026,5:35:15 AM,95,62
10/2/2026,5:35:16 AM,95,62
10/2/2026,5:35:17 AM,95,62
10/2/2026,5:35:18 AM,95,62
10/2/2026,5:35:19 AM,95,62
10/2/2026,5:35:20 AM,95,62
10/2/2026,5:35:21 AM,95,62
10/2/2026,5:35:22 AM,95,62
10/2/2026,5:35:23 AM,95,62
10/2/2026,5:35:24 AM,95,62
10/2/2026,5:35:25 AM,95,62
10/2/2026,5:35:26 AM,95,62
10/2/2026,5:35:27 AM,95,62
10/2/2026,5:35:28 AM,95,62
10/2/2026,5:35:29 AM,95,62
10/2/2026,5:35:30 AM,95,62
10/2/2026,5:35:31 AM,95,62
10/2/2026,5:35:32 AM,95,62
10/2/2026,5:35:33 AM,95,62
10/2/2026,5:35:34 AM,95,62
10/2/2026,5:35:35 AM,95,63
10/2/2026,5:35:36 AM,95,63
10/2/2026,5:35:37 AM,95,63
10/2/2026,5:35:38 AM,95,64
10/2/2026,5:35:39 AM,94,64
10/2/2026,5:35:40 AM,94,64
10/2/2026,5:35:41 AM,95,64
10/2/2026,5:35:42 AM,95,64
10/2/2026,5:35:43 AM,95,64
10/2/2026,5:35:44 AM,95,63
10/2/2026,5:35:45 AM,95,63
10/2/2026,5:35:46 AM,95,63
10/2/2026,5:35:47 AM,95,63
10/2/2026,5:35:48 AM,95,62
10/2/2026,5:35:49 AM,95,62
10/2/2026,5:35:50 AM,96,62
10/2/2026,5:35:51 AM,96,62
10/2/2026,5:35:52 AM,97,62
10/2/2026,5:35:53 AM,97,62
10/2/2026,5:35:54 AM,98,62
10/2/2026,5:35:55 AM,98,62
10/2/2026,5:35:56 AM,99,62
10/2/2026,5:35:57 AM,99,62
10/2/2026,5:35:58 AM,99,62
10/2/2026,5:35:59 AM,99,62
10/2/2026,5:36:00 AM,99,62
10/2/2026,5:36:01 AM,99,62
10/2/2026,5:36:02 AM,99,62
10/2/2026,5:36:03 AM,99,62
10/2/2026,5:36:04 AM,99,62
10/2/2026,5:36:05 AM,99,62
10/2/2026,5:36:06 AM,99,62
10/2/2026,5:36:07 AM,98,62
10/2/2026,5:36:08 AM,98,62
10/2/2026,5:36:09 AM,98,62
10/2/2026,5:36:10 AM,98,63
10/2/2026,5:36:11 AM,98,63
10/2/2026,5:36:12 AM,98,63
10/2/2026,5:36:13 AM,97,63
10/2/2026,5:36:14 AM,97,63
10/2/2026,5:36:15 AM,97,63
10/2/2026,5:36:16 AM,97,64
10/2/2026,5:36:17 AM,97,64
10/2/2026,5:36:18 AM,96,65
10/2/2026,5:36:19 AM,96,65
10/2/2026,5:36:20 AM,96,65
10/2/2026,5:36:21 AM,96,65
10/2/2026,5:36:22 AM,96,65
10/2/2026,5:36:23 AM,96,65
10/2/2026,5:36:24 AM,96,65
10/2/2026,5:36:25 AM,96,65
10/2/2026,5:36:26 AM,96,65
10/2/2026,5:36:27 AM,96,65
10/2/2026,5:36:28 AM,96,65
10/2/2026,5:36:29 AM,97,65
10/2/2026,5:36:30 AM,97,65
10/2/2026,5:36:31 AM,96,65
10/2/2026,5:36:32 AM,97,65
10/2/2026,5:36:33 AM,97,65
10/2/2026,5:36:34 AM,96,65
10/2/2026,5:36:35 AM,97,65
10/2/2026,5:36:36 AM,96,65
10/2/2026,5:36:37 AM,96,65
10/2/2026,5:36:38 AM,96,65
10/2/2026,5:36:39 AM,96,65
10/2/2026,5:36:40 AM,96,64
10/2/2026,5:36:41 AM,96,64
10/2/2026,5:36:42 AM,97,64
10/2/2026,5:36:43 AM,97,63
10/2/2026,5:36:44 AM,98,63
10/2/2026,5:36:45 AM,98,63
10/2/2026,5:36:46 AM,98,63
10/2/2026,5:36:47 AM,99,63
10/2/2026,5:36:48 AM,99,63
10/2/2026,5:36:49 AM,99,63
10/2/2026,5:36:50 AM,99,63
10/2/2026,5:36:51 AM,99,63
10/2/2026,5:36:52 AM,99,63
10/2/2026,5:36:53 AM,99,63
10/2/2026,5:36:54 AM,99,63
10/2/2026,5:36:55 AM,99,62
10/2/2026,5:36:56 AM,98,62
10/2/2026,5:36:57 AM,98,62
10/2/2026,5:36:58 AM,98,62
10/2/2026,5:36:59 AM,98,62
10/2/2026,5:37:00 AM,98,62
10/2/2026,5:37:01 AM,98,63
10/2/2026,5:37:02 AM,98,63
10/2/2026,5:37:03 AM,98,63
10/2/2026,5:37:04 AM,98,63
10/2/2026,5:37:05 AM,98,63
10/2/2026,5:37:06 AM,97,63
10/2/2026,5:37:07 AM,97,63
10/2/2026,5:37:08 AM,97,62
10/2/2026,5:37:09 AM,97,62
10/2/2026,5:37:10 AM,97,62
10/2/2026,5:37:11 AM,97,62
10/2/2026,5:37:12 AM,97,62
10/2/2026,5:37:13 AM,97,62
10/2/2026,5:37:14 AM,96,62
10/2/2026,5:37:15 AM,96,62
10/2/2026,5:37:16 AM,96,63
10/2/2026,5:37:17 AM,96,63
10/2/2026,5:37:18 AM,96,63
10/2/2026,5:37:19 AM,96,63
10/2/2026,5:37:20 AM,95,63
10/2/2026,5:37:21 AM,95,63
10/2/2026,5:37:22 AM,95,63
10/2/2026,5:37:23 AM,95,63
10/2/2026,5:37:24 AM,95,63
10/2/2026,5:37:25 AM,95,62
10/2/2026,5:37:26 AM,95,62
10/2/2026,5:37:27 AM,94,62
10/2/2026,5:37:28 AM,94,63
10/2/2026,5:37:29 AM,94,63
10/2/2026,5:37:30 AM,94,63
10/2/2026,5:37:31 AM,94,63
10/2/2026,5:37:32 AM,94,63
10/2/2026,5:37:33 AM,94,64
10/2/2026,5:37:34 AM,94,64
10/2/2026,5:37:35 AM,94,64
10/2/2026,5:37:36 AM,94,64
10/2/2026,5:37:37 AM,95,64
10/2/2026,5:37:38 AM,95,64
10/2/2026,5:37:39 AM,95,64
10/2/2026,5:37:40 AM,95,63
10/2/2026,5:37:41 AM,95,63
10/2/2026,5:37:42 AM,95,62
10/2/2026,5:37:43 AM,95,62
10/2/2026,5:37:44 AM,95,62
10/2/2026,5:37:45 AM,95,61
10/2/2026,5:37:46 AM,95,61
10/2/2026,5:37:47 AM,96,61
10/2/2026,5:37:48 AM,96,61
10/2/2026,5:37:49 AM,96,61
10/2/2026,5:37:50 AM,96,61
10/2/2026,5:37:51 AM,97,61
10/2/2026,5:37:52 AM,97,61
10/2/2026,5:37:53 AM,97,60
10/2/2026,5:37:54 AM,97,61
10/2/2026,5:37:55 AM,97,60
10/2/2026,5:37:56 AM,97,60
10/2/2026,5:37:57 AM,97,60
10/2/2026,5:37:58 AM,97,61
10/2/2026,5:37:59 AM,97,60
10/2/2026,5:38:00 AM,97,60
10/2/2026,5:38:01 AM,97,60
10/2/2026,5:38:02 AM,97,60
10/2/2026,5:38:03 AM,97,60
10/2/2026,5:38:04 AM,97,60
10/2/2026,5:38:05 AM,97,60
10/2/2026,5:38:06 AM,96,60
10/2/2026,5:38:07 AM,96,60
10/2/2026,5:38:08 AM,96,60
10/2/2026,5:38:09 AM,96,60
10/2/2026,5:38:10 AM,96,60
10/2/2026,5:38:11 AM,95,60
10/2/2026,5:38:12 AM,95,60
10/2/2026,5:38:13 AM,95,60
10/2/2026,5:38:14 AM,95,60
10/2/2026,5:38:15 AM,95,60
10/2/2026,5:38:16 AM,95,60
10/2/2026,5:38:17 AM,95,60
10/2/2026,5:38:18 AM,95,61
10/2/2026,5:38:19 AM,95,61
10/2/2026,5:38:20 AM,95,62
10/2/2026,5:38:21 AM,95,62
10/2/2026,5:38:22 AM,95,62
10/2/2026,5:38:23 AM,95,62
10/2/2026,5:38:24 AM,95,62
10/2/2026,5:38:25 AM,95,62
10/2/2026,5:38:26 AM,95,62
10/2/2026,5:38:27 AM,95,62
10/2/2026,5:38:28 AM,95,63
10/2/2026,5:38:29 AM,95,63
10/2/2026,5:38:30 AM,95,63
10/2/2026,5:38:31 AM,95,63
10/2/2026,5:38:32 AM,95,63
10/2/2026,5:38:33 AM,94,63
10/2/2026,5:38:34 AM,95,63
10/2/2026,5:38:35 AM,94,63
10/2/2026,5:38:36 AM,94,63
10/2/2026,5:38:37 AM,94,63
10/2/2026,5:38:38 AM,94,62
10/2/2026,5:38:39 AM,94,62
10/2/2026,5:38:40 AM,94,61
10/2/2026,5:38:41 AM,94,61
10/2/2026,5:38:42 AM,94,61
10/2/2026,5:38:43 AM,94,61
10/2/2026,5:38:44 AM,94,61
10/2/2026,5:38:45 AM,94,61
10/2/2026,5:38:46 AM,94,61
10/2/2026,5:38:47 AM,94,61
10/2/2026,5:38:48 AM,95,61
10/2/2026,5:38:49 AM,95,61
10/2/2026,5:38:50 AM,96,61
10/2/2026,5:38:51 AM,96,60
10/2/2026,5:38:52 AM,97,60
10/2/2026,5:38:53 AM,97,60
10/2/2026,5:38:54 AM,98,60
10/2/2026,5:38:55 AM,98,60
10/2/2026,5:38:56 AM,98,60
10/2/2026,5:38:57 AM,98,60
10/2/2026,5:38:58 AM,98,60
10/2/2026,5:38:59 AM,98,60
10/2/2026,5:39:00 AM,98,60
10/2/2026,5:39:01 AM,98,59
10/2/2026,5:39:02 AM,97,59
10/2/2026,5:39:03 AM,97,59
10/2/2026,5:39:04 AM,97,58
10/2/2026,5:39:05 AM,97,58
10/2/2026,5:39:06 AM,97,58
10/2/2026,5:39:07 AM,97,57
10/2/2026,5:39:08 AM,96,57
10/2/2026,5:39:09 AM,96,57
10/2/2026,5:39:10 AM,96,57
10/2/2026,5:39:11 AM,96,57
10/2/2026,5:39:12 AM,96,57
10/2/2026,5:39:13 AM,95,57
10/2/2026,5:39:14 AM,95,57
10/2/2026,5:39:15 AM,95,57
10/2/2026,5:39:16 AM,95,57
10/2/2026,5:39:17 AM,95,57
10/2/2026,5:39:18 AM,95,57
10/2/2026,5:39:19 AM,95,57
10/2/2026,5:39:20 AM,95,57
10/2/2026,5:39:21 AM,96,57
10/2/2026,5:39:22 AM,96,57
10/2/2026,5:39:23 AM,96,57
10/2/2026,5:39:24 AM,96,56
10/2/2026,5:39:25 AM,96,56
10/2/2026,5:39:26 AM,96,56
10/2/2026,5:39:27 AM,95,56
10/2/2026,5:39:28 AM,95,56
10/2/2026,5:39:29 AM,95,56
10/2/2026,5:39:30 AM,95,56
10/2/2026,5:39:31 AM,95,55
10/2/2026,5:39:32 AM,95,55
10/2/2026,5:39:33 AM,95,55
10/2/2026,5:39:34 AM,95,55
10/2/2026,5:39:35 AM,95,55
10/2/2026,5:39:36 AM,95,55
10/2/2026,5:39:37 AM,95,55
10/2/2026,5:39:38 AM,95,55
10/2/2026,5:39:39 AM,95,55
10/2/2026,5:39:40 AM,95,56
10/2/2026,5:39:41 AM,95,56
10/2/2026,5:39:42 AM,95,56
10/2/2026,5:39:43 AM,95,56
10/2/2026,5:39:44 AM,95,56
10/2/2026,5:39:45 AM,95,56
10/2/2026,5:39:46 AM,95,56
10/2/2026,5:39:47 AM,95,56
10/2/2026,5:39:48 AM,95,57
10/2/2026,5:39:49 AM,95,56
10/2/2026,5:39:50 AM,95,57
10/2/2026,5:39:51 AM,94,57
10/2/2026,5:39:52 AM,94,57
10/2/2026,5:39:53 AM,94,57
10/2/2026,5:39:54 AM,94,57
10/2/2026,5:39:55 AM,94,57
10/2/2026,5:39:56 AM,94,57
10/2/2026,5:39:57 AM,93,57
10/2/2026,5:39:58 AM,93,57
10/2/2026,5:39:59 AM,93,57
10/2/2026,5:40:00 AM,93,57
10/2/2026,5:40:01 AM,93,57
10/2/2026,5:40:02 AM,93,57
10/2/2026,5:40:03 AM,92,57
10/2/2026,5:40:04 AM,92,58
10/2/2026,5:40:05 AM,92,58
10/2/2026,5:40:06 AM,92,58
10/2/2026,5:40:07 AM,92,59
10/2/2026,5:40:08 AM,91,59
10/2/2026,5:40:09 AM,91,59
10/2/2026,5:40:10 AM,91,60
10/2/2026,5:40:11 AM,91,60
10/2/2026,5:40:12 AM,91,60
10/2/2026,5:40:13 AM,91,60
10/2/2026,5:40:14 AM,91,60
10/2/2026,5:40:15 AM,91,60
10/2/2026,5:40:16 AM,91,60
10/2/2026,5:40:17 AM,91,60
10/2/2026,5:40:18 AM,91,60
10/2/2026,5:40:19 AM,91,60
10/2/2026,5:40:20 AM,91,60
10/2/2026,5:40:21 AM,91,60
10/2/2026,5:40:22 AM,91,60
10/2/2026,5:40:23 AM,91,60
10/2/2026,5:40:24 AM,91,60
10/2/2026,5:40:25 AM,91,60
10/2/2026,5:40:26 AM,91,60
10/2/2026,5:40:27 AM,91,60
10/2/2026,5:40:28 AM,91,60
10/2/2026,5:40:29 AM,90,60
10/2/2026,5:40:30 AM,90,60
10/2/2026,5:40:31 AM,90,60
10/2/2026,5:40:32 AM,90,60
10/2/2026,5:40:33 AM,90,60
10/2/2026,5:40:34 AM,90,60
10/2/2026,5:40:35 AM,90,60
10/2/2026,5:40:36 AM,90,60
10/2/2026,5:40:37 AM,90,60
10/2/2026,5:40:38 AM,90,60
10/2/2026,5:40:39 AM,90,60
10/2/2026,5:40:40 AM,90,60
10/2/2026,5:40:41 AM,90,60
10/2/2026,5:40:42 AM,88,60
10/2/2026,5:40:43 AM,87,60
10/2/2026,5:40:44 AM,86,60
10/2/2026,5:40:45 AM,85,61
10/2/2026,5:40:46 AM,85,62
10/2/2026,5:40:47 AM,85,64
10/2/2026,5:40:48 AM,85,65
10/2/2026,5:40:49 AM,85,66
10/2/2026,5:40:50 AM,85,66
10/2/2026,5:40:51 AM,85,67
10/2/2026,5:40:52 AM,87,67
10/2/2026,5:40:53 AM,90,66
10/2/2026,5:40:54 AM,92,66
10/2/2026,5:40:55 AM,95,66
10/2/2026,5:40:56 AM,98,66
10/2/2026,5:40:57 AM,99,65
10/2/2026,5:40:58 AM,99,65
10/2/2026,5:40:59 AM,99,65
10/2/2026,5:41:00 AM,99,65
10/2/2026,5:41:01 AM,99,65
10/2/2026,5:41:02 AM,99,65
10/2/2026,5:41:03 AM,99,65
10/2/2026,5:41:04 AM,99,64
10/2/2026,5:41:05 AM,99,64
10/2/2026,5:41:06 AM,99,64
10/2/2026,5:41:07 AM,99,63
10/2/2026,5:41:08 AM,99,63
10/2/2026,5:41:09 AM,99,63
10/2/2026,5:41:10 AM,99,63
10/2/2026,5:41:11 AM,99,63
10/2/2026,5:41:12 AM,99,63
10/2/2026,5:41:13 AM,99,63
10/2/2026,5:41:14 AM,99,63
10/2/2026,5:41:15 AM,99,63
10/2/2026,5:41:16 AM,99,63
10/2/2026,5:41:17 AM,98,63
10/2/2026,5:41:18 AM,98,62
10/2/2026,5:41:19 AM,98,62
10/2/2026,5:41:20 AM,98,61
10/2/2026,5:41:21 AM,98,60
10/2/2026,5:41:22 AM,98,60
10/2/2026,5:41:23 AM,97,60
10/2/2026,5:41:24 AM,97,59
10/2/2026,5:41:25 AM,97,58
10/2/2026,5:41:26 AM,97,58
10/2/2026,5:41:27 AM,97,58
10/2/2026,5:41:28 AM,97,58
10/2/2026,5:41:29 AM,97,58
10/2/2026,5:41:30 AM,97,58
10/2/2026,5:41:31 AM,97,58
10/2/2026,5:41:32 AM,97,58
10/2/2026,5:41:33 AM,97,58
10/2/2026,5:41:34 AM,97,59
10/2/2026,5:41:35 AM,97,59
10/2/2026,5:41:36 AM,97,59
10/2/2026,5:41:37 AM,97,59
10/2/2026,5:41:38 AM,97,59
10/2/2026,5:41:39 AM,97,59
10/2/2026,5:41:40 AM,97,59
10/2/2026,5:41:41 AM,97,59
10/2/2026,5:41:42 AM,97,59
10/2/2026,5:41:43 AM,96,59
10/2/2026,5:41:44 AM,96,59
10/2/2026,5:41:45 AM,96,59
10/2/2026,5:41:46 AM,96,59
10/2/2026,5:41:47 AM,96,59
10/2/2026,5:41:48 AM,96,59
10/2/2026,5:41:49 AM,96,59
10/2/2026,5:41:50 AM,96,59
10/2/2026,5:41:51 AM,95,59
10/2/2026,5:41:52 AM,95,59
10/2/2026,5:41:53 AM,95,59
10/2/2026,5:41:54 AM,95,59
10/2/2026,5:41:55 AM,95,58
10/2/2026,5:41:56 AM,95,58
10/2/2026,5:41:57 AM,95,58
10/2/2026,5:41:58 AM,95,58
10/2/2026,5:41:59 AM,95,58
10/2/2026,5:42:00 AM,95,58
10/2/2026,5:42:01 AM,95,58
10/2/2026,5:42:02 AM,95,58
10/2/2026,5:42:03 AM,95,58
10/2/2026,5:42:04 AM,95,58
10/2/2026,5:42:05 AM,95,58
10/2/2026,5:42:06 AM,95,58
10/2/2026,5:42:07 AM,94,58
10/2/2026,5:42:08 AM,94,59
10/2/2026,5:42:09 AM,94,60
10/2/2026,5:42:10 AM,94,60
10/2/2026,5:42:11 AM,94,60
10/2/2026,5:42:12 AM,94,60
10/2/2026,5:42:13 AM,94,61
10/2/2026,5:42:14 AM,94,61
10/2/2026,5:42:15 AM,94,61
10/2/2026,5:42:16 AM,94,61
10/2/2026,5:42:17 AM,93,61
10/2/2026,5:42:18 AM,93,61
10/2/2026,5:42:19 AM,93,61
10/2/2026,5:42:20 AM,93,61
10/2/2026,5:42:21 AM,92,61
10/2/2026,5:42:22 AM,92,60
10/2/2026,5:42:23 AM,92,60
10/2/2026,5:42:24 AM,92,60
10/2/2026,5:42:25 AM,92,60
10/2/2026,5:42:26 AM,91,60
10/2/2026,5:42:27 AM,91,60
10/2/2026,5:42:28 AM,91,60
10/2/2026,5:42:29 AM,91,60
10/2/2026,5:42:30 AM,90,60
10/2/2026,5:42:31 AM,90,60
10/2/2026,5:42:32 AM,90,61
10/2/2026,5:42:33 AM,90,61
10/2/2026,5:42:34 AM,90,62
10/2/2026,5:42:35 AM,89,62
10/2/2026,5:42:36 AM,89,63
10/2/2026,5:42:37 AM,89,63
10/2/2026,5:42:38 AM,89,65
10/2/2026,5:42:39 AM,89,65
10/2/2026,5:42:40 AM,88,66
10/2/2026,5:42:41 AM,88,66
10/2/2026,5:42:42 AM,88,66
10/2/2026,5:42:43 AM,88,66
10/2/2026,5:42:44 AM,88,66
10/2/2026,5:42:45 AM,88,66
10/2/2026,5:42:46 AM,87,66
10/2/2026,5:42:47 AM,87,66
10/2/2026,5:42:48 AM,87,66
10/2/2026,5:42:49 AM,87,66
10/2/2026,5:42:50 AM,86,66
10/2/2026,5:42:51 AM,86,66
10/2/2026,5:42:52 AM,86,66
10/2/2026,5:42:53 AM,85,66
10/2/2026,5:42:54 AM,85,66
10/2/2026,5:42:55 AM,85,67
10/2/2026,5:42:56 AM,85,67
10/2/2026,5:42:57 AM,85,67
10/2/2026,5:42:58 AM,85,67
10/2/2026,5:42:59 AM,85,67
10/2/2026,5:43:00 AM,85,67
10/2/2026,5:43:01 AM,85,67
10/2/2026,5:43:02 AM,84,67
10/2/2026,5:43:03 AM,84,67
10/2/2026,5:43:04 AM,84,67
10/2/2026,5:43:05 AM,84,67
10/2/2026,5:43:06 AM,84,67
10/2/2026,5:43:07 AM,84,67
10/2/2026,5:43:08 AM,84,67
10/2/2026,5:43:09 AM,84,67
10/2/2026,5:43:10 AM,84,67
10/2/2026,5:43:11 AM,83,67
10/2/2026,5:43:12 AM,83,67
10/2/2026,5:43:13 AM,82,67
10/2/2026,5:43:14 AM,82,67
10/2/2026,5:43:15 AM,81,67
10/2/2026,5:43:16 AM,80,67
10/2/2026,5:43:17 AM,80,70
10/2/2026,5:43:18 AM,79,70
10/2/2026,5:43:19 AM,79,71
10/2/2026,5:43:20 AM,79,72
10/2/2026,5:43:21 AM,79,72
10/2/2026,5:43:22 AM,79,72
10/2/2026,5:43:23 AM,79,72
10/2/2026,5:43:24 AM,79,72
10/2/2026,5:43:25 AM,79,72
10/2/2026,5:43:26 AM,79,72
10/2/2026,5:43:27 AM,79,72
10/2/2026,5:43:28 AM,79,73
10/2/2026,5:43:29 AM,79,73
10/2/2026,5:43:30 AM,79,73
10/2/2026,5:43:31 AM,79,73
10/2/2026,5:43:32 AM,79,74
10/2/2026,5:43:33 AM,79,74
10/2/2026,5:43:34 AM,79,74
10/2/2026,5:43:35 AM,79,74
10/2/2026,5:43:36 AM,79,74
10/2/2026,5:43:37 AM,79,74
10/2/2026,5:43:38 AM,79,74
10/2/2026,5:43:39 AM,79,74
10/2/2026,5:43:40 AM,79,74
10/2/2026,5:43:41 AM,79,74
10/2/2026,5:43:42 AM,79,74
10/2/2026,5:43:43 AM,79,74
10/2/2026,5:43:44 AM,79,74
10/2/2026,5:43:45 AM,79,74
10/2/2026,5:43:46 AM,79,74
10/2/2026,5:43:47 AM,79,74
10/2/2026,5:43:48 AM,79,74
10/2/2026,5:43:49 AM,79,74
10/2/2026,5:43:50 AM,79,74
10/2/2026,5:43:51 AM,79,74
10/2/2026,5:43:52 AM,79,74
10/2/2026,5:43:53 AM,79,74
10/2/2026,5:43:54 AM,79,74
10/2/2026,5:43:55 AM,79,74
10/2/2026,5:43:56 AM,79,74
10/2/2026,5:43:57 AM,79,74
10/2/2026,5:43:58 AM,79,74
10/2/2026,5:43:59 AM,79,74
10/2/2026,5:44:00 AM,79,74
10/2/2026,5:44:01 AM,79,74
10/2/2026,5:44:02 AM,79,74
10/2/2026,5:44:03 AM,79,74
10/2/2026,5:44:04 AM,79,74
10/2/2026,5:44:05 AM,79,74
10/2/2026,5:44:06 AM,79,74
10/2/2026,5:44:07 AM,79,74
10/2/2026,5:44:08 AM,79,74
10/2/2026,5:44:09 AM,79,74
10/2/2026,5:44:10 AM,79,74
10/2/2026,5:44:11 AM,79,74
10/2/2026,5:44:12 AM,79,74
10/2/2026,5:44:13 AM,79,74
10/2/2026,5:44:14 AM,79,73
10/2/2026,5:44:15 AM,79,74
10/2/2026,5:44:16 AM,79,74
10/2/2026,5:44:17 AM,79,74
10/2/2026,5:44:18 AM,79,74
10/2/2026,5:44:19 AM,79,74
10/2/2026,5:44:20 AM,79,74
10/2/2026,5:44:21 AM,79,74
10/2/2026,5:44:22 AM,79,73
10/2/2026,5:44:23 AM,79,73
10/2/2026,5:44:24 AM,79,73
10/2/2026,5:44:25 AM,79,73
10/2/2026,5:44:26 AM,79,72
10/2/2026,5:44:27 AM,79,72
10/2/2026,5:44:28 AM,79,71
10/2/2026,5:44:29 AM,79,71
10/2/2026,5:44:30 AM,79,71
10/2/2026,5:44:31 AM,79,71
10/2/2026,5:44:32 AM,79,71
10/2/2026,5:44:33 AM,79,70
10/2/2026,5:44:34 AM,79,70
10/2/2026,5:44:35 AM,79,70
10/2/2026,5:44:36 AM,79,70
10/2/2026,5:44:37 AM,79,70
10/2/2026,5:44:38 AM,79,70
10/2/2026,5:44:39 AM,79,70
10/2/2026,5:44:40 AM,79,70
10/2/2026,5:44:41 AM,79,70
10/2/2026,5:44:42 AM,79,70
10/2/2026,5:44:43 AM,79,69
10/2/2026,5:44:44 AM,79,69
10/2/2026,5:44:45 AM,82,68
10/2/2026,5:44:46 AM,85,68
10/2/2026,5:44:47 AM,88,67
10/2/2026,5:44:48 AM,91,67
10/2/2026,5:44:49 AM,96,67
10/2/2026,5:44:50 AM,98,66
10/2/2026,5:44:51 AM,98,66
10/2/2026,5:44:52 AM,98,66
10/2/2026,5:44:53 AM,98,66
10/2/2026,5:44:54 AM,99,66
10/2/2026,5:44:55 AM,99,66
10/2/2026,5:44:56 AM,99,66
10/2/2026,5:44:57 AM,99,66
10/2/2026,5:44:58 AM,99,66
10/2/2026,5:44:59 AM,99,66
10/2/2026,5:45:00 AM,99,66
10/2/2026,5:45:01 AM,99,66
10/2/2026,5:45:02 AM,99,66
10/2/2026,5:45:03 AM,99,65
10/2/2026,5:45:04 AM,99,65
10/2/2026,5:45:05 AM,99,65
10/2/2026,5:45:06 AM,99,65
10/2/2026,5:45:07 AM,99,65
10/2/2026,5:45:08 AM,99,65
10/2/2026,5:45:09 AM,99,65
10/2/2026,5:45:10 AM,99,65
10/2/2026,5:45:11 AM,99,64
10/2/2026,5:45:12 AM,99,64
10/2/2026,5:45:13 AM,99,64
10/2/2026,5:45:14 AM,99,64
10/2/2026,5:45:15 AM,99,64
10/2/2026,5:45:16 AM,99,65
10/2/2026,5:45:17 AM,99,65
10/2/2026,5:45:18 AM,99,65
10/2/2026,5:45:19 AM,99,65
10/2/2026,5:45:20 AM,99,65
10/2/2026,5:45:21 AM,99,65
10/2/2026,5:45:22 AM,99,65
10/2/2026,5:45:23 AM,99,65
10/2/2026,5:45:24 AM,99,66
10/2/2026,5:45:25 AM,99,66
10/2/2026,5:45:26 AM,99,66
10/2/2026,5:45:27 AM,99,66
10/2/2026,5:45:28 AM,99,66
10/2/2026,5:45:29 AM,99,66
10/2/2026,5:45:30 AM,99,66
10/2/2026,5:45:31 AM,99,66
10/2/2026,5:45:32 AM,99,66
10/2/2026,5:45:33 AM,99,66
10/2/2026,5:45:34 AM,99,67
10/2/2026,5:45:35 AM,99,67
10/2/2026,5:45:36 AM,99,67
10/2/2026,5:45:37 AM,99,66
10/2/2026,5:45:38 AM,99,66
10/2/2026,5:45:39 AM,99,65
10/2/2026,5:45:40 AM,99,65
10/2/2026,5:45:41 AM,99,65
10/2/2026,5:45:42 AM,99,65
10/2/2026,5:45:43 AM,99,65
10/2/2026,5:45:44 AM,99,65
10/2/2026,5:45:45 AM,99,65
10/2/2026,5:45:46 AM,99,65
10/2/2026,5:45:47 AM,99,65
10/2/2026,5:45:48 AM,99,65
10/2/2026,5:45:49 AM,99,65
10/2/2026,5:45:50 AM,99,65
10/2/2026,5:45:51 AM,99,65
10/2/2026,5:45:52 AM,99,65
10/2/2026,5:45:53 AM,99,65
10/2/2026,5:45:54 AM,99,65
10/2/2026,5:45:55 AM,99,65
10/2/2026,5:45:56 AM,99,65
10/2/2026,5:45:57 AM,99,64
10/2/2026,5:45:58 AM,99,64
10/2/2026,5:45:59 AM,99,64
10/2/2026,5:46:00 AM,99,64
10/2/2026,5:46:01 AM,99,64
10/2/2026,5:46:02 AM,99,64
10/2/2026,5:46:03 AM,99,63
10/2/2026,5:46:04 AM,99,63
10/2/2026,5:46:05 AM,99,63
10/2/2026,5:46:06 AM,99,62
10/2/2026,5:46:07 AM,99,62
10/2/2026,5:46:08 AM,99,62
10/2/2026,5:46:09 AM,99,62
10/2/2026,5:46:10 AM,99,62
10/2/2026,5:46:11 AM,99,62
10/2/2026,5:46:12 AM,99,62
10/2/2026,5:46:13 AM,99,62
10/2/2026,5:46:14 AM,99,62
10/2/2026,5:46:15 AM,99,62
10/2/2026,5:46:16 AM,99,62
10/2/2026,5:46:17 AM,99,62
10/2/2026,5:46:18 AM,99,62
10/2/2026,5:46:19 AM,99,62
10/2/2026,5:46:20 AM,99,62
10/2/2026,5:46:21 AM,99,62
10/2/2026,5:46:22 AM,99,63
10/2/2026,5:46:23 AM,99,63
10/2/2026,5:46:24 AM,99,63
10/2/2026,5:46:25 AM,99,64
10/2/2026,5:46:26 AM,99,65
10/2/2026,5:46:27 AM,99,65
10/2/2026,5:46:28 AM,99,65
10/2/2026,5:46:29 AM,99,65
10/2/2026,5:46:30 AM,99,65
10/2/2026,5:46:31 AM,99,65
10/2/2026,5:46:32 AM,99,65
10/2/2026,5:46:33 AM,99,64
10/2/2026,5:46:34 AM,99,64
10/2/2026,5:46:35 AM,99,64
10/2/2026,5:46:36 AM,99,64
10/2/2026,5:46:37 AM,99,63
10/2/2026,5:46:38 AM,99,63
10/2/2026,5:46:39 AM,99,63
10/2/2026,5:46:40 AM,99,63
10/2/2026,5:46:41 AM,99,63
10/2/2026,5:46:42 AM,99,63
10/2/2026,5:46:43 AM,99,63
10/2/2026,5:46:44 AM,99,63
10/2/2026,5:46:45 AM,99,63
10/2/2026,5:46:46 AM,99,63
10/2/2026,5:46:47 AM,99,63
10/2/2026,5:46:48 AM,98,63
10/2/2026,5:46:49 AM,99,63
10/2/2026,5:46:50 AM,98,63
10/2/2026,5:46:51 AM,98,63
10/2/2026,5:46:52 AM,98,63
10/2/2026,5:46:53 AM,98,63
10/2/2026,5:46:54 AM,98,63
10/2/2026,5:46:55 AM,98,63
10/2/2026,5:46:56 AM,98,63
10/2/2026,5:46:57 AM,98,63
10/2/2026,5:46:58 AM,98,63
10/2/2026,5:46:59 AM,98,63
10/2/2026,5:47:00 AM,98,63
10/2/2026,5:47:01 AM,98,63
10/2/2026,5:47:02 AM,98,63
10/2/2026,5:47:03 AM,98,63
10/2/2026,5:47:04 AM,98,63
10/2/2026,5:47:05 AM,98,62
10/2/2026,5:47:06 AM,98,62
10/2/2026,5:47:07 AM,98,62
10/2/2026,5:47:08 AM,98,62
10/2/2026,5:47:09 AM,98,62
10/2/2026,5:47:10 AM,98,62
10/2/2026,5:47:11 AM,98,62
10/2/2026,5:47:12 AM,98,62
10/2/2026,5:47:13 AM,98,62
10/2/2026,5:47:14 AM,99,62
10/2/2026,5:47:15 AM,99,62
10/2/2026,5:47:16 AM,99,62
10/2/2026,5:47:17 AM,99,62
10/2/2026,5:47:18 AM,99,62
10/2/2026,5:47:19 AM,99,62
10/2/2026,5:47:20 AM,99,63
10/2/2026,5:47:21 AM,99,63
10/2/2026,5:47:22 AM,99,63
10/2/2026,5:47:23 AM,99,63
10/2/2026,5:47:24 AM,99,63
10/2/2026,5:47:25 AM,99,63
10/2/2026,5:47:26 AM,99,63
10/2/2026,5:47:27 AM,99,63
10/2/2026,5:47:28 AM,99,63
10/2/2026,5:47:29 AM,99,63
10/2/2026,5:47:30 AM,99,63
10/2/2026,5:47:31 AM,98,63
10/2/2026,5:47:32 AM,99,63
10/2/2026,5:47:33 AM,99,63
10/2/2026,5:47:34 AM,99,63
10/2/2026,5:47:35 AM,99,63
10/2/2026,5:47:36 AM,99,64
10/2/2026,5:47:37 AM,99,64
10/2/2026,5:47:38 AM,99,64
10/2/2026,5:47:39 AM,99,64
10/2/2026,5:47:40 AM,99,64
10/2/2026,5:47:41 AM,99,64
10/2/2026,5:47:42 AM,99,64
10/2/2026,5:47:43 AM,99,64
10/2/2026,5:47:44 AM,99,64
10/2/2026,5:47:45 AM,99,65
10/2/2026,5:47:46 AM,99,65
10/2/2026,5:47:47 AM,99,66
10/2/2026,5:47:48 AM,99,66
10/2/2026,5:47:49 AM,99,66
10/2/2026,5:47:50 AM,99,66
10/2/2026,5:47:51 AM,99,66
10/2/2026,5:47:52 AM,99,66
10/2/2026,5:47:53 AM,99,66
10/2/2026,5:47:54 AM,99,66
10/2/2026,5:47:55 AM,99,66
10/2/2026,5:47:56 AM,99,66
10/2/2026,5:47:57 AM,99,66
10/2/2026,5:47:58 AM,99,66
10/2/2026,5:47:59 AM,99,65
10/2/2026,5:48:00 AM,99,65
10/2/2026,5:48:01 AM,99,65
10/2/2026,5:48:02 AM,99,65
10/2/2026,5:48:03 AM,99,65
10/2/2026,5:48:04 AM,99,66
10/2/2026,5:48:05 AM,99,66
10/2/2026,5:48:06 AM,99,66
10/2/2026,5:48:07 AM,99,66
10/2/2026,5:48:08 AM,99,66
10/2/2026,5:48:09 AM,99,66
10/2/2026,5:48:10 AM,99,66
10/2/2026,5:48:11 AM,99,66
10/2/2026,5:48:12 AM,99,66
10/2/2026,5:48:13 AM,99,65
10/2/2026,5:48:14 AM,99,66
10/2/2026,5:48:15 AM,99,65
10/2/2026,5:48:16 AM,99,65
10/2/2026,5:48:17 AM,99,65
10/2/2026,5:48:18 AM,99,65
10/2/2026,5:48:19 AM,99,65
10/2/2026,5:48:20 AM,99,65
10/2/2026,5:48:21 AM,99,65
10/2/2026,5:48:22 AM,99,65
10/2/2026,5:48:23 AM,99,65
10/2/2026,5:48:24 AM,98,65
10/2/2026,5:48:25 AM,98,65
10/2/2026,5:48:26 AM,98,65
10/2/2026,5:48:27 AM,98,65
10/2/2026,5:48:28 AM,98,65
10/2/2026,5:48:29 AM,98,65
10/2/2026,5:48:30 AM,98,65
10/2/2026,5:48:31 AM,98,64
10/2/2026,5:48:32 AM,98,64
10/2/2026,5:48:33 AM,98,64
10/2/2026,5:48:34 AM,98,64
10/2/2026,5:48:35 AM,98,64
10/2/2026,5:48:36 AM,98,64
10/2/2026,5:48:37 AM,98,64
10/2/2026,5:48:38 AM,98,63
10/2/2026,5:48:39 AM,98,64
10/2/2026,5:48:40 AM,98,63
10/2/2026,5:48:41 AM,98,63
10/2/2026,5:48:42 AM,98,63
10/2/2026,5:48:43 AM,98,63
10/2/2026,5:48:44 AM,98,63
10/2/2026,5:48:45 AM,98,63
10/2/2026,5:48:46 AM,98,63
10/2/2026,5:48:47 AM,98,63
10/2/2026,5:48:48 AM,98,63
10/2/2026,5:48:49 AM,98,64
10/2/2026,5:48:50 AM,98,63
10/2/2026,5:48:51 AM,98,63
10/2/2026,5:48:52 AM,98,64
10/2/2026,5:48:53 AM,98,64
10/2/2026,5:48:54 AM,98,64
10/2/2026,5:48:55 AM,98,64
10/2/2026,5:48:56 AM,98,64
10/2/2026,5:48:57 AM,98,64
10/2/2026,5:48:58 AM,98,64
10/2/2026,5:48:59 AM,98,64
10/2/2026,5:49:00 AM,98,64
10/2/2026,5:49:01 AM,98,64
10/2/2026,5:49:02 AM,98,64
10/2/2026,5:49:03 AM,98,64
10/2/2026,5:49:04 AM,98,64
10/2/2026,5:49:05 AM,98,64
10/2/2026,5:49:06 AM,98,64
10/2/2026,5:49:07 AM,98,64
10/2/2026,5:49:08 AM,98,64
10/2/2026,5:49:09 AM,98,64
10/2/2026,5:49:10 AM,98,64
10/2/2026,5:49:11 AM,98,64
10/2/2026,5:49:12 AM,98,64
10/2/2026,5:49:13 AM,98,64
10/2/2026,5:49:14 AM,98,64
10/2/2026,5:49:15 AM,98,64
10/2/2026,5:49:16 AM,98,64
10/2/2026,5:49:17 AM,98,64
10/2/2026,5:49:18 AM,98,64
10/2/2026,5:49:19 AM,98,64
10/2/2026,5:49:20 AM,98,64
10/2/2026,5:49:21 AM,98,64
10/2/2026,5:49:22 AM,98,64
10/2/2026,5:49:23 AM,98,64
10/2/2026,5:49:24 AM,98,64
10/2/2026,5:49:25 AM,98,64
10/2/2026,5:49:26 AM,98,64
10/2/2026,5:49:27 AM,98,63
10/2/2026,5:49:28 AM,98,63
10/2/2026,5:49:29 AM,98,63
10/2/2026,5:49:30 AM,98,63
10/2/2026,5:49:31 AM,98,63
10/2/2026,5:49:32 AM,98,63
10/2/2026,5:49:33 AM,98,63
10/2/2026,5:49:34 AM,98,63
10/2/2026,5:49:35 AM,98,63
10/2/2026,5:49:36 AM,98,63
10/2/2026,5:49:37 AM,98,63
10/2/2026,5:49:38 AM,98,63
10/2/2026,5:49:39 AM,98,63
10/2/2026,5:49:40 AM,98,63
10/2/2026,5:49:41 AM,98,63
10/2/2026,5:49:42 AM,98,63
10/2/2026,5:49:43 AM,98,63
10/2/2026,5:49:44 AM,98,63
10/2/2026,5:49:45 AM,98,63
10/2/2026,5:49:46 AM,98,64
10/2/2026,5:49:47 AM,98,64
10/2/2026,5:49:48 AM,98,64
10/2/2026,5:49:49 AM,98,64
10/2/2026,5:49:50 AM,98,64
10/2/2026,5:49:51 AM,98,64
10/2/2026,5:49:52 AM,98,64
10/2/2026,5:49:53 AM,98,64
10/2/2026,5:49:54 AM,98,64
10/2/2026,5:49:55 AM,98,64
10/2/2026,5:49:56 AM,98,64
10/2/2026,5:49:57 AM,98,64
10/2/2026,5:49:58 AM,98,64
10/2/2026,5:49:59 AM,98,65
10/2/2026,5:50:00 AM,98,65
10/2/2026,5:50:01 AM,98,65
10/2/2026,5:50:02 AM,98,65
10/2/2026,5:50:03 AM,98,65
10/2/2026,5:50:04 AM,98,65
10/2/2026,5:50:05 AM,98,65
10/2/2026,5:50:06 AM,98,65
10/2/2026,5:50:07 AM,98,65
10/2/2026,5:50:08 AM,98,65
10/2/2026,5:50:09 AM,98,65
10/2/2026,5:50:10 AM,98,65
10/2/2026,5:50:11 AM,98,65
10/2/2026,5:50:12 AM,98,65
10/2/2026,5:50:13 AM,98,65
10/2/2026,5:50:14 AM,98,65
10/2/2026,5:50:15 AM,98,65
10/2/2026,5:50:16 AM,98,65
10/2/2026,5:50:17 AM,98,65
10/2/2026,5:50:18 AM,98,65
10/2/2026,5:50:19 AM,98,65
10/2/2026,5:50:20 AM,98,64
10/2/2026,5:50:21 AM,98,64
10/2/2026,5:50:22 AM,98,64
10/2/2026,5:50:23 AM,98,64
10/2/2026,5:50:24 AM,98,64
10/2/2026,5:50:25 AM,98,64
10/2/2026,5:50:26 AM,98,64
10/2/2026,5:50:27 AM,98,64
10/2/2026,5:50:28 AM,98,63
10/2/2026,5:50:29 AM,98,63
10/2/2026,5:50:30 AM,98,63
10/2/2026,5:50:31 AM,98,61
10/2/2026,5:50:32 AM,98,60
10/2/2026,5:50:33 AM,98,60
10/2/2026,5:50:34 AM,98,60
10/2/2026,5:50:35 AM,98,59
10/2/2026,5:50:36 AM,98,59
10/2/2026,5:50:37 AM,98,58
10/2/2026,5:50:38 AM,98,58
10/2/2026,5:50:39 AM,98,58
10/2/2026,5:50:40 AM,98,58
10/2/2026,5:50:41 AM,98,59
10/2/2026,5:50:42 AM,98,59
10/2/2026,5:50:43 AM,98,59
10/2/2026,5:50:44 AM,98,60
10/2/2026,5:50:45 AM,99,61
10/2/2026,5:50:46 AM,99,61
10/2/2026,5:50:47 AM,99,62
10/2/2026,5:50:48 AM,99,63
10/2/2026,5:50:49 AM,99,63
10/2/2026,5:50:50 AM,98,64
10/2/2026,5:50:51 AM,98,65
10/2/2026,5:50:52 AM,98,65
10/2/2026,5:50:53 AM,98,65
10/2/2026,5:50:54 AM,98,65
10/2/2026,5:50:55 AM,98,65
10/2/2026,5:50:56 AM,98,65
10/2/2026,5:50:57 AM,98,64
10/2/2026,5:50:58 AM,98,64
10/2/2026,5:50:59 AM,98,63
10/2/2026,5:51:00 AM,98,63
10/2/2026,5:51:01 AM,98,63
10/2/2026,5:51:02 AM,98,62
10/2/2026,5:51:03 AM,99,62
10/2/2026,5:51:04 AM,99,62
10/2/2026,5:51:05 AM,98,62
10/2/2026,5:51:06 AM,98,62
10/2/2026,5:51:07 AM,98,62
10/2/2026,5:51:08 AM,98,62
10/2/2026,5:51:09 AM,98,62
10/2/2026,5:51:10 AM,98,62
10/2/2026,5:51:11 AM,98,62
10/2/2026,5:51:12 AM,98,62
10/2/2026,5:51:13 AM,98,62
10/2/2026,5:51:14 AM,98,62
10/2/2026,5:51:15 AM,98,62
10/2/2026,5:51:16 AM,98,62
10/2/2026,5:51:17 AM,98,63
10/2/2026,5:51:18 AM,98,63
10/2/2026,5:51:19 AM,98,63
10/2/2026,5:51:20 AM,98,63
10/2/2026,5:51:21 AM,98,63
10/2/2026,5:51:22 AM,98,64
10/2/2026,5:51:23 AM,98,64
10/2/2026,5:51:24 AM,98,64
10/2/2026,5:51:25 AM,98,64
10/2/2026,5:51:26 AM,98,64
10/2/2026,5:51:27 AM,98,64
10/2/2026,5:51:28 AM,98,64
10/2/2026,5:51:29 AM,98,64
10/2/2026,5:51:30 AM,98,64
10/2/2026,5:51:31 AM,98,64
10/2/2026,5:51:32 AM,98,64
10/2/2026,5:51:33 AM,98,64
10/2/2026,5:51:34 AM,98,64
10/2/2026,5:51:35 AM,98,64
10/2/2026,5:51:36 AM,98,64
10/2/2026,5:51:37 AM,98,63
10/2/2026,5:51:38 AM,98,63
10/2/2026,5:51:39 AM,98,62
10/2/2026,5:51:40 AM,98,62
10/2/2026,5:51:41 AM,98,61
10/2/2026,5:51:42 AM,98,61
10/2/2026,5:51:43 AM,99,60
10/2/2026,5:51:44 AM,99,60
10/2/2026,5:51:45 AM,99,60
10/2/2026,5:51:46 AM,99,60
10/2/2026,5:51:47 AM,99,60
10/2/2026,5:51:48 AM,99,61
10/2/2026,5:51:49 AM,99,61
10/2/2026,5:51:50 AM,99,61
10/2/2026,5:51:51 AM,99,61
10/2/2026,5:51:52 AM,99,61
10/2/2026,5:51:53 AM,99,61
10/2/2026,5:51:54 AM,99,62
10/2/2026,5:51:55 AM,99,62
10/2/2026,5:51:56 AM,99,62
10/2/2026,5:51:57 AM,99,62
10/2/2026,5:51:58 AM,99,61
10/2/2026,5:51:59 AM,99,61
10/2/2026,5:52:00 AM,99,61
10/2/2026,5:52:01 AM,99,61
10/2/2026,5:52:02 AM,99,62
10/2/2026,5:52:03 AM,99,62
10/2/2026,5:52:04 AM,99,62
10/2/2026,5:52:05 AM,99,61
10/2/2026,5:52:06 AM,99,62
10/2/2026,5:52:07 AM,99,61
10/2/2026,5:52:08 AM,99,61
10/2/2026,5:52:09 AM,99,61
10/2/2026,5:52:10 AM,99,61
10/2/2026,5:52:11 AM,99,61
10/2/2026,5:52:12 AM,99,61
10/2/2026,5:52:13 AM,98,61
10/2/2026,5:52:14 AM,98,61
10/2/2026,5:52:15 AM,98,61
10/2/2026,5:52:16 AM,98,61
10/2/2026,5:52:17 AM,98,61
10/2/2026,5:52:18 AM,98,61
10/2/2026,5:52:19 AM,98,61
10/2/2026,5:52:20 AM,98,61
10/2/2026,5:52:21 AM,98,61
10/2/2026,5:52:22 AM,98,61
10/2/2026,5:52:23 AM,98,61
10/2/2026,5:52:24 AM,98,61
10/2/2026,5:52:25 AM,98,61
10/2/2026,5:52:26 AM,98,61
10/2/2026,5:52:27 AM,98,61
10/2/2026,5:52:28 AM,98,61
10/2/2026,5:52:29 AM,98,61
10/2/2026,5:52:30 AM,98,62
10/2/2026,5:52:31 AM,98,62
10/2/2026,5:52:32 AM,98,62
10/2/2026,5:52:33 AM,98,62
10/2/2026,5:52:34 AM,98,62
10/2/2026,5:52:35 AM,98,62
10/2/2026,5:52:36 AM,98,62
10/2/2026,5:52:37 AM,97,62
10/2/2026,5:52:38 AM,97,62
10/2/2026,5:52:39 AM,97,62
10/2/2026,5:52:40 AM,97,62
10/2/2026,5:52:41 AM,97,62
10/2/2026,5:52:42 AM,97,62
10/2/2026,5:52:43 AM,97,62
10/2/2026,5:52:44 AM,97,62
10/2/2026,5:52:45 AM,97,62
10/2/2026,5:52:46 AM,96,62
10/2/2026,5:52:47 AM,96,62
10/2/2026,5:52:48 AM,96,62
10/2/2026,5:52:49 AM,96,62
10/2/2026,5:52:50 AM,96,62
10/2/2026,5:52:51 AM,96,62
10/2/2026,5:52:52 AM,96,62
10/2/2026,5:52:53 AM,96,62
10/2/2026,5:52:54 AM,96,62
10/2/2026,5:52:55 AM,96,62
10/2/2026,5:52:56 AM,96,62
10/2/2026,5:52:57 AM,96,62
10/2/2026,5:52:58 AM,95,62
10/2/2026,5:52:59 AM,95,62
10/2/2026,5:53:00 AM,95,62
10/2/2026,5:53:01 AM,95,62
10/2/2026,5:53:02 AM,95,62
10/2/2026,5:53:03 AM,95,62
10/2/2026,5:53:04 AM,95,62
10/2/2026,5:53:05 AM,95,62
10/2/2026,5:53:06 AM,95,62
10/2/2026,5:53:07 AM,95,63
10/2/2026,5:53:08 AM,95,63
10/2/2026,5:53:09 AM,95,63
10/2/2026,5:53:10 AM,96,63
10/2/2026,5:53:11 AM,96,63
10/2/2026,5:53:12 AM,97,63
10/2/2026,5:53:13 AM,97,63
10/2/2026,5:53:14 AM,98,63
10/2/2026,5:53:15 AM,98,63
10/2/2026,5:53:16 AM,98,63
10/2/2026,5:53:17 AM,98,63
10/2/2026,5:53:18 AM,98,63
10/2/2026,5:53:19 AM,98,63
10/2/2026,5:53:20 AM,98,63
10/2/2026,5:53:21 AM,98,63
10/2/2026,5:53:22 AM,98,63
10/2/2026,5:53:23 AM,98,63
10/2/2026,5:53:24 AM,98,63
10/2/2026,5:53:25 AM,98,63
10/2/2026,5:53:26 AM,98,63
10/2/2026,5:53:27 AM,98,62
10/2/2026,5:53:28 AM,98,62
10/2/2026,5:53:29 AM,98,63
10/2/2026,5:53:30 AM,98,63
10/2/2026,5:53:31 AM,98,62
10/2/2026,5:53:32 AM,98,63
10/2/2026,5:53:33 AM,98,63
10/2/2026,5:53:34 AM,98,63
10/2/2026,5:53:35 AM,98,63
10/2/2026,5:53:36 AM,98,63
10/2/2026,5:53:37 AM,98,63
10/2/2026,5:53:38 AM,98,63
10/2/2026,5:53:39 AM,97,63
10/2/2026,5:53:40 AM,97,63
10/2/2026,5:53:41 AM,97,63
10/2/2026,5:53:42 AM,97,63
10/2/2026,5:53:43 AM,97,63
10/2/2026,5:53:44 AM,97,63
10/2/2026,5:53:45 AM,97,63
10/2/2026,5:53:46 AM,97,63
10/2/2026,5:53:47 AM,97,63
10/2/2026,5:53:48 AM,97,63
10/2/2026,5:53:49 AM,97,63
10/2/2026,5:53:50 AM,97,63
10/2/2026,5:53:51 AM,97,63
10/2/2026,5:53:52 AM,97,63
10/2/2026,5:53:53 AM,97,63
10/2/2026,5:53:54 AM,97,63
10/2/2026,5:53:55 AM,96,63
10/2/2026,5:53:56 AM,96,63
10/2/2026,5:53:57 AM,96,63
10/2/2026,5:53:58 AM,96,63
10/2/2026,5:53:59 AM,96,63
10/2/2026,5:54:00 AM,96,62
10/2/2026,5:54:01 AM,96,62
10/2/2026,5:54:02 AM,96,62
10/2/2026,5:54:03 AM,96,62
10/2/2026,5:54:04 AM,96,62
10/2/2026,5:54:05 AM,96,61
10/2/2026,5:54:06 AM,96,61
10/2/2026,5:54:07 AM,96,62
10/2/2026,5:54:08 AM,95,62
10/2/2026,5:54:09 AM,95,62
10/2/2026,5:54:10 AM,95,62
10/2/2026,5:54:11 AM,95,62
10/2/2026,5:54:12 AM,95,62
10/2/2026,5:54:13 AM,95,62
10/2/2026,5:54:14 AM,95,62
10/2/2026,5:54:15 AM,94,62
10/2/2026,5:54:16 AM,94,62
10/2/2026,5:54:17 AM,94,62
10/2/2026,5:54:18 AM,94,62
10/2/2026,5:54:19 AM,94,62
10/2/2026,5:54:20 AM,94,62
10/2/2026,5:54:21 AM,94,62
10/2/2026,5:54:22 AM,94,62
10/2/2026,5:54:23 AM,94,63
10/2/2026,5:54:24 AM,94,63
10/2/2026,5:54:25 AM,94,63
10/2/2026,5:54:26 AM,94,63
10/2/2026,5:54:27 AM,94,63
10/2/2026,5:54:28 AM,94,63
10/2/2026,5:54:29 AM,94,63
10/2/2026,5:54:30 AM,94,63
10/2/2026,5:54:31 AM,94,63
10/2/2026,5:54:32 AM,95,63
10/2/2026,5:54:33 AM,95,62
10/2/2026,5:54:34 AM,95,62
10/2/2026,5:54:35 AM,96,62
10/2/2026,5:54:36 AM,96,62
10/2/2026,5:54:37 AM,96,62
10/2/2026,5:54:38 AM,97,62
10/2/2026,5:54:39 AM,97,62
10/2/2026,5:54:40 AM,97,62
10/2/2026,5:54:41 AM,97,62
10/2/2026,5:54:42 AM,97,61
10/2/2026,5:54:43 AM,97,61
10/2/2026,5:54:44 AM,97,61
10/2/2026,5:54:45 AM,97,61
10/2/2026,5:54:46 AM,97,61
10/2/2026,5:54:47 AM,97,61
10/2/2026,5:54:48 AM,97,61
10/2/2026,5:54:49 AM,97,61
10/2/2026,5:54:50 AM,97,61
10/2/2026,5:54:51 AM,97,62
10/2/2026,5:54:52 AM,96,62
10/2/2026,5:54:53 AM,96,62
10/2/2026,5:54:54 AM,96,62
10/2/2026,5:54:55 AM,96,62
10/2/2026,5:54:56 AM,96,62
10/2/2026,5:54:57 AM,96,62
10/2/2026,5:54:58 AM,96,62
10/2/2026,5:54:59 AM,96,62
10/2/2026,5:55:00 AM,96,62
10/2/2026,5:55:01 AM,96,61
10/2/2026,5:55:02 AM,96,61
10/2/2026,5:55:03 AM,95,61
10/2/2026,5:55:04 AM,95,61
10/2/2026,5:55:05 AM,95,61
10/2/2026,5:55:06 AM,95,61
10/2/2026,5:55:07 AM,95,61
10/2/2026,5:55:08 AM,95,61
10/2/2026,5:55:09 AM,95,61
10/2/2026,5:55:10 AM,95,62
10/2/2026,5:55:11 AM,95,62
10/2/2026,5:55:12 AM,95,62
10/2/2026,5:55:13 AM,95,62
10/2/2026,5:55:14 AM,95,62
10/2/2026,5:55:15 AM,95,62
10/2/2026,5:55:16 AM,95,61
10/2/2026,5:55:17 AM,95,61
10/2/2026,5:55:18 AM,95,61
10/2/2026,5:55:19 AM,95,61
10/2/2026,5:55:20 AM,95,61
10/2/2026,5:55:21 AM,95,61
10/2/2026,5:55:22 AM,95,61
10/2/2026,5:55:23 AM,95,61
10/2/2026,5:55:24 AM,95,62
10/2/2026,5:55:25 AM,95,62
10/2/2026,5:55:26 AM,95,62
10/2/2026,5:55:27 AM,95,62
10/2/2026,5:55:28 AM,95,62
10/2/2026,5:55:29 AM,96,62
10/2/2026,5:55:30 AM,96,62
10/2/2026,5:55:31 AM,96,62
10/2/2026,5:55:32 AM,96,62
10/2/2026,5:55:33 AM,96,62
10/2/2026,5:55:34 AM,96,62
10/2/2026,5:55:35 AM,96,62
10/2/2026,5:55:36 AM,96,62
10/2/2026,5:55:37 AM,96,61
10/2/2026,5:55:38 AM,96,61
10/2/2026,5:55:39 AM,96,61
10/2/2026,5:55:40 AM,96,61
10/2/2026,5:55:41 AM,96,61
10/2/2026,5:55:42 AM,96,61
10/2/2026,5:55:43 AM,96,61
10/2/2026,5:55:44 AM,96,61
10/2/2026,5:55:45 AM,96,61
10/2/2026,5:55:46 AM,97,61
10/2/2026,5:55:47 AM,97,62
10/2/2026,5:55:48 AM,97,62
10/2/2026,5:55:49 AM,97,62
10/2/2026,5:55:50 AM,97,62
10/2/2026,5:55:51 AM,97,62
10/2/2026,5:55:52 AM,97,62
10/2/2026,5:55:53 AM,97,62
10/2/2026,5:55:54 AM,97,62
10/2/2026,5:55:55 AM,97,62
10/2/2026,5:55:56 AM,97,62
10/2/2026,5:55:57 AM,97,62
10/2/2026,5:55:58 AM,97,62
10/2/2026,5:55:59 AM,97,62
10/2/2026,5:56:00 AM,97,62
10/2/2026,5:56:01 AM,97,62
10/2/2026,5:56:02 AM,97,62
10/2/2026,5:56:03 AM,97,62
10/2/2026,5:56:04 AM,96,62
10/2/2026,5:56:05 AM,96,62
10/2/2026,5:56:06 AM,96,62
10/2/2026,5:56:07 AM,96,62
10/2/2026,5:56:08 AM,96,62
10/2/2026,5:56:09 AM,96,62
10/2/2026,5:56:10 AM,96,62
10/2/2026,5:56:11 AM,96,62
10/2/2026,5:56:12 AM,96,62
10/2/2026,5:56:13 AM,96,62
10/2/2026,5:56:14 AM,96,62
10/2/2026,5:56:15 AM,96,62
10/2/2026,5:56:16 AM,96,62
10/2/2026,5:56:17 AM,96,63
10/2/2026,5:56:18 AM,96,63
10/2/2026,5:56:19 AM,96,64
10/2/2026,5:56:20 AM,96,64
10/2/2026,5:56:21 AM,96,64
10/2/2026,5:56:22 AM,96,64
10/2/2026,5:56:23 AM,96,64
10/2/2026,5:56:24 AM,97,64
10/2/2026,5:56:25 AM,97,64
10/2/2026,5:56:26 AM,97,64
10/2/2026,5:56:27 AM,97,64
10/2/2026,5:56:28 AM,97,64
10/2/2026,5:56:29 AM,97,64
10/2/2026,5:56:30 AM,97,64
10/2/2026,5:56:31 AM,97,64
10/2/2026,5:56:32 AM,98,64
10/2/2026,5:56:33 AM,98,64
10/2/2026,5:56:34 AM,98,64
10/2/2026,5:56:35 AM,98,64
10/2/2026,5:56:36 AM,98,63
10/2/2026,5:56:37 AM,98,63
10/2/2026,5:56:38 AM,98,63
10/2/2026,5:56:39 AM,98,62
10/2/2026,5:56:40 AM,98,62
10/2/2026,5:56:41 AM,99,61
10/2/2026,5:56:42 AM,99,61
10/2/2026,5:56:43 AM,99,60
10/2/2026,5:56:44 AM,99,60
10/2/2026,5:56:45 AM,99,60
10/2/2026,5:56:46 AM,99,60
10/2/2026,5:56:47 AM,99,60
10/2/2026,5:56:48 AM,99,60
10/2/2026,5:56:49 AM,99,60
10/2/2026,5:56:50 AM,99,60
10/2/2026,5:56:51 AM,99,60
10/2/2026,5:56:52 AM,99,60
10/2/2026,5:56:53 AM,99,60
10/2/2026,5:56:54 AM,99,60
10/2/2026,5:56:55 AM,99,60
10/2/2026,5:56:56 AM,99,60
10/2/2026,5:56:57 AM,98,60
10/2/2026,5:56:58 AM,98,60
10/2/2026,5:56:59 AM,98,60
10/2/2026,5:57:00 AM,98,60
10/2/2026,5:57:01 AM,98,60
10/2/2026,5:57:02 AM,98,60
10/2/2026,5:57:03 AM,98,59
10/2/2026,5:57:04 AM,98,59
10/2/2026,5:57:05 AM,98,59
10/2/2026,5:57:06 AM,98,59
10/2/2026,5:57:07 AM,98,59
10/2/2026,5:57:08 AM,98,59
10/2/2026,5:57:09 AM,97,59
10/2/2026,5:57:10 AM,97,60
10/2/2026,5:57:11 AM,97,60
10/2/2026,5:57:12 AM,97,60
10/2/2026,5:57:13 AM,97,60
10/2/2026,5:57:14 AM,97,61
10/2/2026,5:57:15 AM,97,61
10/2/2026,5:57:16 AM,97,61
10/2/2026,5:57:17 AM,97,61
10/2/2026,5:57:18 AM,97,61
10/2/2026,5:57:19 AM,97,61
10/2/2026,5:57:20 AM,97,61
10/2/2026,5:57:21 AM,97,61
10/2/2026,5:57:22 AM,97,61
10/2/2026,5:57:23 AM,97,62
10/2/2026,5:57:24 AM,97,62
10/2/2026,5:57:25 AM,97,62
10/2/2026,5:57:26 AM,98,61
10/2/2026,5:57:27 AM,98,61
10/2/2026,5:57:28 AM,98,62
10/2/2026,5:57:29 AM,98,61
10/2/2026,5:57:30 AM,98,61
10/2/2026,5:57:31 AM,98,61
10/2/2026,5:57:32 AM,98,61
10/2/2026,5:57:33 AM,99,61
10/2/2026,5:57:34 AM,99,61
10/2/2026,5:57:35 AM,99,61
10/2/2026,5:57:36 AM,99,61
10/2/2026,5:57:37 AM,99,61
10/2/2026,5:57:38 AM,99,61
10/2/2026,5:57:39 AM,99,61
10/2/2026,5:57:40 AM,99,61
10/2/2026,5:57:41 AM,98,61
10/2/2026,5:57:42 AM,98,61
10/2/2026,5:57:43 AM,98,61
10/2/2026,5:57:44 AM,98,61
10/2/2026,5:57:45 AM,98,61
10/2/2026,5:57:46 AM,98,61
10/2/2026,5:57:47 AM,98,61
10/2/2026,5:57:48 AM,98,61
10/2/2026,5:57:49 AM,98,61
10/2/2026,5:57:50 AM,98,61
10/2/2026,5:57:51 AM,98,61
10/2/2026,5:57:52 AM,98,61
10/2/2026,5:57:53 AM,98,61
10/2/2026,5:57:54 AM,98,61
10/2/2026,5:57:55 AM,98,60
10/2/2026,5:57:56 AM,98,60
10/2/2026,5:57:57 AM,98,60
10/2/2026,5:57:58 AM,98,60
10/2/2026,5:57:59 AM,98,60
10/2/2026,5:58:00 AM,98,60
10/2/2026,5:58:01 AM,98,60
10/2/2026,5:58:02 AM,98,60
10/2/2026,5:58:03 AM,98,60
10/2/2026,5:58:04 AM,97,60
10/2/2026,5:58:05 AM,97,60
10/2/2026,5:58:06 AM,97,60
10/2/2026,5:58:07 AM,97,60
10/2/2026,5:58:08 AM,97,60
10/2/2026,5:58:09 AM,97,60
10/2/2026,5:58:10 AM,97,60
10/2/2026,5:58:11 AM,97,59
10/2/2026,5:58:12 AM,97,59
10/2/2026,5:58:13 AM,97,59
10/2/2026,5:58:14 AM,97,59
10/2/2026,5:58:15 AM,97,59
10/2/2026,5:58:16 AM,97,59
10/2/2026,5:58:17 AM,97,59
10/2/2026,5:58:18 AM,97,59
10/2/2026,5:58:19 AM,97,59
10/2/2026,5:58:20 AM,97,59
10/2/2026,5:58:21 AM,97,59
10/2/2026,5:58:22 AM,97,59
10/2/2026,5:58:23 AM,96,59
10/2/2026,5:58:24 AM,96,59
10/2/2026,5:58:25 AM,96,59
10/2/2026,5:58:26 AM,96,59
10/2/2026,5:58:27 AM,96,59
10/2/2026,5:58:28 AM,96,60
10/2/2026,5:58:29 AM,96,60
10/2/2026,5:58:30 AM,96,60
10/2/2026,5:58:31 AM,96,60
10/2/2026,5:58:32 AM,96,61
10/2/2026,5:58:33 AM,96,62
10/2/2026,5:58:34 AM,96,62
10/2/2026,5:58:35 AM,96,63
10/2/2026,5:58:36 AM,96,63
10/2/2026,5:58:37 AM,96,63
10/2/2026,5:58:38 AM,96,63
10/2/2026,5:58:39 AM,96,63
10/2/2026,5:58:40 AM,96,63
10/2/2026,5:58:41 AM,96,63
10/2/2026,5:58:42 AM,96,63
10/2/2026,5:58:43 AM,96,64
10/2/2026,5:58:44 AM,96,63
10/2/2026,5:58:45 AM,96,63
10/2/2026,5:58:46 AM,97,64
10/2/2026,5:58:47 AM,97,63
10/2/2026,5:58:48 AM,97,63
10/2/2026,5:58:49 AM,97,63
10/2/2026,5:58:50 AM,98,62
10/2/2026,5:58:51 AM,98,61
10/2/2026,5:58:52 AM,98,61
10/2/2026,5:58:53 AM,98,61
10/2/2026,5:58:54 AM,98,61
10/2/2026,5:58:55 AM,98,61
10/2/2026,5:58:56 AM,98,61
10/2/2026,5:58:57 AM,98,61
10/2/2026,5:58:58 AM,98,61
10/2/2026,5:58:59 AM,98,61
10/2/2026,5:59:00 AM,98,61
10/2/2026,5:59:01 AM,98,61
10/2/2026,5:59:02 AM,98,61
10/2/2026,5:59:03 AM,98,61
10/2/2026,5:59:04 AM,98,61
10/2/2026,5:59:05 AM,98,61
10/2/2026,5:59:06 AM,98,61
10/2/2026,5:59:07 AM,98,61
10/2/2026,5:59:08 AM,98,61
10/2/2026,5:59:09 AM,98,61
10/2/2026,5:59:10 AM,98,61
10/2/2026,5:59:11 AM,98,60
10/2/2026,5:59:12 AM,98,60
10/2/2026,5:59:13 AM,98,60
10/2/2026,5:59:14 AM,98,60
10/2/2026,5:59:15 AM,98,60
10/2/2026,5:59:16 AM,98,60
10/2/2026,5:59:17 AM,98,60
10/2/2026,5:59:18 AM,98,60
10/2/2026,5:59:19 AM,98,60
10/2/2026,5:59:20 AM,97,60
10/2/2026,5:59:21 AM,97,60
10/2/2026,5:59:22 AM,97,60
10/2/2026,5:59:23 AM,97,60
10/2/2026,5:59:24 AM,97,60
10/2/2026,5:59:25 AM,97,60
10/2/2026,5:59:26 AM,97,60
10/2/2026,5:59:27 AM,97,60
10/2/2026,5:59:28 AM,97,60
10/2/2026,5:59:29 AM,97,60
10/2/2026,5:59:30 AM,96,60
10/2/2026,5:59:31 AM,96,60
10/2/2026,5:59:32 AM,96,60
10/2/2026,5:59:33 AM,96,60
10/2/2026,5:59:34 AM,96,60
10/2/2026,5:59:35 AM,96,60
10/2/2026,5:59:36 AM,96,60
10/2/2026,5:59:37 AM,96,60
10/2/2026,5:59:38 AM,95,60
10/2/2026,5:59:39 AM,95,60
10/2/2026,5:59:40 AM,95,60
10/2/2026,5:59:41 AM,95,61
10/2/2026,5:59:42 AM,95,61
10/2/2026,5:59:43 AM,95,61
10/2/2026,5:59:44 AM,95,61
10/2/2026,5:59:45 AM,95,61
10/2/2026,5:59:46 AM,95,61
10/2/2026,5:59:47 AM,95,61
10/2/2026,5:59:48 AM,95,61
10/2/2026,5:59:49 AM,95,61
10/2/2026,5:59:50 AM,95,61
10/2/2026,5:59:51 AM,95,61
10/2/2026,5:59:52 AM,95,61
10/2/2026,5:59:53 AM,95,61
10/2/2026,5:59:54 AM,95,62
10/2/2026,5:59:55 AM,95,62
10/2/2026,5:59:56 AM,95,62
10/2/2026,5:59:57 AM,96,62
10/2/2026,5:59:58 AM,96,62
10/2/2026,5:59:59 AM,96,62
10/2/2026,6:00:00 AM,96,62
10/2/2026,6:00:01 AM,96,62
10/2/2026,6:00:02 AM,96,62
10/2/2026,6:00:03 AM,96,62
10/2/2026,6:00:04 AM,97,62
10/2/2026,6:00:05 AM,97,62
10/2/2026,6:00:06 AM,97,62
10/2/2026,6:00:07 AM,97,62
10/2/2026,6:00:08 AM,97,62
10/2/2026,6:00:09 AM,98,62
10/2/2026,6:00:10 AM,98,61
10/2/2026,6:00:11 AM,98,61
10/2/2026,6:00:12 AM,98,61
10/2/2026,6:00:13 AM,98,61
10/2/2026,6:00:14 AM,98,61
10/2/2026,6:00:15 AM,98,61
10/2/2026,6:00:16 AM,98,61
10/2/2026,6:00:17 AM,98,61
10/2/2026,6:00:18 AM,98,61
10/2/2026,6:00:19 AM,98,61
10/2/2026,6:00:20 AM,98,61
10/2/2026,6:00:21 AM,98,61
10/2/2026,6:00:22 AM,98,61
10/2/2026,6:00:23 AM,98,62
10/2/2026,6:00:24 AM,98,62
10/2/2026,6:00:25 AM,98,62
10/2/2026,6:00:26 AM,98,62
10/2/2026,6:00:27 AM,98,62
10/2/2026,6:00:28 AM,98,62
10/2/2026,6:00:29 AM,98,61
10/2/2026,6:00:30 AM,98,61
10/2/2026,6:00:31 AM,98,61
10/2/2026,6:00:32 AM,98,61
10/2/2026,6:00:33 AM,97,61
10/2/2026,6:00:34 AM,97,61
10/2/2026,6:00:35 AM,97,60
10/2/2026,6:00:36 AM,97,60
10/2/2026,6:00:37 AM,97,60
10/2/2026,6:00:38 AM,97,60
10/2/2026,6:00:39 AM,97,60
10/2/2026,6:00:40 AM,97,60
10/2/2026,6:00:41 AM,97,60
10/2/2026,6:00:42 AM,97,59
10/2/2026,6:00:43 AM,97,59
10/2/2026,6:00:44 AM,96,59
10/2/2026,6:00:45 AM,96,59
10/2/2026,6:00:46 AM,96,59
10/2/2026,6:00:47 AM,96,59
10/2/2026,6:00:48 AM,96,59
10/2/2026,6:00:49 AM,96,59
10/2/2026,6:00:50 AM,96,59
10/2/2026,6:00:51 AM,95,59
10/2/2026,6:00:52 AM,95,59
10/2/2026,6:00:53 AM,95,59
10/2/2026,6:00:54 AM,95,59
10/2/2026,6:00:55 AM,95,59
10/2/2026,6:00:56 AM,95,59
10/2/2026,6:00:57 AM,95,59
10/2/2026,6:00:58 AM,95,59
10/2/2026,6:00:59 AM,95,60
10/2/2026,6:01:00 AM,95,60
10/2/2026,6:01:01 AM,95,60
10/2/2026,6:01:02 AM,95,60
10/2/2026,6:01:03 AM,95,60
10/2/2026,6:01:04 AM,95,60
10/2/2026,6:01:05 AM,95,60
10/2/2026,6:01:06 AM,95,60
10/2/2026,6:01:07 AM,95,61
10/2/2026,6:01:08 AM,95,61
10/2/2026,6:01:09 AM,95,61
10/2/2026,6:01:10 AM,95,61
10/2/2026,6:01:11 AM,95,61
10/2/2026,6:01:12 AM,95,61
10/2/2026,6:01:13 AM,95,61
10/2/2026,6:01:14 AM,95,61
10/2/2026,6:01:15 AM,95,61
10/2/2026,6:01:16 AM,95,61
10/2/2026,6:01:17 AM,95,61
10/2/2026,6:01:18 AM,96,61
10/2/2026,6:01:19 AM,96,61
10/2/2026,6:01:20 AM,97,61
10/2/2026,6:01:21 AM,97,61
10/2/2026,6:01:22 AM,97,61
10/2/2026,6:01:23 AM,98,61
10/2/2026,6:01:24 AM,98,61
10/2/2026,6:01:25 AM,98,61
10/2/2026,6:01:26 AM,98,61
10/2/2026,6:01:27 AM,99,61
10/2/2026,6:01:28 AM,99,61
10/2/2026,6:01:29 AM,99,61
10/2/2026,6:01:30 AM,99,61
10/2/2026,6:01:31 AM,99,61
10/2/2026,6:01:32 AM,99,60
10/2/2026,6:01:33 AM,99,60
10/2/2026,6:01:34 AM,99,60
10/2/2026,6:01:35 AM,99,60
10/2/2026,6:01:36 AM,99,60
10/2/2026,6:01:37 AM,99,60
10/2/2026,6:01:38 AM,98,60
10/2/2026,6:01:39 AM,98,60
10/2/2026,6:01:40 AM,98,60
10/2/2026,6:01:41 AM,98,60
10/2/2026,6:01:42 AM,98,60
10/2/2026,6:01:43 AM,98,60
10/2/2026,6:01:44 AM,98,60
10/2/2026,6:01:45 AM,98,60
10/2/2026,6:01:46 AM,98,60
10/2/2026,6:01:47 AM,98,60
10/2/2026,6:01:48 AM,98,60
10/2/2026,6:01:49 AM,98,60
10/2/2026,6:01:50 AM,98,60
10/2/2026,6:01:51 AM,98,60
10/2/2026,6:01:52 AM,98,60
10/2/2026,6:01:53 AM,98,60
10/2/2026,6:01:54 AM,98,60
10/2/2026,6:01:55 AM,98,60
10/2/2026,6:01:56 AM,97,59
10/2/2026,6:01:57 AM,97,59
10/2/2026,6:01:58 AM,97,59
10/2/2026,6:01:59 AM,97,59
10/2/2026,6:02:00 AM,97,59
10/2/2026,6:02:01 AM,97,59
10/2/2026,6:02:02 AM,97,59
10/2/2026,6:02:03 AM,97,58
10/2/2026,6:02:04 AM,97,58
10/2/2026,6:02:05 AM,96,58
10/2/2026,6:02:06 AM,96,58
10/2/2026,6:02:07 AM,96,59
10/2/2026,6:02:08 AM,96,59
10/2/2026,6:02:09 AM,96,59
10/2/2026,6:02:10 AM,96,59
10/2/2026,6:02:11 AM,96,60
10/2/2026,6:02:12 AM,96,60
10/2/2026,6:02:13 AM,95,60
10/2/2026,6:02:14 AM,95,60
10/2/2026,6:02:15 AM,95,61
10/2/2026,6:02:16 AM,95,61
10/2/2026,6:02:17 AM,95,61
10/2/2026,6:02:18 AM,95,61
10/2/2026,6:02:19 AM,95,61
10/2/2026,6:02:20 AM,95,61
10/2/2026,6:02:21 AM,95,61
10/2/2026,6:02:22 AM,95,61
10/2/2026,6:02:23 AM,95,61
10/2/2026,6:02:24 AM,95,61
10/2/2026,6:02:25 AM,95,61
10/2/2026,6:02:26 AM,95,61
10/2/2026,6:02:27 AM,95,60
10/2/2026,6:02:28 AM,95,60
10/2/2026,6:02:29 AM,95,60
10/2/2026,6:02:30 AM,95,60
10/2/2026,6:02:31 AM,95,60
10/2/2026,6:02:32 AM,95,60
10/2/2026,6:02:33 AM,96,60
10/2/2026,6:02:34 AM,96,59
10/2/2026,6:02:35 AM,97,59
10/2/2026,6:02:36 AM,97,59
10/2/2026,6:02:37 AM,98,59
10/2/2026,6:02:38 AM,98,59
10/2/2026,6:02:39 AM,98,59
10/2/2026,6:02:40 AM,98,59
10/2/2026,6:02:41 AM,98,59
10/2/2026,6:02:42 AM,98,59
10/2/2026,6:02:43 AM,98,59
10/2/2026,6:02:44 AM,98,59
10/2/2026,6:02:45 AM,98,59
10/2/2026,6:02:46 AM,98,59
10/2/2026,6:02:47 AM,98,59
10/2/2026,6:02:48 AM,98,59
10/2/2026,6:02:49 AM,98,59
10/2/2026,6:02:50 AM,98,59
10/2/2026,6:02:51 AM,98,59
10/2/2026,6:02:52 AM,98,59
10/2/2026,6:02:53 AM,98,59
10/2/2026,6:02:54 AM,98,59
10/2/2026,6:02:55 AM,98,59
10/2/2026,6:02:56 AM,98,59
10/2/2026,6:02:57 AM,98,59
10/2/2026,6:02:58 AM,97,59
10/2/2026,6:02:59 AM,97,59
10/2/2026,6:03:00 AM,97,59
10/2/2026,6:03:01 AM,97,59
10/2/2026,6:03:02 AM,97,59
10/2/2026,6:03:03 AM,97,59
10/2/2026,6:03:04 AM,97,59
10/2/2026,6:03:05 AM,97,59
10/2/2026,6:03:06 AM,97,59
10/2/2026,6:03:07 AM,97,59
10/2/2026,6:03:08 AM,96,59
10/2/2026,6:03:09 AM,96,59
10/2/2026,6:03:10 AM,96,59
10/2/2026,6:03:11 AM,96,59
10/2/2026,6:03:12 AM,96,59
10/2/2026,6:03:13 AM,96,59
10/2/2026,6:03:14 AM,96,59
10/2/2026,6:03:15 AM,96,59
10/2/2026,6:03:16 AM,96,59
10/2/2026,6:03:17 AM,96,59
10/2/2026,6:03:18 AM,96,59
10/2/2026,6:03:19 AM,96,59
10/2/2026,6:03:20 AM,96,60
10/2/2026,6:03:21 AM,96,60
10/2/2026,6:03:22 AM,96,60
10/2/2026,6:03:23 AM,96,60
10/2/2026,6:03:24 AM,96,60
10/2/2026,6:03:25 AM,96,60
10/2/2026,6:03:26 AM,96,60
10/2/2026,6:03:27 AM,96,60
10/2/2026,6:03:28 AM,96,60
10/2/2026,6:03:29 AM,96,60
10/2/2026,6:03:30 AM,96,60
10/2/2026,6:03:31 AM,96,60
10/2/2026,6:03:32 AM,96,60
10/2/2026,6:03:33 AM,95,60
10/2/2026,6:03:34 AM,95,60
10/2/2026,6:03:35 AM,95,60
10/2/2026,6:03:36 AM,96,60
10/2/2026,6:03:37 AM,96,60
10/2/2026,6:03:38 AM,96,60
10/2/2026,6:03:39 AM,96,60
10/2/2026,6:03:40 AM,96,60
10/2/2026,6:03:41 AM,97,60
10/2/2026,6:03:42 AM,97,60
10/2/2026,6:03:43 AM,98,60
10/2/2026,6:03:44 AM,98,59
10/2/2026,6:03:45 AM,98,59
10/2/2026,6:03:46 AM,98,59
10/2/2026,6:03:47 AM,98,59
10/2/2026,6:03:48 AM,99,58
10/2/2026,6:03:49 AM,99,58
10/2/2026,6:03:50 AM,99,58
10/2/2026,6:03:51 AM,99,58
10/2/2026,6:03:52 AM,99,58
10/2/2026,6:03:53 AM,99,58
10/2/2026,6:03:54 AM,99,58
10/2/2026,6:03:55 AM,98,58
10/2/2026,6:03:56 AM,98,58
10/2/2026,6:03:57 AM,98,59
10/2/2026,6:03:58 AM,98,59
10/2/2026,6:03:59 AM,98,59
10/2/2026,6:04:00 AM,98,59
10/2/2026,6:04:01 AM,98,60
10/2/2026,6:04:02 AM,98,60
10/2/2026,6:04:03 AM,98,60
10/2/2026,6:04:04 AM,98,60
10/2/2026,6:04:05 AM,98,60
10/2/2026,6:04:06 AM,98,60
10/2/2026,6:04:07 AM,98,60
10/2/2026,6:04:08 AM,98,60
10/2/2026,6:04:09 AM,98,60
10/2/2026,6:04:10 AM,98,60
10/2/2026,6:04:11 AM,98,60
10/2/2026,6:04:12 AM,98,60
10/2/2026,6:04:13 AM,98,60
10/2/2026,6:04:14 AM,98,60
10/2/2026,6:04:15 AM,98,60
10/2/2026,6:04:16 AM,98,59
10/2/2026,6:04:17 AM,98,59
10/2/2026,6:04:18 AM,98,59
10/2/2026,6:04:19 AM,98,59
10/2/2026,6:04:20 AM,98,58
10/2/2026,6:04:21 AM,98,58
10/2/2026,6:04:22 AM,98,58
10/2/2026,6:04:23 AM,98,58
10/2/2026,6:04:24 AM,98,58
10/2/2026,6:04:25 AM,98,58
10/2/2026,6:04:26 AM,98,58
10/2/2026,6:04:27 AM,98,59
10/2/2026,6:04:28 AM,98,59
10/2/2026,6:04:29 AM,98,59
10/2/2026,6:04:30 AM,98,59
10/2/2026,6:04:31 AM,98,59
10/2/2026,6:04:32 AM,98,59
10/2/2026,6:04:33 AM,98,59
10/2/2026,6:04:34 AM,97,59
10/2/2026,6:04:35 AM,97,59
10/2/2026,6:04:36 AM,97,59
10/2/2026,6:04:37 AM,97,59
10/2/2026,6:04:38 AM,97,58
10/2/2026,6:04:39 AM,97,59
10/2/2026,6:04:40 AM,97,59
10/2/2026,6:04:41 AM,96,59
10/2/2026,6:04:42 AM,96,59
10/2/2026,6:04:43 AM,96,59
10/2/2026,6:04:44 AM,96,59
10/2/2026,6:04:45 AM,96,60
10/2/2026,6:04:46 AM,96,60
10/2/2026,6:04:47 AM,96,60
10/2/2026,6:04:48 AM,96,61
10/2/2026,6:04:49 AM,96,61
10/2/2026,6:04:50 AM,96,61
10/2/2026,6:04:51 AM,96,61
10/2/2026,6:04:52 AM,96,61
10/2/2026,6:04:53 AM,96,61
10/2/2026,6:04:54 AM,96,61
10/2/2026,6:04:55 AM,96,61
10/2/2026,6:04:56 AM,96,61
10/2/2026,6:04:57 AM,96,61
10/2/2026,6:04:58 AM,96,62
10/2/2026,6:04:59 AM,96,62
10/2/2026,6:05:00 AM,96,62
10/2/2026,6:05:01 AM,96,62
10/2/2026,6:05:02 AM,96,62
10/2/2026,6:05:03 AM,96,62
10/2/2026,6:05:04 AM,96,62
10/2/2026,6:05:05 AM,96,62
10/2/2026,6:05:06 AM,96,62
10/2/2026,6:05:07 AM,96,62
10/2/2026,6:05:08 AM,96,62
10/2/2026,6:05:09 AM,96,62
10/2/2026,6:05:10 AM,96,61
10/2/2026,6:05:11 AM,96,61
10/2/2026,6:05:12 AM,97,60
10/2/2026,6:05:13 AM,97,59
10/2/2026,6:05:14 AM,97,59
10/2/2026,6:05:15 AM,97,59
10/2/2026,6:05:16 AM,98,59
10/2/2026,6:05:17 AM,98,59
10/2/2026,6:05:18 AM,98,59
10/2/2026,6:05:19 AM,98,59
10/2/2026,6:05:20 AM,99,59
10/2/2026,6:05:21 AM,99,59
10/2/2026,6:05:22 AM,99,59
10/2/2026,6:05:23 AM,99,59
10/2/2026,6:05:24 AM,99,59
10/2/2026,6:05:25 AM,99,59
10/2/2026,6:05:26 AM,99,59
10/2/2026,6:05:27 AM,99,60
10/2/2026,6:05:28 AM,99,59
10/2/2026,6:05:29 AM,99,60
10/2/2026,6:05:30 AM,99,60
10/2/2026,6:05:31 AM,99,59
10/2/2026,6:05:32 AM,99,59
10/2/2026,6:05:33 AM,98,59
10/2/2026,6:05:34 AM,98,59
10/2/2026,6:05:35 AM,98,59
10/2/2026,6:05:36 AM,98,59
10/2/2026,6:05:37 AM,98,59
10/2/2026,6:05:38 AM,98,59
10/2/2026,6:05:39 AM,98,59
10/2/2026,6:05:40 AM,98,59
10/2/2026,6:05:41 AM,98,58
10/2/2026,6:05:42 AM,98,58
10/2/2026,6:05:43 AM,98,58
10/2/2026,6:05:44 AM,98,58
10/2/2026,6:05:45 AM,98,58
10/2/2026,6:05:46 AM,98,58
10/2/2026,6:05:47 AM,97,58
10/2/2026,6:05:48 AM,97,58
10/2/2026,6:05:49 AM,97,58
10/2/2026,6:05:50 AM,97,58
10/2/2026,6:05:51 AM,97,58
10/2/2026,6:05:52 AM,97,58
10/2/2026,6:05:53 AM,97,59
10/2/2026,6:05:54 AM,97,59
10/2/2026,6:05:55 AM,97,60
10/2/2026,6:05:56 AM,97,60
10/2/2026,6:05:57 AM,97,60
10/2/2026,6:05:58 AM,97,60
10/2/2026,6:05:59 AM,97,60
10/2/2026,6:06:00 AM,97,60
10/2/2026,6:06:01 AM,97,60
10/2/2026,6:06:02 AM,97,60
10/2/2026,6:06:03 AM,97,60
10/2/2026,6:06:04 AM,97,60
10/2/2026,6:06:05 AM,96,60
10/2/2026,6:06:06 AM,96,60
10/2/2026,6:06:07 AM,96,60
10/2/2026,6:06:08 AM,96,60
10/2/2026,6:06:09 AM,96,60
10/2/2026,6:06:10 AM,96,60
10/2/2026,6:06:11 AM,96,60
10/2/2026,6:06:12 AM,96,60
10/2/2026,6:06:13 AM,96,60
10/2/2026,6:06:14 AM,96,60
10/2/2026,6:06:15 AM,96,60
10/2/2026,6:06:16 AM,96,60
10/2/2026,6:06:17 AM,96,60
10/2/2026,6:06:18 AM,96,60
10/2/2026,6:06:19 AM,96,60
10/2/2026,6:06:20 AM,96,60
10/2/2026,6:06:21 AM,96,60
10/2/2026,6:06:22 AM,96,60
10/2/2026,6:06:23 AM,96,60
10/2/2026,6:06:24 AM,97,60
10/2/2026,6:06:25 AM,97,60
10/2/2026,6:06:26 AM,97,59
10/2/2026,6:06:27 AM,97,59
10/2/2026,6:06:28 AM,98,59
10/2/2026,6:06:29 AM,98,59
10/2/2026,6:06:30 AM,98,59
10/2/2026,6:06:31 AM,98,59
10/2/2026,6:06:32 AM,98,59
10/2/2026,6:06:33 AM,99,60
10/2/2026,6:06:34 AM,99,60
10/2/2026,6:06:35 AM,99,60
10/2/2026,6:06:36 AM,99,60
10/2/2026,6:06:37 AM,99,60
10/2/2026,6:06:38 AM,99,59
10/2/2026,6:06:39 AM,99,59
10/2/2026,6:06:40 AM,99,59
10/2/2026,6:06:41 AM,99,59
10/2/2026,6:06:42 AM,99,59
10/2/2026,6:06:43 AM,99,59
10/2/2026,6:06:44 AM,99,59
10/2/2026,6:06:45 AM,99,59
10/2/2026,6:06:46 AM,99,59
10/2/2026,6:06:47 AM,99,59
10/2/2026,6:06:48 AM,99,59
10/2/2026,6:06:49 AM,99,59
10/2/2026,6:06:50 AM,99,59
10/2/2026,6:06:51 AM,99,59
10/2/2026,6:06:52 AM,99,59
10/2/2026,6:06:53 AM,98,59
10/2/2026,6:06:54 AM,98,59
10/2/2026,6:06:55 AM,98,59
10/2/2026,6:06:56 AM,98,59
10/2/2026,6:06:57 AM,98,59
10/2/2026,6:06:58 AM,98,59
10/2/2026,6:06:59 AM,98,59
10/2/2026,6:07:00 AM,98,59
10/2/2026,6:07:01 AM,98,59
10/2/2026,6:07:02 AM,98,60
10/2/2026,6:07:03 AM,98,60
10/2/2026,6:07:04 AM,98,60
10/2/2026,6:07:05 AM,98,60
10/2/2026,6:07:06 AM,97,60
10/2/2026,6:07:07 AM,97,60
10/2/2026,6:07:08 AM,97,61
10/2/2026,6:07:09 AM,97,61
10/2/2026,6:07:10 AM,97,61
10/2/2026,6:07:11 AM,97,61
10/2/2026,6:07:12 AM,97,61
10/2/2026,6:07:13 AM,97,61
10/2/2026,6:07:14 AM,97,61
10/2/2026,6:07:15 AM,97,61
10/2/2026,6:07:16 AM,97,61
10/2/2026,6:07:17 AM,97,61
10/2/2026,6:07:18 AM,97,61
10/2/2026,6:07:19 AM,97,61
10/2/2026,6:07:20 AM,97,61
10/2/2026,6:07:21 AM,97,61
10/2/2026,6:07:22 AM,97,61
10/2/2026,6:07:23 AM,97,61
10/2/2026,6:07:24 AM,97,61
10/2/2026,6:07:25 AM,96,61
10/2/2026,6:07:26 AM,96,61
10/2/2026,6:07:27 AM,96,61
10/2/2026,6:07:28 AM,96,61
10/2/2026,6:07:29 AM,97,61
10/2/2026,6:07:30 AM,97,61
10/2/2026,6:07:31 AM,97,61
10/2/2026,6:07:32 AM,97,60
10/2/2026,6:07:33 AM,98,60
10/2/2026,6:07:34 AM,98,60
10/2/2026,6:07:35 AM,98,60
10/2/2026,6:07:36 AM,98,60
10/2/2026,6:07:37 AM,98,60
10/2/2026,6:07:38 AM,98,60
10/2/2026,6:07:39 AM,99,59
10/2/2026,6:07:40 AM,99,59
10/2/2026,6:07:41 AM,98,59
10/2/2026,6:07:42 AM,98,59
10/2/2026,6:07:43 AM,98,59
10/2/2026,6:07:44 AM,98,59
10/2/2026,6:07:45 AM,98,59
10/2/2026,6:07:46 AM,98,59
10/2/2026,6:07:47 AM,98,59
10/2/2026,6:07:48 AM,98,59
10/2/2026,6:07:49 AM,98,59
10/2/2026,6:07:50 AM,98,59
10/2/2026,6:07:51 AM,98,59
10/2/2026,6:07:52 AM,98,59
10/2/2026,6:07:53 AM,98,59
10/2/2026,6:07:54 AM,98,59
10/2/2026,6:07:55 AM,98,59
10/2/2026,6:07:56 AM,98,59
10/2/2026,6:07:57 AM,98,59
10/2/2026,6:07:58 AM,97,59
10/2/2026,6:07:59 AM,97,59
10/2/2026,6:08:00 AM,97,59
10/2/2026,6:08:01 AM,97,59
10/2/2026,6:08:02 AM,97,59
10/2/2026,6:08:03 AM,97,59
10/2/2026,6:08:04 AM,97,59
10/2/2026,6:08:05 AM,97,59
10/2/2026,6:08:06 AM,97,59
10/2/2026,6:08:07 AM,97,59
10/2/2026,6:08:08 AM,96,60
10/2/2026,6:08:09 AM,96,60
10/2/2026,6:08:10 AM,96,60
10/2/2026,6:08:11 AM,96,60
10/2/2026,6:08:12 AM,96,60
10/2/2026,6:08:13 AM,96,60
10/2/2026,6:08:14 AM,96,60
10/2/2026,6:08:15 AM,96,60
10/2/2026,6:08:16 AM,96,60
10/2/2026,6:08:17 AM,96,60
10/2/2026,6:08:18 AM,96,61
10/2/2026,6:08:19 AM,96,61
10/2/2026,6:08:20 AM,96,61
10/2/2026,6:08:21 AM,96,61
10/2/2026,6:08:22 AM,96,61
10/2/2026,6:08:23 AM,96,61
10/2/2026,6:08:24 AM,96,61
10/2/2026,6:08:25 AM,96,61
10/2/2026,6:08:26 AM,96,61
10/2/2026,6:08:27 AM,96,61
10/2/2026,6:08:28 AM,96,61
10/2/2026,6:08:29 AM,96,61
10/2/2026,6:08:30 AM,96,61
10/2/2026,6:08:31 AM,96,61
10/2/2026,6:08:32 AM,97,61
10/2/2026,6:08:33 AM,97,61
10/2/2026,6:08:34 AM,98,61
10/2/2026,6:08:35 AM,98,61
10/2/2026,6:08:36 AM,98,61
10/2/2026,6:08:37 AM,98,61
10/2/2026,6:08:38 AM,98,61
10/2/2026,6:08:39 AM,98,61
10/2/2026,6:08:40 AM,98,61
10/2/2026,6:08:41 AM,98,61
10/2/2026,6:08:42 AM,98,61
10/2/2026,6:08:43 AM,98,61
10/2/2026,6:08:44 AM,98,61
10/2/2026,6:08:45 AM,98,61
10/2/2026,6:08:46 AM,98,60
10/2/2026,6:08:47 AM,98,60
10/2/2026,6:08:48 AM,98,60
10/2/2026,6:08:49 AM,98,60
10/2/2026,6:08:50 AM,98,60
10/2/2026,6:08:51 AM,98,60
10/2/2026,6:08:52 AM,98,60
10/2/2026,6:08:53 AM,98,60
10/2/2026,6:08:54 AM,98,59
10/2/2026,6:08:55 AM,97,59
10/2/2026,6:08:56 AM,97,59
10/2/2026,6:08:57 AM,97,59
10/2/2026,6:08:58 AM,97,59
10/2/2026,6:08:59 AM,97,59
10/2/2026,6:09:00 AM,97,59
10/2/2026,6:09:01 AM,97,59
10/2/2026,6:09:02 AM,97,59
10/2/2026,6:09:03 AM,97,59
10/2/2026,6:09:04 AM,97,59
10/2/2026,6:09:05 AM,97,59
10/2/2026,6:09:06 AM,97,59
10/2/2026,6:09:07 AM,96,60
10/2/2026,6:09:08 AM,96,60
10/2/2026,6:09:09 AM,96,61
10/2/2026,6:09:10 AM,96,61
10/2/2026,6:09:11 AM,96,61
10/2/2026,6:09:12 AM,96,61
10/2/2026,6:09:13 AM,96,61
10/2/2026,6:09:14 AM,96,62
10/2/2026,6:09:15 AM,96,62
10/2/2026,6:09:16 AM,96,62
10/2/2026,6:09:17 AM,96,62
10/2/2026,6:09:18 AM,96,62
10/2/2026,6:09:19 AM,97,61
10/2/2026,6:09:20 AM,97,61
10/2/2026,6:09:21 AM,97,61
10/2/2026,6:09:22 AM,97,61
10/2/2026,6:09:23 AM,97,61
10/2/2026,6:09:24 AM,98,61
10/2/2026,6:09:25 AM,98,61
10/2/2026,6:09:26 AM,98,61
10/2/2026,6:09:27 AM,98,61
10/2/2026,6:09:28 AM,98,61
10/2/2026,6:09:29 AM,98,61
10/2/2026,6:09:30 AM,98,61
10/2/2026,6:09:31 AM,98,61
10/2/2026,6:09:32 AM,98,60
10/2/2026,6:09:33 AM,98,60
10/2/2026,6:09:34 AM,98,60
10/2/2026,6:09:35 AM,98,60
10/2/2026,6:09:36 AM,98,60
10/2/2026,6:09:37 AM,98,60
10/2/2026,6:09:38 AM,98,60
10/2/2026,6:09:39 AM,98,60
10/2/2026,6:09:40 AM,98,59
10/2/2026,6:09:41 AM,98,59
10/2/2026,6:09:42 AM,98,59
10/2/2026,6:09:43 AM,98,59
10/2/2026,6:09:44 AM,97,59
10/2/2026,6:09:45 AM,97,59
10/2/2026,6:09:46 AM,97,60
10/2/2026,6:09:47 AM,97,60
10/2/2026,6:09:48 AM,97,60
10/2/2026,6:09:49 AM,97,60
10/2/2026,6:09:50 AM,97,61
10/2/2026,6:09:51 AM,97,61
10/2/2026,6:09:52 AM,96,61
10/2/2026,6:09:53 AM,96,61
10/2/2026,6:09:54 AM,96,61
10/2/2026,6:09:55 AM,96,61
10/2/2026,6:09:56 AM,96,61
10/2/2026,6:09:57 AM,96,61
10/2/2026,6:09:58 AM,96,61
10/2/2026,6:09:59 AM,96,61
10/2/2026,6:10:00 AM,96,61
10/2/2026,6:10:01 AM,96,60
10/2/2026,6:10:02 AM,96,60
10/2/2026,6:10:03 AM,96,60
10/2/2026,6:10:04 AM,96,60
10/2/2026,6:10:05 AM,96,60
10/2/2026,6:10:06 AM,96,60
10/2/2026,6:10:07 AM,96,60
10/2/2026,6:10:08 AM,96,60
10/2/2026,6:10:09 AM,96,60
10/2/2026,6:10:10 AM,96,60
10/2/2026,6:10:11 AM,96,60
10/2/2026,6:10:12 AM,96,60
10/2/2026,6:10:13 AM,96,60
10/2/2026,6:10:14 AM,96,60
10/2/2026,6:10:15 AM,96,60
10/2/2026,6:10:16 AM,96,60
10/2/2026,6:10:17 AM,96,60
10/2/2026,6:10:18 AM,96,60
10/2/2026,6:10:19 AM,95,60
10/2/2026,6:10:20 AM,95,60
10/2/2026,6:10:21 AM,95,60
10/2/2026,6:10:22 AM,95,61
10/2/2026,6:10:23 AM,95,62
10/2/2026,6:10:24 AM,95,62
10/2/2026,6:10:25 AM,95,62
10/2/2026,6:10:26 AM,95,62
10/2/2026,6:10:27 AM,95,62
10/2/2026,6:10:28 AM,95,62
10/2/2026,6:10:29 AM,95,63
10/2/2026,6:10:30 AM,95,63
10/2/2026,6:10:31 AM,95,64
10/2/2026,6:10:32 AM,96,64
10/2/2026,6:10:33 AM,96,64
10/2/2026,6:10:34 AM,97,64
10/2/2026,6:10:35 AM,98,63
10/2/2026,6:10:36 AM,98,63
10/2/2026,6:10:37 AM,98,63
10/2/2026,6:10:38 AM,99,63
10/2/2026,6:10:39 AM,99,62
10/2/2026,6:10:40 AM,99,62
10/2/2026,6:10:41 AM,99,61
10/2/2026,6:10:42 AM,99,60
10/2/2026,6:10:43 AM,99,60
10/2/2026,6:10:44 AM,99,60
10/2/2026,6:10:45 AM,99,59
10/2/2026,6:10:46 AM,99,59
10/2/2026,6:10:47 AM,99,59
10/2/2026,6:10:48 AM,99,59
10/2/2026,6:10:49 AM,99,58
10/2/2026,6:10:50 AM,99,58
10/2/2026,6:10:51 AM,99,58
10/2/2026,6:10:52 AM,98,58
10/2/2026,6:10:53 AM,98,58
10/2/2026,6:10:54 AM,98,58
10/2/2026,6:10:55 AM,98,58
10/2/2026,6:10:56 AM,98,58
10/2/2026,6:10:57 AM,98,58
10/2/2026,6:10:58 AM,98,58
10/2/2026,6:10:59 AM,98,58
10/2/2026,6:11:00 AM,98,58
10/2/2026,6:11:01 AM,98,58
10/2/2026,6:11:02 AM,98,58
10/2/2026,6:11:03 AM,98,58
10/2/2026,6:11:04 AM,98,58
10/2/2026,6:11:05 AM,98,59
10/2/2026,6:11:06 AM,97,59
10/2/2026,6:11:07 AM,97,59
10/2/2026,6:11:08 AM,97,59
10/2/2026,6:11:09 AM,97,59
10/2/2026,6:11:10 AM,97,59
10/2/2026,6:11:11 AM,97,59
10/2/2026,6:11:12 AM,97,59
10/2/2026,6:11:13 AM,97,59
10/2/2026,6:11:14 AM,97,59
10/2/2026,6:11:15 AM,97,59
10/2/2026,6:11:16 AM,97,59
10/2/2026,6:11:17 AM,97,59
10/2/2026,6:11:18 AM,97,59
10/2/2026,6:11:19 AM,96,59
10/2/2026,6:11:20 AM,96,59
10/2/2026,6:11:21 AM,96,58
10/2/2026,6:11:22 AM,96,59
10/2/2026,6:11:23 AM,96,59
10/2/2026,6:11:24 AM,96,58
10/2/2026,6:11:25 AM,95,59
10/2/2026,6:11:26 AM,95,59
10/2/2026,6:11:27 AM,95,58
10/2/2026,6:11:28 AM,95,58
10/2/2026,6:11:29 AM,95,58
10/2/2026,6:11:30 AM,95,58
10/2/2026,6:11:31 AM,95,58
10/2/2026,6:11:32 AM,95,58
10/2/2026,6:11:33 AM,95,58
10/2/2026,6:11:34 AM,95,58
10/2/2026,6:11:35 AM,95,58
10/2/2026,6:11:36 AM,95,58
10/2/2026,6:11:37 AM,95,58
10/2/2026,6:11:38 AM,95,58
10/2/2026,6:11:39 AM,95,59
10/2/2026,6:11:40 AM,95,60
10/2/2026,6:11:41 AM,95,60
10/2/2026,6:11:42 AM,95,60
10/2/2026,6:11:43 AM,95,61
10/2/2026,6:11:44 AM,95,61
10/2/2026,6:11:45 AM,95,62
10/2/2026,6:11:46 AM,95,62
10/2/2026,6:11:47 AM,95,62
10/2/2026,6:11:48 AM,95,62
10/2/2026,6:11:49 AM,95,61
10/2/2026,6:11:50 AM,95,61
10/2/2026,6:11:51 AM,95,61
10/2/2026,6:11:52 AM,95,61
10/2/2026,6:11:53 AM,95,61
10/2/2026,6:11:54 AM,95,61
10/2/2026,6:11:55 AM,96,60
10/2/2026,6:11:56 AM,96,60
10/2/2026,6:11:57 AM,97,60
10/2/2026,6:11:58 AM,97,60
10/2/2026,6:11:59 AM,98,60
10/2/2026,6:12:00 AM,98,60
10/2/2026,6:12:01 AM,98,60
10/2/2026,6:12:02 AM,99,59
10/2/2026,6:12:03 AM,99,59
10/2/2026,6:12:04 AM,99,59
10/2/2026,6:12:05 AM,99,59
10/2/2026,6:12:06 AM,99,59
10/2/2026,6:12:07 AM,99,59
10/2/2026,6:12:08 AM,99,59
10/2/2026,6:12:09 AM,99,59
10/2/2026,6:12:10 AM,99,59
10/2/2026,6:12:11 AM,99,59
10/2/2026,6:12:12 AM,99,59
10/2/2026,6:12:13 AM,99,59
10/2/2026,6:12:14 AM,99,59
10/2/2026,6:12:15 AM,99,59
10/2/2026,6:12:16 AM,99,59
10/2/2026,6:12:17 AM,99,59
10/2/2026,6:12:18 AM,99,59
10/2/2026,6:12:19 AM,98,59
10/2/2026,6:12:20 AM,98,59
10/2/2026,6:12:21 AM,98,59
10/2/2026,6:12:22 AM,98,59
10/2/2026,6:12:23 AM,98,59
10/2/2026,6:12:24 AM,98,59
10/2/2026,6:12:25 AM,98,59
10/2/2026,6:12:26 AM,98,59
10/2/2026,6:12:27 AM,98,59
10/2/2026,6:12:28 AM,98,59
10/2/2026,6:12:29 AM,98,59
10/2/2026,6:12:30 AM,98,59
10/2/2026,6:12:31 AM,98,59
10/2/2026,6:12:32 AM,98,59
10/2/2026,6:12:33 AM,97,59
10/2/2026,6:12:34 AM,97,60
10/2/2026,6:12:35 AM,97,60
10/2/2026,6:12:36 AM,97,60
10/2/2026,6:12:37 AM,97,60
10/2/2026,6:12:38 AM,97,60
10/2/2026,6:12:39 AM,97,60
10/2/2026,6:12:40 AM,97,60
10/2/2026,6:12:41 AM,97,59
10/2/2026,6:12:42 AM,97,59
10/2/2026,6:12:43 AM,97,59
10/2/2026,6:12:44 AM,96,59
10/2/2026,6:12:45 AM,96,59
10/2/2026,6:12:46 AM,96,59
10/2/2026,6:12:47 AM,96,59
10/2/2026,6:12:48 AM,96,59
10/2/2026,6:12:49 AM,96,60
10/2/2026,6:12:50 AM,95,60
10/2/2026,6:12:51 AM,95,61
10/2/2026,6:12:52 AM,95,61
10/2/2026,6:12:53 AM,95,61
10/2/2026,6:12:54 AM,95,61
10/2/2026,6:12:55 AM,95,61
10/2/2026,6:12:56 AM,95,61
10/2/2026,6:12:57 AM,95,61
10/2/2026,6:12:58 AM,95,61
10/2/2026,6:12:59 AM,95,61
10/2/2026,6:13:00 AM,95,61
10/2/2026,6:13:01 AM,96,61
10/2/2026,6:13:02 AM,96,61
10/2/2026,6:13:03 AM,96,61
10/2/2026,6:13:04 AM,96,61
10/2/2026,6:13:05 AM,97,60
10/2/2026,6:13:06 AM,97,60
10/2/2026,6:13:07 AM,97,60
10/2/2026,6:13:08 AM,98,60
10/2/2026,6:13:09 AM,98,59
10/2/2026,6:13:10 AM,98,59
10/2/2026,6:13:11 AM,98,59
10/2/2026,6:13:12 AM,98,59
10/2/2026,6:13:13 AM,98,59
10/2/2026,6:13:14 AM,98,59
10/2/2026,6:13:15 AM,98,59
10/2/2026,6:13:16 AM,98,59
10/2/2026,6:13:17 AM,98,59
10/2/2026,6:13:18 AM,98,59
10/2/2026,6:13:19 AM,98,59
10/2/2026,6:13:20 AM,98,59
10/2/2026,6:13:21 AM,98,59
10/2/2026,6:13:22 AM,98,59
10/2/2026,6:13:23 AM,98,60
10/2/2026,6:13:24 AM,98,60
10/2/2026,6:13:25 AM,98,60
10/2/2026,6:13:26 AM,98,60
10/2/2026,6:13:27 AM,98,60
10/2/2026,6:13:28 AM,98,60
10/2/2026,6:13:29 AM,98,60
10/2/2026,6:13:30 AM,98,60
10/2/2026,6:13:31 AM,97,60
10/2/2026,6:13:32 AM,97,60
10/2/2026,6:13:33 AM,97,60
10/2/2026,6:13:34 AM,97,60
10/2/2026,6:13:35 AM,97,60
10/2/2026,6:13:36 AM,97,60
10/2/2026,6:13:37 AM,97,60
10/2/2026,6:13:38 AM,97,60
10/2/2026,6:13:39 AM,97,60
10/2/2026,6:13:40 AM,97,60
10/2/2026,6:13:41 AM,97,60
10/2/2026,6:13:42 AM,97,60
10/2/2026,6:13:43 AM,97,60
10/2/2026,6:13:44 AM,96,59
10/2/2026,6:13:45 AM,96,59
10/2/2026,6:13:46 AM,96,59
10/2/2026,6:13:47 AM,96,59
10/2/2026,6:13:48 AM,96,59
10/2/2026,6:13:49 AM,96,59
10/2/2026,6:13:50 AM,96,59
10/2/2026,6:13:51 AM,96,59
10/2/2026,6:13:52 AM,96,59
10/2/2026,6:13:53 AM,95,59
10/2/2026,6:13:54 AM,95,59
10/2/2026,6:13:55 AM,95,60
10/2/2026,6:13:56 AM,95,60
10/2/2026,6:13:57 AM,95,60
10/2/2026,6:13:58 AM,95,60
10/2/2026,6:13:59 AM,95,60
10/2/2026,6:14:00 AM,95,61
10/2/2026,6:14:01 AM,95,61
10/2/2026,6:14:02 AM,95,61
10/2/2026,6:14:03 AM,95,61
10/2/2026,6:14:04 AM,95,61
10/2/2026,6:14:05 AM,95,61
10/2/2026,6:14:06 AM,95,62
10/2/2026,6:14:07 AM,95,62
10/2/2026,6:14:08 AM,95,62
10/2/2026,6:14:09 AM,95,63
10/2/2026,6:14:10 AM,95,63
10/2/2026,6:14:11 AM,95,63
10/2/2026,6:14:12 AM,95,63
10/2/2026,6:14:13 AM,95,63
10/2/2026,6:14:14 AM,95,63
10/2/2026,6:14:15 AM,95,63
10/2/2026,6:14:16 AM,95,63
10/2/2026,6:14:17 AM,96,63
10/2/2026,6:14:18 AM,96,62
10/2/2026,6:14:19 AM,96,61
10/2/2026,6:14:20 AM,96,61
10/2/2026,6:14:21 AM,97,60
10/2/2026,6:14:22 AM,97,60
10/2/2026,6:14:23 AM,98,60
10/2/2026,6:14:24 AM,98,59
10/2/2026,6:14:25 AM,98,59
10/2/2026,6:14:26 AM,99,59
10/2/2026,6:14:27 AM,99,59
10/2/2026,6:14:28 AM,99,58
10/2/2026,6:14:29 AM,99,58
10/2/2026,6:14:30 AM,99,58
10/2/2026,6:14:31 AM,99,58
10/2/2026,6:14:32 AM,99,58
10/2/2026,6:14:33 AM,99,58
10/2/2026,6:14:34 AM,99,58
10/2/2026,6:14:35 AM,98,58
10/2/2026,6:14:36 AM,98,58
10/2/2026,6:14:37 AM,98,58
10/2/2026,6:14:38 AM,98,59
10/2/2026,6:14:39 AM,98,59
10/2/2026,6:14:40 AM,98,59
10/2/2026,6:14:41 AM,98,60
10/2/2026,6:14:42 AM,98,60
10/2/2026,6:14:43 AM,98,60
10/2/2026,6:14:44 AM,98,60
10/2/2026,6:14:45 AM,98,60
10/2/2026,6:14:46 AM,98,60
10/2/2026,6:14:47 AM,98,60
10/2/2026,6:14:48 AM,98,59
10/2/2026,6:14:49 AM,98,59
10/2/2026,6:14:50 AM,98,59
10/2/2026,6:14:51 AM,98,58
10/2/2026,6:14:52 AM,97,58
10/2/2026,6:14:53 AM,97,58
10/2/2026,6:14:54 AM,97,58
10/2/2026,6:14:55 AM,97,57
10/2/2026,6:14:56 AM,97,57
10/2/2026,6:14:57 AM,97,57
10/2/2026,6:14:58 AM,97,58
10/2/2026,6:14:59 AM,97,58
10/2/2026,6:15:00 AM,96,58
10/2/2026,6:15:01 AM,96,59
10/2/2026,6:15:02 AM,96,59
10/2/2026,6:15:03 AM,96,59
10/2/2026,6:15:04 AM,96,60
10/2/2026,6:15:05 AM,96,60
10/2/2026,6:15:06 AM,96,60
10/2/2026,6:15:07 AM,96,60
10/2/2026,6:15:08 AM,96,61
10/2/2026,6:15:09 AM,95,61
10/2/2026,6:15:10 AM,95,61
10/2/2026,6:15:11 AM,95,61
10/2/2026,6:15:12 AM,95,61
10/2/2026,6:15:13 AM,95,62
10/2/2026,6:15:14 AM,95,62
10/2/2026,6:15:15 AM,95,63
10/2/2026,6:15:16 AM,95,63
10/2/2026,6:15:17 AM,95,63
10/2/2026,6:15:18 AM,95,63
10/2/2026,6:15:19 AM,95,63
10/2/2026,6:15:20 AM,95,63
10/2/2026,6:15:21 AM,95,63
10/2/2026,6:15:22 AM,96,63
10/2/2026,6:15:23 AM,96,63
10/2/2026,6:15:24 AM,96,63
10/2/2026,6:15:25 AM,96,63
10/2/2026,6:15:26 AM,96,63
10/2/2026,6:15:27 AM,96,63
10/2/2026,6:15:28 AM,96,63
10/2/2026,6:15:29 AM,96,63
10/2/2026,6:15:30 AM,96,63
10/2/2026,6:15:31 AM,96,63
10/2/2026,6:15:32 AM,96,63
10/2/2026,6:15:33 AM,96,63
10/2/2026,6:15:34 AM,96,63
10/2/2026,6:15:35 AM,96,63
10/2/2026,6:15:36 AM,96,63
10/2/2026,6:15:37 AM,96,63
10/2/2026,6:15:38 AM,96,64
10/2/2026,6:15:39 AM,97,63
10/2/2026,6:15:40 AM,97,63
10/2/2026,6:15:41 AM,97,63
10/2/2026,6:15:42 AM,97,63
10/2/2026,6:15:43 AM,97,62
10/2/2026,6:15:44 AM,98,62
10/2/2026,6:15:45 AM,98,62
10/2/2026,6:15:46 AM,98,61
10/2/2026,6:15:47 AM,98,61
10/2/2026,6:15:48 AM,98,61
10/2/2026,6:15:49 AM,99,61
10/2/2026,6:15:50 AM,99,60
10/2/2026,6:15:51 AM,99,60
10/2/2026,6:15:52 AM,99,60
10/2/2026,6:15:53 AM,99,59
10/2/2026,6:15:54 AM,99,59
10/2/2026,6:15:55 AM,99,59
10/2/2026,6:15:56 AM,99,59
10/2/2026,6:15:57 AM,99,59
10/2/2026,6:15:58 AM,99,59
10/2/2026,6:15:59 AM,99,59
10/2/2026,6:16:00 AM,99,59
10/2/2026,6:16:01 AM,99,59
10/2/2026,6:16:02 AM,99,59
10/2/2026,6:16:03 AM,99,59
10/2/2026,6:16:04 AM,99,59
10/2/2026,6:16:05 AM,99,59
10/2/2026,6:16:06 AM,99,59
10/2/2026,6:16:07 AM,99,59
10/2/2026,6:16:08 AM,99,60
10/2/2026,6:16:09 AM,98,60
10/2/2026,6:16:10 AM,98,60
10/2/2026,6:16:11 AM,98,60
10/2/2026,6:16:12 AM,98,60
10/2/2026,6:16:13 AM,98,59
10/2/2026,6:16:14 AM,98,59
10/2/2026,6:16:15 AM,98,59
10/2/2026,6:16:16 AM,98,59
10/2/2026,6:16:17 AM,98,58
10/2/2026,6:16:18 AM,98,58
10/2/2026,6:16:19 AM,98,58
10/2/2026,6:16:20 AM,98,58
10/2/2026,6:16:21 AM,98,58
10/2/2026,6:16:22 AM,98,58
10/2/2026,6:16:23 AM,98,58
10/2/2026,6:16:24 AM,98,58
10/2/2026,6:16:25 AM,98,58
10/2/2026,6:16:26 AM,98,58
10/2/2026,6:16:27 AM,98,58
10/2/2026,6:16:28 AM,98,58
10/2/2026,6:16:29 AM,98,59
10/2/2026,6:16:30 AM,97,59
10/2/2026,6:16:31 AM,97,59
10/2/2026,6:16:32 AM,97,60
10/2/2026,6:16:33 AM,97,60
10/2/2026,6:16:34 AM,97,60
10/2/2026,6:16:35 AM,97,60
10/2/2026,6:16:36 AM,97,61
10/2/2026,6:16:37 AM,97,61
10/2/2026,6:16:38 AM,97,61
10/2/2026,6:16:39 AM,97,61
10/2/2026,6:16:40 AM,97,61
10/2/2026,6:16:41 AM,97,61
10/2/2026,6:16:42 AM,97,61
10/2/2026,6:16:43 AM,98,62
10/2/2026,6:16:44 AM,98,62
10/2/2026,6:16:45 AM,98,62
10/2/2026,6:16:46 AM,98,62
10/2/2026,6:16:47 AM,98,62
10/2/2026,6:16:48 AM,98,62
10/2/2026,6:16:49 AM,98,62
10/2/2026,6:16:50 AM,98,62
10/2/2026,6:16:51 AM,98,62
10/2/2026,6:16:52 AM,98,61
10/2/2026,6:16:53 AM,98,61
10/2/2026,6:16:54 AM,98,61
10/2/2026,6:16:55 AM,98,61
10/2/2026,6:16:56 AM,98,61
10/2/2026,6:16:57 AM,98,61
10/2/2026,6:16:58 AM,98,61
10/2/2026,6:16:59 AM,98,61
10/2/2026,6:17:00 AM,98,61
10/2/2026,6:17:01 AM,98,61
10/2/2026,6:17:02 AM,98,61
10/2/2026,6:17:03 AM,98,61
10/2/2026,6:17:04 AM,98,61
10/2/2026,6:17:05 AM,98,61
10/2/2026,6:17:06 AM,98,61
10/2/2026,6:17:07 AM,98,61
10/2/2026,6:17:08 AM,98,61
10/2/2026,6:17:09 AM,98,61
10/2/2026,6:17:10 AM,98,60
10/2/2026,6:17:11 AM,98,60
10/2/2026,6:17:12 AM,98,60
10/2/2026,6:17:13 AM,98,60
10/2/2026,6:17:14 AM,98,60
10/2/2026,6:17:15 AM,98,60
10/2/2026,6:17:16 AM,98,60
10/2/2026,6:17:17 AM,98,60
10/2/2026,6:17:18 AM,98,60
10/2/2026,6:17:19 AM,98,60
10/2/2026,6:17:20 AM,98,60
10/2/2026,6:17:21 AM,98,60
10/2/2026,6:17:22 AM,97,60
10/2/2026,6:17:23 AM,97,61
10/2/2026,6:17:24 AM,97,61
10/2/2026,6:17:25 AM,97,61
10/2/2026,6:17:26 AM,97,62
10/2/2026,6:17:27 AM,97,62
10/2/2026,6:17:28 AM,97,62
10/2/2026,6:17:29 AM,97,62
10/2/2026,6:17:30 AM,97,62
10/2/2026,6:17:31 AM,97,62
10/2/2026,6:17:32 AM,97,61
10/2/2026,6:17:33 AM,97,61
10/2/2026,6:17:34 AM,97,61
10/2/2026,6:17:35 AM,97,60
10/2/2026,6:17:36 AM,97,60
10/2/2026,6:17:37 AM,96,60
10/2/2026,6:17:38 AM,96,60
10/2/2026,6:17:39 AM,96,60
10/2/2026,6:17:40 AM,96,60
10/2/2026,6:17:41 AM,96,60
10/2/2026,6:17:42 AM,96,60
10/2/2026,6:17:43 AM,96,60
10/2/2026,6:17:44 AM,96,60
10/2/2026,6:17:45 AM,96,60
10/2/2026,6:17:46 AM,96,61
10/2/2026,6:17:47 AM,96,61
10/2/2026,6:17:48 AM,97,61
10/2/2026,6:17:49 AM,97,61
10/2/2026,6:17:50 AM,97,61
10/2/2026,6:17:51 AM,97,61
10/2/2026,6:17:52 AM,97,61
10/2/2026,6:17:53 AM,97,61
10/2/2026,6:17:54 AM,97,61
10/2/2026,6:17:55 AM,97,61
10/2/2026,6:17:56 AM,97,61
10/2/2026,6:17:57 AM,97,61
10/2/2026,6:17:58 AM,97,61
10/2/2026,6:17:59 AM,97,61
10/2/2026,6:18:00 AM,97,61
10/2/2026,6:18:01 AM,97,61
10/2/2026,6:18:02 AM,97,61
10/2/2026,6:18:03 AM,97,60
10/2/2026,6:18:04 AM,97,60
10/2/2026,6:18:05 AM,97,60
10/2/2026,6:18:06 AM,97,60
10/2/2026,6:18:07 AM,97,60
10/2/2026,6:18:08 AM,97,60
10/2/2026,6:18:09 AM,97,60
10/2/2026,6:18:10 AM,97,60
10/2/2026,6:18:11 AM,97,60
10/2/2026,6:18:12 AM,97,60
10/2/2026,6:18:13 AM,97,60
10/2/2026,6:18:14 AM,97,59
10/2/2026,6:18:15 AM,97,59
10/2/2026,6:18:16 AM,97,59
10/2/2026,6:18:17 AM,97,59
10/2/2026,6:18:18 AM,97,59
10/2/2026,6:18:19 AM,97,59
10/2/2026,6:18:20 AM,97,59
10/2/2026,6:18:21 AM,97,59
10/2/2026,6:18:22 AM,97,60
10/2/2026,6:18:23 AM,97,60
10/2/2026,6:18:24 AM,97,60
10/2/2026,6:18:25 AM,97,60
10/2/2026,6:18:26 AM,97,60
10/2/2026,6:18:27 AM,97,60
10/2/2026,6:18:28 AM,97,60
10/2/2026,6:18:29 AM,97,60
10/2/2026,6:18:30 AM,97,60
10/2/2026,6:18:31 AM,97,60
10/2/2026,6:18:32 AM,97,60
10/2/2026,6:18:33 AM,97,60
10/2/2026,6:18:34 AM,97,60
10/2/2026,6:18:35 AM,97,61
10/2/2026,6:18:36 AM,97,61
10/2/2026,6:18:37 AM,96,61
10/2/2026,6:18:38 AM,96,61
10/2/2026,6:18:39 AM,96,61
10/2/2026,6:18:40 AM,96,61
10/2/2026,6:18:41 AM,96,61
10/2/2026,6:18:42 AM,96,62
10/2/2026,6:18:43 AM,96,62
10/2/2026,6:18:44 AM,96,62
10/2/2026,6:18:45 AM,97,62
10/2/2026,6:18:46 AM,97,62
10/2/2026,6:18:47 AM,97,62
10/2/2026,6:18:48 AM,97,62
10/2/2026,6:18:49 AM,97,62
10/2/2026,6:18:50 AM,97,61
10/2/2026,6:18:51 AM,97,61
10/2/2026,6:18:52 AM,97,61
10/2/2026,6:18:53 AM,97,61
10/2/2026,6:18:54 AM,97,61
10/2/2026,6:18:55 AM,97,60
10/2/2026,6:18:56 AM,97,60
10/2/2026,6:18:57 AM,97,60
10/2/2026,6:18:58 AM,97,60
10/2/2026,6:18:59 AM,97,60
10/2/2026,6:19:00 AM,97,60
10/2/2026,6:19:01 AM,97,60
10/2/2026,6:19:02 AM,97,60
10/2/2026,6:19:03 AM,98,60
10/2/2026,6:19:04 AM,98,60
10/2/2026,6:19:05 AM,98,60
10/2/2026,6:19:06 AM,98,60
10/2/2026,6:19:07 AM,98,60
10/2/2026,6:19:08 AM,98,60
10/2/2026,6:19:09 AM,98,60
10/2/2026,6:19:10 AM,98,60
10/2/2026,6:19:11 AM,98,60
10/2/2026,6:19:12 AM,98,60
10/2/2026,6:19:13 AM,98,60
10/2/2026,6:19:14 AM,98,60
10/2/2026,6:19:15 AM,98,60
10/2/2026,6:19:16 AM,98,60
10/2/2026,6:19:17 AM,98,60
10/2/2026,6:19:18 AM,98,60
10/2/2026,6:19:19 AM,98,60
10/2/2026,6:19:20 AM,98,60
10/2/2026,6:19:21 AM,98,60
10/2/2026,6:19:22 AM,98,60
10/2/2026,6:19:23 AM,98,60
10/2/2026,6:19:24 AM,97,60
10/2/2026,6:19:25 AM,97,60
10/2/2026,6:19:26 AM,97,60
10/2/2026,6:19:27 AM,97,61
10/2/2026,6:19:28 AM,97,61
10/2/2026,6:19:29 AM,97,61
10/2/2026,6:19:30 AM,97,61
10/2/2026,6:19:31 AM,97,61
10/2/2026,6:19:32 AM,97,61
10/2/2026,6:19:33 AM,97,61
10/2/2026,6:19:34 AM,97,61
10/2/2026,6:19:35 AM,97,61
10/2/2026,6:19:36 AM,97,61
10/2/2026,6:19:37 AM,97,61
10/2/2026,6:19:38 AM,97,61
10/2/2026,6:19:39 AM,97,61
10/2/2026,6:19:40 AM,97,61
10/2/2026,6:19:41 AM,97,61
10/2/2026,6:19:42 AM,97,61
10/2/2026,6:19:43 AM,97,61
10/2/2026,6:19:44 AM,97,61
10/2/2026,6:19:45 AM,97,61
10/2/2026,6:19:46 AM,97,61
10/2/2026,6:19:47 AM,97,61
10/2/2026,6:19:48 AM,97,61
10/2/2026,6:19:49 AM,97,61
10/2/2026,6:19:50 AM,97,61
10/2/2026,6:19:51 AM,97,61
10/2/2026,6:19:52 AM,97,61
10/2/2026,6:19:53 AM,98,61
10/2/2026,6:19:54 AM,98,61
10/2/2026,6:19:55 AM,98,61
10/2/2026,6:19:56 AM,98,61
10/2/2026,6:19:57 AM,98,61
10/2/2026,6:19:58 AM,98,61
10/2/2026,6:19:59 AM,98,61
10/2/2026,6:20:00 AM,98,61
10/2/2026,6:20:01 AM,98,61
10/2/2026,6:20:02 AM,98,61
10/2/2026,6:20:03 AM,98,61
10/2/2026,6:20:04 AM,98,61
10/2/2026,6:20:05 AM,98,61
10/2/2026,6:20:06 AM,98,62
10/2/2026,6:20:07 AM,98,62
10/2/2026,6:20:08 AM,98,62
10/2/2026,6:20:09 AM,98,62
10/2/2026,6:20:10 AM,98,62
10/2/2026,6:20:11 AM,98,62
10/2/2026,6:20:12 AM,98,62
10/2/2026,6:20:13 AM,98,61
10/2/2026,6:20:14 AM,98,61
10/2/2026,6:20:15 AM,98,61
10/2/2026,6:20:16 AM,98,61
10/2/2026,6:20:17 AM,98,61
10/2/2026,6:20:18 AM,98,61
10/2/2026,6:20:19 AM,98,61
10/2/2026,6:20:20 AM,98,61
10/2/2026,6:20:21 AM,97,61
10/2/2026,6:20:22 AM,97,61
10/2/2026,6:20:23 AM,97,61
10/2/2026,6:20:24 AM,97,61
10/2/2026,6:20:25 AM,97,61
10/2/2026,6:20:26 AM,97,61
10/2/2026,6:20:27 AM,98,61
10/2/2026,6:20:28 AM,98,61
10/2/2026,6:20:29 AM,98,61
10/2/2026,6:20:30 AM,98,61
10/2/2026,6:20:31 AM,98,61
10/2/2026,6:20:32 AM,98,62
10/2/2026,6:20:33 AM,98,62
10/2/2026,6:20:34 AM,98,62
10/2/2026,6:20:35 AM,98,62
10/2/2026,6:20:36 AM,98,62
10/2/2026,6:20:37 AM,98,62
10/2/2026,6:20:38 AM,98,62
10/2/2026,6:20:39 AM,98,62
10/2/2026,6:20:40 AM,98,62
10/2/2026,6:20:41 AM,98,62
10/2/2026,6:20:42 AM,98,62
10/2/2026,6:20:43 AM,98,62
10/2/2026,6:20:44 AM,98,62
10/2/2026,6:20:45 AM,98,62
10/2/2026,6:20:46 AM,98,62
10/2/2026,6:20:47 AM,98,62
10/2/2026,6:20:48 AM,98,61
10/2/2026,6:20:49 AM,98,61
10/2/2026,6:20:50 AM,98,62
10/2/2026,6:20:51 AM,98,62
10/2/2026,6:20:52 AM,98,62
10/2/2026,6:20:53 AM,98,62
10/2/2026,6:20:54 AM,98,62
10/2/2026,6:20:55 AM,98,62
10/2/2026,6:20:56 AM,98,62
10/2/2026,6:20:57 AM,98,62
10/2/2026,6:20:58 AM,98,62
10/2/2026,6:20:59 AM,98,62
10/2/2026,6:21:00 AM,98,62
10/2/2026,6:21:01 AM,98,62
10/2/2026,6:21:02 AM,97,62
10/2/2026,6:21:03 AM,97,62
10/2/2026,6:21:04 AM,97,62
10/2/2026,6:21:05 AM,97,62
10/2/2026,6:21:06 AM,97,62
10/2/2026,6:21:07 AM,97,62
10/2/2026,6:21:08 AM,97,62
10/2/2026,6:21:09 AM,97,62
10/2/2026,6:21:10 AM,97,62
10/2/2026,6:21:11 AM,97,62
10/2/2026,6:21:12 AM,97,62
10/2/2026,6:21:13 AM,97,62
10/2/2026,6:21:14 AM,97,62
10/2/2026,6:21:15 AM,97,62
10/2/2026,6:21:16 AM,97,63
10/2/2026,6:21:17 AM,97,63
10/2/2026,6:21:18 AM,97,63
10/2/2026,6:21:19 AM,97,63
10/2/2026,6:21:20 AM,97,63
10/2/2026,6:21:21 AM,97,63
10/2/2026,6:21:22 AM,97,63
10/2/2026,6:21:23 AM,97,63
10/2/2026,6:21:24 AM,97,63
10/2/2026,6:21:25 AM,97,63
10/2/2026,6:21:26 AM,97,63
10/2/2026,6:21:27 AM,97,64
10/2/2026,6:21:28 AM,98,64
10/2/2026,6:21:29 AM,98,64
10/2/2026,6:21:30 AM,98,64
10/2/2026,6:21:31 AM,97,64
10/2/2026,6:21:32 AM,98,64
10/2/2026,6:21:33 AM,98,63
10/2/2026,6:21:34 AM,98,63
10/2/2026,6:21:35 AM,98,63
10/2/2026,6:21:36 AM,98,63
10/2/2026,6:21:37 AM,98,63
10/2/2026,6:21:38 AM,98,63
10/2/2026,6:21:39 AM,98,63
10/2/2026,6:21:40 AM,98,63
10/2/2026,6:21:41 AM,98,63
10/2/2026,6:21:42 AM,98,63
10/2/2026,6:21:43 AM,98,63
10/2/2026,6:21:44 AM,98,63
10/2/2026,6:21:45 AM,98,63
10/2/2026,6:21:46 AM,98,63
10/2/2026,6:21:47 AM,98,63
10/2/2026,6:21:48 AM,98,63
10/2/2026,6:21:49 AM,98,63
10/2/2026,6:21:50 AM,98,63
10/2/2026,6:21:51 AM,98,63
10/2/2026,6:21:52 AM,98,63
10/2/2026,6:21:53 AM,98,63
10/2/2026,6:21:54 AM,98,63
10/2/2026,6:21:55 AM,98,63
10/2/2026,6:21:56 AM,98,63
10/2/2026,6:21:57 AM,98,63
10/2/2026,6:21:58 AM,98,63
10/2/2026,6:21:59 AM,98,63
10/2/2026,6:22:00 AM,98,63
10/2/2026,6:22:01 AM,98,63
10/2/2026,6:22:02 AM,98,63
10/2/2026,6:22:03 AM,98,63
10/2/2026,6:22:04 AM,98,63
10/2/2026,6:22:05 AM,98,63
10/2/2026,6:22:06 AM,98,63
10/2/2026,6:22:07 AM,98,64
10/2/2026,6:22:08 AM,98,64
10/2/2026,6:22:09 AM,98,64
10/2/2026,6:22:10 AM,98,64
10/2/2026,6:22:11 AM,98,64
10/2/2026,6:22:12 AM,98,64
10/2/2026,6:22:13 AM,98,65
10/2/2026,6:22:14 AM,98,65
10/2/2026,6:22:15 AM,98,65
10/2/2026,6:22:16 AM,98,65
10/2/2026,6:22:17 AM,98,65
10/2/2026,6:22:18 AM,98,65
10/2/2026,6:22:19 AM,98,65
10/2/2026,6:22:20 AM,98,65
10/2/2026,6:22:21 AM,98,65
10/2/2026,6:22:22 AM,98,65
10/2/2026,6:22:23 AM,98,65
10/2/2026,6:22:24 AM,98,65
10/2/2026,6:22:25 AM,98,65
10/2/2026,6:22:26 AM,98,65
10/2/2026,6:22:27 AM,98,65
10/2/2026,6:22:28 AM,98,65
10/2/2026,6:22:29 AM,98,65
10/2/2026,6:22:30 AM,98,65
10/2/2026,6:22:31 AM,98,65
10/2/2026,6:22:32 AM,97,65
10/2/2026,6:22:33 AM,97,65
10/2/2026,6:22:34 AM,97,65
10/2/2026,6:22:35 AM,97,65
10/2/2026,6:22:36 AM,97,65
10/2/2026,6:22:37 AM,98,65
10/2/2026,6:22:38 AM,98,65
10/2/2026,6:22:39 AM,98,65
10/2/2026,6:22:40 AM,98,65
10/2/2026,6:22:41 AM,98,65
10/2/2026,6:22:42 AM,98,65
10/2/2026,6:22:43 AM,98,66
10/2/2026,6:22:44 AM,98,66
10/2/2026,6:22:45 AM,98,67
10/2/2026,6:22:46 AM,98,67
10/2/2026,6:22:47 AM,98,67
10/2/2026,6:22:48 AM,98,67
10/2/2026,6:22:49 AM,98,67
10/2/2026,6:22:50 AM,98,67
10/2/2026,6:22:51 AM,98,67
10/2/2026,6:22:52 AM,98,67
10/2/2026,6:22:53 AM,98,65
10/2/2026,6:22:54 AM,98,65
10/2/2026,6:22:55 AM,98,64
10/2/2026,6:22:56 AM,98,64
10/2/2026,6:22:57 AM,98,64
10/2/2026,6:22:58 AM,98,63
10/2/2026,6:22:59 AM,98,63
10/2/2026,6:23:00 AM,98,63
10/2/2026,6:23:01 AM,98,63
10/2/2026,6:23:02 AM,98,63
10/2/2026,6:23:03 AM,98,63
10/2/2026,6:23:04 AM,98,63
10/2/2026,6:23:05 AM,98,64
10/2/2026,6:23:06 AM,98,65
10/2/2026,6:23:07 AM,98,65
10/2/2026,6:23:08 AM,98,65
10/2/2026,6:23:09 AM,98,66
10/2/2026,6:23:10 AM,97,66
10/2/2026,6:23:11 AM,97,66
10/2/2026,6:23:12 AM,97,66
10/2/2026,6:23:13 AM,98,66
10/2/2026,6:23:14 AM,98,66
10/2/2026,6:23:15 AM,98,66
10/2/2026,6:23:16 AM,98,66
10/2/2026,6:23:17 AM,98,66
10/2/2026,6:23:18 AM,98,66
10/2/2026,6:23:19 AM,98,65
10/2/2026,6:23:20 AM,98,65
10/2/2026,6:23:21 AM,98,65
10/2/2026,6:23:22 AM,98,65
10/2/2026,6:23:23 AM,98,65
10/2/2026,6:23:24 AM,98,64
10/2/2026,6:23:25 AM,98,64
10/2/2026,6:23:26 AM,98,63
10/2/2026,6:23:27 AM,98,63
10/2/2026,6:23:28 AM,98,63
10/2/2026,6:23:29 AM,98,62
10/2/2026,6:23:30 AM,98,62
10/2/2026,6:23:31 AM,98,62
10/2/2026,6:23:32 AM,98,62
10/2/2026,6:23:33 AM,98,62
10/2/2026,6:23:34 AM,98,62
10/2/2026,6:23:35 AM,98,62
10/2/2026,6:23:36 AM,98,62
10/2/2026,6:23:37 AM,98,62
10/2/2026,6:23:38 AM,98,62
10/2/2026,6:23:39 AM,98,62
10/2/2026,6:23:40 AM,98,62
10/2/2026,6:23:41 AM,98,62
10/2/2026,6:23:42 AM,98,63
10/2/2026,6:23:43 AM,98,63
10/2/2026,6:23:44 AM,98,63
10/2/2026,6:23:45 AM,98,63
10/2/2026,6:23:46 AM,98,63
10/2/2026,6:23:47 AM,98,63
10/2/2026,6:23:48 AM,98,63
10/2/2026,6:23:49 AM,98,63
10/2/2026,6:23:50 AM,98,63
10/2/2026,6:23:51 AM,98,63
10/2/2026,6:23:52 AM,98,63
10/2/2026,6:23:53 AM,98,63
10/2/2026,6:23:54 AM,98,63
10/2/2026,6:23:55 AM,98,63
10/2/2026,6:23:56 AM,98,63
10/2/2026,6:23:57 AM,98,63
10/2/2026,6:23:58 AM,98,63
10/2/2026,6:23:59 AM,98,63
10/2/2026,6:24:00 AM,98,63
10/2/2026,6:24:01 AM,98,63
10/2/2026,6:24:02 AM,98,63
10/2/2026,6:24:03 AM,98,63
10/2/2026,6:24:04 AM,98,63
10/2/2026,6:24:05 AM,98,63
10/2/2026,6:24:06 AM,98,63
10/2/2026,6:24:07 AM,98,63
10/2/2026,6:24:08 AM,98,63
10/2/2026,6:24:09 AM,98,63
10/2/2026,6:24:10 AM,98,63
10/2/2026,6:24:11 AM,98,63
10/2/2026,6:24:12 AM,98,63
10/2/2026,6:24:13 AM,98,63
10/2/2026,6:24:14 AM,98,63
10/2/2026,6:24:15 AM,98,63
10/2/2026,6:24:16 AM,98,63
10/2/2026,6:24:17 AM,98,63
10/2/2026,6:24:18 AM,98,63
10/2/2026,6:24:19 AM,98,63
10/2/2026,6:24:20 AM,98,63
10/2/2026,6:24:21 AM,98,63
10/2/2026,6:24:22 AM,98,63
10/2/2026,6:24:23 AM,98,63
10/2/2026,6:24:24 AM,98,63
10/2/2026,6:24:25 AM,98,63
10/2/2026,6:24:26 AM,98,62
10/2/2026,6:24:27 AM,98,62
10/2/2026,6:24:28 AM,98,62
10/2/2026,6:24:29 AM,98,62
10/2/2026,6:24:30 AM,98,62
10/2/2026,6:24:31 AM,98,62
10/2/2026,6:24:32 AM,98,61
10/2/2026,6:24:33 AM,98,61
10/2/2026,6:24:34 AM,98,61
10/2/2026,6:24:35 AM,98,61
10/2/2026,6:24:36 AM,98,61
10/2/2026,6:24:37 AM,98,61
10/2/2026,6:24:38 AM,98,61
10/2/2026,6:24:39 AM,98,61
10/2/2026,6:24:40 AM,98,61
10/2/2026,6:24:41 AM,98,61
10/2/2026,6:24:42 AM,98,61
10/2/2026,6:24:43 AM,98,61
10/2/2026,6:24:44 AM,98,61
10/2/2026,6:24:45 AM,98,61
10/2/2026,6:24:46 AM,98,61
10/2/2026,6:24:47 AM,98,61
10/2/2026,6:24:48 AM,98,61
10/2/2026,6:24:49 AM,98,61
10/2/2026,6:24:50 AM,98,61
10/2/2026,6:24:51 AM,98,61
10/2/2026,6:24:52 AM,98,61
10/2/2026,6:24:53 AM,98,61
10/2/2026,6:24:54 AM,98,61
10/2/2026,6:24:55 AM,98,61
10/2/2026,6:24:56 AM,98,61
10/2/2026,6:24:57 AM,97,61
10/2/2026,6:24:58 AM,97,61
10/2/2026,6:24:59 AM,97,61
10/2/2026,6:25:00 AM,97,61
10/2/2026,6:25:01 AM,97,62
10/2/2026,6:25:02 AM,97,62
10/2/2026,6:25:03 AM,97,62
10/2/2026,6:25:04 AM,97,62
10/2/2026,6:25:05 AM,97,62
10/2/2026,6:25:06 AM,97,62
10/2/2026,6:25:07 AM,97,62
10/2/2026,6:25:08 AM,97,62
10/2/2026,6:25:09 AM,97,62
10/2/2026,6:25:10 AM,97,62
10/2/2026,6:25:11 AM,97,62
10/2/2026,6:25:12 AM,97,62
10/2/2026,6:25:13 AM,97,62
10/2/2026,6:25:14 AM,97,62
10/2/2026,6:25:15 AM,97,62
10/2/2026,6:25:16 AM,97,63
10/2/2026,6:25:17 AM,97,63
10/2/2026,6:25:18 AM,98,64
10/2/2026,6:25:19 AM,98,64
10/2/2026,6:25:20 AM,98,64
10/2/2026,6:25:21 AM,98,63
10/2/2026,6:25:22 AM,98,63
10/2/2026,6:25:23 AM,98,62
10/2/2026,6:25:24 AM,98,62
10/2/2026,6:25:25 AM,99,61
10/2/2026,6:25:26 AM,99,61
10/2/2026,6:25:27 AM,99,60
10/2/2026,6:25:28 AM,99,60
10/2/2026,6:25:29 AM,99,59
10/2/2026,6:25:30 AM,99,59
10/2/2026,6:25:31 AM,99,59
10/2/2026,6:25:32 AM,99,59
10/2/2026,6:25:33 AM,99,59
10/2/2026,6:25:34 AM,99,59
10/2/2026,6:25:35 AM,99,59
10/2/2026,6:25:36 AM,99,59
10/2/2026,6:25:37 AM,99,59
10/2/2026,6:25:38 AM,99,59
10/2/2026,6:25:39 AM,99,59
10/2/2026,6:25:40 AM,99,59
10/2/2026,6:25:41 AM,99,59
10/2/2026,6:25:42 AM,99,59
10/2/2026,6:25:43 AM,99,59
10/2/2026,6:25:44 AM,99,59
10/2/2026,6:25:45 AM,99,60
10/2/2026,6:25:46 AM,99,60
10/2/2026,6:25:47 AM,99,60
10/2/2026,6:25:48 AM,99,60
10/2/2026,6:25:49 AM,98,60
10/2/2026,6:25:50 AM,98,60
10/2/2026,6:25:51 AM,98,60
10/2/2026,6:25:52 AM,98,60
10/2/2026,6:25:53 AM,98,60
10/2/2026,6:25:54 AM,98,60
10/2/2026,6:25:55 AM,98,59
10/2/2026,6:25:56 AM,98,59
10/2/2026,6:25:57 AM,98,59
10/2/2026,6:25:58 AM,98,59
10/2/2026,6:25:59 AM,98,59
10/2/2026,6:26:00 AM,98,59
10/2/2026,6:26:01 AM,98,59
10/2/2026,6:26:02 AM,98,59
10/2/2026,6:26:03 AM,98,59
10/2/2026,6:26:04 AM,98,59
10/2/2026,6:26:05 AM,98,60
10/2/2026,6:26:06 AM,98,60
10/2/2026,6:26:07 AM,98,60
10/2/2026,6:26:08 AM,98,60
10/2/2026,6:26:09 AM,98,60
10/2/2026,6:26:10 AM,98,60
10/2/2026,6:26:11 AM,98,60
10/2/2026,6:26:12 AM,98,60
10/2/2026,6:26:13 AM,98,61
10/2/2026,6:26:14 AM,98,61
10/2/2026,6:26:15 AM,98,61
10/2/2026,6:26:16 AM,98,61
10/2/2026,6:26:17 AM,98,61
10/2/2026,6:26:18 AM,98,61
10/2/2026,6:26:19 AM,98,62
10/2/2026,6:26:20 AM,98,62
10/2/2026,6:26:21 AM,98,61
10/2/2026,6:26:22 AM,98,62
10/2/2026,6:26:23 AM,98,61
10/2/2026,6:26:24 AM,98,61
10/2/2026,6:26:25 AM,98,61
10/2/2026,6:26:26 AM,98,61
10/2/2026,6:26:27 AM,98,61
10/2/2026,6:26:28 AM,98,60
10/2/2026,6:26:29 AM,98,60
10/2/2026,6:26:30 AM,98,61
10/2/2026,6:26:31 AM,98,61
10/2/2026,6:26:32 AM,98,61
10/2/2026,6:26:33 AM,98,61
10/2/2026,6:26:34 AM,98,61
10/2/2026,6:26:35 AM,98,61
10/2/2026,6:26:36 AM,98,61
10/2/2026,6:26:37 AM,98,61
10/2/2026,6:26:38 AM,98,61
10/2/2026,6:26:39 AM,98,61
10/2/2026,6:26:40 AM,98,61
10/2/2026,6:26:41 AM,98,61
10/2/2026,6:26:42 AM,98,61
10/2/2026,6:26:43 AM,98,61
10/2/2026,6:26:44 AM,98,61
10/2/2026,6:26:45 AM,98,61
10/2/2026,6:26:46 AM,98,61
10/2/2026,6:26:47 AM,98,61
10/2/2026,6:26:48 AM,98,61
10/2/2026,6:26:49 AM,98,61
10/2/2026,6:26:50 AM,98,61
10/2/2026,6:26:51 AM,98,61
10/2/2026,6:26:52 AM,98,61
10/2/2026,6:26:53 AM,98,61
10/2/2026,6:26:54 AM,98,61
10/2/2026,6:26:55 AM,98,61
10/2/2026,6:26:56 AM,98,61
10/2/2026,6:26:57 AM,98,61
10/2/2026,6:26:58 AM,98,61
10/2/2026,6:26:59 AM,98,61
10/2/2026,6:27:00 AM,98,61
10/2/2026,6:27:01 AM,98,61
10/2/2026,6:27:02 AM,98,61
10/2/2026,6:27:03 AM,98,61
10/2/2026,6:27:04 AM,98,61
10/2/2026,6:27:05 AM,98,61
10/2/2026,6:27:06 AM,98,62
10/2/2026,6:27:07 AM,98,62
10/2/2026,6:27:08 AM,98,62
10/2/2026,6:27:09 AM,98,62
10/2/2026,6:27:10 AM,98,62
10/2/2026,6:27:11 AM,98,62
10/2/2026,6:27:12 AM,98,62
10/2/2026,6:27:13 AM,98,62
10/2/2026,6:27:14 AM,98,62
10/2/2026,6:27:15 AM,98,62
10/2/2026,6:27:16 AM,98,62
10/2/2026,6:27:17 AM,98,62
10/2/2026,6:27:18 AM,98,62
10/2/2026,6:27:19 AM,98,62
10/2/2026,6:27:20 AM,98,62
10/2/2026,6:27:21 AM,98,62
10/2/2026,6:27:22 AM,98,62
10/2/2026,6:27:23 AM,98,62
10/2/2026,6:27:24 AM,98,62
10/2/2026,6:27:25 AM,98,62
10/2/2026,6:27:26 AM,98,62
10/2/2026,6:27:27 AM,98,62
10/2/2026,6:27:28 AM,98,62
10/2/2026,6:27:29 AM,98,62
10/2/2026,6:27:30 AM,98,62
10/2/2026,6:27:31 AM,98,62
10/2/2026,6:27:32 AM,98,62
10/2/2026,6:27:33 AM,98,62
10/2/2026,6:27:34 AM,98,62
10/2/2026,6:27:35 AM,98,62
10/2/2026,6:27:36 AM,98,61
10/2/2026,6:27:37 AM,98,61
10/2/2026,6:27:38 AM,98,61
10/2/2026,6:27:39 AM,98,61
10/2/2026,6:27:40 AM,98,60
10/2/2026,6:27:41 AM,98,60
10/2/2026,6:27:42 AM,98,60
10/2/2026,6:27:43 AM,98,60
10/2/2026,6:27:44 AM,98,60
10/2/2026,6:27:45 AM,98,59
10/2/2026,6:27:46 AM,98,59
10/2/2026,6:27:47 AM,98,59
10/2/2026,6:27:48 AM,98,59
10/2/2026,6:27:49 AM,98,59
10/2/2026,6:27:50 AM,98,59
10/2/2026,6:27:51 AM,98,59
10/2/2026,6:27:52 AM,98,59
10/2/2026,6:27:53 AM,98,59
10/2/2026,6:27:54 AM,98,59
10/2/2026,6:27:55 AM,98,59
10/2/2026,6:27:56 AM,98,59
10/2/2026,6:27:57 AM,98,59
10/2/2026,6:27:58 AM,98,59
10/2/2026,6:27:59 AM,98,60
10/2/2026,6:28:00 AM,98,60
10/2/2026,6:28:01 AM,98,60
10/2/2026,6:28:02 AM,98,60
10/2/2026,6:28:03 AM,98,60
10/2/2026,6:28:04 AM,98,61
10/2/2026,6:28:05 AM,98,61
10/2/2026,6:28:06 AM,98,61
10/2/2026,6:28:07 AM,98,61
10/2/2026,6:28:08 AM,98,61
10/2/2026,6:28:09 AM,98,61
10/2/2026,6:28:10 AM,98,61
10/2/2026,6:28:11 AM,98,61
10/2/2026,6:28:12 AM,98,61
10/2/2026,6:28:13 AM,98,61
10/2/2026,6:28:14 AM,98,61
10/2/2026,6:28:15 AM,98,61
10/2/2026,6:28:16 AM,98,61
10/2/2026,6:28:17 AM,98,61
10/2/2026,6:28:18 AM,98,61
10/2/2026,6:28:19 AM,98,61
10/2/2026,6:28:20 AM,98,61
10/2/2026,6:28:21 AM,98,60
10/2/2026,6:28:22 AM,98,60
10/2/2026,6:28:23 AM,98,60
10/2/2026,6:28:24 AM,98,61
10/2/2026,6:28:25 AM,98,61
10/2/2026,6:28:26 AM,98,61
10/2/2026,6:28:27 AM,98,61
10/2/2026,6:28:28 AM,98,61
10/2/2026,6:28:29 AM,98,61
10/2/2026,6:28:30 AM,98,61
10/2/2026,6:28:31 AM,98,61
10/2/2026,6:28:32 AM,98,61
10/2/2026,6:28:33 AM,98,61
10/2/2026,6:28:34 AM,98,61
10/2/2026,6:28:35 AM,98,61
10/2/2026,6:28:36 AM,98,61
10/2/2026,6:28:37 AM,98,61
10/2/2026,6:28:38 AM,98,62
10/2/2026,6:28:39 AM,98,62
10/2/2026,6:28:40 AM,98,62
10/2/2026,6:28:41 AM,98,62
10/2/2026,6:28:42 AM,98,62
10/2/2026,6:28:43 AM,98,62
10/2/2026,6:28:44 AM,98,61
10/2/2026,6:28:45 AM,98,61
10/2/2026,6:28:46 AM,98,61
10/2/2026,6:28:47 AM,98,61
10/2/2026,6:28:48 AM,98,61
10/2/2026,6:28:49 AM,98,61
10/2/2026,6:28:50 AM,98,62
10/2/2026,6:28:51 AM,98,62
10/2/2026,6:28:52 AM,98,62
10/2/2026,6:28:53 AM,98,62
10/2/2026,6:28:54 AM,98,62
10/2/2026,6:28:55 AM,98,62
10/2/2026,6:28:56 AM,98,62
10/2/2026,6:28:57 AM,98,62
10/2/2026,6:28:58 AM,98,62
10/2/2026,6:28:59 AM,98,61
10/2/2026,6:29:00 AM,98,61
10/2/2026,6:29:01 AM,98,61
10/2/2026,6:29:02 AM,98,61
10/2/2026,6:29:03 AM,98,61
10/2/2026,6:29:04 AM,98,61
10/2/2026,6:29:05 AM,98,61
10/2/2026,6:29:06 AM,98,61
10/2/2026,6:29:07 AM,98,61
10/2/2026,6:29:08 AM,98,61
10/2/2026,6:29:09 AM,98,61
10/2/2026,6:29:10 AM,98,61
10/2/2026,6:29:11 AM,98,61
10/2/2026,6:29:12 AM,98,61
10/2/2026,6:29:13 AM,98,61
10/2/2026,6:29:14 AM,98,61
10/2/2026,6:29:15 AM,98,61
10/2/2026,6:29:16 AM,98,61
10/2/2026,6:29:17 AM,98,61
10/2/2026,6:29:18 AM,98,61
10/2/2026,6:29:19 AM,98,61
10/2/2026,6:29:20 AM,98,61
10/2/2026,6:29:21 AM,98,61
10/2/2026,6:29:22 AM,98,61
10/2/2026,6:29:23 AM,98,61
10/2/2026,6:29:24 AM,98,61
10/2/2026,6:29:25 AM,98,61
10/2/2026,6:29:26 AM,98,61
10/2/2026,6:29:27 AM,98,62
10/2/2026,6:29:28 AM,98,62
10/2/2026,6:29:29 AM,98,62
10/2/2026,6:29:30 AM,98,62
10/2/2026,6:29:31 AM,98,62
10/2/2026,6:29:32 AM,98,62
10/2/2026,6:29:33 AM,98,62
10/2/2026,6:29:34 AM,98,62
10/2/2026,6:29:35 AM,98,62
10/2/2026,6:29:36 AM,98,62
10/2/2026,6:29:37 AM,98,62
10/2/2026,6:29:38 AM,98,62
10/2/2026,6:29:39 AM,98,62
10/2/2026,6:29:40 AM,98,62
10/2/2026,6:29:41 AM,98,62
10/2/2026,6:29:42 AM,98,62
10/2/2026,6:29:43 AM,98,63
10/2/2026,6:29:44 AM,98,63
10/2/2026,6:29:45 AM,98,63
10/2/2026,6:29:46 AM,98,63
10/2/2026,6:29:47 AM,98,63
10/2/2026,6:29:48 AM,98,63
10/2/2026,6:29:49 AM,98,63
10/2/2026,6:29:50 AM,98,63
10/2/2026,6:29:51 AM,98,63
10/2/2026,6:29:52 AM,98,63
10/2/2026,6:29:53 AM,98,63
10/2/2026,6:29:54 AM,98,62
10/2/2026,6:29:55 AM,98,62
10/2/2026,6:29:56 AM,98,62
10/2/2026,6:29:57 AM,98,62
10/2/2026,6:29:58 AM,98,62
10/2/2026,6:29:59 AM,98,62
10/2/2026,6:30:00 AM,98,62
10/2/2026,6:30:01 AM,98,62
10/2/2026,6:30:02 AM,98,62
10/2/2026,6:30:03 AM,98,62
10/2/2026,6:30:04 AM,98,62
10/2/2026,6:30:05 AM,98,62
10/2/2026,6:30:06 AM,98,62
10/2/2026,6:30:07 AM,98,62
10/2/2026,6:30:08 AM,98,62
10/2/2026,6:30:09 AM,98,62
10/2/2026,6:30:10 AM,98,62
10/2/2026,6:30:11 AM,98,62
10/2/2026,6:30:12 AM,98,62
10/2/2026,6:30:13 AM,98,62
10/2/2026,6:30:14 AM,98,62
10/2/2026,6:30:15 AM,98,62
10/2/2026,6:30:16 AM,98,62
10/2/2026,6:30:17 AM,98,62
10/2/2026,6:30:18 AM,98,62
10/2/2026,6:30:19 AM,98,62
10/2/2026,6:30:20 AM,98,62
10/2/2026,6:30:21 AM,98,62
10/2/2026,6:30:22 AM,98,62
10/2/2026,6:30:23 AM,98,62
10/2/2026,6:30:24 AM,98,62
10/2/2026,6:30:25 AM,98,62
10/2/2026,6:30:26 AM,98,62
10/2/2026,6:30:27 AM,98,62
10/2/2026,6:30:28 AM,98,62
10/2/2026,6:30:29 AM,98,62
10/2/2026,6:30:30 AM,98,63
10/2/2026,6:30:31 AM,98,63
10/2/2026,6:30:32 AM,98,63
10/2/2026,6:30:33 AM,98,63
10/2/2026,6:30:34 AM,98,63
10/2/2026,6:30:35 AM,98,63
10/2/2026,6:30:36 AM,98,63
10/2/2026,6:30:37 AM,98,63
10/2/2026,6:30:38 AM,98,62
10/2/2026,6:30:39 AM,98,61
10/2/2026,6:30:40 AM,98,61
10/2/2026,6:30:41 AM,98,60
10/2/2026,6:30:42 AM,98,60
10/2/2026,6:30:43 AM,98,60
10/2/2026,6:30:44 AM,98,60
10/2/2026,6:30:45 AM,99,60
10/2/2026,6:30:46 AM,99,60
10/2/2026,6:30:47 AM,99,60
10/2/2026,6:30:48 AM,99,60
10/2/2026,6:30:49 AM,99,60
10/2/2026,6:30:50 AM,99,60
10/2/2026,6:30:51 AM,99,60
10/2/2026,6:30:52 AM,99,60
10/2/2026,6:30:53 AM,99,60
10/2/2026,6:30:54 AM,99,60
10/2/2026,6:30:55 AM,99,60
10/2/2026,6:30:56 AM,99,60
10/2/2026,6:30:57 AM,99,60
10/2/2026,6:30:58 AM,99,61
10/2/2026,6:30:59 AM,99,61
10/2/2026,6:31:00 AM,99,61
10/2/2026,6:31:01 AM,99,61
10/2/2026,6:31:02 AM,99,61
10/2/2026,6:31:03 AM,99,61
10/2/2026,6:31:04 AM,99,62
10/2/2026,6:31:05 AM,98,62
10/2/2026,6:31:06 AM,98,62
10/2/2026,6:31:07 AM,98,62
10/2/2026,6:31:08 AM,98,62
10/2/2026,6:31:09 AM,98,62
10/2/2026,6:31:10 AM,98,62
10/2/2026,6:31:11 AM,98,62
10/2/2026,6:31:12 AM,98,62
10/2/2026,6:31:13 AM,98,62
10/2/2026,6:31:14 AM,98,61
10/2/2026,6:31:15 AM,98,61
10/2/2026,6:31:16 AM,98,61
10/2/2026,6:31:17 AM,98,61
10/2/2026,6:31:18 AM,98,61
10/2/2026,6:31:19 AM,98,62
10/2/2026,6:31:20 AM,98,62
10/2/2026,6:31:21 AM,98,62
10/2/2026,6:31:22 AM,98,62
10/2/2026,6:31:23 AM,98,62
10/2/2026,6:31:24 AM,98,62
10/2/2026,6:31:25 AM,98,62
10/2/2026,6:31:26 AM,98,62
10/2/2026,6:31:27 AM,98,62
10/2/2026,6:31:28 AM,98,62
10/2/2026,6:31:29 AM,98,62
10/2/2026,6:31:30 AM,98,62
10/2/2026,6:31:31 AM,98,62
10/2/2026,6:31:32 AM,98,62
10/2/2026,6:31:33 AM,98,62
10/2/2026,6:31:34 AM,98,62
10/2/2026,6:31:35 AM,98,62
10/2/2026,6:31:36 AM,98,62
10/2/2026,6:31:37 AM,98,62
10/2/2026,6:31:38 AM,98,62
10/2/2026,6:31:39 AM,98,62
10/2/2026,6:31:40 AM,98,62
10/2/2026,6:31:41 AM,98,62
10/2/2026,6:31:42 AM,98,62
10/2/2026,6:31:43 AM,98,62
10/2/2026,6:31:44 AM,98,62
10/2/2026,6:31:45 AM,98,62
10/2/2026,6:31:46 AM,98,62
10/2/2026,6:31:47 AM,98,62
10/2/2026,6:31:48 AM,98,62
10/2/2026,6:31:49 AM,98,62
10/2/2026,6:31:50 AM,98,62
10/2/2026,6:31:51 AM,98,62
10/2/2026,6:31:52 AM,98,62
10/2/2026,6:31:53 AM,98,62
10/2/2026,6:31:54 AM,98,62
10/2/2026,6:31:55 AM,98,62
10/2/2026,6:31:56 AM,98,62
10/2/2026,6:31:57 AM,98,62
10/2/2026,6:31:58 AM,98,62
10/2/2026,6:31:59 AM,98,62
10/2/2026,6:32:00 AM,98,62
10/2/2026,6:32:01 AM,98,62
10/2/2026,6:32:02 AM,98,62
10/2/2026,6:32:03 AM,98,62
10/2/2026,6:32:04 AM,98,62
10/2/2026,6:32:05 AM,98,62
10/2/2026,6:32:06 AM,98,62
10/2/2026,6:32:07 AM,98,61
10/2/2026,6:32:08 AM,98,61
10/2/2026,6:32:09 AM,98,61
10/2/2026,6:32:10 AM,98,61
10/2/2026,6:32:11 AM,98,61
10/2/2026,6:32:12 AM,98,61
10/2/2026,6:32:13 AM,98,61
10/2/2026,6:32:14 AM,98,61
10/2/2026,6:32:15 AM,98,61
10/2/2026,6:32:16 AM,98,61
10/2/2026,6:32:17 AM,98,62
10/2/2026,6:32:18 AM,98,62
10/2/2026,6:32:19 AM,98,62
10/2/2026,6:32:20 AM,98,62
10/2/2026,6:32:21 AM,98,62
10/2/2026,6:32:22 AM,98,62
10/2/2026,6:32:23 AM,98,62
10/2/2026,6:32:24 AM,98,62
10/2/2026,6:32:25 AM,98,62
10/2/2026,6:32:26 AM,98,62
10/2/2026,6:32:27 AM,98,62
10/2/2026,6:32:28 AM,98,62
10/2/2026,6:32:29 AM,98,62
10/2/2026,6:32:30 AM,98,62
10/2/2026,6:32:31 AM,98,62
10/2/2026,6:32:32 AM,98,62
10/2/2026,6:32:33 AM,98,62
10/2/2026,6:32:34 AM,98,62
10/2/2026,6:32:35 AM,98,62
10/2/2026,6:32:36 AM,98,62
10/2/2026,6:32:37 AM,98,62
10/2/2026,6:32:38 AM,98,62
10/2/2026,6:32:39 AM,98,62
10/2/2026,6:32:40 AM,98,63
10/2/2026,6:32:41 AM,98,63
10/2/2026,6:32:42 AM,98,63
10/2/2026,6:32:43 AM,98,63
10/2/2026,6:32:44 AM,98,63
10/2/2026,6:32:45 AM,98,63
10/2/2026,6:32:46 AM,98,63
10/2/2026,6:32:47 AM,98,63
10/2/2026,6:32:48 AM,98,63
10/2/2026,6:32:49 AM,98,63
10/2/2026,6:32:50 AM,98,63
10/2/2026,6:32:51 AM,98,62
10/2/2026,6:32:52 AM,98,62
10/2/2026,6:32:53 AM,98,62
10/2/2026,6:32:54 AM,98,62
10/2/2026,6:32:55 AM,98,62
10/2/2026,6:32:56 AM,98,62
10/2/2026,6:32:57 AM,98,62
10/2/2026,6:32:58 AM,98,62
10/2/2026,6:32:59 AM,98,62
10/2/2026,6:33:00 AM,98,62
10/2/2026,6:33:01 AM,98,62
10/2/2026,6:33:02 AM,98,62
10/2/2026,6:33:03 AM,98,62
10/2/2026,6:33:04 AM,98,62
10/2/2026,6:33:05 AM,98,63
10/2/2026,6:33:06 AM,98,63
10/2/2026,6:33:07 AM,98,63
10/2/2026,6:33:08 AM,98,63
10/2/2026,6:33:09 AM,98,63
10/2/2026,6:33:10 AM,98,63
10/2/2026,6:33:11 AM,98,63
10/2/2026,6:33:12 AM,98,63
10/2/2026,6:33:13 AM,98,63
10/2/2026,6:33:14 AM,98,63
10/2/2026,6:33:15 AM,98,63
10/2/2026,6:33:16 AM,98,63
10/2/2026,6:33:17 AM,98,63
10/2/2026,6:33:18 AM,98,63
10/2/2026,6:33:19 AM,98,63
10/2/2026,6:33:20 AM,98,63
10/2/2026,6:33:21 AM,98,63
10/2/2026,6:33:22 AM,98,63
10/2/2026,6:33:23 AM,98,63
10/2/2026,6:33:24 AM,98,63
10/2/2026,6:33:25 AM,98,63
10/2/2026,6:33:26 AM,98,63
10/2/2026,6:33:27 AM,98,63
10/2/2026,6:33:28 AM,98,64
10/2/2026,6:33:29 AM,98,64
10/2/2026,6:33:30 AM,98,64
10/2/2026,6:33:31 AM,98,64
10/2/2026,6:33:32 AM,98,64
10/2/2026,6:33:33 AM,98,64
10/2/2026,6:33:34 AM,98,64
10/2/2026,6:33:35 AM,98,64
10/2/2026,6:33:36 AM,98,64
10/2/2026,6:33:37 AM,98,64
10/2/2026,6:33:38 AM,98,64
10/2/2026,6:33:39 AM,98,64
10/2/2026,6:33:40 AM,98,64
10/2/2026,6:33:41 AM,98,64
10/2/2026,6:33:42 AM,98,64
10/2/2026,6:33:43 AM,98,64
10/2/2026,6:33:44 AM,98,64
10/2/2026,6:33:45 AM,98,64
10/2/2026,6:33:46 AM,98,64
10/2/2026,6:33:47 AM,98,64
10/2/2026,6:33:48 AM,98,64
10/2/2026,6:33:49 AM,98,64
10/2/2026,6:33:50 AM,98,63
10/2/2026,6:33:51 AM,98,64
10/2/2026,6:33:52 AM,98,63
10/2/2026,6:33:53 AM,98,63
10/2/2026,6:33:54 AM,98,63
10/2/2026,6:33:55 AM,98,63
10/2/2026,6:33:56 AM,98,63
10/2/2026,6:33:57 AM,98,63
10/2/2026,6:33:58 AM,98,63
10/2/2026,6:33:59 AM,98,63
10/2/2026,6:34:00 AM,98,63
10/2/2026,6:34:01 AM,98,63
10/2/2026,6:34:02 AM,98,63
10/2/2026,6:34:03 AM,98,63
10/2/2026,6:34:04 AM,98,63
10/2/2026,6:34:05 AM,98,64
10/2/2026,6:34:06 AM,98,64
10/2/2026,6:34:07 AM,98,64
10/2/2026,6:34:08 AM,98,65
10/2/2026,6:34:09 AM,98,65
10/2/2026,6:34:10 AM,98,65
10/2/2026,6:34:11 AM,98,65
10/2/2026,6:34:12 AM,98,65
10/2/2026,6:34:13 AM,98,65
10/2/2026,6:34:14 AM,98,65
10/2/2026,6:34:15 AM,98,65
10/2/2026,6:34:16 AM,98,65
10/2/2026,6:34:17 AM,98,65
10/2/2026,6:34:18 AM,98,64
10/2/2026,6:34:19 AM,98,64
10/2/2026,6:34:20 AM,98,64
10/2/2026,6:34:21 AM,98,64
10/2/2026,6:34:22 AM,98,64
10/2/2026,6:34:23 AM,98,64
10/2/2026,6:34:24 AM,98,64
10/2/2026,6:34:25 AM,98,64
10/2/2026,6:34:26 AM,98,64
10/2/2026,6:34:27 AM,98,64
10/2/2026,6:34:28 AM,98,64
10/2/2026,6:34:29 AM,98,64
10/2/2026,6:34:30 AM,98,64
10/2/2026,6:34:31 AM,98,64
10/2/2026,6:34:32 AM,98,64
10/2/2026,6:34:33 AM,98,64
10/2/2026,6:34:34 AM,98,64
10/2/2026,6:34:35 AM,98,64
10/2/2026,6:34:36 AM,98,63
10/2/2026,6:34:37 AM,98,63
10/2/2026,6:34:38 AM,98,63
10/2/2026,6:34:39 AM,98,63
10/2/2026,6:34:40 AM,98,63
10/2/2026,6:34:41 AM,98,63
10/2/2026,6:34:42 AM,98,63
10/2/2026,6:34:43 AM,98,63
10/2/2026,6:34:44 AM,98,64
10/2/2026,6:34:45 AM,98,64
10/2/2026,6:34:46 AM,98,65
10/2/2026,6:34:47 AM,98,65
10/2/2026,6:34:48 AM,98,65
10/2/2026,6:34:49 AM,97,65
10/2/2026,6:34:50 AM,97,65
10/2/2026,6:34:51 AM,97,65
10/2/2026,6:34:52 AM,97,65
10/2/2026,6:34:53 AM,97,65
10/2/2026,6:34:54 AM,97,65
10/2/2026,6:34:55 AM,98,64
10/2/2026,6:34:56 AM,98,63
10/2/2026,6:34:57 AM,98,63
10/2/2026,6:34:58 AM,98,63
10/2/2026,6:34:59 AM,98,63
10/2/2026,6:35:00 AM,98,63
10/2/2026,6:35:01 AM,98,63
10/2/2026,6:35:02 AM,98,63
10/2/2026,6:35:03 AM,98,63
10/2/2026,6:35:04 AM,98,63
10/2/2026,6:35:05 AM,98,63
10/2/2026,6:35:06 AM,98,62
10/2/2026,6:35:07 AM,98,62
10/2/2026,6:35:08 AM,98,62
10/2/2026,6:35:09 AM,98,62
10/2/2026,6:35:10 AM,98,62
10/2/2026,6:35:11 AM,98,62
10/2/2026,6:35:12 AM,98,62
10/2/2026,6:35:13 AM,98,62
10/2/2026,6:35:14 AM,98,63
10/2/2026,6:35:15 AM,98,63
10/2/2026,6:35:16 AM,98,63
10/2/2026,6:35:17 AM,98,63
10/2/2026,6:35:18 AM,98,63
10/2/2026,6:35:19 AM,98,63
10/2/2026,6:35:20 AM,98,63
10/2/2026,6:35:21 AM,98,63
10/2/2026,6:35:22 AM,98,63
10/2/2026,6:35:23 AM,98,63
10/2/2026,6:35:24 AM,98,64
10/2/2026,6:35:25 AM,98,64
10/2/2026,6:35:26 AM,98,65
10/2/2026,6:35:27 AM,98,65
10/2/2026,6:35:28 AM,98,65
10/2/2026,6:35:29 AM,98,65
10/2/2026,6:35:30 AM,98,65
10/2/2026,6:35:31 AM,98,65
10/2/2026,6:35:32 AM,98,64
10/2/2026,6:35:33 AM,98,64
10/2/2026,6:35:34 AM,98,64
10/2/2026,6:35:35 AM,98,64
10/2/2026,6:35:36 AM,98,64
10/2/2026,6:35:37 AM,98,64
10/2/2026,6:35:38 AM,98,64
10/2/2026,6:35:39 AM,98,63
10/2/2026,6:35:40 AM,98,63
10/2/2026,6:35:41 AM,98,63
10/2/2026,6:35:42 AM,98,63
10/2/2026,6:35:43 AM,98,63
10/2/2026,6:35:44 AM,98,63
10/2/2026,6:35:45 AM,98,63
10/2/2026,6:35:46 AM,98,63
10/2/2026,6:35:47 AM,98,63
10/2/2026,6:35:48 AM,98,63
10/2/2026,6:35:49 AM,98,63
10/2/2026,6:35:50 AM,98,63
10/2/2026,6:35:51 AM,98,63
10/2/2026,6:35:52 AM,98,63
10/2/2026,6:35:53 AM,98,63
10/2/2026,6:35:54 AM,98,63
10/2/2026,6:35:55 AM,98,63
10/2/2026,6:35:56 AM,98,63
10/2/2026,6:35:57 AM,98,63
10/2/2026,6:35:58 AM,98,63
10/2/2026,6:35:59 AM,98,63
10/2/2026,6:36:00 AM,98,63
10/2/2026,6:36:01 AM,98,62
10/2/2026,6:36:02 AM,98,62
10/2/2026,6:36:03 AM,98,62
10/2/2026,6:36:04 AM,98,62
10/2/2026,6:36:05 AM,98,62
10/2/2026,6:36:06 AM,98,62
10/2/2026,6:36:07 AM,98,62
10/2/2026,6:36:08 AM,98,62
10/2/2026,6:36:09 AM,98,62
10/2/2026,6:36:10 AM,98,62
10/2/2026,6:36:11 AM,98,62
10/2/2026,6:36:12 AM,98,62
10/2/2026,6:36:13 AM,98,62
10/2/2026,6:36:14 AM,98,62
10/2/2026,6:36:15 AM,98,62
10/2/2026,6:36:16 AM,98,62
10/2/2026,6:36:17 AM,98,62
10/2/2026,6:36:18 AM,98,62
10/2/2026,6:36:19 AM,98,62
10/2/2026,6:36:20 AM,98,62
10/2/2026,6:36:21 AM,98,62
10/2/2026,6:36:22 AM,98,62
10/2/2026,6:36:23 AM,98,62
10/2/2026,6:36:24 AM,98,62
10/2/2026,6:36:25 AM,98,62
10/2/2026,6:36:26 AM,98,62
10/2/2026,6:36:27 AM,98,63
10/2/2026,6:36:28 AM,98,63
10/2/2026,6:36:29 AM,98,63
10/2/2026,6:36:30 AM,98,63
10/2/2026,6:36:31 AM,98,63
10/2/2026,6:36:32 AM,98,63
10/2/2026,6:36:33 AM,98,63
10/2/2026,6:36:34 AM,98,63
10/2/2026,6:36:35 AM,98,63
10/2/2026,6:36:36 AM,98,63
10/2/2026,6:36:37 AM,98,63
10/2/2026,6:36:38 AM,98,63
10/2/2026,6:36:39 AM,98,63
10/2/2026,6:36:40 AM,98,63
10/2/2026,6:36:41 AM,98,63
10/2/2026,6:36:42 AM,98,63
10/2/2026,6:36:43 AM,98,64
10/2/2026,6:36:44 AM,98,64
10/2/2026,6:36:45 AM,98,64
10/2/2026,6:36:46 AM,98,64
10/2/2026,6:36:47 AM,98,64
10/2/2026,6:36:48 AM,98,64
10/2/2026,6:36:49 AM,98,64
10/2/2026,6:36:50 AM,98,63
10/2/2026,6:36:51 AM,98,63
10/2/2026,6:36:52 AM,98,63
10/2/2026,6:36:53 AM,98,64
10/2/2026,6:36:54 AM,98,64
10/2/2026,6:36:55 AM,98,64
10/2/2026,6:36:56 AM,98,64
10/2/2026,6:36:57 AM,98,64
10/2/2026,6:36:58 AM,98,64
10/2/2026,6:36:59 AM,98,65
10/2/2026,6:37:00 AM,98,65
10/2/2026,6:37:01 AM,98,65
10/2/2026,6:37:02 AM,98,64
10/2/2026,6:37:03 AM,98,64
10/2/2026,6:37:04 AM,98,64
10/2/2026,6:37:05 AM,98,64
10/2/2026,6:37:06 AM,98,64
10/2/2026,6:37:07 AM,98,64
10/2/2026,6:37:08 AM,98,64
10/2/2026,6:37:09 AM,98,63
10/2/2026,6:37:10 AM,98,63
10/2/2026,6:37:11 AM,98,63
10/2/2026,6:37:12 AM,98,63
10/2/2026,6:37:13 AM,98,63
10/2/2026,6:37:14 AM,98,62
10/2/2026,6:37:15 AM,98,62
10/2/2026,6:37:16 AM,98,62
10/2/2026,6:37:17 AM,98,62
10/2/2026,6:37:18 AM,98,62
10/2/2026,6:37:19 AM,98,62
10/2/2026,6:37:20 AM,98,62
10/2/2026,6:37:21 AM,98,62
10/2/2026,6:37:22 AM,98,63
10/2/2026,6:37:23 AM,98,63
10/2/2026,6:37:24 AM,98,63
10/2/2026,6:37:25 AM,98,63
10/2/2026,6:37:26 AM,98,63
10/2/2026,6:37:27 AM,98,63
10/2/2026,6:37:28 AM,98,63
10/2/2026,6:37:29 AM,98,63
10/2/2026,6:37:30 AM,98,63
10/2/2026,6:37:31 AM,98,63
10/2/2026,6:37:32 AM,98,62
10/2/2026,6:37:33 AM,98,62
10/2/2026,6:37:34 AM,98,62
10/2/2026,6:37:35 AM,98,62
10/2/2026,6:37:36 AM,98,62
10/2/2026,6:37:37 AM,98,62
10/2/2026,6:37:38 AM,98,62
10/2/2026,6:37:39 AM,98,62
10/2/2026,6:37:40 AM,98,62
10/2/2026,6:37:41 AM,98,62
10/2/2026,6:37:42 AM,98,62
10/2/2026,6:37:43 AM,98,62
10/2/2026,6:37:44 AM,98,62
10/2/2026,6:37:45 AM,98,62
10/2/2026,6:37:46 AM,98,62
10/2/2026,6:37:47 AM,98,62
10/2/2026,6:37:48 AM,98,62
10/2/2026,6:37:49 AM,98,62
10/2/2026,6:37:50 AM,98,62
10/2/2026,6:37:51 AM,98,62
10/2/2026,6:37:52 AM,98,62
10/2/2026,6:37:53 AM,98,63
10/2/2026,6:37:54 AM,98,62
10/2/2026,6:37:55 AM,98,62
10/2/2026,6:37:56 AM,98,63
10/2/2026,6:37:57 AM,98,63
10/2/2026,6:37:58 AM,98,63
10/2/2026,6:37:59 AM,98,63
10/2/2026,6:38:00 AM,98,63
10/2/2026,6:38:01 AM,98,63
10/2/2026,6:38:02 AM,98,63
10/2/2026,6:38:03 AM,98,64
10/2/2026,6:38:04 AM,98,64
10/2/2026,6:38:05 AM,98,64
10/2/2026,6:38:06 AM,98,64
10/2/2026,6:38:07 AM,98,63
10/2/2026,6:38:08 AM,98,63
10/2/2026,6:38:09 AM,98,63
10/2/2026,6:38:10 AM,98,63
10/2/2026,6:38:11 AM,98,63
10/2/2026,6:38:12 AM,98,63
10/2/2026,6:38:13 AM,98,63
10/2/2026,6:38:14 AM,98,63
10/2/2026,6:38:15 AM,98,63
10/2/2026,6:38:16 AM,98,63
10/2/2026,6:38:17 AM,98,63
10/2/2026,6:38:18 AM,98,63
10/2/2026,6:38:19 AM,98,63
10/2/2026,6:38:20 AM,98,62
10/2/2026,6:38:21 AM,98,62
10/2/2026,6:38:22 AM,98,62
10/2/2026,6:38:23 AM,98,62
10/2/2026,6:38:24 AM,98,62
10/2/2026,6:38:25 AM,98,62
10/2/2026,6:38:26 AM,98,62
10/2/2026,6:38:27 AM,98,62
10/2/2026,6:38:28 AM,98,61
10/2/2026,6:38:29 AM,98,62
10/2/2026,6:38:30 AM,98,62
10/2/2026,6:38:31 AM,98,61
10/2/2026,6:38:32 AM,98,61
10/2/2026,6:38:33 AM,98,61
10/2/2026,6:38:34 AM,98,61
10/2/2026,6:38:35 AM,98,61
10/2/2026,6:38:36 AM,98,61
10/2/2026,6:38:37 AM,98,61
10/2/2026,6:38:38 AM,98,61
10/2/2026,6:38:39 AM,98,61
10/2/2026,6:38:40 AM,98,61
10/2/2026,6:38:41 AM,98,61
10/2/2026,6:38:42 AM,98,61
10/2/2026,6:38:43 AM,98,62
10/2/2026,6:38:44 AM,98,62
10/2/2026,6:38:45 AM,98,62
10/2/2026,6:38:46 AM,98,62
10/2/2026,6:38:47 AM,98,62
10/2/2026,6:38:48 AM,98,62
10/2/2026,6:38:49 AM,98,62
10/2/2026,6:38:50 AM,98,62
10/2/2026,6:38:51 AM,98,62
10/2/2026,6:38:52 AM,98,62
10/2/2026,6:38:53 AM,98,62
10/2/2026,6:38:54 AM,98,62
10/2/2026,6:38:55 AM,98,62
10/2/2026,6:38:56 AM,98,62
10/2/2026,6:38:57 AM,98,62
10/2/2026,6:38:58 AM,98,62
10/2/2026,6:38:59 AM,98,62
10/2/2026,6:39:00 AM,98,62
10/2/2026,6:39:01 AM,98,62
10/2/2026,6:39:02 AM,98,62
10/2/2026,6:39:03 AM,98,62
10/2/2026,6:39:04 AM,98,62
10/2/2026,6:39:05 AM,98,62
10/2/2026,6:39:06 AM,98,62
10/2/2026,6:39:07 AM,98,62
10/2/2026,6:39:08 AM,98,62
10/2/2026,6:39:09 AM,98,61
10/2/2026,6:39:10 AM,98,61
10/2/2026,6:39:11 AM,98,61
10/2/2026,6:39:12 AM,98,62
10/2/2026,6:39:13 AM,98,62
10/2/2026,6:39:14 AM,98,62
10/2/2026,6:39:15 AM,98,62
10/2/2026,6:39:16 AM,98,62
10/2/2026,6:39:17 AM,98,62
10/2/2026,6:39:18 AM,98,62
10/2/2026,6:39:19 AM,98,62
10/2/2026,6:39:20 AM,98,62
10/2/2026,6:39:21 AM,98,63
10/2/2026,6:39:22 AM,98,63
10/2/2026,6:39:23 AM,98,63
10/2/2026,6:39:24 AM,98,63
10/2/2026,6:39:25 AM,98,63
10/2/2026,6:39:26 AM,98,63
10/2/2026,6:39:27 AM,98,63
10/2/2026,6:39:28 AM,98,62
10/2/2026,6:39:29 AM,98,62
10/2/2026,6:39:30 AM,98,62
10/2/2026,6:39:31 AM,98,62
10/2/2026,6:39:32 AM,98,62
10/2/2026,6:39:33 AM,98,62
10/2/2026,6:39:34 AM,98,62
10/2/2026,6:39:35 AM,98,62
10/2/2026,6:39:36 AM,98,62
10/2/2026,6:39:37 AM,98,62
10/2/2026,6:39:38 AM,98,62
10/2/2026,6:39:39 AM,98,62
10/2/2026,6:39:40 AM,98,62
10/2/2026,6:39:41 AM,98,62
10/2/2026,6:39:42 AM,98,62
10/2/2026,6:39:43 AM,98,62
10/2/2026,6:39:44 AM,98,62
10/2/2026,6:39:45 AM,98,62
10/2/2026,6:39:46 AM,98,62
10/2/2026,6:39:47 AM,98,62
10/2/2026,6:39:48 AM,98,62
10/2/2026,6:39:49 AM,98,62
10/2/2026,6:39:50 AM,98,62
10/2/2026,6:39:51 AM,98,62
10/2/2026,6:39:52 AM,98,62
10/2/2026,6:39:53 AM,98,62
10/2/2026,6:39:54 AM,98,62
10/2/2026,6:39:55 AM,98,62
10/2/2026,6:39:56 AM,98,62
10/2/2026,6:39:57 AM,98,62
10/2/2026,6:39:58 AM,98,62
10/2/2026,6:39:59 AM,98,62
10/2/2026,6:40:00 AM,98,62
10/2/2026,6:40:01 AM,98,62
10/2/2026,6:40:02 AM,98,62
10/2/2026,6:40:03 AM,98,62
10/2/2026,6:40:04 AM,98,62
10/2/2026,6:40:05 AM,98,62
10/2/2026,6:40:06 AM,98,62
10/2/2026,6:40:07 AM,98,63
10/2/2026,6:40:08 AM,98,63
10/2/2026,6:40:09 AM,98,63
10/2/2026,6:40:10 AM,98,63
10/2/2026,6:40:11 AM,98,63
10/2/2026,6:40:12 AM,98,63
10/2/2026,6:40:13 AM,98,63
10/2/2026,6:40:14 AM,98,63
10/2/2026,6:40:15 AM,98,63
10/2/2026,6:40:16 AM,98,63
10/2/2026,6:40:17 AM,98,63
10/2/2026,6:40:18 AM,98,63
10/2/2026,6:40:19 AM,98,63
10/2/2026,6:40:20 AM,98,63
10/2/2026,6:40:21 AM,98,63
10/2/2026,6:40:22 AM,98,63
10/2/2026,6:40:23 AM,98,63
10/2/2026,6:40:24 AM,98,63
10/2/2026,6:40:25 AM,98,63
10/2/2026,6:40:26 AM,98,63
10/2/2026,6:40:27 AM,98,63
10/2/2026,6:40:28 AM,98,63
10/2/2026,6:40:29 AM,98,63
10/2/2026,6:40:30 AM,98,63
10/2/2026,6:40:31 AM,98,63
10/2/2026,6:40:32 AM,98,63
10/2/2026,6:40:33 AM,98,63
10/2/2026,6:40:34 AM,98,63
10/2/2026,6:40:35 AM,98,63
10/2/2026,6:40:36 AM,98,63
10/2/2026,6:40:37 AM,98,63
10/2/2026,6:40:38 AM,98,63
10/2/2026,6:40:39 AM,98,63
10/2/2026,6:40:40 AM,98,63
10/2/2026,6:40:41 AM,98,63
10/2/2026,6:40:42 AM,98,63
10/2/2026,6:40:43 AM,98,63
10/2/2026,6:40:44 AM,98,63
10/2/2026,6:40:45 AM,98,63
10/2/2026,6:40:46 AM,98,63
10/2/2026,6:40:47 AM,98,63
10/2/2026,6:40:48 AM,98,63
10/2/2026,6:40:49 AM,98,63
10/2/2026,6:40:50 AM,98,64
10/2/2026,6:40:51 AM,98,63
10/2/2026,6:40:52 AM,98,64
10/2/2026,6:40:53 AM,98,64
10/2/2026,6:40:54 AM,98,64
10/2/2026,6:40:55 AM,98,63
10/2/2026,6:40:56 AM,98,64
10/2/2026,6:40:57 AM,98,64
10/2/2026,6:40:58 AM,98,63
10/2/2026,6:40:59 AM,98,63
10/2/2026,6:41:00 AM,98,63
10/2/2026,6:41:01 AM,98,63
10/2/2026,6:41:02 AM,98,63
10/2/2026,6:41:03 AM,98,63
10/2/2026,6:41:04 AM,98,63
10/2/2026,6:41:05 AM,98,63
10/2/2026,6:41:06 AM,98,62
10/2/2026,6:41:07 AM,98,63
10/2/2026,6:41:08 AM,98,62
10/2/2026,6:41:09 AM,98,62
10/2/2026,6:41:10 AM,98,63
10/2/2026,6:41:11 AM,98,63
10/2/2026,6:41:12 AM,98,63
10/2/2026,6:41:13 AM,98,63
10/2/2026,6:41:14 AM,98,63
10/2/2026,6:41:15 AM,98,63
10/2/2026,6:41:16 AM,98,63
10/2/2026,6:41:17 AM,98,63
10/2/2026,6:41:18 AM,98,63
10/2/2026,6:41:19 AM,98,63
10/2/2026,6:41:20 AM,98,63
10/2/2026,6:41:21 AM,98,63
10/2/2026,6:41:22 AM,98,63
10/2/2026,6:41:23 AM,98,63
10/2/2026,6:41:24 AM,98,63
10/2/2026,6:41:25 AM,98,63
10/2/2026,6:41:26 AM,98,63
10/2/2026,6:41:27 AM,98,63
10/2/2026,6:41:28 AM,98,64
10/2/2026,6:41:29 AM,98,64
10/2/2026,6:41:30 AM,98,64
10/2/2026,6:41:31 AM,98,64
10/2/2026,6:41:32 AM,98,64
10/2/2026,6:41:33 AM,98,64
10/2/2026,6:41:34 AM,98,64
10/2/2026,6:41:35 AM,98,64
10/2/2026,6:41:36 AM,98,64
10/2/2026,6:41:37 AM,98,64
10/2/2026,6:41:38 AM,98,64
10/2/2026,6:41:39 AM,98,64
10/2/2026,6:41:40 AM,98,64
10/2/2026,6:41:41 AM,98,64
10/2/2026,6:41:42 AM,98,64
10/2/2026,6:41:43 AM,98,64
10/2/2026,6:41:44 AM,98,64
10/2/2026,6:41:45 AM,98,64
10/2/2026,6:41:46 AM,98,64
10/2/2026,6:41:47 AM,98,64
10/2/2026,6:41:48 AM,98,64
10/2/2026,6:41:49 AM,98,64
10/2/2026,6:41:50 AM,98,64
10/2/2026,6:41:51 AM,98,64
10/2/2026,6:41:52 AM,98,64
10/2/2026,6:41:53 AM,98,64
10/2/2026,6:41:54 AM,98,64
10/2/2026,6:41:55 AM,98,64
10/2/2026,6:41:56 AM,98,64
10/2/2026,6:41:57 AM,98,64
10/2/2026,6:41:58 AM,98,64
10/2/2026,6:41:59 AM,98,64
10/2/2026,6:42:00 AM,98,65
10/2/2026,6:42:01 AM,98,65
10/2/2026,6:42:02 AM,98,65
10/2/2026,6:42:03 AM,98,65
10/2/2026,6:42:04 AM,98,65
10/2/2026,6:42:05 AM,98,64
10/2/2026,6:42:06 AM,98,65
10/2/2026,6:42:07 AM,98,65
10/2/2026,6:42:08 AM,98,64
10/2/2026,6:42:09 AM,98,64
10/2/2026,6:42:10 AM,98,64
10/2/2026,6:42:11 AM,98,64
10/2/2026,6:42:12 AM,98,64
10/2/2026,6:42:13 AM,98,64
10/2/2026,6:42:14 AM,98,64
10/2/2026,6:42:15 AM,98,64
10/2/2026,6:42:16 AM,98,64
10/2/2026,6:42:17 AM,98,64
10/2/2026,6:42:18 AM,98,64
10/2/2026,6:42:19 AM,98,64
10/2/2026,6:42:20 AM,98,64
10/2/2026,6:42:21 AM,98,64
10/2/2026,6:42:22 AM,98,64
10/2/2026,6:42:23 AM,98,64
10/2/2026,6:42:24 AM,98,64
10/2/2026,6:42:25 AM,98,64
10/2/2026,6:42:26 AM,98,64
10/2/2026,6:42:27 AM,98,65
10/2/2026,6:42:28 AM,98,65
10/2/2026,6:42:29 AM,98,65
10/2/2026,6:42:30 AM,98,65
10/2/2026,6:42:31 AM,98,65
10/2/2026,6:42:32 AM,98,65
10/2/2026,6:42:33 AM,98,65
10/2/2026,6:42:34 AM,98,65
10/2/2026,6:42:35 AM,98,65
10/2/2026,6:42:36 AM,98,65
10/2/2026,6:42:37 AM,98,65
10/2/2026,6:42:38 AM,98,65
10/2/2026,6:42:39 AM,98,64
10/2/2026,6:42:40 AM,98,65
10/2/2026,6:42:41 AM,98,64
10/2/2026,6:42:42 AM,98,64
10/2/2026,6:42:43 AM,98,64
10/2/2026,6:42:44 AM,98,64
10/2/2026,6:42:45 AM,98,64
10/2/2026,6:42:46 AM,98,64
10/2/2026,6:42:47 AM,98,64
10/2/2026,6:42:48 AM,98,64
10/2/2026,6:42:49 AM,98,64
10/2/2026,6:42:50 AM,98,64
10/2/2026,6:42:51 AM,98,64
10/2/2026,6:42:52 AM,98,64
10/2/2026,6:42:53 AM,98,64
10/2/2026,6:42:54 AM,98,64
10/2/2026,6:42:55 AM,98,64
10/2/2026,6:42:56 AM,98,64
10/2/2026,6:42:57 AM,98,64
10/2/2026,6:42:58 AM,98,64
10/2/2026,6:42:59 AM,98,64
10/2/2026,6:43:00 AM,98,64
10/2/2026,6:43:01 AM,98,65
10/2/2026,6:43:02 AM,98,65
10/2/2026,6:43:03 AM,98,65
10/2/2026,6:43:04 AM,98,65
10/2/2026,6:43:05 AM,98,65
10/2/2026,6:43:06 AM,98,65
10/2/2026,6:43:07 AM,98,65
10/2/2026,6:43:08 AM,98,65
10/2/2026,6:43:09 AM,98,64
10/2/2026,6:43:10 AM,98,64
10/2/2026,6:43:11 AM,98,64
10/2/2026,6:43:12 AM,98,64
10/2/2026,6:43:13 AM,98,64
10/2/2026,6:43:14 AM,98,64
10/2/2026,6:43:15 AM,98,64
10/2/2026,6:43:16 AM,98,64
10/2/2026,6:43:17 AM,98,65
10/2/2026,6:43:18 AM,98,65
10/2/2026,6:43:19 AM,98,65
10/2/2026,6:43:20 AM,98,66
10/2/2026,6:43:21 AM,98,67
10/2/2026,6:43:22 AM,98,67
10/2/2026,6:43:23 AM,98,67
10/2/2026,6:43:24 AM,98,67
10/2/2026,6:43:25 AM,98,67
10/2/2026,6:43:26 AM,98,67
10/2/2026,6:43:27 AM,97,67
10/2/2026,6:43:28 AM,97,66
10/2/2026,6:43:29 AM,98,66
10/2/2026,6:43:30 AM,98,65
10/2/2026,6:43:31 AM,98,65
10/2/2026,6:43:32 AM,98,65
10/2/2026,6:43:33 AM,98,64
10/2/2026,6:43:34 AM,98,64
10/2/2026,6:43:35 AM,98,64
10/2/2026,6:43:36 AM,98,63
10/2/2026,6:43:37 AM,98,63
10/2/2026,6:43:38 AM,98,63
10/2/2026,6:43:39 AM,98,63
10/2/2026,6:43:40 AM,98,63
10/2/2026,6:43:41 AM,98,63
10/2/2026,6:43:42 AM,98,63
10/2/2026,6:43:43 AM,98,63
10/2/2026,6:43:44 AM,98,63
10/2/2026,6:43:45 AM,98,63
10/2/2026,6:43:46 AM,98,63
10/2/2026,6:43:47 AM,98,63
10/2/2026,6:43:48 AM,98,63
10/2/2026,6:43:49 AM,98,63
10/2/2026,6:43:50 AM,98,63
10/2/2026,6:43:51 AM,98,63
10/2/2026,6:43:52 AM,98,63
10/2/2026,6:43:53 AM,98,63
10/2/2026,6:43:54 AM,98,63
10/2/2026,6:43:55 AM,98,63
10/2/2026,6:43:56 AM,98,63
10/2/2026,6:43:57 AM,98,63
10/2/2026,6:43:58 AM,97,63
10/2/2026,6:43:59 AM,97,63
10/2/2026,6:44:00 AM,97,63
10/2/2026,6:44:01 AM,97,64
10/2/2026,6:44:02 AM,97,64
10/2/2026,6:44:03 AM,98,65
10/2/2026,6:44:04 AM,98,65
10/2/2026,6:44:05 AM,98,66
10/2/2026,6:44:06 AM,98,66
10/2/2026,6:44:07 AM,98,67
10/2/2026,6:44:08 AM,98,67
10/2/2026,6:44:09 AM,98,66
10/2/2026,6:44:10 AM,98,66
10/2/2026,6:44:11 AM,98,66
10/2/2026,6:44:12 AM,99,66
10/2/2026,6:44:13 AM,99,66
10/2/2026,6:44:14 AM,99,66
10/2/2026,6:44:15 AM,99,65
10/2/2026,6:44:16 AM,99,65
10/2/2026,6:44:17 AM,99,65
10/2/2026,6:44:18 AM,99,65
10/2/2026,6:44:19 AM,99,65
10/2/2026,6:44:20 AM,99,65
10/2/2026,6:44:21 AM,99,65
10/2/2026,6:44:22 AM,99,65
10/2/2026,6:44:23 AM,99,66
10/2/2026,6:44:24 AM,99,66
10/2/2026,6:44:25 AM,99,66
10/2/2026,6:44:26 AM,99,66
10/2/2026,6:44:27 AM,99,66
10/2/2026,6:44:28 AM,99,65
10/2/2026,6:44:29 AM,99,65
10/2/2026,6:44:30 AM,99,65
10/2/2026,6:44:31 AM,99,64
10/2/2026,6:44:32 AM,99,64
10/2/2026,6:44:33 AM,98,64
10/2/2026,6:44:34 AM,98,63
10/2/2026,6:44:35 AM,98,63
10/2/2026,6:44:36 AM,98,63
10/2/2026,6:44:37 AM,98,63
10/2/2026,6:44:38 AM,98,63
10/2/2026,6:44:39 AM,98,63
10/2/2026,6:44:40 AM,98,63
10/2/2026,6:44:41 AM,98,63
10/2/2026,6:44:42 AM,98,63
10/2/2026,6:44:43 AM,98,63
10/2/2026,6:44:44 AM,98,63
10/2/2026,6:44:45 AM,98,63
10/2/2026,6:44:46 AM,98,63
10/2/2026,6:44:47 AM,98,63
10/2/2026,6:44:48 AM,98,63
10/2/2026,6:44:49 AM,98,63
10/2/2026,6:44:50 AM,98,63
10/2/2026,6:44:51 AM,98,63
10/2/2026,6:44:52 AM,98,63
10/2/2026,6:44:53 AM,98,63
10/2/2026,6:44:54 AM,98,63
10/2/2026,6:44:55 AM,98,63
10/2/2026,6:44:56 AM,98,63
10/2/2026,6:44:57 AM,98,63
10/2/2026,6:44:58 AM,98,63
10/2/2026,6:44:59 AM,98,63
10/2/2026,6:45:00 AM,98,63
10/2/2026,6:45:01 AM,98,64
10/2/2026,6:45:02 AM,98,64
10/2/2026,6:45:03 AM,98,66
10/2/2026,6:45:04 AM,98,66
10/2/2026,6:45:05 AM,98,66
10/2/2026,6:45:06 AM,98,67
10/2/2026,6:45:07 AM,98,67
10/2/2026,6:45:08 AM,98,67
10/2/2026,6:45:09 AM,98,67
10/2/2026,6:45:10 AM,98,67
10/2/2026,6:45:11 AM,98,67
10/2/2026,6:45:12 AM,98,67
10/2/2026,6:45:13 AM,98,66
10/2/2026,6:45:14 AM,98,65
10/2/2026,6:45:15 AM,98,65
10/2/2026,6:45:16 AM,98,65
10/2/2026,6:45:17 AM,98,65
10/2/2026,6:45:18 AM,98,65
10/2/2026,6:45:19 AM,99,64
10/2/2026,6:45:20 AM,99,64
10/2/2026,6:45:21 AM,99,64
10/2/2026,6:45:22 AM,99,64
10/2/2026,6:45:23 AM,99,64
10/2/2026,6:45:24 AM,99,64
10/2/2026,6:45:25 AM,99,64
10/2/2026,6:45:26 AM,99,64
10/2/2026,6:45:27 AM,99,64
10/2/2026,6:45:28 AM,99,64
10/2/2026,6:45:29 AM,99,64
10/2/2026,6:45:30 AM,99,64
10/2/2026,6:45:31 AM,99,64
10/2/2026,6:45:32 AM,99,64
10/2/2026,6:45:33 AM,98,64
10/2/2026,6:45:34 AM,98,63
10/2/2026,6:45:35 AM,98,63
10/2/2026,6:45:36 AM,98,62
10/2/2026,6:45:37 AM,98,62
10/2/2026,6:45:38 AM,98,61
10/2/2026,6:45:39 AM,98,61
10/2/2026,6:45:40 AM,98,60
10/2/2026,6:45:41 AM,98,60
10/2/2026,6:45:42 AM,98,60
10/2/2026,6:45:43 AM,98,60
10/2/2026,6:45:44 AM,98,60
10/2/2026,6:45:45 AM,98,60
10/2/2026,6:45:46 AM,98,60
10/2/2026,6:45:47 AM,98,59
10/2/2026,6:45:48 AM,98,59
10/2/2026,6:45:49 AM,98,59
10/2/2026,6:45:50 AM,98,59
10/2/2026,6:45:51 AM,98,59
10/2/2026,6:45:52 AM,98,59
10/2/2026,6:45:53 AM,98,59
10/2/2026,6:45:54 AM,98,59
10/2/2026,6:45:55 AM,98,59
10/2/2026,6:45:56 AM,98,59
10/2/2026,6:45:57 AM,98,60
10/2/2026,6:45:58 AM,98,60
10/2/2026,6:45:59 AM,98,60
10/2/2026,6:46:00 AM,98,60
10/2/2026,6:46:01 AM,97,60
10/2/2026,6:46:02 AM,97,60
10/2/2026,6:46:03 AM,97,60
10/2/2026,6:46:04 AM,97,61
10/2/2026,6:46:05 AM,97,61
10/2/2026,6:46:06 AM,97,60
10/2/2026,6:46:07 AM,97,60
10/2/2026,6:46:08 AM,97,60
10/2/2026,6:46:09 AM,97,60
10/2/2026,6:46:10 AM,97,60
10/2/2026,6:46:11 AM,97,61
10/2/2026,6:46:12 AM,97,61
10/2/2026,6:46:13 AM,97,61
10/2/2026,6:46:14 AM,97,61
10/2/2026,6:46:15 AM,97,61
10/2/2026,6:46:16 AM,96,61
10/2/2026,6:46:17 AM,96,61
10/2/2026,6:46:18 AM,96,61
10/2/2026,6:46:19 AM,96,61
10/2/2026,6:46:20 AM,96,61
10/2/2026,6:46:21 AM,96,61
10/2/2026,6:46:22 AM,96,61
10/2/2026,6:46:23 AM,96,61
10/2/2026,6:46:24 AM,96,61
10/2/2026,6:46:25 AM,96,61
10/2/2026,6:46:26 AM,96,61
10/2/2026,6:46:27 AM,96,62
10/2/2026,6:46:28 AM,96,62
10/2/2026,6:46:29 AM,96,62
10/2/2026,6:46:30 AM,96,62
10/2/2026,6:46:31 AM,96,62
10/2/2026,6:46:32 AM,96,63
10/2/2026,6:46:33 AM,96,63
10/2/2026,6:46:34 AM,96,63
10/2/2026,6:46:35 AM,96,63
10/2/2026,6:46:36 AM,96,63
10/2/2026,6:46:37 AM,96,63
10/2/2026,6:46:38 AM,96,63
10/2/2026,6:46:39 AM,96,63
10/2/2026,6:46:40 AM,96,63
10/2/2026,6:46:41 AM,96,63
10/2/2026,6:46:42 AM,96,63
10/2/2026,6:46:43 AM,96,63
10/2/2026,6:46:44 AM,97,63
10/2/2026,6:46:45 AM,97,63
10/2/2026,6:46:46 AM,97,63
10/2/2026,6:46:47 AM,98,63
10/2/2026,6:46:48 AM,98,63
10/2/2026,6:46:49 AM,98,63
10/2/2026,6:46:50 AM,98,63
10/2/2026,6:46:51 AM,99,62
10/2/2026,6:46:52 AM,99,62
10/2/2026,6:46:53 AM,99,61
10/2/2026,6:46:54 AM,99,61
10/2/2026,6:46:55 AM,99,61
10/2/2026,6:46:56 AM,99,61
10/2/2026,6:46:57 AM,99,61
10/2/2026,6:46:58 AM,99,61
10/2/2026,6:46:59 AM,99,61
10/2/2026,6:47:00 AM,99,61
10/2/2026,6:47:01 AM,99,61
10/2/2026,6:47:02 AM,99,61
10/2/2026,6:47:03 AM,99,61
10/2/2026,6:47:04 AM,99,61
10/2/2026,6:47:05 AM,99,62
10/2/2026,6:47:06 AM,99,62
10/2/2026,6:47:07 AM,99,62
10/2/2026,6:47:08 AM,99,62
10/2/2026,6:47:09 AM,99,62
10/2/2026,6:47:10 AM,99,62
10/2/2026,6:47:11 AM,99,62
10/2/2026,6:47:12 AM,99,62
10/2/2026,6:47:13 AM,99,62
10/2/2026,6:47:14 AM,99,62
10/2/2026,6:47:15 AM,99,62
10/2/2026,6:47:16 AM,99,62
10/2/2026,6:47:17 AM,99,62
10/2/2026,6:47:18 AM,99,62
10/2/2026,6:47:19 AM,99,62
10/2/2026,6:47:20 AM,98,62
10/2/2026,6:47:21 AM,98,62
10/2/2026,6:47:22 AM,98,62
10/2/2026,6:47:23 AM,98,62
10/2/2026,6:47:24 AM,98,62
10/2/2026,6:47:25 AM,98,62
10/2/2026,6:47:26 AM,98,62
10/2/2026,6:47:27 AM,99,61
10/2/2026,6:47:28 AM,99,61
10/2/2026,6:47:29 AM,99,60
10/2/2026,6:47:30 AM,99,60
10/2/2026,6:47:31 AM,99,59
10/2/2026,6:47:32 AM,99,58
10/2/2026,6:47:33 AM,99,57
10/2/2026,6:47:34 AM,99,57
10/2/2026,6:47:35 AM,99,57
10/2/2026,6:47:36 AM,99,58
10/2/2026,6:47:37 AM,99,58
10/2/2026,6:47:38 AM,98,58
10/2/2026,6:47:39 AM,98,58
10/2/2026,6:47:40 AM,98,58
10/2/2026,6:47:41 AM,98,58
10/2/2026,6:47:42 AM,98,58
10/2/2026,6:47:43 AM,98,58
10/2/2026,6:47:44 AM,98,58
10/2/2026,6:47:45 AM,98,58
10/2/2026,6:47:46 AM,98,58
10/2/2026,6:47:47 AM,98,59
10/2/2026,6:47:48 AM,98,59
10/2/2026,6:47:49 AM,98,59
10/2/2026,6:47:50 AM,98,59
10/2/2026,6:47:51 AM,98,59
10/2/2026,6:47:52 AM,98,60
10/2/2026,6:47:53 AM,98,60
10/2/2026,6:47:54 AM,98,60
10/2/2026,6:47:55 AM,98,60
10/2/2026,6:47:56 AM,98,60
10/2/2026,6:47:57 AM,98,60
10/2/2026,6:47:58 AM,98,60
10/2/2026,6:47:59 AM,98,60
10/2/2026,6:48:00 AM,98,60
10/2/2026,6:48:01 AM,97,60
10/2/2026,6:48:02 AM,97,60
10/2/2026,6:48:03 AM,97,60
10/2/2026,6:48:04 AM,97,60
10/2/2026,6:48:05 AM,97,60
10/2/2026,6:48:06 AM,97,60
10/2/2026,6:48:07 AM,97,60
10/2/2026,6:48:08 AM,97,60
10/2/2026,6:48:09 AM,97,60
10/2/2026,6:48:10 AM,97,60
10/2/2026,6:48:11 AM,97,60
10/2/2026,6:48:12 AM,97,60
10/2/2026,6:48:13 AM,98,60
10/2/2026,6:48:14 AM,98,60
10/2/2026,6:48:15 AM,98,60
10/2/2026,6:48:16 AM,98,60
10/2/2026,6:48:17 AM,98,60
10/2/2026,6:48:18 AM,99,60
10/2/2026,6:48:19 AM,99,60
10/2/2026,6:48:20 AM,99,59
10/2/2026,6:48:21 AM,99,59
10/2/2026,6:48:22 AM,99,58
10/2/2026,6:48:23 AM,99,58
10/2/2026,6:48:24 AM,99,57
10/2/2026,6:48:25 AM,99,57
10/2/2026,6:48:26 AM,99,57
10/2/2026,6:48:27 AM,99,58
10/2/2026,6:48:28 AM,99,58
10/2/2026,6:48:29 AM,99,58
10/2/2026,6:48:30 AM,99,58
10/2/2026,6:48:31 AM,99,58
10/2/2026,6:48:32 AM,99,58
10/2/2026,6:48:33 AM,99,58
10/2/2026,6:48:34 AM,99,58
10/2/2026,6:48:35 AM,99,58
10/2/2026,6:48:36 AM,99,58
10/2/2026,6:48:37 AM,99,58
10/2/2026,6:48:38 AM,98,58
10/2/2026,6:48:39 AM,98,58
10/2/2026,6:48:40 AM,98,58
10/2/2026,6:48:41 AM,98,58
10/2/2026,6:48:42 AM,98,58
10/2/2026,6:48:43 AM,98,58
10/2/2026,6:48:44 AM,98,58
10/2/2026,6:48:45 AM,98,58
10/2/2026,6:48:46 AM,98,58
10/2/2026,6:48:47 AM,98,58
10/2/2026,6:48:48 AM,98,58
10/2/2026,6:48:49 AM,98,58
10/2/2026,6:48:50 AM,98,57
10/2/2026,6:48:51 AM,98,57
10/2/2026,6:48:52 AM,98,57
10/2/2026,6:48:53 AM,98,57
10/2/2026,6:48:54 AM,98,56
10/2/2026,6:48:55 AM,98,56
10/2/2026,6:48:56 AM,97,56
10/2/2026,6:48:57 AM,97,57
10/2/2026,6:48:58 AM,97,57
10/2/2026,6:48:59 AM,97,57
10/2/2026,6:49:00 AM,97,57
10/2/2026,6:49:01 AM,97,57
10/2/2026,6:49:02 AM,97,57
10/2/2026,6:49:03 AM,97,57
10/2/2026,6:49:04 AM,97,57
10/2/2026,6:49:05 AM,97,57
10/2/2026,6:49:06 AM,96,57
10/2/2026,6:49:07 AM,96,57
10/2/2026,6:49:08 AM,96,57
10/2/2026,6:49:09 AM,96,57
10/2/2026,6:49:10 AM,96,57
10/2/2026,6:49:11 AM,96,57
10/2/2026,6:49:12 AM,96,57
10/2/2026,6:49:13 AM,96,57
10/2/2026,6:49:14 AM,96,57
10/2/2026,6:49:15 AM,96,57
10/2/2026,6:49:16 AM,96,57
10/2/2026,6:49:17 AM,96,57
10/2/2026,6:49:18 AM,96,57
10/2/2026,6:49:19 AM,96,57
10/2/2026,6:49:20 AM,96,57
10/2/2026,6:49:21 AM,96,57
10/2/2026,6:49:22 AM,97,59
10/2/2026,6:49:23 AM,97,59
10/2/2026,6:49:24 AM,97,59
10/2/2026,6:49:25 AM,97,59
10/2/2026,6:49:26 AM,97,59
10/2/2026,6:49:27 AM,97,59
10/2/2026,6:49:28 AM,97,59
10/2/2026,6:49:29 AM,97,60
10/2/2026,6:49:30 AM,97,60
10/2/2026,6:49:31 AM,97,60
10/2/2026,6:49:32 AM,97,61
10/2/2026,6:49:33 AM,97,61
10/2/2026,6:49:34 AM,97,61
10/2/2026,6:49:35 AM,97,61
10/2/2026,6:49:36 AM,98,61
10/2/2026,6:49:37 AM,98,62
10/2/2026,6:49:38 AM,98,62
10/2/2026,6:49:39 AM,99,61
10/2/2026,6:49:40 AM,99,61
10/2/2026,6:49:41 AM,99,62
10/2/2026,6:49:42 AM,99,62
10/2/2026,6:49:43 AM,99,62
10/2/2026,6:49:44 AM,99,62
10/2/2026,6:49:45 AM,99,62
10/2/2026,6:49:46 AM,99,61
10/2/2026,6:49:47 AM,99,61
10/2/2026,6:49:48 AM,99,61
10/2/2026,6:49:49 AM,99,60
10/2/2026,6:49:50 AM,99,60
10/2/2026,6:49:51 AM,99,60
10/2/2026,6:49:52 AM,99,60
10/2/2026,6:49:53 AM,99,59
10/2/2026,6:49:54 AM,99,59
10/2/2026,6:49:55 AM,99,59
10/2/2026,6:49:56 AM,99,59
10/2/2026,6:49:57 AM,99,59
10/2/2026,6:49:58 AM,99,59
10/2/2026,6:49:59 AM,99,59
10/2/2026,6:50:00 AM,99,59
10/2/2026,6:50:01 AM,99,58
10/2/2026,6:50:02 AM,99,58
10/2/2026,6:50:03 AM,99,58
10/2/2026,6:50:04 AM,98,58
10/2/2026,6:50:05 AM,98,58
10/2/2026,6:50:06 AM,98,57
10/2/2026,6:50:07 AM,98,57
10/2/2026,6:50:08 AM,98,57
10/2/2026,6:50:09 AM,98,57
10/2/2026,6:50:10 AM,98,57
10/2/2026,6:50:11 AM,98,57
10/2/2026,6:50:12 AM,98,57
10/2/2026,6:50:13 AM,98,56
10/2/2026,6:50:14 AM,98,56
10/2/2026,6:50:15 AM,97,56
10/2/2026,6:50:16 AM,97,56
10/2/2026,6:50:17 AM,97,56
10/2/2026,6:50:18 AM,97,56
10/2/2026,6:50:19 AM,97,56
10/2/2026,6:50:20 AM,97,56
10/2/2026,6:50:21 AM,97,56
10/2/2026,6:50:22 AM,96,56
10/2/2026,6:50:23 AM,96,56
10/2/2026,6:50:24 AM,96,56
10/2/2026,6:50:25 AM,96,56
10/2/2026,6:50:26 AM,96,56
10/2/2026,6:50:27 AM,96,56
10/2/2026,6:50:28 AM,96,56
10/2/2026,6:50:29 AM,96,56
10/2/2026,6:50:30 AM,96,56
10/2/2026,6:50:31 AM,96,56
10/2/2026,6:50:32 AM,96,56
10/2/2026,6:50:33 AM,96,56
10/2/2026,6:50:34 AM,96,56
10/2/2026,6:50:35 AM,96,56
10/2/2026,6:50:36 AM,96,57
10/2/2026,6:50:37 AM,96,58
10/2/2026,6:50:38 AM,96,58
10/2/2026,6:50:39 AM,96,59
10/2/2026,6:50:40 AM,96,59
10/2/2026,6:50:41 AM,96,60
10/2/2026,6:50:42 AM,96,60
10/2/2026,6:50:43 AM,96,60
10/2/2026,6:50:44 AM,97,60
10/2/2026,6:50:45 AM,96,60
10/2/2026,6:50:46 AM,96,60
10/2/2026,6:50:47 AM,96,60
10/2/2026,6:50:48 AM,96,60
10/2/2026,6:50:49 AM,96,59
10/2/2026,6:50:50 AM,97,59
10/2/2026,6:50:51 AM,97,59
10/2/2026,6:50:52 AM,97,59
10/2/2026,6:50:53 AM,98,59
10/2/2026,6:50:54 AM,98,58
10/2/2026,6:50:55 AM,99,58
10/2/2026,6:50:56 AM,99,58
10/2/2026,6:50:57 AM,99,58
10/2/2026,6:50:58 AM,99,58
10/2/2026,6:50:59 AM,99,58
10/2/2026,6:51:00 AM,99,58
10/2/2026,6:51:01 AM,99,58
10/2/2026,6:51:02 AM,99,58
10/2/2026,6:51:03 AM,99,58
10/2/2026,6:51:04 AM,99,58
10/2/2026,6:51:05 AM,99,58
10/2/2026,6:51:06 AM,99,58
10/2/2026,6:51:07 AM,99,58
10/2/2026,6:51:08 AM,99,58
10/2/2026,6:51:09 AM,99,58
10/2/2026,6:51:10 AM,99,58
10/2/2026,6:51:11 AM,99,58
10/2/2026,6:51:12 AM,99,58
10/2/2026,6:51:13 AM,99,58
10/2/2026,6:51:14 AM,99,58
10/2/2026,6:51:15 AM,99,58
10/2/2026,6:51:16 AM,99,58
10/2/2026,6:51:17 AM,99,58
10/2/2026,6:51:18 AM,99,57
10/2/2026,6:51:19 AM,99,57
10/2/2026,6:51:20 AM,99,57
10/2/2026,6:51:21 AM,99,57
10/2/2026,6:51:22 AM,99,57
10/2/2026,6:51:23 AM,98,57
10/2/2026,6:51:24 AM,98,57
10/2/2026,6:51:25 AM,98,57
10/2/2026,6:51:26 AM,98,57
10/2/2026,6:51:27 AM,98,57
10/2/2026,6:51:28 AM,98,57
10/2/2026,6:51:29 AM,98,57
10/2/2026,6:51:30 AM,98,57
10/2/2026,6:51:31 AM,98,58
10/2/2026,6:51:32 AM,98,58
10/2/2026,6:51:33 AM,98,58
10/2/2026,6:51:34 AM,98,58
10/2/2026,6:51:35 AM,98,58
10/2/2026,6:51:36 AM,98,58
10/2/2026,6:51:37 AM,98,58
10/2/2026,6:51:38 AM,98,59
10/2/2026,6:51:39 AM,98,59
10/2/2026,6:51:40 AM,98,59
10/2/2026,6:51:41 AM,98,59
10/2/2026,6:51:42 AM,98,60
10/2/2026,6:51:43 AM,98,60
10/2/2026,6:51:44 AM,98,60
10/2/2026,6:51:45 AM,98,61
10/2/2026,6:51:46 AM,98,61
10/2/2026,6:51:47 AM,98,62
10/2/2026,6:51:48 AM,98,62
10/2/2026,6:51:49 AM,98,62
10/2/2026,6:51:50 AM,98,62
10/2/2026,6:51:51 AM,98,61
10/2/2026,6:51:52 AM,98,61
10/2/2026,6:51:53 AM,98,61
10/2/2026,6:51:54 AM,98,61
10/2/2026,6:51:55 AM,98,60
10/2/2026,6:51:56 AM,98,60
10/2/2026,6:51:57 AM,98,60
10/2/2026,6:51:58 AM,98,60
10/2/2026,6:51:59 AM,98,60
10/2/2026,6:52:00 AM,98,60
10/2/2026,6:52:01 AM,98,60
10/2/2026,6:52:02 AM,98,60
10/2/2026,6:52:03 AM,98,60
10/2/2026,6:52:04 AM,98,59
10/2/2026,6:52:05 AM,99,59
10/2/2026,6:52:06 AM,99,59
10/2/2026,6:52:07 AM,99,58
10/2/2026,6:52:08 AM,99,58
10/2/2026,6:52:09 AM,99,57
10/2/2026,6:52:10 AM,99,57
10/2/2026,6:52:11 AM,99,57
10/2/2026,6:52:12 AM,99,57
10/2/2026,6:52:13 AM,99,57
10/2/2026,6:52:14 AM,99,57
10/2/2026,6:52:15 AM,99,57
10/2/2026,6:52:16 AM,99,57
10/2/2026,6:52:17 AM,99,57
10/2/2026,6:52:18 AM,99,57
10/2/2026,6:52:19 AM,99,57
10/2/2026,6:52:20 AM,99,57
10/2/2026,6:52:21 AM,99,57
10/2/2026,6:52:22 AM,99,56
10/2/2026,6:52:23 AM,99,56
10/2/2026,6:52:24 AM,99,56
10/2/2026,6:52:25 AM,99,56
10/2/2026,6:52:26 AM,99,55
10/2/2026,6:52:27 AM,99,55
10/2/2026,6:52:28 AM,99,55
10/2/2026,6:52:29 AM,99,55
10/2/2026,6:52:30 AM,99,55
10/2/2026,6:52:31 AM,99,55
10/2/2026,6:52:32 AM,99,55
10/2/2026,6:52:33 AM,98,55
10/2/2026,6:52:34 AM,98,55
10/2/2026,6:52:35 AM,98,55
10/2/2026,6:52:36 AM,98,55
10/2/2026,6:52:37 AM,98,56
10/2/2026,6:52:38 AM,98,56
10/2/2026,6:52:39 AM,98,56
10/2/2026,6:52:40 AM,98,56
10/2/2026,6:52:41 AM,98,56
10/2/2026,6:52:42 AM,98,56
10/2/2026,6:52:43 AM,98,56
10/2/2026,6:52:44 AM,98,56
10/2/2026,6:52:45 AM,98,55
10/2/2026,6:52:46 AM,98,55
10/2/2026,6:52:47 AM,98,55
10/2/2026,6:52:48 AM,98,55
10/2/2026,6:52:49 AM,97,54
10/2/2026,6:52:50 AM,97,54
10/2/2026,6:52:51 AM,97,54
10/2/2026,6:52:52 AM,97,54
10/2/2026,6:52:53 AM,97,54
10/2/2026,6:52:54 AM,97,54
10/2/2026,6:52:55 AM,97,54
10/2/2026,6:52:56 AM,97,54
10/2/2026,6:52:57 AM,97,54
10/2/2026,6:52:58 AM,96,54
10/2/2026,6:52:59 AM,96,54
10/2/2026,6:53:00 AM,96,54
10/2/2026,6:53:01 AM,96,54
10/2/2026,6:53:02 AM,96,54
10/2/2026,6:53:03 AM,96,55
10/2/2026,6:53:04 AM,96,55
10/2/2026,6:53:05 AM,96,55
10/2/2026,6:53:06 AM,96,55
10/2/2026,6:53:07 AM,96,55
10/2/2026,6:53:08 AM,96,56
10/2/2026,6:53:09 AM,96,56
10/2/2026,6:53:10 AM,96,55
10/2/2026,6:53:11 AM,96,55
10/2/2026,6:53:12 AM,96,55
10/2/2026,6:53:13 AM,96,55
10/2/2026,6:53:14 AM,96,55
10/2/2026,6:53:15 AM,96,55
10/2/2026,6:53:16 AM,95,56
10/2/2026,6:53:17 AM,95,56
10/2/2026,6:53:18 AM,95,56
10/2/2026,6:53:19 AM,95,56
10/2/2026,6:53:20 AM,95,56
10/2/2026,6:53:21 AM,95,57
10/2/2026,6:53:22 AM,95,57
10/2/2026,6:53:23 AM,95,57
10/2/2026,6:53:24 AM,95,58
10/2/2026,6:53:25 AM,95,58
10/2/2026,6:53:26 AM,95,58
10/2/2026,6:53:27 AM,95,58
10/2/2026,6:53:28 AM,95,59
10/2/2026,6:53:29 AM,95,59
10/2/2026,6:53:30 AM,95,59
10/2/2026,6:53:31 AM,95,59
10/2/2026,6:53:32 AM,94,59
10/2/2026,6:53:33 AM,94,59
10/2/2026,6:53:34 AM,94,58
10/2/2026,6:53:35 AM,94,58
10/2/2026,6:53:36 AM,94,58
10/2/2026,6:53:37 AM,94,58
10/2/2026,6:53:38 AM,94,58
10/2/2026,6:53:39 AM,94,58
10/2/2026,6:53:40 AM,94,58
10/2/2026,6:53:41 AM,93,58
10/2/2026,6:53:42 AM,93,58
10/2/2026,6:53:43 AM,93,58
10/2/2026,6:53:44 AM,93,58
10/2/2026,6:53:45 AM,93,59
10/2/2026,6:53:46 AM,93,59
10/2/2026,6:53:47 AM,92,60
10/2/2026,6:53:48 AM,92,60
10/2/2026,6:53:49 AM,92,60
10/2/2026,6:53:50 AM,92,60
10/2/2026,6:53:51 AM,92,60
10/2/2026,6:53:52 AM,92,60
10/2/2026,6:53:53 AM,92,60
10/2/2026,6:53:54 AM,92,60
10/2/2026,6:53:55 AM,92,60
10/2/2026,6:53:56 AM,92,60
10/2/2026,6:53:57 AM,92,60
10/2/2026,6:53:58 AM,92,60
10/2/2026,6:53:59 AM,92,60
10/2/2026,6:54:00 AM,92,60
10/2/2026,6:54:01 AM,92,60
10/2/2026,6:54:02 AM,92,60
10/2/2026,6:54:03 AM,92,60
10/2/2026,6:54:04 AM,92,60
10/2/2026,6:54:05 AM,92,60
10/2/2026,6:54:06 AM,92,60
10/2/2026,6:54:07 AM,92,60
10/2/2026,6:54:08 AM,92,60
10/2/2026,6:54:09 AM,92,60
10/2/2026,6:54:10 AM,92,60
10/2/2026,6:54:11 AM,92,60
10/2/2026,6:54:12 AM,92,60
10/2/2026,6:54:13 AM,92,60
10/2/2026,6:54:14 AM,92,60
10/2/2026,6:54:15 AM,92,60
10/2/2026,6:54:16 AM,91,60
10/2/2026,6:54:17 AM,90,60
10/2/2026,6:54:18 AM,90,60
10/2/2026,6:54:19 AM,90,62
10/2/2026,6:54:20 AM,90,62
10/2/2026,6:54:21 AM,90,62
10/2/2026,6:54:22 AM,90,62
10/2/2026,6:54:23 AM,90,62
10/2/2026,6:54:24 AM,90,62
10/2/2026,6:54:25 AM,90,62
10/2/2026,6:54:26 AM,90,62
10/2/2026,6:54:27 AM,90,62
10/2/2026,6:54:28 AM,92,62
10/2/2026,6:54:29 AM,92,63
10/2/2026,6:54:30 AM,92,63
10/2/2026,6:54:31 AM,92,63
10/2/2026,6:54:32 AM,92,63
10/2/2026,6:54:33 AM,92,63
10/2/2026,6:54:34 AM,92,63
10/2/2026,6:54:35 AM,92,63
10/2/2026,6:54:36 AM,92,64
10/2/2026,6:54:37 AM,92,64
10/2/2026,6:54:38 AM,92,64
10/2/2026,6:54:39 AM,92,64
10/2/2026,6:54:40 AM,92,64
10/2/2026,6:54:41 AM,92,64
10/2/2026,6:54:42 AM,92,63
10/2/2026,6:54:43 AM,92,63
10/2/2026,6:54:44 AM,92,63
10/2/2026,6:54:45 AM,92,63
10/2/2026,6:54:46 AM,92,63
10/2/2026,6:54:47 AM,92,63
10/2/2026,6:54:48 AM,92,63
10/2/2026,6:54:49 AM,92,63
10/2/2026,6:54:50 AM,93,62
10/2/2026,6:54:51 AM,94,62
10/2/2026,6:54:52 AM,94,62
10/2/2026,6:54:53 AM,95,62
10/2/2026,6:54:54 AM,96,62
10/2/2026,6:54:55 AM,97,61
10/2/2026,6:54:56 AM,98,61
10/2/2026,6:54:57 AM,99,61
10/2/2026,6:54:58 AM,99,61
10/2/2026,6:54:59 AM,99,61
10/2/2026,6:55:00 AM,99,61
10/2/2026,6:55:01 AM,99,61
10/2/2026,6:55:02 AM,99,62
10/2/2026,6:55:03 AM,98,62
10/2/2026,6:55:04 AM,98,61
10/2/2026,6:55:05 AM,98,61
10/2/2026,6:55:06 AM,98,61
10/2/2026,6:55:07 AM,98,61
10/2/2026,6:55:08 AM,98,61
10/2/2026,6:55:09 AM,98,61
10/2/2026,6:55:10 AM,98,61
10/2/2026,6:55:11 AM,98,61
10/2/2026,6:55:12 AM,98,61
10/2/2026,6:55:13 AM,98,61
10/2/2026,6:55:14 AM,98,61
10/2/2026,6:55:15 AM,98,61
10/2/2026,6:55:16 AM,98,61
10/2/2026,6:55:17 AM,98,60
10/2/2026,6:55:18 AM,98,60
10/2/2026,6:55:19 AM,98,60
10/2/2026,6:55:20 AM,98,60
10/2/2026,6:55:21 AM,98,60
10/2/2026,6:55:22 AM,98,60
10/2/2026,6:55:23 AM,98,60
10/2/2026,6:55:24 AM,98,60
10/2/2026,6:55:25 AM,98,59
10/2/2026,6:55:26 AM,98,59
10/2/2026,6:55:27 AM,98,59
10/2/2026,6:55:28 AM,98,59
10/2/2026,6:55:29 AM,98,58
10/2/2026,6:55:30 AM,98,57
10/2/2026,6:55:31 AM,98,56
10/2/2026,6:55:32 AM,98,56
10/2/2026,6:55:33 AM,98,55
10/2/2026,6:55:34 AM,98,55
10/2/2026,6:55:35 AM,98,55
10/2/2026,6:55:36 AM,98,54
10/2/2026,6:55:37 AM,98,54
10/2/2026,6:55:38 AM,98,54
10/2/2026,6:55:39 AM,98,54
10/2/2026,6:55:40 AM,98,54
10/2/2026,6:55:41 AM,98,54
10/2/2026,6:55:42 AM,98,54
10/2/2026,6:55:43 AM,98,54
10/2/2026,6:55:44 AM,98,54
10/2/2026,6:55:45 AM,98,54
10/2/2026,6:55:46 AM,98,54
10/2/2026,6:55:47 AM,98,54
10/2/2026,6:55:48 AM,98,54
10/2/2026,6:55:49 AM,98,54
10/2/2026,6:55:50 AM,98,53
10/2/2026,6:55:51 AM,98,53
10/2/2026,6:55:52 AM,98,53
10/2/2026,6:55:53 AM,97,53
10/2/2026,6:55:54 AM,98,53
10/2/2026,6:55:55 AM,97,53
10/2/2026,6:55:56 AM,97,53
10/2/2026,6:55:57 AM,97,53
10/2/2026,6:55:58 AM,97,53
10/2/2026,6:55:59 AM,97,53
10/2/2026,6:56:00 AM,97,53
10/2/2026,6:56:01 AM,97,53
10/2/2026,6:56:02 AM,97,53
10/2/2026,6:56:03 AM,97,53
10/2/2026,6:56:04 AM,97,53
10/2/2026,6:56:05 AM,97,53
10/2/2026,6:56:06 AM,97,53
10/2/2026,6:56:07 AM,97,53
10/2/2026,6:56:08 AM,97,53
10/2/2026,6:56:09 AM,97,53
10/2/2026,6:56:10 AM,97,53
10/2/2026,6:56:11 AM,97,52
10/2/2026,6:56:12 AM,97,52
10/2/2026,6:56:13 AM,97,52
10/2/2026,6:56:14 AM,97,52
10/2/2026,6:56:15 AM,97,52
10/2/2026,6:56:16 AM,97,52
10/2/2026,6:56:17 AM,97,52
10/2/2026,6:56:18 AM,97,52
10/2/2026,6:56:19 AM,97,52
10/2/2026,6:56:20 AM,97,52
10/2/2026,6:56:21 AM,97,52
10/2/2026,6:56:22 AM,97,52
10/2/2026,6:56:23 AM,97,52
10/2/2026,6:56:24 AM,97,52
10/2/2026,6:56:25 AM,96,52
10/2/2026,6:56:26 AM,96,52
10/2/2026,6:56:27 AM,96,53
10/2/2026,6:56:28 AM,96,53
10/2/2026,6:56:29 AM,96,53
10/2/2026,6:56:30 AM,96,53
10/2/2026,6:56:31 AM,96,53
10/2/2026,6:56:32 AM,96,53
10/2/2026,6:56:33 AM,96,53
10/2/2026,6:56:34 AM,96,53
10/2/2026,6:56:35 AM,96,53
10/2/2026,6:56:36 AM,96,53
10/2/2026,6:56:37 AM,96,53
10/2/2026,6:56:38 AM,96,53
10/2/2026,6:56:39 AM,96,53
10/2/2026,6:56:40 AM,96,53
10/2/2026,6:56:41 AM,96,53
10/2/2026,6:56:42 AM,96,53
10/2/2026,6:56:43 AM,96,53
10/2/2026,6:56:44 AM,96,53
10/2/2026,6:56:45 AM,96,53
10/2/2026,6:56:46 AM,96,53
10/2/2026,6:56:47 AM,96,53
10/2/2026,6:56:48 AM,96,53
10/2/2026,6:56:49 AM,96,53
10/2/2026,6:56:50 AM,96,53
10/2/2026,6:56:51 AM,96,53
10/2/2026,6:56:52 AM,96,53
10/2/2026,6:56:53 AM,96,53
10/2/2026,6:56:54 AM,96,53
10/2/2026,6:56:55 AM,96,53
10/2/2026,6:56:56 AM,96,53
10/2/2026,6:56:57 AM,96,53
10/2/2026,6:56:58 AM,96,53
10/2/2026,6:56:59 AM,96,53
10/2/2026,6:57:00 AM,96,53
10/2/2026,6:57:01 AM,97,53
10/2/2026,6:57:02 AM,97,53
10/2/2026,6:57:03 AM,97,53
10/2/2026,6:57:04 AM,97,53
10/2/2026,6:57:05 AM,98,53
10/2/2026,6:57:06 AM,98,54
10/2/2026,6:57:07 AM,98,55
10/2/2026,6:57:08 AM,98,56
10/2/2026,6:57:09 AM,98,57
10/2/2026,6:57:10 AM,99,57
10/2/2026,6:57:11 AM,99,58
10/2/2026,6:57:12 AM,99,58
10/2/2026,6:57:13 AM,99,58
10/2/2026,6:57:14 AM,99,58
10/2/2026,6:57:15 AM,99,58
10/2/2026,6:57:16 AM,99,58
10/2/2026,6:57:17 AM,99,58
10/2/2026,6:57:18 AM,99,57
10/2/2026,6:57:19 AM,99,57
10/2/2026,6:57:20 AM,99,57
10/2/2026,6:57:21 AM,99,57
10/2/2026,6:57:22 AM,99,57
10/2/2026,6:57:23 AM,99,57
10/2/2026,6:57:24 AM,99,57
10/2/2026,6:57:25 AM,99,57
10/2/2026,6:57:26 AM,99,57
10/2/2026,6:57:27 AM,99,57
10/2/2026,6:57:28 AM,99,56
10/2/2026,6:57:29 AM,99,56
10/2/2026,6:57:30 AM,99,56
10/2/2026,6:57:31 AM,99,55
10/2/2026,6:57:32 AM,99,55
10/2/2026,6:57:33 AM,99,54
10/2/2026,6:57:34 AM,99,54
10/2/2026,6:57:35 AM,99,53
10/2/2026,6:57:36 AM,99,53
10/2/2026,6:57:37 AM,99,53
10/2/2026,6:57:38 AM,99,53
10/2/2026,6:57:39 AM,99,53
10/2/2026,6:57:40 AM,99,53
10/2/2026,6:57:41 AM,99,53
10/2/2026,6:57:42 AM,99,53
10/2/2026,6:57:43 AM,99,53
10/2/2026,6:57:44 AM,99,54
10/2/2026,6:57:45 AM,99,54
10/2/2026,6:57:46 AM,99,54
10/2/2026,6:57:47 AM,99,54
10/2/2026,6:57:48 AM,99,54
10/2/2026,6:57:49 AM,99,54
10/2/2026,6:57:50 AM,98,54
10/2/2026,6:57:51 AM,98,54
10/2/2026,6:57:52 AM,98,54
10/2/2026,6:57:53 AM,98,54
10/2/2026,6:57:54 AM,98,54
10/2/2026,6:57:55 AM,98,54
10/2/2026,6:57:56 AM,98,54
10/2/2026,6:57:57 AM,98,53
10/2/2026,6:57:58 AM,98,53
10/2/2026,6:57:59 AM,98,53
10/2/2026,6:58:00 AM,98,52
10/2/2026,6:58:01 AM,98,52
10/2/2026,6:58:02 AM,98,52
10/2/2026,6:58:03 AM,98,52
10/2/2026,6:58:04 AM,98,52
10/2/2026,6:58:05 AM,98,52
10/2/2026,6:58:06 AM,98,52
10/2/2026,6:58:07 AM,98,52
10/2/2026,6:58:08 AM,98,52
10/2/2026,6:58:09 AM,98,52
10/2/2026,6:58:10 AM,98,52
10/2/2026,6:58:11 AM,98,52
10/2/2026,6:58:12 AM,98,51
10/2/2026,6:58:13 AM,98,51
10/2/2026,6:58:14 AM,98,51
10/2/2026,6:58:15 AM,98,51
10/2/2026,6:58:16 AM,98,51
10/2/2026,6:58:17 AM,98,51
10/2/2026,6:58:18 AM,98,51
10/2/2026,6:58:19 AM,98,51
10/2/2026,6:58:20 AM,97,51
10/2/2026,6:58:21 AM,97,51
10/2/2026,6:58:22 AM,97,51
10/2/2026,6:58:23 AM,97,51
10/2/2026,6:58:24 AM,97,51
10/2/2026,6:58:25 AM,97,51
10/2/2026,6:58:26 AM,97,51
10/2/2026,6:58:27 AM,97,51
10/2/2026,6:58:28 AM,97,51
10/2/2026,6:58:29 AM,97,51
10/2/2026,6:58:30 AM,97,51
10/2/2026,6:58:31 AM,97,51
10/2/2026,6:58:32 AM,97,50
10/2/2026,6:58:33 AM,97,50
10/2/2026,6:58:34 AM,97,51
10/2/2026,6:58:35 AM,96,51
10/2/2026,6:58:36 AM,96,51
10/2/2026,6:58:37 AM,96,51
10/2/2026,6:58:38 AM,96,51
10/2/2026,6:58:39 AM,96,51
10/2/2026,6:58:40 AM,96,52
10/2/2026,6:58:41 AM,96,52
10/2/2026,6:58:42 AM,96,52
10/2/2026,6:58:43 AM,95,52
10/2/2026,6:58:44 AM,95,52
10/2/2026,6:58:45 AM,95,52
10/2/2026,6:58:46 AM,95,52
10/2/2026,6:58:47 AM,95,52
10/2/2026,6:58:48 AM,95,52
10/2/2026,6:58:49 AM,95,52
10/2/2026,6:58:50 AM,95,52
10/2/2026,6:58:51 AM,95,52
10/2/2026,6:58:52 AM,95,52
10/2/2026,6:58:53 AM,95,52
10/2/2026,6:58:54 AM,95,52
10/2/2026,6:58:55 AM,95,52
10/2/2026,6:58:56 AM,95,52
10/2/2026,6:58:57 AM,95,52
10/2/2026,6:58:58 AM,95,52
10/2/2026,6:58:59 AM,95,52
10/2/2026,6:59:00 AM,95,52
10/2/2026,6:59:01 AM,95,52
10/2/2026,6:59:02 AM,95,52
10/2/2026,6:59:03 AM,94,52
10/2/2026,6:59:04 AM,94,52
10/2/2026,6:59:05 AM,94,52
10/2/2026,6:59:06 AM,94,52
10/2/2026,6:59:07 AM,93,52
10/2/2026,6:59:08 AM,93,52
10/2/2026,6:59:09 AM,93,52
10/2/2026,6:59:10 AM,93,52
10/2/2026,6:59:11 AM,93,52
10/2/2026,6:59:12 AM,93,52
10/2/2026,6:59:13 AM,93,52
10/2/2026,6:59:14 AM,93,53
10/2/2026,6:59:15 AM,93,54
10/2/2026,6:59:16 AM,93,55
10/2/2026,6:59:17 AM,93,56
10/2/2026,6:59:18 AM,93,57
10/2/2026,6:59:19 AM,93,57
10/2/2026,6:59:20 AM,94,58
10/2/2026,6:59:21 AM,95,59
10/2/2026,6:59:22 AM,97,59
10/2/2026,6:59:23 AM,98,59
10/2/2026,6:59:24 AM,99,59
10/2/2026,6:59:25 AM,99,59
10/2/2026,6:59:26 AM,99,59
10/2/2026,6:59:27 AM,99,58
10/2/2026,6:59:28 AM,99,58
10/2/2026,6:59:29 AM,99,58
10/2/2026,6:59:30 AM,99,57
10/2/2026,6:59:31 AM,99,57
10/2/2026,6:59:32 AM,99,57
10/2/2026,6:59:33 AM,99,57
10/2/2026,6:59:34 AM,99,57
10/2/2026,6:59:35 AM,99,57
10/2/2026,6:59:36 AM,99,57
10/2/2026,6:59:37 AM,99,56
10/2/2026,6:59:38 AM,99,56
10/2/2026,6:59:39 AM,99,56
10/2/2026,6:59:40 AM,99,56
10/2/2026,6:59:41 AM,99,55
10/2/2026,6:59:42 AM,99,55
10/2/2026,6:59:43 AM,99,55
10/2/2026,6:59:44 AM,99,55
10/2/2026,6:59:45 AM,99,54
10/2/2026,6:59:46 AM,99,54
10/2/2026,6:59:47 AM,99,54
10/2/2026,6:59:48 AM,99,54
10/2/2026,6:59:49 AM,99,54
10/2/2026,6:59:50 AM,99,54
10/2/2026,6:59:51 AM,98,54
10/2/2026,6:59:52 AM,98,54
10/2/2026,6:59:53 AM,98,54
10/2/2026,6:59:54 AM,98,54
10/2/2026,6:59:55 AM,98,54
10/2/2026,6:59:56 AM,98,54
10/2/2026,6:59:57 AM,98,53
10/2/2026,6:59:58 AM,98,53
10/2/2026,6:59:59 AM,98,53
10/2/2026,7:00:00 AM,98,53
10/2/2026,7:00:01 AM,98,53
10/2/2026,7:00:02 AM,98,53
10/2/2026,7:00:03 AM,98,53
10/2/2026,7:00:04 AM,98,53
10/2/2026,7:00:05 AM,98,53
10/2/2026,7:00:06 AM,98,53
10/2/2026,7:00:07 AM,98,53
10/2/2026,7:00:08 AM,98,53
10/2/2026,7:00:09 AM,98,53
10/2/2026,7:00:10 AM,98,53
10/2/2026,7:00:11 AM,97,52
10/2/2026,7:00:12 AM,97,52
10/2/2026,7:00:13 AM,97,52
10/2/2026,7:00:14 AM,97,52
10/2/2026,7:00:15 AM,97,52
10/2/2026,7:00:16 AM,97,52
10/2/2026,7:00:17 AM,97,52
10/2/2026,7:00:18 AM,97,52
10/2/2026,7:00:19 AM,97,52
10/2/2026,7:00:20 AM,97,52
10/2/2026,7:00:21 AM,97,52
10/2/2026,7:00:22 AM,97,52
10/2/2026,7:00:23 AM,97,52
10/2/2026,7:00:24 AM,97,52
10/2/2026,7:00:25 AM,97,52
10/2/2026,7:00:26 AM,97,52
10/2/2026,7:00:27 AM,97,52
10/2/2026,7:00:28 AM,97,52
10/2/2026,7:00:29 AM,97,52
10/2/2026,7:00:30 AM,97,52
10/2/2026,7:00:31 AM,97,52
10/2/2026,7:00:32 AM,97,52
10/2/2026,7:00:33 AM,97,52
10/2/2026,7:00:34 AM,97,52
10/2/2026,7:00:35 AM,97,52
10/2/2026,7:00:36 AM,97,52
10/2/2026,7:00:37 AM,97,52
10/2/2026,7:00:38 AM,96,52
10/2/2026,7:00:39 AM,96,52
10/2/2026,7:00:40 AM,96,52
10/2/2026,7:00:41 AM,95,52
10/2/2026,7:00:42 AM,95,54
10/2/2026,7:00:43 AM,95,55
10/2/2026,7:00:44 AM,95,56
10/2/2026,7:00:45 AM,94,57
10/2/2026,7:00:46 AM,94,59
10/2/2026,7:00:47 AM,94,60
10/2/2026,7:00:48 AM,94,61
10/2/2026,7:00:49 AM,94,61
10/2/2026,7:00:50 AM,94,61
10/2/2026,7:00:51 AM,93,61
10/2/2026,7:00:52 AM,93,60
10/2/2026,7:00:53 AM,93,60
10/2/2026,7:00:54 AM,93,59
10/2/2026,7:00:55 AM,94,58
10/2/2026,7:00:56 AM,94,58
10/2/2026,7:00:57 AM,94,57
10/2/2026,7:00:58 AM,94,57
10/2/2026,7:00:59 AM,94,57
10/2/2026,7:01:00 AM,94,56
10/2/2026,7:01:01 AM,94,56
10/2/2026,7:01:02 AM,95,56
10/2/2026,7:01:03 AM,97,55
10/2/2026,7:01:04 AM,98,55
10/2/2026,7:01:05 AM,98,55
10/2/2026,7:01:06 AM,99,54
10/2/2026,7:01:07 AM,99,54
10/2/2026,7:01:08 AM,99,54
10/2/2026,7:01:09 AM,99,54
10/2/2026,7:01:10 AM,99,53
10/2/2026,7:01:11 AM,99,53
10/2/2026,7:01:12 AM,99,53
10/2/2026,7:01:13 AM,99,53
10/2/2026,7:01:14 AM,99,53
10/2/2026,7:01:15 AM,99,53
10/2/2026,7:01:16 AM,99,53
10/2/2026,7:01:17 AM,99,53
10/2/2026,7:01:18 AM,99,53
10/2/2026,7:01:19 AM,99,53
10/2/2026,7:01:20 AM,99,53
10/2/2026,7:01:21 AM,99,53
10/2/2026,7:01:22 AM,99,53
10/2/2026,7:01:23 AM,99,53
10/2/2026,7:01:24 AM,99,53
10/2/2026,7:01:25 AM,99,54
10/2/2026,7:01:26 AM,99,54
10/2/2026,7:01:27 AM,99,54
10/2/2026,7:01:28 AM,99,54
10/2/2026,7:01:29 AM,99,54
10/2/2026,7:01:30 AM,99,54
10/2/2026,7:01:31 AM,98,54
10/2/2026,7:01:32 AM,98,54
10/2/2026,7:01:33 AM,98,54
10/2/2026,7:01:34 AM,98,54
10/2/2026,7:01:35 AM,98,54
10/2/2026,7:01:36 AM,98,54
10/2/2026,7:01:37 AM,98,53
10/2/2026,7:01:38 AM,98,53
10/2/2026,7:01:39 AM,98,53
10/2/2026,7:01:40 AM,98,53
10/2/2026,7:01:41 AM,98,53
10/2/2026,7:01:42 AM,98,53
10/2/2026,7:01:43 AM,98,53
10/2/2026,7:01:44 AM,98,53
10/2/2026,7:01:45 AM,98,53
10/2/2026,7:01:46 AM,98,53
10/2/2026,7:01:47 AM,98,53
10/2/2026,7:01:48 AM,98,53
10/2/2026,7:01:49 AM,98,53
10/2/2026,7:01:50 AM,98,53
10/2/2026,7:01:51 AM,98,53
10/2/2026,7:01:52 AM,98,53
10/2/2026,7:01:53 AM,98,53
10/2/2026,7:01:54 AM,98,54
10/2/2026,7:01:55 AM,98,55
10/2/2026,7:01:56 AM,98,57
10/2/2026,7:01:57 AM,98,58
10/2/2026,7:01:58 AM,98,58
10/2/2026,7:01:59 AM,98,58
10/2/2026,7:02:00 AM,98,58
10/2/2026,7:02:01 AM,98,58
10/2/2026,7:02:02 AM,98,59
10/2/2026,7:02:03 AM,98,60
10/2/2026,7:02:04 AM,98,60
10/2/2026,7:02:05 AM,98,60
10/2/2026,7:02:06 AM,98,61
10/2/2026,7:02:07 AM,98,61
10/2/2026,7:02:08 AM,98,61
10/2/2026,7:02:09 AM,98,61
10/2/2026,7:02:10 AM,98,61
10/2/2026,7:02:11 AM,98,61
10/2/2026,7:02:12 AM,98,61
10/2/2026,7:02:13 AM,98,61
10/2/2026,7:02:14 AM,98,61
10/2/2026,7:02:15 AM,97,61
10/2/2026,7:02:16 AM,97,61
10/2/2026,7:02:17 AM,97,61
10/2/2026,7:02:18 AM,97,59
10/2/2026,7:02:19 AM,97,58
10/2/2026,7:02:20 AM,97,57
10/2/2026,7:02:21 AM,97,56
10/2/2026,7:02:22 AM,97,55
10/2/2026,7:02:23 AM,97,55
10/2/2026,7:02:24 AM,97,54
10/2/2026,7:02:25 AM,97,54
10/2/2026,7:02:26 AM,98,53
10/2/2026,7:02:27 AM,98,53
10/2/2026,7:02:28 AM,98,53
10/2/2026,7:02:29 AM,98,53
10/2/2026,7:02:30 AM,99,53
10/2/2026,7:02:31 AM,99,53
10/2/2026,7:02:32 AM,99,53
10/2/2026,7:02:33 AM,99,53
10/2/2026,7:02:34 AM,99,53
10/2/2026,7:02:35 AM,99,53
10/2/2026,7:02:36 AM,99,53
10/2/2026,7:02:37 AM,99,53
10/2/2026,7:02:38 AM,99,53
10/2/2026,7:02:39 AM,99,53
10/2/2026,7:02:40 AM,99,53
10/2/2026,7:02:41 AM,99,53
10/2/2026,7:02:42 AM,99,53
10/2/2026,7:02:43 AM,99,53
10/2/2026,7:02:44 AM,99,53
10/2/2026,7:02:45 AM,99,53
10/2/2026,7:02:46 AM,99,53
10/2/2026,7:02:47 AM,99,53
10/2/2026,7:02:48 AM,99,53
10/2/2026,7:02:49 AM,99,53
10/2/2026,7:02:50 AM,99,53
10/2/2026,7:02:51 AM,98,53
10/2/2026,7:02:52 AM,98,53
10/2/2026,7:02:53 AM,98,53
10/2/2026,7:02:54 AM,98,53
10/2/2026,7:02:55 AM,98,53
10/2/2026,7:02:56 AM,98,53
10/2/2026,7:02:57 AM,98,53
10/2/2026,7:02:58 AM,98,54
10/2/2026,7:02:59 AM,98,54
10/2/2026,7:03:00 AM,98,54
10/2/2026,7:03:01 AM,98,54
10/2/2026,7:03:02 AM,98,53
10/2/2026,7:03:03 AM,98,53
10/2/2026,7:03:04 AM,98,53
10/2/2026,7:03:05 AM,98,53
10/2/2026,7:03:06 AM,98,53
10/2/2026,7:03:07 AM,98,53
10/2/2026,7:03:08 AM,98,53
10/2/2026,7:03:09 AM,98,53
10/2/2026,7:03:10 AM,98,53
10/2/2026,7:03:11 AM,98,53
10/2/2026,7:03:12 AM,98,53
10/2/2026,7:03:13 AM,98,53
10/2/2026,7:03:14 AM,98,53
10/2/2026,7:03:15 AM,98,53
10/2/2026,7:03:16 AM,98,53
10/2/2026,7:03:17 AM,98,54
10/2/2026,7:03:18 AM,98,54
10/2/2026,7:03:19 AM,98,54
10/2/2026,7:03:20 AM,98,54
10/2/2026,7:03:21 AM,98,54
10/2/2026,7:03:22 AM,98,54
10/2/2026,7:03:23 AM,98,54
10/2/2026,7:03:24 AM,98,54
10/2/2026,7:03:25 AM,98,54
10/2/2026,7:03:26 AM,98,54
10/2/2026,7:03:27 AM,98,54
10/2/2026,7:03:28 AM,98,54
10/2/2026,7:03:29 AM,98,55
10/2/2026,7:03:30 AM,98,55
10/2/2026,7:03:31 AM,97,55
10/2/2026,7:03:32 AM,97,55
10/2/2026,7:03:33 AM,97,55
10/2/2026,7:03:34 AM,97,55
10/2/2026,7:03:35 AM,97,56
10/2/2026,7:03:36 AM,97,56
10/2/2026,7:03:37 AM,97,56
10/2/2026,7:03:38 AM,97,56
10/2/2026,7:03:39 AM,97,56
10/2/2026,7:03:40 AM,97,56
10/2/2026,7:03:41 AM,97,56
10/2/2026,7:03:42 AM,97,56
10/2/2026,7:03:43 AM,97,56
10/2/2026,7:03:44 AM,97,56
10/2/2026,7:03:45 AM,97,56
10/2/2026,7:03:46 AM,97,56
10/2/2026,7:03:47 AM,96,56
10/2/2026,7:03:48 AM,96,57
10/2/2026,7:03:49 AM,96,59
10/2/2026,7:03:50 AM,96,60
10/2/2026,7:03:51 AM,96,61
10/2/2026,7:03:52 AM,95,63
10/2/2026,7:03:53 AM,95,64
10/2/2026,7:03:54 AM,95,64
10/2/2026,7:03:55 AM,95,64
10/2/2026,7:03:56 AM,95,64
10/2/2026,7:03:57 AM,95,64
10/2/2026,7:03:58 AM,95,64
10/2/2026,7:03:59 AM,95,64
10/2/2026,7:04:00 AM,95,64
10/2/2026,7:04:01 AM,95,64
10/2/2026,7:04:02 AM,95,64
10/2/2026,7:04:03 AM,95,64
10/2/2026,7:04:04 AM,95,64
10/2/2026,7:04:05 AM,95,64
10/2/2026,7:04:06 AM,95,64
10/2/2026,7:04:07 AM,95,64
10/2/2026,7:04:08 AM,95,64
10/2/2026,7:04:09 AM,95,64
10/2/2026,7:04:10 AM,95,64
10/2/2026,7:04:11 AM,95,65
10/2/2026,7:04:12 AM,95,66
10/2/2026,7:04:13 AM,95,66
10/2/2026,7:04:14 AM,96,65
10/2/2026,7:04:15 AM,96,65
10/2/2026,7:04:16 AM,96,64
10/2/2026,7:04:17 AM,96,63
10/2/2026,7:04:18 AM,96,63
10/2/2026,7:04:19 AM,97,63
10/2/2026,7:04:20 AM,98,62
10/2/2026,7:04:21 AM,98,60
10/2/2026,7:04:22 AM,99,60
10/2/2026,7:04:23 AM,99,59
10/2/2026,7:04:24 AM,99,58
10/2/2026,7:04:25 AM,99,58
10/2/2026,7:04:26 AM,99,57
10/2/2026,7:04:27 AM,99,57
10/2/2026,7:04:28 AM,99,57
10/2/2026,7:04:29 AM,99,57
10/2/2026,7:04:30 AM,99,57
10/2/2026,7:04:31 AM,99,56
10/2/2026,7:04:32 AM,99,57
10/2/2026,7:04:33 AM,99,56
10/2/2026,7:04:34 AM,99,56
10/2/2026,7:04:35 AM,99,56
10/2/2026,7:04:36 AM,99,56
10/2/2026,7:04:37 AM,99,56
10/2/2026,7:04:38 AM,99,56
10/2/2026,7:04:39 AM,99,56
10/2/2026,7:04:40 AM,99,56
10/2/2026,7:04:41 AM,99,56
10/2/2026,7:04:42 AM,99,56
10/2/2026,7:04:43 AM,99,56
10/2/2026,7:04:44 AM,99,56
10/2/2026,7:04:45 AM,99,56
10/2/2026,7:04:46 AM,99,56
10/2/2026,7:04:47 AM,99,56
10/2/2026,7:04:48 AM,99,56
10/2/2026,7:04:49 AM,99,56
10/2/2026,7:04:50 AM,99,56
10/2/2026,7:04:51 AM,99,56
10/2/2026,7:04:52 AM,99,56
10/2/2026,7:04:53 AM,99,56
10/2/2026,7:04:54 AM,98,56
10/2/2026,7:04:55 AM,98,56
10/2/2026,7:04:56 AM,98,56
10/2/2026,7:04:57 AM,98,56
10/2/2026,7:04:58 AM,98,56
10/2/2026,7:04:59 AM,98,56
10/2/2026,7:05:00 AM,98,56
10/2/2026,7:05:01 AM,98,56
10/2/2026,7:05:02 AM,98,56
10/2/2026,7:05:03 AM,98,56
10/2/2026,7:05:04 AM,98,56
10/2/2026,7:05:05 AM,98,56
10/2/2026,7:05:06 AM,98,56
10/2/2026,7:05:07 AM,98,56
10/2/2026,7:05:08 AM,98,56
10/2/2026,7:05:09 AM,98,56
10/2/2026,7:05:10 AM,98,56
10/2/2026,7:05:11 AM,98,56
10/2/2026,7:05:12 AM,98,56
10/2/2026,7:05:13 AM,98,56
10/2/2026,7:05:14 AM,98,56
10/2/2026,7:05:15 AM,98,56
10/2/2026,7:05:16 AM,98,56
10/2/2026,7:05:17 AM,98,56
10/2/2026,7:05:18 AM,98,56
10/2/2026,7:05:19 AM,98,56
10/2/2026,7:05:20 AM,98,56
10/2/2026,7:05:21 AM,98,56
10/2/2026,7:05:22 AM,98,56
10/2/2026,7:05:23 AM,99,56
10/2/2026,7:05:24 AM,99,55
10/2/2026,7:05:25 AM,99,55
10/2/2026,7:05:26 AM,99,55
10/2/2026,7:05:27 AM,99,55
10/2/2026,7:05:28 AM,99,55
10/2/2026,7:05:29 AM,99,55
10/2/2026,7:05:30 AM,99,55
10/2/2026,7:05:31 AM,99,55
10/2/2026,7:05:32 AM,99,55
10/2/2026,7:05:33 AM,98,55
10/2/2026,7:05:34 AM,98,55
10/2/2026,7:05:35 AM,98,55
10/2/2026,7:05:36 AM,98,55
10/2/2026,7:05:37 AM,98,55
10/2/2026,7:05:38 AM,98,55
10/2/2026,7:05:39 AM,98,55
10/2/2026,7:05:40 AM,98,55
10/2/2026,7:05:41 AM,98,55
10/2/2026,7:05:42 AM,98,55
10/2/2026,7:05:43 AM,98,55
10/2/2026,7:05:44 AM,98,55
10/2/2026,7:05:45 AM,98,54
10/2/2026,7:05:46 AM,98,54
10/2/2026,7:05:47 AM,97,54
10/2/2026,7:05:48 AM,97,54
10/2/2026,7:05:49 AM,97,54
10/2/2026,7:05:50 AM,97,54
10/2/2026,7:05:51 AM,97,54
10/2/2026,7:05:52 AM,97,54
10/2/2026,7:05:53 AM,97,54
10/2/2026,7:05:54 AM,97,54
10/2/2026,7:05:55 AM,97,54
10/2/2026,7:05:56 AM,97,54
10/2/2026,7:05:57 AM,97,53
10/2/2026,7:05:58 AM,97,53
10/2/2026,7:05:59 AM,97,53
10/2/2026,7:06:00 AM,97,53
10/2/2026,7:06:01 AM,97,53
10/2/2026,7:06:02 AM,97,53
10/2/2026,7:06:03 AM,97,53
10/2/2026,7:06:04 AM,97,52
10/2/2026,7:06:05 AM,97,53
10/2/2026,7:06:06 AM,97,53
10/2/2026,7:06:07 AM,97,53
10/2/2026,7:06:08 AM,96,53
10/2/2026,7:06:09 AM,96,53
10/2/2026,7:06:10 AM,96,53
10/2/2026,7:06:11 AM,96,53
10/2/2026,7:06:12 AM,96,53
10/2/2026,7:06:13 AM,96,53
10/2/2026,7:06:14 AM,96,53
10/2/2026,7:06:15 AM,96,53
10/2/2026,7:06:16 AM,96,53
10/2/2026,7:06:17 AM,96,53
10/2/2026,7:06:18 AM,96,53
10/2/2026,7:06:19 AM,96,53
10/2/2026,7:06:20 AM,96,53
10/2/2026,7:06:21 AM,96,53
10/2/2026,7:06:22 AM,96,54
10/2/2026,7:06:23 AM,95,54
10/2/2026,7:06:24 AM,95,54
10/2/2026,7:06:25 AM,95,54
10/2/2026,7:06:26 AM,95,53
10/2/2026,7:06:27 AM,95,53
10/2/2026,7:06:28 AM,95,53
10/2/2026,7:06:29 AM,95,53
10/2/2026,7:06:30 AM,95,53
10/2/2026,7:06:31 AM,95,53
10/2/2026,7:06:32 AM,95,53
10/2/2026,7:06:33 AM,95,53
10/2/2026,7:06:34 AM,95,54
10/2/2026,7:06:35 AM,95,54
10/2/2026,7:06:36 AM,95,54
10/2/2026,7:06:37 AM,95,54
10/2/2026,7:06:38 AM,95,54
10/2/2026,7:06:39 AM,94,54
10/2/2026,7:06:40 AM,94,54
10/2/2026,7:06:41 AM,94,54
10/2/2026,7:06:42 AM,94,55
10/2/2026,7:06:43 AM,94,55
10/2/2026,7:06:44 AM,94,55
10/2/2026,7:06:45 AM,94,55
10/2/2026,7:06:46 AM,94,55
10/2/2026,7:06:47 AM,94,55
10/2/2026,7:06:48 AM,94,55
10/2/2026,7:06:49 AM,94,55
10/2/2026,7:06:50 AM,94,55
10/2/2026,7:06:51 AM,94,55
10/2/2026,7:06:52 AM,94,55
10/2/2026,7:06:53 AM,94,55
10/2/2026,7:06:54 AM,94,55
10/2/2026,7:06:55 AM,94,55
10/2/2026,7:06:56 AM,94,55
10/2/2026,7:06:57 AM,93,55
10/2/2026,7:06:58 AM,93,55
10/2/2026,7:06:59 AM,93,55
10/2/2026,7:07:00 AM,93,55
10/2/2026,7:07:01 AM,93,55
10/2/2026,7:07:02 AM,93,55
10/2/2026,7:07:03 AM,93,55
10/2/2026,7:07:04 AM,93,55
10/2/2026,7:07:05 AM,93,55
10/2/2026,7:07:06 AM,93,55
10/2/2026,7:07:07 AM,93,55
10/2/2026,7:07:08 AM,93,55
10/2/2026,7:07:09 AM,93,55
10/2/2026,7:07:10 AM,93,55
10/2/2026,7:07:11 AM,93,55
10/2/2026,7:07:12 AM,93,55
10/2/2026,7:07:13 AM,93,55
10/2/2026,7:07:14 AM,92,55
10/2/2026,7:07:15 AM,92,55
10/2/2026,7:07:16 AM,92,55
10/2/2026,7:07:17 AM,92,55
10/2/2026,7:07:18 AM,92,56
10/2/2026,7:07:19 AM,92,56
10/2/2026,7:07:20 AM,93,57
10/2/2026,7:07:21 AM,93,57
10/2/2026,7:07:22 AM,93,57
10/2/2026,7:07:23 AM,93,58
10/2/2026,7:07:24 AM,93,58
10/2/2026,7:07:25 AM,93,58
10/2/2026,7:07:26 AM,94,59
10/2/2026,7:07:27 AM,95,59
10/2/2026,7:07:28 AM,97,59
10/2/2026,7:07:29 AM,98,59
10/2/2026,7:07:30 AM,99,59
10/2/2026,7:07:31 AM,99,59
10/2/2026,7:07:32 AM,99,59
10/2/2026,7:07:33 AM,99,59
10/2/2026,7:07:34 AM,99,59
10/2/2026,7:07:35 AM,99,59
10/2/2026,7:07:36 AM,99,58
10/2/2026,7:07:37 AM,99,58
10/2/2026,7:07:38 AM,99,58
10/2/2026,7:07:39 AM,99,58
10/2/2026,7:07:40 AM,99,58
10/2/2026,7:07:41 AM,99,58
10/2/2026,7:07:42 AM,99,58
10/2/2026,7:07:43 AM,99,58
10/2/2026,7:07:44 AM,99,58
10/2/2026,7:07:45 AM,99,57
10/2/2026,7:07:46 AM,99,57
10/2/2026,7:07:47 AM,99,57
10/2/2026,7:07:48 AM,99,57
10/2/2026,7:07:49 AM,99,57
10/2/2026,7:07:50 AM,99,56
10/2/2026,7:07:51 AM,99,56
10/2/2026,7:07:52 AM,99,55
10/2/2026,7:07:53 AM,99,55
10/2/2026,7:07:54 AM,99,55
10/2/2026,7:07:55 AM,99,55
10/2/2026,7:07:56 AM,98,55
10/2/2026,7:07:57 AM,98,55
10/2/2026,7:07:58 AM,98,55
10/2/2026,7:07:59 AM,98,55
10/2/2026,7:08:00 AM,98,55
10/2/2026,7:08:01 AM,98,55
10/2/2026,7:08:02 AM,98,55
10/2/2026,7:08:03 AM,98,55
10/2/2026,7:08:04 AM,98,55
10/2/2026,7:08:05 AM,98,55
10/2/2026,7:08:06 AM,98,55
10/2/2026,7:08:07 AM,98,55
10/2/2026,7:08:08 AM,98,55
10/2/2026,7:08:09 AM,98,55
10/2/2026,7:08:10 AM,98,55
10/2/2026,7:08:11 AM,98,55
10/2/2026,7:08:12 AM,98,54
10/2/2026,7:08:13 AM,98,54
10/2/2026,7:08:14 AM,98,54
10/2/2026,7:08:15 AM,98,54
10/2/2026,7:08:16 AM,98,54
10/2/2026,7:08:17 AM,98,54
10/2/2026,7:08:18 AM,97,54
10/2/2026,7:08:19 AM,97,54
10/2/2026,7:08:20 AM,97,54
10/2/2026,7:08:21 AM,97,54
10/2/2026,7:08:22 AM,97,54
10/2/2026,7:08:23 AM,97,54
10/2/2026,7:08:24 AM,97,54
10/2/2026,7:08:25 AM,97,54
10/2/2026,7:08:26 AM,97,54
10/2/2026,7:08:27 AM,97,54
10/2/2026,7:08:28 AM,97,54
10/2/2026,7:08:29 AM,97,54
10/2/2026,7:08:30 AM,97,54
10/2/2026,7:08:31 AM,97,54
10/2/2026,7:08:32 AM,97,54
10/2/2026,7:08:33 AM,97,54
10/2/2026,7:08:34 AM,97,54
10/2/2026,7:08:35 AM,97,54
10/2/2026,7:08:36 AM,97,54
10/2/2026,7:08:37 AM,96,54
10/2/2026,7:08:38 AM,96,54
10/2/2026,7:08:39 AM,96,54
10/2/2026,7:08:40 AM,96,54
10/2/2026,7:08:41 AM,96,54
10/2/2026,7:08:42 AM,96,54
10/2/2026,7:08:43 AM,96,54
10/2/2026,7:08:44 AM,96,54
10/2/2026,7:08:45 AM,95,54
10/2/2026,7:08:46 AM,96,55
10/2/2026,7:08:47 AM,96,55
10/2/2026,7:08:48 AM,96,55
10/2/2026,7:08:49 AM,96,55
10/2/2026,7:08:50 AM,96,55
10/2/2026,7:08:51 AM,96,55
10/2/2026,7:08:52 AM,96,55
10/2/2026,7:08:53 AM,96,55
10/2/2026,7:08:54 AM,97,56
10/2/2026,7:08:55 AM,97,56
10/2/2026,7:08:56 AM,98,56
10/2/2026,7:08:57 AM,98,56
10/2/2026,7:08:58 AM,98,56
10/2/2026,7:08:59 AM,99,56
10/2/2026,7:09:00 AM,99,56
10/2/2026,7:09:01 AM,99,56
10/2/2026,7:09:02 AM,99,56
10/2/2026,7:09:03 AM,99,56
10/2/2026,7:09:04 AM,99,56
10/2/2026,7:09:05 AM,99,56
10/2/2026,7:09:06 AM,99,56
10/2/2026,7:09:07 AM,99,56
10/2/2026,7:09:08 AM,99,56
10/2/2026,7:09:09 AM,99,56
10/2/2026,7:09:10 AM,99,56
10/2/2026,7:09:11 AM,99,55
10/2/2026,7:09:12 AM,99,55
10/2/2026,7:09:13 AM,99,55
10/2/2026,7:09:14 AM,99,55
10/2/2026,7:09:15 AM,99,55
10/2/2026,7:09:16 AM,99,54
10/2/2026,7:09:17 AM,99,54
10/2/2026,7:09:18 AM,99,54
10/2/2026,7:09:19 AM,99,54
10/2/2026,7:09:20 AM,99,54
10/2/2026,7:09:21 AM,99,54
10/2/2026,7:09:22 AM,99,54
10/2/2026,7:09:23 AM,99,54
10/2/2026,7:09:24 AM,99,54
10/2/2026,7:09:25 AM,98,54
10/2/2026,7:09:26 AM,98,54
10/2/2026,7:09:27 AM,98,54
10/2/2026,7:09:28 AM,98,54
10/2/2026,7:09:29 AM,98,54
10/2/2026,7:09:30 AM,98,54
10/2/2026,7:09:31 AM,98,54
10/2/2026,7:09:32 AM,98,54
10/2/2026,7:09:33 AM,98,54
10/2/2026,7:09:34 AM,98,54
10/2/2026,7:09:35 AM,98,54
10/2/2026,7:09:36 AM,98,53
10/2/2026,7:09:37 AM,98,53
10/2/2026,7:09:38 AM,98,53
10/2/2026,7:09:39 AM,98,53
10/2/2026,7:09:40 AM,98,53
10/2/2026,7:09:41 AM,98,53
10/2/2026,7:09:42 AM,98,53
10/2/2026,7:09:43 AM,98,53
10/2/2026,7:09:44 AM,98,53
10/2/2026,7:09:45 AM,98,53
10/2/2026,7:09:46 AM,98,53
10/2/2026,7:09:47 AM,98,53
10/2/2026,7:09:48 AM,98,53
10/2/2026,7:09:49 AM,98,52
10/2/2026,7:09:50 AM,98,52
10/2/2026,7:09:51 AM,98,53
10/2/2026,7:09:52 AM,98,53
10/2/2026,7:09:53 AM,98,53
10/2/2026,7:09:54 AM,98,53
10/2/2026,7:09:55 AM,98,53
10/2/2026,7:09:56 AM,98,53
10/2/2026,7:09:57 AM,98,53
10/2/2026,7:09:58 AM,98,53
10/2/2026,7:09:59 AM,98,53
10/2/2026,7:10:00 AM,98,53
10/2/2026,7:10:01 AM,98,53
10/2/2026,7:10:02 AM,98,54
10/2/2026,7:10:03 AM,98,53
10/2/2026,7:10:04 AM,97,53
10/2/2026,7:10:05 AM,97,53
10/2/2026,7:10:06 AM,97,53
10/2/2026,7:10:07 AM,97,53
10/2/2026,7:10:08 AM,97,53
10/2/2026,7:10:09 AM,97,53
10/2/2026,7:10:10 AM,97,53
10/2/2026,7:10:11 AM,97,53
10/2/2026,7:10:12 AM,97,53
10/2/2026,7:10:13 AM,97,53
10/2/2026,7:10:14 AM,97,53
10/2/2026,7:10:15 AM,97,53
10/2/2026,7:10:16 AM,97,53
10/2/2026,7:10:17 AM,97,53
10/2/2026,7:10:18 AM,97,53
10/2/2026,7:10:19 AM,97,53
10/2/2026,7:10:20 AM,97,53
10/2/2026,7:10:21 AM,97,53
10/2/2026,7:10:22 AM,97,53
10/2/2026,7:10:23 AM,97,53
10/2/2026,7:10:24 AM,97,53
10/2/2026,7:10:25 AM,97,53
10/2/2026,7:10:26 AM,97,53
10/2/2026,7:10:27 AM,97,53
10/2/2026,7:10:28 AM,97,53
10/2/2026,7:10:29 AM,97,53
10/2/2026,7:10:30 AM,97,53
10/2/2026,7:10:31 AM,97,53
10/2/2026,7:10:32 AM,97,53
10/2/2026,7:10:33 AM,97,53
10/2/2026,7:10:34 AM,96,53
10/2/2026,7:10:35 AM,96,53
10/2/2026,7:10:36 AM,96,54
10/2/2026,7:10:37 AM,96,54
10/2/2026,7:10:38 AM,96,54
10/2/2026,7:10:39 AM,96,54
10/2/2026,7:10:40 AM,96,54
10/2/2026,7:10:41 AM,96,56
10/2/2026,7:10:42 AM,97,57
10/2/2026,7:10:43 AM,98,57
10/2/2026,7:10:44 AM,98,57
10/2/2026,7:10:45 AM,98,57
10/2/2026,7:10:46 AM,99,57
10/2/2026,7:10:47 AM,99,58
10/2/2026,7:10:48 AM,99,59
10/2/2026,7:10:49 AM,99,59
10/2/2026,7:10:50 AM,99,59
10/2/2026,7:10:51 AM,99,59
10/2/2026,7:10:52 AM,99,58
10/2/2026,7:10:53 AM,99,58
10/2/2026,7:10:54 AM,99,57
10/2/2026,7:10:55 AM,99,57
10/2/2026,7:10:56 AM,99,57
10/2/2026,7:10:57 AM,99,56
10/2/2026,7:10:58 AM,99,56
10/2/2026,7:10:59 AM,99,56
10/2/2026,7:11:00 AM,99,56
10/2/2026,7:11:01 AM,99,56
10/2/2026,7:11:02 AM,99,56
10/2/2026,7:11:03 AM,99,56
10/2/2026,7:11:04 AM,99,56
10/2/2026,7:11:05 AM,99,56
10/2/2026,7:11:06 AM,99,56
10/2/2026,7:11:07 AM,99,56
10/2/2026,7:11:08 AM,99,56
10/2/2026,7:11:09 AM,99,56
10/2/2026,7:11:10 AM,99,56
10/2/2026,7:11:11 AM,99,56
10/2/2026,7:11:12 AM,99,56
10/2/2026,7:11:13 AM,99,56
10/2/2026,7:11:14 AM,99,56
10/2/2026,7:11:15 AM,99,56
10/2/2026,7:11:16 AM,99,56
10/2/2026,7:11:17 AM,99,56
10/2/2026,7:11:18 AM,99,56
10/2/2026,7:11:19 AM,99,56
10/2/2026,7:11:20 AM,99,56
10/2/2026,7:11:21 AM,99,56
10/2/2026,7:11:22 AM,99,56
10/2/2026,7:11:23 AM,99,56
10/2/2026,7:11:24 AM,99,56
10/2/2026,7:11:25 AM,99,56
10/2/2026,7:11:26 AM,99,56
10/2/2026,7:11:27 AM,99,56
10/2/2026,7:11:28 AM,99,56
10/2/2026,7:11:29 AM,99,56
10/2/2026,7:11:30 AM,99,56
10/2/2026,7:11:31 AM,99,56
10/2/2026,7:11:32 AM,99,56
10/2/2026,7:11:33 AM,98,56
10/2/2026,7:11:34 AM,98,56
10/2/2026,7:11:35 AM,98,56
10/2/2026,7:11:36 AM,98,56
10/2/2026,7:11:37 AM,98,56
10/2/2026,7:11:38 AM,98,56
10/2/2026,7:11:39 AM,98,56
10/2/2026,7:11:40 AM,98,56
10/2/2026,7:11:41 AM,98,56
10/2/2026,7:11:42 AM,98,56
10/2/2026,7:11:43 AM,98,56
10/2/2026,7:11:44 AM,98,56
10/2/2026,7:11:45 AM,98,56
10/2/2026,7:11:46 AM,98,56
10/2/2026,7:11:47 AM,98,56
10/2/2026,7:11:48 AM,98,56
10/2/2026,7:11:49 AM,98,57
10/2/2026,7:11:50 AM,98,57
10/2/2026,7:11:51 AM,98,57
10/2/2026,7:11:52 AM,98,57
10/2/2026,7:11:53 AM,98,57
10/2/2026,7:11:54 AM,98,57
10/2/2026,7:11:55 AM,98,57
10/2/2026,7:11:56 AM,98,57
10/2/2026,7:11:57 AM,98,56
10/2/2026,7:11:58 AM,98,56
10/2/2026,7:11:59 AM,98,56
10/2/2026,7:12:00 AM,98,56
10/2/2026,7:12:01 AM,98,56
10/2/2026,7:12:02 AM,98,56
10/2/2026,7:12:03 AM,97,57
10/2/2026,7:12:04 AM,97,57
10/2/2026,7:12:05 AM,97,58
10/2/2026,7:12:06 AM,97,58
10/2/2026,7:12:07 AM,97,57
10/2/2026,7:12:08 AM,97,57
10/2/2026,7:12:09 AM,97,57
10/2/2026,7:12:10 AM,97,57
10/2/2026,7:12:11 AM,97,57
10/2/2026,7:12:12 AM,96,57
10/2/2026,7:12:13 AM,96,58
10/2/2026,7:12:14 AM,96,58
10/2/2026,7:12:15 AM,96,58
10/2/2026,7:12:16 AM,96,58
10/2/2026,7:12:17 AM,96,59
10/2/2026,7:12:18 AM,96,59
10/2/2026,7:12:19 AM,95,59
10/2/2026,7:12:20 AM,95,59
10/2/2026,7:12:21 AM,95,60
10/2/2026,7:12:22 AM,95,60
10/2/2026,7:12:23 AM,95,61
10/2/2026,7:12:24 AM,95,61
10/2/2026,7:12:25 AM,95,61
10/2/2026,7:12:26 AM,95,61
10/2/2026,7:12:27 AM,95,62
10/2/2026,7:12:28 AM,95,62
10/2/2026,7:12:29 AM,95,62
10/2/2026,7:12:30 AM,95,62
10/2/2026,7:12:31 AM,95,62
10/2/2026,7:12:32 AM,95,62
10/2/2026,7:12:33 AM,95,61
10/2/2026,7:12:34 AM,95,61
10/2/2026,7:12:35 AM,95,61
10/2/2026,7:12:36 AM,95,61
10/2/2026,7:12:37 AM,95,61
10/2/2026,7:12:38 AM,95,61
10/2/2026,7:12:39 AM,95,61
10/2/2026,7:12:40 AM,95,61
10/2/2026,7:12:41 AM,95,61
10/2/2026,7:12:42 AM,95,61
10/2/2026,7:12:43 AM,95,60
10/2/2026,7:12:44 AM,96,60
10/2/2026,7:12:45 AM,96,60
10/2/2026,7:12:46 AM,97,60
10/2/2026,7:12:47 AM,97,59
10/2/2026,7:12:48 AM,97,58
10/2/2026,7:12:49 AM,98,57
10/2/2026,7:12:50 AM,98,56
10/2/2026,7:12:51 AM,98,55
10/2/2026,7:12:52 AM,99,55
10/2/2026,7:12:53 AM,99,55
10/2/2026,7:12:54 AM,99,54
10/2/2026,7:12:55 AM,99,54
10/2/2026,7:12:56 AM,99,54
10/2/2026,7:12:57 AM,99,54
10/2/2026,7:12:58 AM,99,54
10/2/2026,7:12:59 AM,99,54
10/2/2026,7:13:00 AM,99,54
10/2/2026,7:13:01 AM,99,54
10/2/2026,7:13:02 AM,98,54
10/2/2026,7:13:03 AM,98,54
10/2/2026,7:13:04 AM,98,55
10/2/2026,7:13:05 AM,98,55
10/2/2026,7:13:06 AM,98,55
10/2/2026,7:13:07 AM,98,55
10/2/2026,7:13:08 AM,98,55
10/2/2026,7:13:09 AM,98,54
10/2/2026,7:13:10 AM,98,54
10/2/2026,7:13:11 AM,98,54
10/2/2026,7:13:12 AM,98,54
10/2/2026,7:13:13 AM,98,54
10/2/2026,7:13:14 AM,98,54
10/2/2026,7:13:15 AM,98,54
10/2/2026,7:13:16 AM,98,54
10/2/2026,7:13:17 AM,98,54
10/2/2026,7:13:18 AM,98,54
10/2/2026,7:13:19 AM,98,54
10/2/2026,7:13:20 AM,98,54
10/2/2026,7:13:21 AM,98,54
10/2/2026,7:13:22 AM,98,54
10/2/2026,7:13:23 AM,98,54
10/2/2026,7:13:24 AM,98,54
10/2/2026,7:13:25 AM,98,54
10/2/2026,7:13:26 AM,97,54
10/2/2026,7:13:27 AM,97,54
10/2/2026,7:13:28 AM,97,54
10/2/2026,7:13:29 AM,97,54
10/2/2026,7:13:30 AM,97,54
10/2/2026,7:13:31 AM,97,54
10/2/2026,7:13:32 AM,96,54
10/2/2026,7:13:33 AM,96,54
10/2/2026,7:13:34 AM,96,54
10/2/2026,7:13:35 AM,96,54
10/2/2026,7:13:36 AM,96,54
10/2/2026,7:13:37 AM,96,54
10/2/2026,7:13:38 AM,96,55
10/2/2026,7:13:39 AM,96,55
10/2/2026,7:13:40 AM,96,56
10/2/2026,7:13:41 AM,96,56
10/2/2026,7:13:42 AM,96,56
10/2/2026,7:13:43 AM,96,57
10/2/2026,7:13:44 AM,96,59
10/2/2026,7:13:45 AM,96,59
10/2/2026,7:13:46 AM,96,60
10/2/2026,7:13:47 AM,96,61
10/2/2026,7:13:48 AM,96,64
10/2/2026,7:13:49 AM,96,64
10/2/2026,7:13:50 AM,96,64
10/2/2026,7:13:51 AM,96,64
10/2/2026,7:13:52 AM,96,64
10/2/2026,7:13:53 AM,96,63
10/2/2026,7:13:54 AM,96,63
10/2/2026,7:13:55 AM,96,63
10/2/2026,7:13:56 AM,96,63
10/2/2026,7:13:57 AM,96,63
10/2/2026,7:13:58 AM,96,63
10/2/2026,7:13:59 AM,96,63
10/2/2026,7:14:00 AM,96,62
10/2/2026,7:14:01 AM,96,60
10/2/2026,7:14:02 AM,96,60
10/2/2026,7:14:03 AM,96,59
10/2/2026,7:14:04 AM,96,59
10/2/2026,7:14:05 AM,96,59
10/2/2026,7:14:06 AM,96,58
10/2/2026,7:14:07 AM,96,57
10/2/2026,7:14:08 AM,96,57
10/2/2026,7:14:09 AM,96,56
10/2/2026,7:14:10 AM,96,56
10/2/2026,7:14:11 AM,96,56
10/2/2026,7:14:12 AM,97,56
10/2/2026,7:14:13 AM,97,56
10/2/2026,7:14:14 AM,98,56
10/2/2026,7:14:15 AM,98,56
10/2/2026,7:14:16 AM,98,56
10/2/2026,7:14:17 AM,99,56
10/2/2026,7:14:18 AM,99,56
10/2/2026,7:14:19 AM,99,56
10/2/2026,7:14:20 AM,99,56
10/2/2026,7:14:21 AM,99,56
10/2/2026,7:14:22 AM,99,56
10/2/2026,7:14:23 AM,99,56
10/2/2026,7:14:24 AM,99,56
10/2/2026,7:14:25 AM,99,56
10/2/2026,7:14:26 AM,99,56
10/2/2026,7:14:27 AM,99,56
10/2/2026,7:14:28 AM,99,56
10/2/2026,7:14:29 AM,99,56
10/2/2026,7:14:30 AM,99,56
10/2/2026,7:14:31 AM,99,55
10/2/2026,7:14:32 AM,99,55
10/2/2026,7:14:33 AM,99,55
10/2/2026,7:14:34 AM,98,54
10/2/2026,7:14:35 AM,98,54
10/2/2026,7:14:36 AM,98,54
10/2/2026,7:14:37 AM,98,54
10/2/2026,7:14:38 AM,98,54
10/2/2026,7:14:39 AM,98,54
10/2/2026,7:14:40 AM,98,54
10/2/2026,7:14:41 AM,98,54
10/2/2026,7:14:42 AM,98,54
10/2/2026,7:14:43 AM,98,54
10/2/2026,7:14:44 AM,98,54
10/2/2026,7:14:45 AM,98,54
10/2/2026,7:14:46 AM,98,54
10/2/2026,7:14:47 AM,98,54
10/2/2026,7:14:48 AM,97,54
10/2/2026,7:14:49 AM,97,54
10/2/2026,7:14:50 AM,97,54
10/2/2026,7:14:51 AM,97,54
10/2/2026,7:14:52 AM,97,54
10/2/2026,7:14:53 AM,97,54
10/2/2026,7:14:54 AM,97,54
10/2/2026,7:14:55 AM,96,54
10/2/2026,7:14:56 AM,96,55
10/2/2026,7:14:57 AM,96,56
10/2/2026,7:14:58 AM,96,56
10/2/2026,7:14:59 AM,96,57
10/2/2026,7:15:00 AM,96,57
10/2/2026,7:15:01 AM,96,57
10/2/2026,7:15:02 AM,96,58
10/2/2026,7:15:03 AM,96,59
10/2/2026,7:15:04 AM,96,60
10/2/2026,7:15:05 AM,96,61
10/2/2026,7:15:06 AM,96,61
10/2/2026,7:15:07 AM,96,61
10/2/2026,7:15:08 AM,96,61
10/2/2026,7:15:09 AM,96,61
10/2/2026,7:15:10 AM,96,61
10/2/2026,7:15:11 AM,96,61
10/2/2026,7:15:12 AM,96,61
10/2/2026,7:15:13 AM,96,61
10/2/2026,7:15:14 AM,96,61
10/2/2026,7:15:15 AM,96,61
10/2/2026,7:15:16 AM,96,61
10/2/2026,7:15:17 AM,96,62
10/2/2026,7:15:18 AM,96,62
10/2/2026,7:15:19 AM,96,62
10/2/2026,7:15:20 AM,96,62
10/2/2026,7:15:21 AM,96,62
10/2/2026,7:15:22 AM,96,62
10/2/2026,7:15:23 AM,96,62
10/2/2026,7:15:24 AM,96,62
10/2/2026,7:15:25 AM,96,61
10/2/2026,7:15:26 AM,96,61
10/2/2026,7:15:27 AM,96,61
10/2/2026,7:15:28 AM,96,61
10/2/2026,7:15:29 AM,96,61
10/2/2026,7:15:30 AM,96,61
10/2/2026,7:15:31 AM,96,61
10/2/2026,7:15:32 AM,96,61
10/2/2026,7:15:33 AM,96,61
10/2/2026,7:15:34 AM,96,61
10/2/2026,7:15:35 AM,97,61
10/2/2026,7:15:36 AM,97,61
10/2/2026,7:15:37 AM,98,61
10/2/2026,7:15:38 AM,98,60
10/2/2026,7:15:39 AM,98,60
10/2/2026,7:15:40 AM,99,59
10/2/2026,7:15:41 AM,99,59
10/2/2026,7:15:42 AM,99,58
10/2/2026,7:15:43 AM,99,57
10/2/2026,7:15:44 AM,99,57
10/2/2026,7:15:45 AM,99,57
10/2/2026,7:15:46 AM,99,57
10/2/2026,7:15:47 AM,99,56
10/2/2026,7:15:48 AM,99,56
10/2/2026,7:15:49 AM,99,56
10/2/2026,7:15:50 AM,99,56
10/2/2026,7:15:51 AM,99,56
10/2/2026,7:15:52 AM,99,56
10/2/2026,7:15:53 AM,99,56
10/2/2026,7:15:54 AM,99,56
10/2/2026,7:15:55 AM,98,56
10/2/2026,7:15:56 AM,98,56
10/2/2026,7:15:57 AM,98,56
10/2/2026,7:15:58 AM,98,56
10/2/2026,7:15:59 AM,98,56
10/2/2026,7:16:00 AM,98,56
10/2/2026,7:16:01 AM,98,56
10/2/2026,7:16:02 AM,98,56
10/2/2026,7:16:03 AM,98,56
10/2/2026,7:16:04 AM,98,56
10/2/2026,7:16:05 AM,98,56
10/2/2026,7:16:06 AM,97,56
10/2/2026,7:16:07 AM,97,56
10/2/2026,7:16:08 AM,97,56
10/2/2026,7:16:09 AM,97,56
10/2/2026,7:16:10 AM,97,56
10/2/2026,7:16:11 AM,97,56
10/2/2026,7:16:12 AM,97,56
10/2/2026,7:16:13 AM,96,55
10/2/2026,7:16:14 AM,96,55
10/2/2026,7:16:15 AM,96,55
10/2/2026,7:16:16 AM,96,55
10/2/2026,7:16:17 AM,96,55
10/2/2026,7:16:18 AM,96,55
10/2/2026,7:16:19 AM,96,55
10/2/2026,7:16:20 AM,96,55
10/2/2026,7:16:21 AM,96,54
10/2/2026,7:16:22 AM,95,54
10/2/2026,7:16:23 AM,95,54
10/2/2026,7:16:24 AM,95,54
10/2/2026,7:16:25 AM,95,54
10/2/2026,7:16:26 AM,95,54
10/2/2026,7:16:27 AM,95,54
10/2/2026,7:16:28 AM,95,54
10/2/2026,7:16:29 AM,95,54
10/2/2026,7:16:30 AM,95,54
10/2/2026,7:16:31 AM,95,54
10/2/2026,7:16:32 AM,95,54
10/2/2026,7:16:33 AM,95,55
10/2/2026,7:16:34 AM,95,55
10/2/2026,7:16:35 AM,95,56
10/2/2026,7:16:36 AM,95,57
10/2/2026,7:16:37 AM,95,58
10/2/2026,7:16:38 AM,95,59
10/2/2026,7:16:39 AM,95,60
10/2/2026,7:16:40 AM,95,60
10/2/2026,7:16:41 AM,95,61
10/2/2026,7:16:42 AM,95,61
10/2/2026,7:16:43 AM,95,61
10/2/2026,7:16:44 AM,95,61
10/2/2026,7:16:45 AM,95,61
10/2/2026,7:16:46 AM,95,61
10/2/2026,7:16:47 AM,95,61
10/2/2026,7:16:48 AM,95,61
10/2/2026,7:16:49 AM,95,61
10/2/2026,7:16:50 AM,95,61
10/2/2026,7:16:51 AM,95,61
10/2/2026,7:16:52 AM,95,61
10/2/2026,7:16:53 AM,95,61
10/2/2026,7:16:54 AM,95,61
10/2/2026,7:16:55 AM,95,62
10/2/2026,7:16:56 AM,95,62
10/2/2026,7:16:57 AM,95,62
10/2/2026,7:16:58 AM,95,62
10/2/2026,7:16:59 AM,95,62
10/2/2026,7:17:00 AM,95,62
10/2/2026,7:17:01 AM,95,62
10/2/2026,7:17:02 AM,95,62
10/2/2026,7:17:03 AM,95,61
10/2/2026,7:17:04 AM,95,61
10/2/2026,7:17:05 AM,95,61
10/2/2026,7:17:06 AM,95,61
10/2/2026,7:17:07 AM,95,60
10/2/2026,7:17:08 AM,96,60
10/2/2026,7:17:09 AM,96,59
10/2/2026,7:17:10 AM,97,59
10/2/2026,7:17:11 AM,98,58
10/2/2026,7:17:12 AM,98,57
10/2/2026,7:17:13 AM,99,57
10/2/2026,7:17:14 AM,99,57
10/2/2026,7:17:15 AM,99,57
10/2/2026,7:17:16 AM,99,57
10/2/2026,7:17:17 AM,99,57
10/2/2026,7:17:18 AM,99,57
10/2/2026,7:17:19 AM,99,57
10/2/2026,7:17:20 AM,99,57
10/2/2026,7:17:21 AM,99,57
10/2/2026,7:17:22 AM,99,57
10/2/2026,7:17:23 AM,99,57
10/2/2026,7:17:24 AM,99,57
10/2/2026,7:17:25 AM,99,57
10/2/2026,7:17:26 AM,99,57
10/2/2026,7:17:27 AM,99,57
10/2/2026,7:17:28 AM,99,57
10/2/2026,7:17:29 AM,99,57
10/2/2026,7:17:30 AM,99,58
10/2/2026,7:17:31 AM,99,58
10/2/2026,7:17:32 AM,99,58
10/2/2026,7:17:33 AM,99,58
10/2/2026,7:17:34 AM,99,58
10/2/2026,7:17:35 AM,99,58
10/2/2026,7:17:36 AM,99,58
10/2/2026,7:17:37 AM,99,58
10/2/2026,7:17:38 AM,98,59
10/2/2026,7:17:39 AM,98,59
10/2/2026,7:17:40 AM,98,59
10/2/2026,7:17:41 AM,98,59
10/2/2026,7:17:42 AM,98,59
10/2/2026,7:17:43 AM,98,59
10/2/2026,7:17:44 AM,98,59
10/2/2026,7:17:45 AM,98,59
10/2/2026,7:17:46 AM,98,59
10/2/2026,7:17:47 AM,98,59
10/2/2026,7:17:48 AM,98,59
10/2/2026,7:17:49 AM,98,58
10/2/2026,7:17:50 AM,98,58
10/2/2026,7:17:51 AM,98,58
10/2/2026,7:17:52 AM,98,58
10/2/2026,7:17:53 AM,98,58
10/2/2026,7:17:54 AM,98,58
10/2/2026,7:17:55 AM,98,57
10/2/2026,7:17:56 AM,97,57
10/2/2026,7:17:57 AM,97,56
10/2/2026,7:17:58 AM,97,56
10/2/2026,7:17:59 AM,97,56
10/2/2026,7:18:00 AM,97,56
10/2/2026,7:18:01 AM,97,56
10/2/2026,7:18:02 AM,97,56
10/2/2026,7:18:03 AM,96,57
10/2/2026,7:18:04 AM,96,57
10/2/2026,7:18:05 AM,96,57
10/2/2026,7:18:06 AM,96,58
10/2/2026,7:18:07 AM,96,58
10/2/2026,7:18:08 AM,96,58
10/2/2026,7:18:09 AM,96,58
10/2/2026,7:18:10 AM,96,58
10/2/2026,7:18:11 AM,96,58
10/2/2026,7:18:12 AM,96,58
10/2/2026,7:18:13 AM,96,58
10/2/2026,7:18:14 AM,96,58
10/2/2026,7:18:15 AM,96,58
10/2/2026,7:18:16 AM,96,59
10/2/2026,7:18:17 AM,96,59
10/2/2026,7:18:18 AM,96,59
10/2/2026,7:18:19 AM,96,59
10/2/2026,7:18:20 AM,96,60
10/2/2026,7:18:21 AM,96,60
10/2/2026,7:18:22 AM,96,60
10/2/2026,7:18:23 AM,96,60
10/2/2026,7:18:24 AM,96,60
10/2/2026,7:18:25 AM,96,60
10/2/2026,7:18:26 AM,96,60
10/2/2026,7:18:27 AM,96,60
10/2/2026,7:18:28 AM,96,60
10/2/2026,7:18:29 AM,96,60
10/2/2026,7:18:30 AM,96,60
10/2/2026,7:18:31 AM,96,60
10/2/2026,7:18:32 AM,96,60
10/2/2026,7:18:33 AM,96,60
10/2/2026,7:18:34 AM,97,60
10/2/2026,7:18:35 AM,97,61
10/2/2026,7:18:36 AM,97,61
10/2/2026,7:18:37 AM,97,61
10/2/2026,7:18:38 AM,97,61
10/2/2026,7:18:39 AM,97,61
10/2/2026,7:18:40 AM,97,61
10/2/2026,7:18:41 AM,97,61
10/2/2026,7:18:42 AM,97,61
10/2/2026,7:18:43 AM,97,61
10/2/2026,7:18:44 AM,97,60
10/2/2026,7:18:45 AM,97,60
10/2/2026,7:18:46 AM,97,59
10/2/2026,7:18:47 AM,98,59
10/2/2026,7:18:48 AM,98,59
10/2/2026,7:18:49 AM,98,59
10/2/2026,7:18:50 AM,98,58
10/2/2026,7:18:51 AM,98,57
10/2/2026,7:18:52 AM,99,57
10/2/2026,7:18:53 AM,99,56
10/2/2026,7:18:54 AM,99,56
10/2/2026,7:18:55 AM,99,56
10/2/2026,7:18:56 AM,99,56
10/2/2026,7:18:57 AM,99,56
10/2/2026,7:18:58 AM,99,56
10/2/2026,7:18:59 AM,99,56
10/2/2026,7:19:00 AM,98,56
10/2/2026,7:19:01 AM,98,56
10/2/2026,7:19:02 AM,98,56
10/2/2026,7:19:03 AM,98,56
10/2/2026,7:19:04 AM,98,57
10/2/2026,7:19:05 AM,98,57
10/2/2026,7:19:06 AM,98,58
10/2/2026,7:19:07 AM,97,59
10/2/2026,7:19:08 AM,97,59
10/2/2026,7:19:09 AM,97,59
10/2/2026,7:19:10 AM,97,59
10/2/2026,7:19:11 AM,97,59
10/2/2026,7:19:12 AM,97,59
10/2/2026,7:19:13 AM,97,59
10/2/2026,7:19:14 AM,97,59
10/2/2026,7:19:15 AM,96,59
10/2/2026,7:19:16 AM,96,59
10/2/2026,7:19:17 AM,96,59
10/2/2026,7:19:18 AM,96,59
10/2/2026,7:19:19 AM,96,59
10/2/2026,7:19:20 AM,96,59
10/2/2026,7:19:21 AM,96,59
10/2/2026,7:19:22 AM,96,59
10/2/2026,7:19:23 AM,96,58
10/2/2026,7:19:24 AM,96,58
10/2/2026,7:19:25 AM,95,58
10/2/2026,7:19:26 AM,95,58
10/2/2026,7:19:27 AM,95,58
10/2/2026,7:19:28 AM,95,58
10/2/2026,7:19:29 AM,95,58
10/2/2026,7:19:30 AM,95,58
10/2/2026,7:19:31 AM,95,58
10/2/2026,7:19:32 AM,95,58
10/2/2026,7:19:33 AM,95,58
10/2/2026,7:19:34 AM,95,58
10/2/2026,7:19:35 AM,96,58
10/2/2026,7:19:36 AM,96,58
10/2/2026,7:19:37 AM,96,58
10/2/2026,7:19:38 AM,96,58
10/2/2026,7:19:39 AM,96,58
10/2/2026,7:19:40 AM,96,58
10/2/2026,7:19:41 AM,96,58
10/2/2026,7:19:42 AM,96,58
10/2/2026,7:19:43 AM,96,58
10/2/2026,7:19:44 AM,96,58
10/2/2026,7:19:45 AM,96,58
10/2/2026,7:19:46 AM,96,58
10/2/2026,7:19:47 AM,96,58
10/2/2026,7:19:48 AM,96,58
10/2/2026,7:19:49 AM,96,58
10/2/2026,7:19:50 AM,96,58
10/2/2026,7:19:51 AM,97,58
10/2/2026,7:19:52 AM,97,58
10/2/2026,7:19:53 AM,98,57
10/2/2026,7:19:54 AM,98,57
10/2/2026,7:19:55 AM,98,57
10/2/2026,7:19:56 AM,99,57
10/2/2026,7:19:57 AM,99,57
10/2/2026,7:19:58 AM,99,57
10/2/2026,7:19:59 AM,99,57
10/2/2026,7:20:00 AM,99,57
10/2/2026,7:20:01 AM,99,57
10/2/2026,7:20:02 AM,99,57
10/2/2026,7:20:03 AM,99,57
10/2/2026,7:20:04 AM,98,57
10/2/2026,7:20:05 AM,98,57
10/2/2026,7:20:06 AM,98,57
10/2/2026,7:20:07 AM,98,57
10/2/2026,7:20:08 AM,98,57
10/2/2026,7:20:09 AM,98,57
10/2/2026,7:20:10 AM,98,57
10/2/2026,7:20:11 AM,98,57
10/2/2026,7:20:12 AM,98,57
10/2/2026,7:20:13 AM,98,57
10/2/2026,7:20:14 AM,98,57
10/2/2026,7:20:15 AM,98,57
10/2/2026,7:20:16 AM,97,57
10/2/2026,7:20:17 AM,97,57
10/2/2026,7:20:18 AM,97,57
10/2/2026,7:20:19 AM,97,57
10/2/2026,7:20:20 AM,97,57
10/2/2026,7:20:21 AM,97,57
10/2/2026,7:20:22 AM,97,57
10/2/2026,7:20:23 AM,97,58
10/2/2026,7:20:24 AM,97,58
10/2/2026,7:20:25 AM,97,58
10/2/2026,7:20:26 AM,96,58
10/2/2026,7:20:27 AM,96,58
10/2/2026,7:20:28 AM,96,58
10/2/2026,7:20:29 AM,96,58
10/2/2026,7:20:30 AM,96,58
10/2/2026,7:20:31 AM,95,58
10/2/2026,7:20:32 AM,95,58
10/2/2026,7:20:33 AM,96,58
10/2/2026,7:20:34 AM,96,59
10/2/2026,7:20:35 AM,96,59
10/2/2026,7:20:36 AM,96,60
10/2/2026,7:20:37 AM,96,60
10/2/2026,7:20:38 AM,96,60
10/2/2026,7:20:39 AM,96,60
10/2/2026,7:20:40 AM,97,60
10/2/2026,7:20:41 AM,97,60
10/2/2026,7:20:42 AM,97,60
10/2/2026,7:20:43 AM,97,60
10/2/2026,7:20:44 AM,97,60
10/2/2026,7:20:45 AM,97,60
10/2/2026,7:20:46 AM,97,60
10/2/2026,7:20:47 AM,97,60
10/2/2026,7:20:48 AM,97,60
10/2/2026,7:20:49 AM,97,59
10/2/2026,7:20:50 AM,97,59
10/2/2026,7:20:51 AM,97,59
10/2/2026,7:20:52 AM,96,59
10/2/2026,7:20:53 AM,96,59
10/2/2026,7:20:54 AM,96,59
10/2/2026,7:20:55 AM,96,59
10/2/2026,7:20:56 AM,96,59
10/2/2026,7:20:57 AM,96,59
10/2/2026,7:20:58 AM,96,59
10/2/2026,7:20:59 AM,97,59
10/2/2026,7:21:00 AM,97,58
10/2/2026,7:21:01 AM,98,58
10/2/2026,7:21:02 AM,98,58
10/2/2026,7:21:03 AM,98,58
10/2/2026,7:21:04 AM,98,58
10/2/2026,7:21:05 AM,99,59
10/2/2026,7:21:06 AM,99,59
10/2/2026,7:21:07 AM,99,59
10/2/2026,7:21:08 AM,99,59
10/2/2026,7:21:09 AM,99,59
10/2/2026,7:21:10 AM,99,59
10/2/2026,7:21:11 AM,99,59
10/2/2026,7:21:12 AM,99,58
10/2/2026,7:21:13 AM,99,58
10/2/2026,7:21:14 AM,98,58
10/2/2026,7:21:15 AM,98,58
10/2/2026,7:21:16 AM,98,58
10/2/2026,7:21:17 AM,98,58
10/2/2026,7:21:18 AM,98,58
10/2/2026,7:21:19 AM,98,58
10/2/2026,7:21:20 AM,98,58
10/2/2026,7:21:21 AM,98,57
10/2/2026,7:21:22 AM,98,57
10/2/2026,7:21:23 AM,98,57
10/2/2026,7:21:24 AM,98,57
10/2/2026,7:21:25 AM,98,57
10/2/2026,7:21:26 AM,98,57
10/2/2026,7:21:27 AM,97,57
10/2/2026,7:21:28 AM,97,56
10/2/2026,7:21:29 AM,97,56
10/2/2026,7:21:30 AM,97,56
10/2/2026,7:21:31 AM,97,56
10/2/2026,7:21:32 AM,97,56
10/2/2026,7:21:33 AM,97,56
10/2/2026,7:21:34 AM,96,56
10/2/2026,7:21:35 AM,96,56
10/2/2026,7:21:36 AM,96,57
10/2/2026,7:21:37 AM,96,57
10/2/2026,7:21:38 AM,96,57
10/2/2026,7:21:39 AM,96,57
10/2/2026,7:21:40 AM,96,57
10/2/2026,7:21:41 AM,96,57
10/2/2026,7:21:42 AM,96,58
10/2/2026,7:21:43 AM,96,58
10/2/2026,7:21:44 AM,96,59
10/2/2026,7:21:45 AM,96,59
10/2/2026,7:21:46 AM,96,59
10/2/2026,7:21:47 AM,96,59
10/2/2026,7:21:48 AM,96,59
10/2/2026,7:21:49 AM,96,59
10/2/2026,7:21:50 AM,96,59
10/2/2026,7:21:51 AM,96,59
10/2/2026,7:21:52 AM,96,59
10/2/2026,7:21:53 AM,96,59
10/2/2026,7:21:54 AM,96,59
10/2/2026,7:21:55 AM,96,59
10/2/2026,7:21:56 AM,96,59
10/2/2026,7:21:57 AM,96,59
10/2/2026,7:21:58 AM,96,59
10/2/2026,7:21:59 AM,96,59
10/2/2026,7:22:00 AM,96,59
10/2/2026,7:22:01 AM,96,59
10/2/2026,7:22:02 AM,96,59
10/2/2026,7:22:03 AM,96,59
10/2/2026,7:22:04 AM,96,60
10/2/2026,7:22:05 AM,96,60
10/2/2026,7:22:06 AM,96,60
10/2/2026,7:22:07 AM,96,60
10/2/2026,7:22:08 AM,96,60
10/2/2026,7:22:09 AM,96,60
10/2/2026,7:22:10 AM,96,61
10/2/2026,7:22:11 AM,96,61
10/2/2026,7:22:12 AM,96,61
10/2/2026,7:22:13 AM,96,61
10/2/2026,7:22:14 AM,96,61
10/2/2026,7:22:15 AM,96,61
10/2/2026,7:22:16 AM,97,61
10/2/2026,7:22:17 AM,97,61
10/2/2026,7:22:18 AM,97,61
10/2/2026,7:22:19 AM,98,61
10/2/2026,7:22:20 AM,98,61
10/2/2026,7:22:21 AM,98,60
10/2/2026,7:22:22 AM,99,60
10/2/2026,7:22:23 AM,99,59
10/2/2026,7:22:24 AM,99,58
10/2/2026,7:22:25 AM,99,57
10/2/2026,7:22:26 AM,99,56
10/2/2026,7:22:27 AM,99,55
10/2/2026,7:22:28 AM,99,55
10/2/2026,7:22:29 AM,99,55
10/2/2026,7:22:30 AM,99,55
10/2/2026,7:22:31 AM,99,55
10/2/2026,7:22:32 AM,99,55
10/2/2026,7:22:33 AM,99,55
10/2/2026,7:22:34 AM,99,55
10/2/2026,7:22:35 AM,99,55
10/2/2026,7:22:36 AM,99,56
10/2/2026,7:22:37 AM,99,56
10/2/2026,7:22:38 AM,99,56
10/2/2026,7:22:39 AM,98,56
10/2/2026,7:22:40 AM,98,56
10/2/2026,7:22:41 AM,98,56
10/2/2026,7:22:42 AM,98,56
10/2/2026,7:22:43 AM,98,56
10/2/2026,7:22:44 AM,98,56
10/2/2026,7:22:45 AM,98,56
10/2/2026,7:22:46 AM,98,56
10/2/2026,7:22:47 AM,98,56
10/2/2026,7:22:48 AM,98,56
10/2/2026,7:22:49 AM,98,56
10/2/2026,7:22:50 AM,98,56
10/2/2026,7:22:51 AM,97,56
10/2/2026,7:22:52 AM,97,56
10/2/2026,7:22:53 AM,97,56
10/2/2026,7:22:54 AM,97,57
10/2/2026,7:22:55 AM,97,57
10/2/2026,7:22:56 AM,97,57
10/2/2026,7:22:57 AM,97,57
10/2/2026,7:22:58 AM,97,57
10/2/2026,7:22:59 AM,97,58
10/2/2026,7:23:00 AM,97,59
10/2/2026,7:23:01 AM,97,60
10/2/2026,7:23:02 AM,97,61
10/2/2026,7:23:03 AM,97,62
10/2/2026,7:23:04 AM,97,62
10/2/2026,7:23:05 AM,97,62
10/2/2026,7:23:06 AM,97,62
10/2/2026,7:23:07 AM,97,62
10/2/2026,7:23:08 AM,97,62
10/2/2026,7:23:09 AM,97,62
10/2/2026,7:23:10 AM,97,62
10/2/2026,7:23:11 AM,97,62
10/2/2026,7:23:12 AM,97,62
10/2/2026,7:23:13 AM,97,62
10/2/2026,7:23:14 AM,97,62
10/2/2026,7:23:15 AM,97,62
10/2/2026,7:23:16 AM,97,62
10/2/2026,7:23:17 AM,97,62
10/2/2026,7:23:18 AM,97,62
10/2/2026,7:23:19 AM,97,62
10/2/2026,7:23:20 AM,97,61
10/2/2026,7:23:21 AM,98,60
10/2/2026,7:23:22 AM,98,59
10/2/2026,7:23:23 AM,98,58
10/2/2026,7:23:24 AM,98,57
10/2/2026,7:23:25 AM,98,56
10/2/2026,7:23:26 AM,98,55
10/2/2026,7:23:27 AM,98,55
10/2/2026,7:23:28 AM,98,55
10/2/2026,7:23:29 AM,98,55
10/2/2026,7:23:30 AM,98,55
10/2/2026,7:23:31 AM,98,55
10/2/2026,7:23:32 AM,98,55
10/2/2026,7:23:33 AM,98,55
10/2/2026,7:23:34 AM,98,55
10/2/2026,7:23:35 AM,98,55
10/2/2026,7:23:36 AM,98,55
10/2/2026,7:23:37 AM,98,55
10/2/2026,7:23:38 AM,98,55
10/2/2026,7:23:39 AM,98,55
10/2/2026,7:23:40 AM,98,55
10/2/2026,7:23:41 AM,98,55
10/2/2026,7:23:42 AM,98,56
10/2/2026,7:23:43 AM,97,56
10/2/2026,7:23:44 AM,97,56
10/2/2026,7:23:45 AM,97,57
10/2/2026,7:23:46 AM,97,57
10/2/2026,7:23:47 AM,97,57
10/2/2026,7:23:48 AM,97,57
10/2/2026,7:23:49 AM,96,57
10/2/2026,7:23:50 AM,96,57
10/2/2026,7:23:51 AM,96,57
10/2/2026,7:23:52 AM,96,58
10/2/2026,7:23:53 AM,95,58
10/2/2026,7:23:54 AM,95,59
10/2/2026,7:23:55 AM,95,59
10/2/2026,7:23:56 AM,95,59
10/2/2026,7:23:57 AM,95,59
10/2/2026,7:23:58 AM,95,59
10/2/2026,7:23:59 AM,95,59
10/2/2026,7:24:00 AM,95,59
10/2/2026,7:24:01 AM,95,59
10/2/2026,7:24:02 AM,94,59
10/2/2026,7:24:03 AM,94,59
10/2/2026,7:24:04 AM,94,59
10/2/2026,7:24:05 AM,94,59
10/2/2026,7:24:06 AM,94,59
10/2/2026,7:24:07 AM,94,59
10/2/2026,7:24:08 AM,94,59
10/2/2026,7:24:09 AM,94,59
10/2/2026,7:24:10 AM,94,59
10/2/2026,7:24:11 AM,94,59
10/2/2026,7:24:12 AM,94,58
10/2/2026,7:24:13 AM,94,58
10/2/2026,7:24:14 AM,94,58
10/2/2026,7:24:15 AM,94,58
10/2/2026,7:24:16 AM,94,58
10/2/2026,7:24:17 AM,94,58
10/2/2026,7:24:18 AM,95,58
10/2/2026,7:24:19 AM,95,58
10/2/2026,7:24:20 AM,95,58
10/2/2026,7:24:21 AM,95,58
10/2/2026,7:24:22 AM,95,58
10/2/2026,7:24:23 AM,95,58
10/2/2026,7:24:24 AM,95,58
10/2/2026,7:24:25 AM,95,59
10/2/2026,7:24:26 AM,95,60
10/2/2026,7:24:27 AM,95,60
10/2/2026,7:24:28 AM,95,61
10/2/2026,7:24:29 AM,95,61
10/2/2026,7:24:30 AM,95,61
10/2/2026,7:24:31 AM,95,61
10/2/2026,7:24:32 AM,95,61
10/2/2026,7:24:33 AM,95,61
10/2/2026,7:24:34 AM,95,61
10/2/2026,7:24:35 AM,95,61
10/2/2026,7:24:36 AM,95,61
10/2/2026,7:24:37 AM,96,60
10/2/2026,7:24:38 AM,96,60
10/2/2026,7:24:39 AM,96,59
10/2/2026,7:24:40 AM,96,58
10/2/2026,7:24:41 AM,97,57
10/2/2026,7:24:42 AM,97,56
10/2/2026,7:24:43 AM,97,55
10/2/2026,7:24:44 AM,98,55
10/2/2026,7:24:45 AM,98,55
10/2/2026,7:24:46 AM,98,55
10/2/2026,7:24:47 AM,99,55
10/2/2026,7:24:48 AM,99,55
10/2/2026,7:24:49 AM,99,54
10/2/2026,7:24:50 AM,99,54
10/2/2026,7:24:51 AM,99,54
10/2/2026,7:24:52 AM,99,54
10/2/2026,7:24:53 AM,99,54
10/2/2026,7:24:54 AM,99,54
10/2/2026,7:24:55 AM,99,54
10/2/2026,7:24:56 AM,98,54
10/2/2026,7:24:57 AM,98,54
10/2/2026,7:24:58 AM,98,54
10/2/2026,7:24:59 AM,98,55
10/2/2026,7:25:00 AM,98,55
10/2/2026,7:25:01 AM,98,55
10/2/2026,7:25:02 AM,98,55
10/2/2026,7:25:03 AM,97,55
10/2/2026,7:25:04 AM,97,55
10/2/2026,7:25:05 AM,97,55
10/2/2026,7:25:06 AM,97,55
10/2/2026,7:25:07 AM,97,55
10/2/2026,7:25:08 AM,97,55
10/2/2026,7:25:09 AM,96,55
10/2/2026,7:25:10 AM,96,55
10/2/2026,7:25:11 AM,96,55
10/2/2026,7:25:12 AM,96,55
10/2/2026,7:25:13 AM,96,55
10/2/2026,7:25:14 AM,96,55
10/2/2026,7:25:15 AM,96,55
10/2/2026,7:25:16 AM,95,55
10/2/2026,7:25:17 AM,95,55
10/2/2026,7:25:18 AM,95,56
10/2/2026,7:25:19 AM,95,56
10/2/2026,7:25:20 AM,95,57
10/2/2026,7:25:21 AM,95,57
10/2/2026,7:25:22 AM,94,58
10/2/2026,7:25:23 AM,94,58
10/2/2026,7:25:24 AM,94,59
10/2/2026,7:25:25 AM,94,60
10/2/2026,7:25:26 AM,94,60
10/2/2026,7:25:27 AM,95,60
10/2/2026,7:25:28 AM,95,60
10/2/2026,7:25:29 AM,95,60
10/2/2026,7:25:30 AM,95,60
10/2/2026,7:25:31 AM,96,61
10/2/2026,7:25:32 AM,96,61
10/2/2026,7:25:33 AM,96,62
10/2/2026,7:25:34 AM,96,62
10/2/2026,7:25:35 AM,96,62
10/2/2026,7:25:36 AM,97,62
10/2/2026,7:25:37 AM,97,62
10/2/2026,7:25:38 AM,97,62
10/2/2026,7:25:39 AM,97,62
10/2/2026,7:25:40 AM,97,62
10/2/2026,7:25:41 AM,97,62
10/2/2026,7:25:42 AM,97,62
10/2/2026,7:25:43 AM,97,62
10/2/2026,7:25:44 AM,97,62
10/2/2026,7:25:45 AM,97,62
10/2/2026,7:25:46 AM,97,61
10/2/2026,7:25:47 AM,97,61
10/2/2026,7:25:48 AM,98,60
10/2/2026,7:25:49 AM,98,58
10/2/2026,7:25:50 AM,98,57
10/2/2026,7:25:51 AM,98,56
10/2/2026,7:25:52 AM,98,56
10/2/2026,7:25:53 AM,98,56
10/2/2026,7:25:54 AM,98,56
10/2/2026,7:25:55 AM,98,56
10/2/2026,7:25:56 AM,98,56
10/2/2026,7:25:57 AM,98,55
10/2/2026,7:25:58 AM,98,55
10/2/2026,7:25:59 AM,98,54
10/2/2026,7:26:00 AM,98,54
10/2/2026,7:26:01 AM,98,54
10/2/2026,7:26:02 AM,98,54
10/2/2026,7:26:03 AM,98,54
10/2/2026,7:26:04 AM,98,54
10/2/2026,7:26:05 AM,98,55
10/2/2026,7:26:06 AM,98,55
10/2/2026,7:26:07 AM,97,55
10/2/2026,7:26:08 AM,97,55
10/2/2026,7:26:09 AM,97,55
10/2/2026,7:26:10 AM,97,55
10/2/2026,7:26:11 AM,97,55
10/2/2026,7:26:12 AM,97,55
10/2/2026,7:26:13 AM,97,55
10/2/2026,7:26:14 AM,97,55
10/2/2026,7:26:15 AM,96,55
10/2/2026,7:26:16 AM,96,55
10/2/2026,7:26:17 AM,96,55
10/2/2026,7:26:18 AM,96,55
10/2/2026,7:26:19 AM,96,55
10/2/2026,7:26:20 AM,96,55
10/2/2026,7:26:21 AM,96,55
10/2/2026,7:26:22 AM,96,55
10/2/2026,7:26:23 AM,96,55
10/2/2026,7:26:24 AM,95,56
10/2/2026,7:26:25 AM,95,56
10/2/2026,7:26:26 AM,95,56
10/2/2026,7:26:27 AM,95,56
10/2/2026,7:26:28 AM,95,57
10/2/2026,7:26:29 AM,95,58
10/2/2026,7:26:30 AM,95,58
10/2/2026,7:26:31 AM,95,59
10/2/2026,7:26:32 AM,95,60
10/2/2026,7:26:33 AM,95,60
10/2/2026,7:26:34 AM,95,60
10/2/2026,7:26:35 AM,95,60
10/2/2026,7:26:36 AM,95,60
10/2/2026,7:26:37 AM,95,60
10/2/2026,7:26:38 AM,95,60
10/2/2026,7:26:39 AM,95,60
10/2/2026,7:26:40 AM,95,59
10/2/2026,7:26:41 AM,95,59
10/2/2026,7:26:42 AM,95,58
10/2/2026,7:26:43 AM,95,57
10/2/2026,7:26:44 AM,95,56
10/2/2026,7:26:45 AM,95,56
10/2/2026,7:26:46 AM,95,56
10/2/2026,7:26:47 AM,95,56
10/2/2026,7:26:48 AM,95,56
10/2/2026,7:26:49 AM,96,56
10/2/2026,7:26:50 AM,96,56
10/2/2026,7:26:51 AM,96,56
10/2/2026,7:26:52 AM,96,56
10/2/2026,7:26:53 AM,97,56
10/2/2026,7:26:54 AM,97,56
10/2/2026,7:26:55 AM,97,56
10/2/2026,7:26:56 AM,98,56
10/2/2026,7:26:57 AM,98,56
10/2/2026,7:26:58 AM,98,56
10/2/2026,7:26:59 AM,98,56
10/2/2026,7:27:00 AM,98,56
10/2/2026,7:27:01 AM,98,56
10/2/2026,7:27:02 AM,98,56
10/2/2026,7:27:03 AM,98,56
10/2/2026,7:27:04 AM,98,56
10/2/2026,7:27:05 AM,98,56
10/2/2026,7:27:06 AM,98,56
10/2/2026,7:27:07 AM,98,56
10/2/2026,7:27:08 AM,98,56
10/2/2026,7:27:09 AM,98,56
10/2/2026,7:27:10 AM,98,56
10/2/2026,7:27:11 AM,98,56
10/2/2026,7:27:12 AM,98,56
10/2/2026,7:27:13 AM,98,56
10/2/2026,7:27:14 AM,98,56
10/2/2026,7:27:15 AM,97,56
10/2/2026,7:27:16 AM,97,56
10/2/2026,7:27:17 AM,97,56
10/2/2026,7:27:18 AM,97,56
10/2/2026,7:27:19 AM,97,56
10/2/2026,7:27:20 AM,97,57
10/2/2026,7:27:21 AM,97,57
10/2/2026,7:27:22 AM,97,57
10/2/2026,7:27:23 AM,97,57
10/2/2026,7:27:24 AM,96,57
10/2/2026,7:27:25 AM,96,57
10/2/2026,7:27:26 AM,96,57
10/2/2026,7:27:27 AM,96,57
10/2/2026,7:27:28 AM,96,57
10/2/2026,7:27:29 AM,96,57
10/2/2026,7:27:30 AM,96,58
10/2/2026,7:27:31 AM,96,58
10/2/2026,7:27:32 AM,96,58
10/2/2026,7:27:33 AM,96,58
10/2/2026,7:27:34 AM,96,58
10/2/2026,7:27:35 AM,96,58
10/2/2026,7:27:36 AM,96,58
10/2/2026,7:27:37 AM,96,58
10/2/2026,7:27:38 AM,96,58
10/2/2026,7:27:39 AM,96,58
10/2/2026,7:27:40 AM,96,58
10/2/2026,7:27:41 AM,96,58
10/2/2026,7:27:42 AM,95,58
10/2/2026,7:27:43 AM,95,58
10/2/2026,7:27:44 AM,95,58
10/2/2026,7:27:45 AM,95,58
10/2/2026,7:27:46 AM,96,58
10/2/2026,7:27:47 AM,96,59
10/2/2026,7:27:48 AM,96,59
10/2/2026,7:27:49 AM,96,59
10/2/2026,7:27:50 AM,96,59
10/2/2026,7:27:51 AM,96,59
10/2/2026,7:27:52 AM,96,59
10/2/2026,7:27:53 AM,96,58
10/2/2026,7:27:54 AM,96,58
10/2/2026,7:27:55 AM,97,58
10/2/2026,7:27:56 AM,97,58
10/2/2026,7:27:57 AM,97,57
10/2/2026,7:27:58 AM,97,57
10/2/2026,7:27:59 AM,98,57
10/2/2026,7:28:00 AM,98,57
10/2/2026,7:28:01 AM,98,57
10/2/2026,7:28:02 AM,98,56
10/2/2026,7:28:03 AM,98,56
10/2/2026,7:28:04 AM,98,56
10/2/2026,7:28:05 AM,98,56
10/2/2026,7:28:06 AM,98,56
10/2/2026,7:28:07 AM,98,56
10/2/2026,7:28:08 AM,98,56
10/2/2026,7:28:09 AM,98,56
10/2/2026,7:28:10 AM,98,56
10/2/2026,7:28:11 AM,98,56
10/2/2026,7:28:12 AM,98,56
10/2/2026,7:28:13 AM,98,56
10/2/2026,7:28:14 AM,98,56
10/2/2026,7:28:15 AM,98,56
10/2/2026,7:28:16 AM,98,56
10/2/2026,7:28:17 AM,98,56
10/2/2026,7:28:18 AM,98,56
10/2/2026,7:28:19 AM,98,56
10/2/2026,7:28:20 AM,98,56
10/2/2026,7:28:21 AM,98,56
10/2/2026,7:28:22 AM,98,56
10/2/2026,7:28:23 AM,98,56
10/2/2026,7:28:24 AM,98,57
10/2/2026,7:28:25 AM,98,57
10/2/2026,7:28:26 AM,98,57
10/2/2026,7:28:27 AM,98,57
10/2/2026,7:28:28 AM,98,57
10/2/2026,7:28:29 AM,98,57
10/2/2026,7:28:30 AM,97,57
10/2/2026,7:28:31 AM,97,57
10/2/2026,7:28:32 AM,97,57
10/2/2026,7:28:33 AM,97,57
10/2/2026,7:28:34 AM,97,57
10/2/2026,7:28:35 AM,97,57
10/2/2026,7:28:36 AM,97,57
10/2/2026,7:28:37 AM,97,57
10/2/2026,7:28:38 AM,96,57
10/2/2026,7:28:39 AM,96,57
10/2/2026,7:28:40 AM,96,57
10/2/2026,7:28:41 AM,96,57
10/2/2026,7:28:42 AM,96,57
10/2/2026,7:28:43 AM,96,57
10/2/2026,7:28:44 AM,96,57
10/2/2026,7:28:45 AM,96,57
10/2/2026,7:28:46 AM,96,58
10/2/2026,7:28:47 AM,96,58
10/2/2026,7:28:48 AM,96,58
10/2/2026,7:28:49 AM,96,58
10/2/2026,7:28:50 AM,96,58
10/2/2026,7:28:51 AM,96,57
10/2/2026,7:28:52 AM,96,57
10/2/2026,7:28:53 AM,96,57
10/2/2026,7:28:54 AM,97,57
10/2/2026,7:28:55 AM,97,57
10/2/2026,7:28:56 AM,97,57
10/2/2026,7:28:57 AM,97,57
10/2/2026,7:28:58 AM,97,58
10/2/2026,7:28:59 AM,97,58
10/2/2026,7:29:00 AM,97,58
10/2/2026,7:29:01 AM,97,58
10/2/2026,7:29:02 AM,97,58
10/2/2026,7:29:03 AM,97,58
10/2/2026,7:29:04 AM,97,58
10/2/2026,7:29:05 AM,97,58
10/2/2026,7:29:06 AM,97,58
10/2/2026,7:29:07 AM,98,58
10/2/2026,7:29:08 AM,98,57
10/2/2026,7:29:09 AM,98,57
10/2/2026,7:29:10 AM,98,57
10/2/2026,7:29:11 AM,98,57
10/2/2026,7:29:12 AM,98,57
10/2/2026,7:29:13 AM,98,57
10/2/2026,7:29:14 AM,98,57
10/2/2026,7:29:15 AM,98,57
10/2/2026,7:29:16 AM,98,57
10/2/2026,7:29:17 AM,98,57
10/2/2026,7:29:18 AM,98,57
10/2/2026,7:29:19 AM,98,57
10/2/2026,7:29:20 AM,98,57
10/2/2026,7:29:21 AM,98,57
10/2/2026,7:29:22 AM,98,57
10/2/2026,7:29:23 AM,98,57
10/2/2026,7:29:24 AM,98,57
10/2/2026,7:29:25 AM,98,57
10/2/2026,7:29:26 AM,98,57
10/2/2026,7:29:27 AM,98,57
10/2/2026,7:29:28 AM,98,57
10/2/2026,7:29:29 AM,98,57
10/2/2026,7:29:30 AM,98,57
10/2/2026,7:29:31 AM,98,57
10/2/2026,7:29:32 AM,98,57
10/2/2026,7:29:33 AM,98,57
10/2/2026,7:29:34 AM,98,57
10/2/2026,7:29:35 AM,97,57
10/2/2026,7:29:36 AM,97,57
10/2/2026,7:29:37 AM,97,57
10/2/2026,7:29:38 AM,97,57
10/2/2026,7:29:39 AM,97,57
10/2/2026,7:29:40 AM,97,57
10/2/2026,7:29:41 AM,97,57
10/2/2026,7:29:42 AM,97,57
10/2/2026,7:29:43 AM,97,58
10/2/2026,7:29:44 AM,97,58
10/2/2026,7:29:45 AM,97,58
10/2/2026,7:29:46 AM,97,59
10/2/2026,7:29:47 AM,97,59
10/2/2026,7:29:48 AM,97,59
10/2/2026,7:29:49 AM,97,59
10/2/2026,7:29:50 AM,97,59
10/2/2026,7:29:51 AM,97,59
10/2/2026,7:29:52 AM,97,59
10/2/2026,7:29:53 AM,97,59
10/2/2026,7:29:54 AM,97,59
10/2/2026,7:29:55 AM,97,59
10/2/2026,7:29:56 AM,97,59
10/2/2026,7:29:57 AM,97,59
10/2/2026,7:29:58 AM,97,59
10/2/2026,7:29:59 AM,97,59
10/2/2026,7:30:00 AM,97,59
10/2/2026,7:30:01 AM,97,59
10/2/2026,7:30:02 AM,97,58
10/2/2026,7:30:03 AM,97,58
10/2/2026,7:30:04 AM,97,58
10/2/2026,7:30:05 AM,97,57
10/2/2026,7:30:06 AM,98,57
10/2/2026,7:30:07 AM,98,57
10/2/2026,7:30:08 AM,98,57
10/2/2026,7:30:09 AM,98,57
10/2/2026,7:30:10 AM,98,57
10/2/2026,7:30:11 AM,98,57
10/2/2026,7:30:12 AM,98,57
10/2/2026,7:30:13 AM,98,57
10/2/2026,7:30:14 AM,98,57
10/2/2026,7:30:15 AM,98,57
10/2/2026,7:30:16 AM,98,58
10/2/2026,7:30:17 AM,98,58
10/2/2026,7:30:18 AM,98,58
10/2/2026,7:30:19 AM,98,58
10/2/2026,7:30:20 AM,98,58
10/2/2026,7:30:21 AM,98,58
10/2/2026,7:30:22 AM,98,58
10/2/2026,7:30:23 AM,98,58
10/2/2026,7:30:24 AM,98,58
10/2/2026,7:30:25 AM,98,58
10/2/2026,7:30:26 AM,98,58
10/2/2026,7:30:27 AM,98,58
10/2/2026,7:30:28 AM,98,57
10/2/2026,7:30:29 AM,98,57
10/2/2026,7:30:30 AM,98,57
10/2/2026,7:30:31 AM,98,58
10/2/2026,7:30:32 AM,98,58
10/2/2026,7:30:33 AM,98,58
10/2/2026,7:30:34 AM,98,57
10/2/2026,7:30:35 AM,98,57
10/2/2026,7:30:36 AM,98,57
10/2/2026,7:30:37 AM,98,57
10/2/2026,7:30:38 AM,98,57
10/2/2026,7:30:39 AM,98,57
10/2/2026,7:30:40 AM,98,57
10/2/2026,7:30:41 AM,97,57
10/2/2026,7:30:42 AM,97,57
10/2/2026,7:30:43 AM,97,57
10/2/2026,7:30:44 AM,97,58
10/2/2026,7:30:45 AM,97,58
10/2/2026,7:30:46 AM,97,58
10/2/2026,7:30:47 AM,97,58
10/2/2026,7:30:48 AM,97,58
10/2/2026,7:30:49 AM,97,58
10/2/2026,7:30:50 AM,97,58
10/2/2026,7:30:51 AM,97,58
10/2/2026,7:30:52 AM,97,58
10/2/2026,7:30:53 AM,97,59
10/2/2026,7:30:54 AM,97,59
10/2/2026,7:30:55 AM,97,59
10/2/2026,7:30:56 AM,97,59
10/2/2026,7:30:57 AM,97,59
10/2/2026,7:30:58 AM,97,59
10/2/2026,7:30:59 AM,97,59
10/2/2026,7:31:00 AM,97,59
10/2/2026,7:31:01 AM,97,59
10/2/2026,7:31:02 AM,97,59
10/2/2026,7:31:03 AM,97,58
10/2/2026,7:31:04 AM,97,58
10/2/2026,7:31:05 AM,97,58
10/2/2026,7:31:06 AM,97,58
10/2/2026,7:31:07 AM,97,58
10/2/2026,7:31:08 AM,98,58
10/2/2026,7:31:09 AM,98,58
10/2/2026,7:31:10 AM,98,58
10/2/2026,7:31:11 AM,98,58
10/2/2026,7:31:12 AM,98,58
10/2/2026,7:31:13 AM,98,58
10/2/2026,7:31:14 AM,98,58
10/2/2026,7:31:15 AM,98,58
10/2/2026,7:31:16 AM,98,58
10/2/2026,7:31:17 AM,98,58
10/2/2026,7:31:18 AM,98,58
10/2/2026,7:31:19 AM,98,58
10/2/2026,7:31:20 AM,98,58
10/2/2026,7:31:21 AM,98,58
10/2/2026,7:31:22 AM,98,58
10/2/2026,7:31:23 AM,98,58
10/2/2026,7:31:24 AM,98,58
10/2/2026,7:31:25 AM,98,58
10/2/2026,7:31:26 AM,98,58
10/2/2026,7:31:27 AM,98,58
10/2/2026,7:31:28 AM,98,58
10/2/2026,7:31:29 AM,98,58
10/2/2026,7:31:30 AM,98,58
10/2/2026,7:31:31 AM,98,58
10/2/2026,7:31:32 AM,98,58
10/2/2026,7:31:33 AM,98,58
10/2/2026,7:31:34 AM,98,58
10/2/2026,7:31:35 AM,98,58
10/2/2026,7:31:36 AM,98,58
10/2/2026,7:31:37 AM,98,58
10/2/2026,7:31:38 AM,98,58
10/2/2026,7:31:39 AM,98,58
10/2/2026,7:31:40 AM,98,58
10/2/2026,7:31:41 AM,98,58
10/2/2026,7:31:42 AM,98,58
10/2/2026,7:31:43 AM,98,58
10/2/2026,7:31:44 AM,98,58
10/2/2026,7:31:45 AM,98,58
10/2/2026,7:31:46 AM,97,58
10/2/2026,7:31:47 AM,97,59
10/2/2026,7:31:48 AM,97,59
10/2/2026,7:31:49 AM,97,59
10/2/2026,7:31:50 AM,98,59
10/2/2026,7:31:51 AM,98,59
10/2/2026,7:31:52 AM,98,59
10/2/2026,7:31:53 AM,97,60
10/2/2026,7:31:54 AM,97,60
10/2/2026,7:31:55 AM,97,61
10/2/2026,7:31:56 AM,97,61
10/2/2026,7:31:57 AM,97,62
10/2/2026,7:31:58 AM,97,62
10/2/2026,7:31:59 AM,97,62
10/2/2026,7:32:00 AM,97,62
10/2/2026,7:32:01 AM,97,62
10/2/2026,7:32:02 AM,97,62
10/2/2026,7:32:03 AM,97,61
10/2/2026,7:32:04 AM,97,61
10/2/2026,7:32:05 AM,97,60
10/2/2026,7:32:06 AM,97,59
10/2/2026,7:32:07 AM,97,59
10/2/2026,7:32:08 AM,97,58
10/2/2026,7:32:09 AM,97,58
10/2/2026,7:32:10 AM,97,58
10/2/2026,7:32:11 AM,97,58
10/2/2026,7:32:12 AM,97,58
10/2/2026,7:32:13 AM,97,58
10/2/2026,7:32:14 AM,97,58
10/2/2026,7:32:15 AM,97,58
10/2/2026,7:32:16 AM,97,58
10/2/2026,7:32:17 AM,98,58
10/2/2026,7:32:18 AM,98,59
10/2/2026,7:32:19 AM,98,59
10/2/2026,7:32:20 AM,98,59
10/2/2026,7:32:21 AM,98,58
10/2/2026,7:32:22 AM,98,58
10/2/2026,7:32:23 AM,98,58
10/2/2026,7:32:24 AM,98,58
10/2/2026,7:32:25 AM,98,58
10/2/2026,7:32:26 AM,98,58
10/2/2026,7:32:27 AM,98,58
10/2/2026,7:32:28 AM,98,58
10/2/2026,7:32:29 AM,98,58
10/2/2026,7:32:30 AM,98,59
10/2/2026,7:32:31 AM,98,59
10/2/2026,7:32:32 AM,98,59
10/2/2026,7:32:33 AM,98,59
10/2/2026,7:32:34 AM,98,59
10/2/2026,7:32:35 AM,98,59
10/2/2026,7:32:36 AM,98,59
10/2/2026,7:32:37 AM,98,59
10/2/2026,7:32:38 AM,98,59
10/2/2026,7:32:39 AM,98,59
10/2/2026,7:32:40 AM,98,59
10/2/2026,7:32:41 AM,98,59
10/2/2026,7:32:42 AM,98,59
10/2/2026,7:32:43 AM,98,59
10/2/2026,7:32:44 AM,98,59
10/2/2026,7:32:45 AM,98,59
10/2/2026,7:32:46 AM,98,59
10/2/2026,7:32:47 AM,98,59
10/2/2026,7:32:48 AM,98,59
10/2/2026,7:32:49 AM,98,59
10/2/2026,7:32:50 AM,97,59
10/2/2026,7:32:51 AM,97,59
10/2/2026,7:32:52 AM,97,59
10/2/2026,7:32:53 AM,97,59
10/2/2026,7:32:54 AM,97,59
10/2/2026,7:32:55 AM,97,59
10/2/2026,7:32:56 AM,97,59
10/2/2026,7:32:57 AM,97,59
10/2/2026,7:32:58 AM,97,59
10/2/2026,7:32:59 AM,97,59
10/2/2026,7:33:00 AM,97,60
10/2/2026,7:33:01 AM,97,60
10/2/2026,7:33:02 AM,97,60
10/2/2026,7:33:03 AM,97,60
10/2/2026,7:33:04 AM,97,60
10/2/2026,7:33:05 AM,97,60
10/2/2026,7:33:06 AM,97,60
10/2/2026,7:33:07 AM,97,60
10/2/2026,7:33:08 AM,97,60
10/2/2026,7:33:09 AM,97,60
10/2/2026,7:33:10 AM,97,60
10/2/2026,7:33:11 AM,97,60
10/2/2026,7:33:12 AM,97,60
10/2/2026,7:33:13 AM,97,60
10/2/2026,7:33:14 AM,97,60
10/2/2026,7:33:15 AM,97,60
10/2/2026,7:33:16 AM,97,60
10/2/2026,7:33:17 AM,97,60
10/2/2026,7:33:18 AM,97,60
10/2/2026,7:33:19 AM,97,60
10/2/2026,7:33:20 AM,97,60
10/2/2026,7:33:21 AM,97,60
10/2/2026,7:33:22 AM,98,61
10/2/2026,7:33:23 AM,98,61
10/2/2026,7:33:24 AM,98,61
10/2/2026,7:33:25 AM,98,61
10/2/2026,7:33:26 AM,98,61
10/2/2026,7:33:27 AM,98,61
10/2/2026,7:33:28 AM,98,60
10/2/2026,7:33:29 AM,98,60
10/2/2026,7:33:30 AM,98,60
10/2/2026,7:33:31 AM,98,60
10/2/2026,7:33:32 AM,98,60
10/2/2026,7:33:33 AM,98,60
10/2/2026,7:33:34 AM,98,60
10/2/2026,7:33:35 AM,98,60
10/2/2026,7:33:36 AM,98,59
10/2/2026,7:33:37 AM,98,60
10/2/2026,7:33:38 AM,98,59
10/2/2026,7:33:39 AM,98,59
10/2/2026,7:33:40 AM,98,59
10/2/2026,7:33:41 AM,98,59
10/2/2026,7:33:42 AM,98,59
10/2/2026,7:33:43 AM,98,59
10/2/2026,7:33:44 AM,98,59
10/2/2026,7:33:45 AM,98,59
10/2/2026,7:33:46 AM,98,59
10/2/2026,7:33:47 AM,98,59
10/2/2026,7:33:48 AM,98,60
10/2/2026,7:33:49 AM,98,60
10/2/2026,7:33:50 AM,98,60
10/2/2026,7:33:51 AM,98,60
10/2/2026,7:33:52 AM,98,60
10/2/2026,7:33:53 AM,98,60
10/2/2026,7:33:54 AM,98,60
10/2/2026,7:33:55 AM,98,60
10/2/2026,7:33:56 AM,98,60
10/2/2026,7:33:57 AM,98,60
10/2/2026,7:33:58 AM,98,60
10/2/2026,7:33:59 AM,98,60
10/2/2026,7:34:00 AM,98,60
10/2/2026,7:34:01 AM,98,60
10/2/2026,7:34:02 AM,98,60
10/2/2026,7:34:03 AM,98,60
10/2/2026,7:34:04 AM,98,60
10/2/2026,7:34:05 AM,98,60
10/2/2026,7:34:06 AM,97,60
10/2/2026,7:34:07 AM,98,60
10/2/2026,7:34:08 AM,98,60
10/2/2026,7:34:09 AM,98,60
10/2/2026,7:34:10 AM,98,60
10/2/2026,7:34:11 AM,98,60
10/2/2026,7:34:12 AM,98,60
10/2/2026,7:34:13 AM,98,60
10/2/2026,7:34:14 AM,98,60
10/2/2026,7:34:15 AM,98,61
10/2/2026,7:34:16 AM,98,61
10/2/2026,7:34:17 AM,98,61
10/2/2026,7:34:18 AM,98,61
10/2/2026,7:34:19 AM,98,61
10/2/2026,7:34:20 AM,97,61
10/2/2026,7:34:21 AM,97,61
10/2/2026,7:34:22 AM,97,61
10/2/2026,7:34:23 AM,98,61
10/2/2026,7:34:24 AM,98,61
10/2/2026,7:34:25 AM,98,61
10/2/2026,7:34:26 AM,98,61
10/2/2026,7:34:27 AM,98,61
10/2/2026,7:34:28 AM,98,61
10/2/2026,7:34:29 AM,98,61
10/2/2026,7:34:30 AM,98,61
10/2/2026,7:34:31 AM,98,61
10/2/2026,7:34:32 AM,98,61
10/2/2026,7:34:33 AM,98,60
10/2/2026,7:34:34 AM,98,60
10/2/2026,7:34:35 AM,98,60
10/2/2026,7:34:36 AM,98,60
10/2/2026,7:34:37 AM,98,60
10/2/2026,7:34:38 AM,98,60
10/2/2026,7:34:39 AM,98,60
10/2/2026,7:34:40 AM,98,60
10/2/2026,7:34:41 AM,98,60
10/2/2026,7:34:42 AM,98,60
10/2/2026,7:34:43 AM,98,60
10/2/2026,7:34:44 AM,98,60
10/2/2026,7:34:45 AM,98,60
10/2/2026,7:34:46 AM,98,60
10/2/2026,7:34:47 AM,98,60
10/2/2026,7:34:48 AM,98,60
10/2/2026,7:34:49 AM,98,60
10/2/2026,7:34:50 AM,98,60
10/2/2026,7:34:51 AM,98,60
10/2/2026,7:34:52 AM,98,60
10/2/2026,7:34:53 AM,98,60
10/2/2026,7:34:54 AM,98,60
10/2/2026,7:34:55 AM,98,60
10/2/2026,7:34:56 AM,98,60
10/2/2026,7:34:57 AM,98,60
10/2/2026,7:34:58 AM,98,60
10/2/2026,7:34:59 AM,98,60
10/2/2026,7:35:00 AM,98,61
10/2/2026,7:35:01 AM,98,61
10/2/2026,7:35:02 AM,98,61
10/2/2026,7:35:03 AM,98,61
10/2/2026,7:35:04 AM,98,61
10/2/2026,7:35:05 AM,98,61
10/2/2026,7:35:06 AM,98,61
10/2/2026,7:35:07 AM,98,61
10/2/2026,7:35:08 AM,98,61
10/2/2026,7:35:09 AM,98,61
10/2/2026,7:35:10 AM,98,60
10/2/2026,7:35:11 AM,98,60
10/2/2026,7:35:12 AM,98,60
10/2/2026,7:35:13 AM,98,60
10/2/2026,7:35:14 AM,98,60
10/2/2026,7:35:15 AM,98,60
10/2/2026,7:35:16 AM,98,60
10/2/2026,7:35:17 AM,97,60
10/2/2026,7:35:18 AM,97,60
10/2/2026,7:35:19 AM,97,60
10/2/2026,7:35:20 AM,97,60
10/2/2026,7:35:21 AM,97,60
10/2/2026,7:35:22 AM,97,61
10/2/2026,7:35:23 AM,97,61
10/2/2026,7:35:24 AM,97,61
10/2/2026,7:35:25 AM,97,61
10/2/2026,7:35:26 AM,97,61
10/2/2026,7:35:27 AM,97,61
10/2/2026,7:35:28 AM,97,61
10/2/2026,7:35:29 AM,97,61
10/2/2026,7:35:30 AM,98,61
10/2/2026,7:35:31 AM,98,61
10/2/2026,7:35:32 AM,98,62
10/2/2026,7:35:33 AM,98,61
10/2/2026,7:35:34 AM,98,61
10/2/2026,7:35:35 AM,98,61
10/2/2026,7:35:36 AM,98,61
10/2/2026,7:35:37 AM,98,61
10/2/2026,7:35:38 AM,98,61
10/2/2026,7:35:39 AM,98,61
10/2/2026,7:35:40 AM,98,61
10/2/2026,7:35:41 AM,98,61
10/2/2026,7:35:42 AM,98,61
10/2/2026,7:35:43 AM,98,60
10/2/2026,7:35:44 AM,98,60
10/2/2026,7:35:45 AM,98,60
10/2/2026,7:35:46 AM,98,60
10/2/2026,7:35:47 AM,98,60
10/2/2026,7:35:48 AM,98,60
10/2/2026,7:35:49 AM,98,60
10/2/2026,7:35:50 AM,98,60
10/2/2026,7:35:51 AM,98,60
10/2/2026,7:35:52 AM,98,60
10/2/2026,7:35:53 AM,98,60
10/2/2026,7:35:54 AM,98,60
10/2/2026,7:35:55 AM,98,60
10/2/2026,7:35:56 AM,98,60
10/2/2026,7:35:57 AM,98,60
10/2/2026,7:35:58 AM,98,60
10/2/2026,7:35:59 AM,98,60
10/2/2026,7:36:00 AM,98,61
10/2/2026,7:36:01 AM,98,61
10/2/2026,7:36:02 AM,98,61
10/2/2026,7:36:03 AM,98,61
10/2/2026,7:36:04 AM,98,61
10/2/2026,7:36:05 AM,98,61
10/2/2026,7:36:06 AM,98,61
10/2/2026,7:36:07 AM,98,61
10/2/2026,7:36:08 AM,98,61
10/2/2026,7:36:09 AM,98,61
10/2/2026,7:36:10 AM,98,61
10/2/2026,7:36:11 AM,98,61
10/2/2026,7:36:12 AM,98,61
10/2/2026,7:36:13 AM,98,61
10/2/2026,7:36:14 AM,98,60
10/2/2026,7:36:15 AM,98,61
10/2/2026,7:36:16 AM,98,60
10/2/2026,7:36:17 AM,98,60
10/2/2026,7:36:18 AM,98,60
10/2/2026,7:36:19 AM,98,60
10/2/2026,7:36:20 AM,98,60
10/2/2026,7:36:21 AM,98,60
10/2/2026,7:36:22 AM,98,60
10/2/2026,7:36:23 AM,98,60
10/2/2026,7:36:24 AM,97,60
10/2/2026,7:36:25 AM,97,60
10/2/2026,7:36:26 AM,97,60
10/2/2026,7:36:27 AM,97,60
10/2/2026,7:36:28 AM,97,60
10/2/2026,7:36:29 AM,97,61
10/2/2026,7:36:30 AM,97,61
10/2/2026,7:36:31 AM,97,61
10/2/2026,7:36:32 AM,97,61
10/2/2026,7:36:33 AM,97,61
10/2/2026,7:36:34 AM,97,61
10/2/2026,7:36:35 AM,97,62
10/2/2026,7:36:36 AM,97,62
10/2/2026,7:36:37 AM,97,62
10/2/2026,7:36:38 AM,97,62
10/2/2026,7:36:39 AM,97,62
10/2/2026,7:36:40 AM,97,62
10/2/2026,7:36:41 AM,97,62
10/2/2026,7:36:42 AM,97,62
10/2/2026,7:36:43 AM,97,62
10/2/2026,7:36:44 AM,97,62
10/2/2026,7:36:45 AM,97,62
10/2/2026,7:36:46 AM,97,62
10/2/2026,7:36:47 AM,97,62
10/2/2026,7:36:48 AM,97,62
10/2/2026,7:36:49 AM,97,62
10/2/2026,7:36:50 AM,97,63
10/2/2026,7:36:51 AM,97,64
10/2/2026,7:36:52 AM,98,66
10/2/2026,7:36:53 AM,98,67
10/2/2026,7:36:54 AM,98,68
10/2/2026,7:36:55 AM,98,69
10/2/2026,7:36:56 AM,98,70
10/2/2026,7:36:57 AM,98,70
10/2/2026,7:36:58 AM,98,69
10/2/2026,7:36:59 AM,98,68
10/2/2026,7:37:00 AM,98,67
10/2/2026,7:37:01 AM,98,66
10/2/2026,7:37:02 AM,98,65
10/2/2026,7:37:03 AM,98,64
10/2/2026,7:37:04 AM,99,63
10/2/2026,7:37:05 AM,99,62
10/2/2026,7:37:06 AM,99,61
10/2/2026,7:37:07 AM,99,61
10/2/2026,7:37:08 AM,99,60
10/2/2026,7:37:09 AM,99,60
10/2/2026,7:37:10 AM,99,60
10/2/2026,7:37:11 AM,99,59
10/2/2026,7:37:12 AM,99,59
10/2/2026,7:37:13 AM,99,59
10/2/2026,7:37:14 AM,99,59
10/2/2026,7:37:15 AM,99,59
10/2/2026,7:37:16 AM,99,58
10/2/2026,7:37:17 AM,99,58
10/2/2026,7:37:18 AM,99,58
10/2/2026,7:37:19 AM,99,58
10/2/2026,7:37:20 AM,99,58
10/2/2026,7:37:21 AM,99,58
10/2/2026,7:37:22 AM,99,58
10/2/2026,7:37:23 AM,99,58
10/2/2026,7:37:24 AM,99,58
10/2/2026,7:37:25 AM,99,58
10/2/2026,7:37:26 AM,99,58
10/2/2026,7:37:27 AM,99,58
10/2/2026,7:37:28 AM,99,57
10/2/2026,7:37:29 AM,99,57
10/2/2026,7:37:30 AM,98,57
10/2/2026,7:37:31 AM,98,57
10/2/2026,7:37:32 AM,98,57
10/2/2026,7:37:33 AM,98,57
10/2/2026,7:37:34 AM,98,57
10/2/2026,7:37:35 AM,98,57
10/2/2026,7:37:36 AM,98,57
10/2/2026,7:37:37 AM,98,57
10/2/2026,7:37:38 AM,98,57
10/2/2026,7:37:39 AM,98,57
10/2/2026,7:37:40 AM,98,57
10/2/2026,7:37:41 AM,98,57
10/2/2026,7:37:42 AM,98,57
10/2/2026,7:37:43 AM,98,57
10/2/2026,7:37:44 AM,97,58
10/2/2026,7:37:45 AM,97,58
10/2/2026,7:37:46 AM,97,58
10/2/2026,7:37:47 AM,97,58
10/2/2026,7:37:48 AM,97,59
10/2/2026,7:37:49 AM,97,59
10/2/2026,7:37:50 AM,97,59
10/2/2026,7:37:51 AM,97,59
10/2/2026,7:37:52 AM,97,60
10/2/2026,7:37:53 AM,98,60
10/2/2026,7:37:54 AM,98,60
10/2/2026,7:37:55 AM,98,60
10/2/2026,7:37:56 AM,98,61
10/2/2026,7:37:57 AM,98,62
10/2/2026,7:37:58 AM,98,62
10/2/2026,7:37:59 AM,98,62
10/2/2026,7:38:00 AM,98,62
10/2/2026,7:38:01 AM,98,62
10/2/2026,7:38:02 AM,98,62
10/2/2026,7:38:03 AM,98,62
10/2/2026,7:38:04 AM,98,62
10/2/2026,7:38:05 AM,98,62
10/2/2026,7:38:06 AM,98,62
10/2/2026,7:38:07 AM,98,62
10/2/2026,7:38:08 AM,98,62
10/2/2026,7:38:09 AM,98,61
10/2/2026,7:38:10 AM,98,61
10/2/2026,7:38:11 AM,98,60
10/2/2026,7:38:12 AM,98,60
10/2/2026,7:38:13 AM,98,59
10/2/2026,7:38:14 AM,98,59
10/2/2026,7:38:15 AM,98,59
10/2/2026,7:38:16 AM,98,59
10/2/2026,7:38:17 AM,98,59
10/2/2026,7:38:18 AM,98,59
10/2/2026,7:38:19 AM,99,59
10/2/2026,7:38:20 AM,99,59
10/2/2026,7:38:21 AM,99,59
10/2/2026,7:38:22 AM,99,58
10/2/2026,7:38:23 AM,99,58
10/2/2026,7:38:24 AM,99,58
10/2/2026,7:38:25 AM,99,58
10/2/2026,7:38:26 AM,99,58
10/2/2026,7:38:27 AM,99,58
10/2/2026,7:38:28 AM,99,58
10/2/2026,7:38:29 AM,99,58
10/2/2026,7:38:30 AM,99,58
10/2/2026,7:38:31 AM,99,57
10/2/2026,7:38:32 AM,99,57
10/2/2026,7:38:33 AM,99,58
10/2/2026,7:38:34 AM,99,58
10/2/2026,7:38:35 AM,98,58
10/2/2026,7:38:36 AM,98,58
10/2/2026,7:38:37 AM,98,58
10/2/2026,7:38:38 AM,98,58
10/2/2026,7:38:39 AM,98,58
10/2/2026,7:38:40 AM,98,58
10/2/2026,7:38:41 AM,98,58
10/2/2026,7:38:42 AM,98,59
10/2/2026,7:38:43 AM,98,59
10/2/2026,7:38:44 AM,98,59
10/2/2026,7:38:45 AM,98,59
10/2/2026,7:38:46 AM,98,59
10/2/2026,7:38:47 AM,98,59
10/2/2026,7:38:48 AM,97,59
10/2/2026,7:38:49 AM,97,59
10/2/2026,7:38:50 AM,97,59
10/2/2026,7:38:51 AM,97,59
10/2/2026,7:38:52 AM,97,59
10/2/2026,7:38:53 AM,97,59
10/2/2026,7:38:54 AM,97,59
10/2/2026,7:38:55 AM,97,59
10/2/2026,7:38:56 AM,97,59
10/2/2026,7:38:57 AM,97,59
10/2/2026,7:38:58 AM,97,59
10/2/2026,7:38:59 AM,97,59
10/2/2026,7:39:00 AM,97,59
10/2/2026,7:39:01 AM,97,59
10/2/2026,7:39:02 AM,96,59
10/2/2026,7:39:03 AM,96,59
10/2/2026,7:39:04 AM,96,59
10/2/2026,7:39:05 AM,96,59
10/2/2026,7:39:06 AM,96,59
10/2/2026,7:39:07 AM,96,59
10/2/2026,7:39:08 AM,97,58
10/2/2026,7:39:09 AM,97,58
10/2/2026,7:39:10 AM,97,58
10/2/2026,7:39:11 AM,97,58
10/2/2026,7:39:12 AM,97,58
10/2/2026,7:39:13 AM,97,58
10/2/2026,7:39:14 AM,97,58
10/2/2026,7:39:15 AM,97,58
10/2/2026,7:39:16 AM,97,58
10/2/2026,7:39:17 AM,97,58
10/2/2026,7:39:18 AM,97,58
10/2/2026,7:39:19 AM,97,58
10/2/2026,7:39:20 AM,97,58
10/2/2026,7:39:21 AM,98,58
10/2/2026,7:39:22 AM,98,58
10/2/2026,7:39:23 AM,98,58
10/2/2026,7:39:24 AM,98,58
10/2/2026,7:39:25 AM,98,58
10/2/2026,7:39:26 AM,98,58
10/2/2026,7:39:27 AM,98,58
10/2/2026,7:39:28 AM,98,58
10/2/2026,7:39:29 AM,98,58
10/2/2026,7:39:30 AM,98,58
10/2/2026,7:39:31 AM,98,58
10/2/2026,7:39:32 AM,98,58
10/2/2026,7:39:33 AM,98,58
10/2/2026,7:39:34 AM,97,59
10/2/2026,7:39:35 AM,97,59
10/2/2026,7:39:36 AM,97,59
10/2/2026,7:39:37 AM,97,59
10/2/2026,7:39:38 AM,97,59
10/2/2026,7:39:39 AM,97,59
10/2/2026,7:39:40 AM,97,59
10/2/2026,7:39:41 AM,97,59
10/2/2026,7:39:42 AM,97,59
10/2/2026,7:39:43 AM,97,59
10/2/2026,7:39:44 AM,97,59
10/2/2026,7:39:45 AM,97,59
10/2/2026,7:39:46 AM,97,59
10/2/2026,7:39:47 AM,97,59
10/2/2026,7:39:48 AM,97,59
10/2/2026,7:39:49 AM,97,59
10/2/2026,7:39:50 AM,97,59
10/2/2026,7:39:51 AM,97,59
10/2/2026,7:39:52 AM,97,59
10/2/2026,7:39:53 AM,97,59
10/2/2026,7:39:54 AM,97,59
10/2/2026,7:39:55 AM,97,59
10/2/2026,7:39:56 AM,97,59
10/2/2026,7:39:57 AM,97,59
10/2/2026,7:39:58 AM,97,59
10/2/2026,7:39:59 AM,97,59
10/2/2026,7:40:00 AM,97,59
10/2/2026,7:40:01 AM,97,59
10/2/2026,7:40:02 AM,97,59
10/2/2026,7:40:03 AM,97,59
10/2/2026,7:40:04 AM,97,59
10/2/2026,7:40:05 AM,97,59
10/2/2026,7:40:06 AM,97,59
10/2/2026,7:40:07 AM,97,59
10/2/2026,7:40:08 AM,97,59
10/2/2026,7:40:09 AM,97,59
10/2/2026,7:40:10 AM,97,59
10/2/2026,7:40:11 AM,97,59
10/2/2026,7:40:12 AM,97,59
10/2/2026,7:40:13 AM,97,59
10/2/2026,7:40:14 AM,97,59
10/2/2026,7:40:15 AM,97,59
10/2/2026,7:40:16 AM,97,59
10/2/2026,7:40:17 AM,97,59
10/2/2026,7:40:18 AM,97,59
10/2/2026,7:40:19 AM,97,60
10/2/2026,7:40:20 AM,97,60
10/2/2026,7:40:21 AM,97,60
10/2/2026,7:40:22 AM,97,60
10/2/2026,7:40:23 AM,97,60
10/2/2026,7:40:24 AM,97,60
10/2/2026,7:40:25 AM,97,60
10/2/2026,7:40:26 AM,97,60
10/2/2026,7:40:27 AM,97,60
10/2/2026,7:40:28 AM,97,60
10/2/2026,7:40:29 AM,97,60
10/2/2026,7:40:30 AM,97,60
10/2/2026,7:40:31 AM,97,60
10/2/2026,7:40:32 AM,97,60
10/2/2026,7:40:33 AM,97,60
10/2/2026,7:40:34 AM,97,60
10/2/2026,7:40:35 AM,97,60
10/2/2026,7:40:36 AM,97,60
10/2/2026,7:40:37 AM,98,60
10/2/2026,7:40:38 AM,98,60
10/2/2026,7:40:39 AM,98,60
10/2/2026,7:40:40 AM,98,60
10/2/2026,7:40:41 AM,98,60
10/2/2026,7:40:42 AM,98,60
10/2/2026,7:40:43 AM,98,60
10/2/2026,7:40:44 AM,98,60
10/2/2026,7:40:45 AM,98,60
10/2/2026,7:40:46 AM,98,60
10/2/2026,7:40:47 AM,97,60
10/2/2026,7:40:48 AM,97,61
10/2/2026,7:40:49 AM,97,61
10/2/2026,7:40:50 AM,97,61
10/2/2026,7:40:51 AM,97,61
10/2/2026,7:40:52 AM,97,61
10/2/2026,7:40:53 AM,97,60
10/2/2026,7:40:54 AM,97,60
10/2/2026,7:40:55 AM,97,60
10/2/2026,7:40:56 AM,97,60
10/2/2026,7:40:57 AM,97,60
10/2/2026,7:40:58 AM,97,60
10/2/2026,7:40:59 AM,97,60
10/2/2026,7:41:00 AM,97,60
10/2/2026,7:41:01 AM,97,60
10/2/2026,7:41:02 AM,97,60
10/2/2026,7:41:03 AM,97,61
10/2/2026,7:41:04 AM,97,61
10/2/2026,7:41:05 AM,97,61
10/2/2026,7:41:06 AM,97,61
10/2/2026,7:41:07 AM,97,62
10/2/2026,7:41:08 AM,97,62
10/2/2026,7:41:09 AM,97,62
10/2/2026,7:41:10 AM,97,62
10/2/2026,7:41:11 AM,97,61
10/2/2026,7:41:12 AM,97,61
10/2/2026,7:41:13 AM,97,61
10/2/2026,7:41:14 AM,97,61
10/2/2026,7:41:15 AM,97,61
10/2/2026,7:41:16 AM,97,61
10/2/2026,7:41:17 AM,97,61
10/2/2026,7:41:18 AM,97,61
10/2/2026,7:41:19 AM,97,61
10/2/2026,7:41:20 AM,97,61
10/2/2026,7:41:21 AM,97,61
10/2/2026,7:41:22 AM,97,61
10/2/2026,7:41:23 AM,97,61
10/2/2026,7:41:24 AM,97,61
10/2/2026,7:41:25 AM,97,61
10/2/2026,7:41:26 AM,98,61
10/2/2026,7:41:27 AM,98,61
10/2/2026,7:41:28 AM,98,61
10/2/2026,7:41:29 AM,98,61
10/2/2026,7:41:30 AM,98,60
10/2/2026,7:41:31 AM,98,60
10/2/2026,7:41:32 AM,98,60
10/2/2026,7:41:33 AM,98,60
10/2/2026,7:41:34 AM,98,60
10/2/2026,7:41:35 AM,98,60
10/2/2026,7:41:36 AM,98,61
10/2/2026,7:41:37 AM,98,61
10/2/2026,7:41:38 AM,98,61
10/2/2026,7:41:39 AM,98,61
10/2/2026,7:41:40 AM,98,62
10/2/2026,7:41:41 AM,98,62
10/2/2026,7:41:42 AM,98,63
10/2/2026,7:41:43 AM,98,63
10/2/2026,7:41:44 AM,97,63
10/2/2026,7:41:45 AM,97,63
10/2/2026,7:41:46 AM,97,62
10/2/2026,7:41:47 AM,97,62
10/2/2026,7:41:48 AM,98,62
10/2/2026,7:41:49 AM,98,61
10/2/2026,7:41:50 AM,98,61
10/2/2026,7:41:51 AM,98,61
10/2/2026,7:41:52 AM,98,60
10/2/2026,7:41:53 AM,98,60
10/2/2026,7:41:54 AM,98,60
10/2/2026,7:41:55 AM,98,60
10/2/2026,7:41:56 AM,98,60
10/2/2026,7:41:57 AM,98,60
10/2/2026,7:41:58 AM,98,60
10/2/2026,7:41:59 AM,98,59
10/2/2026,7:42:00 AM,98,59
10/2/2026,7:42:01 AM,98,59
10/2/2026,7:42:02 AM,98,59
10/2/2026,7:42:03 AM,98,59
10/2/2026,7:42:04 AM,98,59
10/2/2026,7:42:05 AM,98,59
10/2/2026,7:42:06 AM,98,58
10/2/2026,7:42:07 AM,98,58
10/2/2026,7:42:08 AM,98,59
10/2/2026,7:42:09 AM,98,59
10/2/2026,7:42:10 AM,98,59
10/2/2026,7:42:11 AM,98,59
10/2/2026,7:42:12 AM,98,59
10/2/2026,7:42:13 AM,98,59
10/2/2026,7:42:14 AM,98,59
10/2/2026,7:42:15 AM,97,60
10/2/2026,7:42:16 AM,97,60
10/2/2026,7:42:17 AM,97,60
10/2/2026,7:42:18 AM,97,60
10/2/2026,7:42:19 AM,98,60
10/2/2026,7:42:20 AM,98,60
10/2/2026,7:42:21 AM,98,60
10/2/2026,7:42:22 AM,98,60
10/2/2026,7:42:23 AM,98,60
10/2/2026,7:42:24 AM,98,60
10/2/2026,7:42:25 AM,98,60
10/2/2026,7:42:26 AM,98,60
10/2/2026,7:42:27 AM,98,60
10/2/2026,7:42:28 AM,98,60
10/2/2026,7:42:29 AM,98,61
10/2/2026,7:42:30 AM,98,61
10/2/2026,7:42:31 AM,97,62
10/2/2026,7:42:32 AM,97,62
10/2/2026,7:42:33 AM,97,62
10/2/2026,7:42:34 AM,97,62
10/2/2026,7:42:35 AM,97,62
10/2/2026,7:42:36 AM,97,62
10/2/2026,7:42:37 AM,97,62
10/2/2026,7:42:38 AM,97,62
10/2/2026,7:42:39 AM,97,61
10/2/2026,7:42:40 AM,97,61
10/2/2026,7:42:41 AM,98,61
10/2/2026,7:42:42 AM,98,60
10/2/2026,7:42:43 AM,98,60
10/2/2026,7:42:44 AM,98,60
10/2/2026,7:42:45 AM,98,60
10/2/2026,7:42:46 AM,98,60
10/2/2026,7:42:47 AM,98,60
10/2/2026,7:42:48 AM,98,60
10/2/2026,7:42:49 AM,98,60
10/2/2026,7:42:50 AM,98,60
10/2/2026,7:42:51 AM,98,60
10/2/2026,7:42:52 AM,98,60
10/2/2026,7:42:53 AM,98,60
10/2/2026,7:42:54 AM,98,60
10/2/2026,7:42:55 AM,98,60
10/2/2026,7:42:56 AM,98,60
10/2/2026,7:42:57 AM,98,60
10/2/2026,7:42:58 AM,98,60
10/2/2026,7:42:59 AM,98,60
10/2/2026,7:43:00 AM,98,60
10/2/2026,7:43:01 AM,98,60
10/2/2026,7:43:02 AM,98,60
10/2/2026,7:43:03 AM,98,60
10/2/2026,7:43:04 AM,98,60
10/2/2026,7:43:05 AM,98,60
10/2/2026,7:43:06 AM,98,60
10/2/2026,7:43:07 AM,98,60
10/2/2026,7:43:08 AM,98,60
10/2/2026,7:43:09 AM,98,60
10/2/2026,7:43:10 AM,98,60
10/2/2026,7:43:11 AM,98,60
10/2/2026,7:43:12 AM,98,60
10/2/2026,7:43:13 AM,98,60
10/2/2026,7:43:14 AM,98,60
10/2/2026,7:43:15 AM,98,60
10/2/2026,7:43:16 AM,98,60
10/2/2026,7:43:17 AM,98,60
10/2/2026,7:43:18 AM,98,60
10/2/2026,7:43:19 AM,98,60
10/2/2026,7:43:20 AM,98,60
10/2/2026,7:43:21 AM,98,60
10/2/2026,7:43:22 AM,98,60
10/2/2026,7:43:23 AM,98,60
10/2/2026,7:43:24 AM,98,60
10/2/2026,7:43:25 AM,98,60
10/2/2026,7:43:26 AM,97,60
10/2/2026,7:43:27 AM,97,60
10/2/2026,7:43:28 AM,97,60
10/2/2026,7:43:29 AM,97,60
10/2/2026,7:43:30 AM,97,61
10/2/2026,7:43:31 AM,97,61
10/2/2026,7:43:32 AM,98,60
10/2/2026,7:43:33 AM,98,60
10/2/2026,7:43:34 AM,98,60
10/2/2026,7:43:35 AM,98,60
10/2/2026,7:43:36 AM,98,60
10/2/2026,7:43:37 AM,98,60
10/2/2026,7:43:38 AM,98,60
10/2/2026,7:43:39 AM,98,60
10/2/2026,7:43:40 AM,98,60
10/2/2026,7:43:41 AM,98,60
10/2/2026,7:43:42 AM,98,60
10/2/2026,7:43:43 AM,98,60
10/2/2026,7:43:44 AM,98,60
10/2/2026,7:43:45 AM,98,60
10/2/2026,7:43:46 AM,98,60
10/2/2026,7:43:47 AM,98,61
10/2/2026,7:43:48 AM,98,60
10/2/2026,7:43:49 AM,98,60
10/2/2026,7:43:50 AM,98,60
10/2/2026,7:43:51 AM,98,60
10/2/2026,7:43:52 AM,98,60
10/2/2026,7:43:53 AM,98,60
10/2/2026,7:43:54 AM,98,60
10/2/2026,7:43:55 AM,98,61
10/2/2026,7:43:56 AM,98,61
10/2/2026,7:43:57 AM,98,61
10/2/2026,7:43:58 AM,98,61
10/2/2026,7:43:59 AM,98,61
10/2/2026,7:44:00 AM,98,61
10/2/2026,7:44:01 AM,98,61
10/2/2026,7:44:02 AM,98,61
10/2/2026,7:44:03 AM,98,61
10/2/2026,7:44:04 AM,98,61
10/2/2026,7:44:05 AM,98,61
10/2/2026,7:44:06 AM,98,61
10/2/2026,7:44:07 AM,98,61
10/2/2026,7:44:08 AM,98,61
10/2/2026,7:44:09 AM,98,61
10/2/2026,7:44:10 AM,98,61
10/2/2026,7:44:11 AM,98,61
10/2/2026,7:44:12 AM,98,61
10/2/2026,7:44:13 AM,98,61
10/2/2026,7:44:14 AM,98,61
10/2/2026,7:44:15 AM,98,61
10/2/2026,7:44:16 AM,98,61
10/2/2026,7:44:17 AM,98,61
10/2/2026,7:44:18 AM,98,61
10/2/2026,7:44:19 AM,98,61
10/2/2026,7:44:20 AM,98,61
10/2/2026,7:44:21 AM,98,61
10/2/2026,7:44:22 AM,98,61
10/2/2026,7:44:23 AM,98,62
10/2/2026,7:44:24 AM,98,62
10/2/2026,7:44:25 AM,98,62
10/2/2026,7:44:26 AM,98,62
10/2/2026,7:44:27 AM,98,62
10/2/2026,7:44:28 AM,98,62
10/2/2026,7:44:29 AM,98,62
10/2/2026,7:44:30 AM,98,62
10/2/2026,7:44:31 AM,98,62
10/2/2026,7:44:32 AM,98,62
10/2/2026,7:44:33 AM,98,62
10/2/2026,7:44:34 AM,98,62
10/2/2026,7:44:35 AM,98,62
10/2/2026,7:44:36 AM,98,62
10/2/2026,7:44:37 AM,98,62
10/2/2026,7:44:38 AM,98,62
10/2/2026,7:44:39 AM,98,62
10/2/2026,7:44:40 AM,98,61
10/2/2026,7:44:41 AM,98,61
10/2/2026,7:44:42 AM,98,61
10/2/2026,7:44:43 AM,98,61
10/2/2026,7:44:44 AM,98,61
10/2/2026,7:44:45 AM,98,61
10/2/2026,7:44:46 AM,98,61
10/2/2026,7:44:47 AM,98,61
10/2/2026,7:44:48 AM,98,61
10/2/2026,7:44:49 AM,98,61
10/2/2026,7:44:50 AM,98,61
10/2/2026,7:44:51 AM,98,61
10/2/2026,7:44:52 AM,98,61
10/2/2026,7:44:53 AM,98,61
10/2/2026,7:44:54 AM,98,61
10/2/2026,7:44:55 AM,98,61
10/2/2026,7:44:56 AM,98,61
10/2/2026,7:44:57 AM,98,61
10/2/2026,7:44:58 AM,98,61
10/2/2026,7:44:59 AM,98,62
10/2/2026,7:45:00 AM,98,61
10/2/2026,7:45:01 AM,98,61
10/2/2026,7:45:02 AM,98,61
10/2/2026,7:45:03 AM,98,61
10/2/2026,7:45:04 AM,98,61
10/2/2026,7:45:05 AM,98,61
10/2/2026,7:45:06 AM,98,61
10/2/2026,7:45:07 AM,98,61
10/2/2026,7:45:08 AM,98,61
10/2/2026,7:45:09 AM,98,61
10/2/2026,7:45:10 AM,98,61
10/2/2026,7:45:11 AM,98,61
10/2/2026,7:45:12 AM,98,61
10/2/2026,7:45:13 AM,98,62
10/2/2026,7:45:14 AM,98,61
10/2/2026,7:45:15 AM,98,61
10/2/2026,7:45:16 AM,98,61
10/2/2026,7:45:17 AM,98,61
10/2/2026,7:45:18 AM,98,62
10/2/2026,7:45:19 AM,98,62
10/2/2026,7:45:20 AM,98,62
10/2/2026,7:45:21 AM,98,62
10/2/2026,7:45:22 AM,98,62
10/2/2026,7:45:23 AM,98,62
10/2/2026,7:45:24 AM,98,62
10/2/2026,7:45:25 AM,98,62
10/2/2026,7:45:26 AM,98,62
10/2/2026,7:45:27 AM,98,62
10/2/2026,7:45:28 AM,98,62
10/2/2026,7:45:29 AM,98,62
10/2/2026,7:45:30 AM,98,62
10/2/2026,7:45:31 AM,98,62
10/2/2026,7:45:32 AM,98,62
10/2/2026,7:45:33 AM,98,61
10/2/2026,7:45:34 AM,98,61
10/2/2026,7:45:35 AM,98,61
10/2/2026,7:45:36 AM,98,61
10/2/2026,7:45:37 AM,98,61
10/2/2026,7:45:38 AM,98,61
10/2/2026,7:45:39 AM,98,61
10/2/2026,7:45:40 AM,98,61
10/2/2026,7:45:41 AM,98,61
10/2/2026,7:45:42 AM,98,61
10/2/2026,7:45:43 AM,98,61
10/2/2026,7:45:44 AM,98,61
10/2/2026,7:45:45 AM,98,61
10/2/2026,7:45:46 AM,98,61
10/2/2026,7:45:47 AM,98,61
10/2/2026,7:45:48 AM,98,61
10/2/2026,7:45:49 AM,98,61
10/2/2026,7:45:50 AM,98,61
10/2/2026,7:45:51 AM,98,62
10/2/2026,7:45:52 AM,98,62
10/2/2026,7:45:53 AM,98,62
10/2/2026,7:45:54 AM,98,62
10/2/2026,7:45:55 AM,98,62
10/2/2026,7:45:56 AM,98,62
10/2/2026,7:45:57 AM,98,62
10/2/2026,7:45:58 AM,98,62
10/2/2026,7:45:59 AM,98,62
10/2/2026,7:46:00 AM,98,62
10/2/2026,7:46:01 AM,98,62
10/2/2026,7:46:02 AM,98,62
10/2/2026,7:46:03 AM,98,62
10/2/2026,7:46:04 AM,98,62
10/2/2026,7:46:05 AM,98,62
10/2/2026,7:46:06 AM,98,62
10/2/2026,7:46:07 AM,98,62
10/2/2026,7:46:08 AM,98,62
10/2/2026,7:46:09 AM,98,62
10/2/2026,7:46:10 AM,98,62
10/2/2026,7:46:11 AM,98,62
10/2/2026,7:46:12 AM,98,62
10/2/2026,7:46:13 AM,98,62
10/2/2026,7:46:14 AM,98,62
10/2/2026,7:46:15 AM,98,62
10/2/2026,7:46:16 AM,98,62
10/2/2026,7:46:17 AM,98,62
10/2/2026,7:46:18 AM,98,62
10/2/2026,7:46:19 AM,98,62
10/2/2026,7:46:20 AM,98,62
10/2/2026,7:46:21 AM,98,62
10/2/2026,7:46:22 AM,98,62
10/2/2026,7:46:23 AM,98,62
10/2/2026,7:46:24 AM,98,62
10/2/2026,7:46:25 AM,98,62
10/2/2026,7:46:26 AM,98,62
10/2/2026,7:46:27 AM,98,62
10/2/2026,7:46:28 AM,98,62
10/2/2026,7:46:29 AM,98,62
10/2/2026,7:46:30 AM,98,62
10/2/2026,7:46:31 AM,98,62
10/2/2026,7:46:32 AM,98,63
10/2/2026,7:46:33 AM,98,63
10/2/2026,7:46:34 AM,98,63
10/2/2026,7:46:35 AM,98,63
10/2/2026,7:46:36 AM,98,63
10/2/2026,7:46:37 AM,98,63
10/2/2026,7:46:38 AM,98,63
10/2/2026,7:46:39 AM,98,63
10/2/2026,7:46:40 AM,98,63
10/2/2026,7:46:41 AM,98,63
10/2/2026,7:46:42 AM,98,64
10/2/2026,7:46:43 AM,98,64
10/2/2026,7:46:44 AM,98,64
10/2/2026,7:46:45 AM,98,64
10/2/2026,7:46:46 AM,98,64
10/2/2026,7:46:47 AM,98,64
10/2/2026,7:46:48 AM,97,65
10/2/2026,7:46:49 AM,97,65
10/2/2026,7:46:50 AM,97,66
10/2/2026,7:46:51 AM,97,66
10/2/2026,7:46:52 AM,97,66
10/2/2026,7:46:53 AM,97,66
10/2/2026,7:46:54 AM,97,66
10/2/2026,7:46:55 AM,97,65
10/2/2026,7:46:56 AM,97,64
10/2/2026,7:46:57 AM,98,64
10/2/2026,7:46:58 AM,98,63
10/2/2026,7:46:59 AM,98,62
10/2/2026,7:47:00 AM,98,62
10/2/2026,7:47:01 AM,98,62
10/2/2026,7:47:02 AM,98,61
10/2/2026,7:47:03 AM,98,61
10/2/2026,7:47:04 AM,98,61
10/2/2026,7:47:05 AM,98,61
10/2/2026,7:47:06 AM,98,61
10/2/2026,7:47:07 AM,98,61
10/2/2026,7:47:08 AM,98,60
10/2/2026,7:47:09 AM,98,60
10/2/2026,7:47:10 AM,98,60
10/2/2026,7:47:11 AM,98,60
10/2/2026,7:47:12 AM,98,60
10/2/2026,7:47:13 AM,98,60
10/2/2026,7:47:14 AM,98,60
10/2/2026,7:47:15 AM,98,60
10/2/2026,7:47:16 AM,98,60
10/2/2026,7:47:17 AM,98,60
10/2/2026,7:47:18 AM,98,61
10/2/2026,7:47:19 AM,98,61
10/2/2026,7:47:20 AM,98,61
10/2/2026,7:47:21 AM,98,61
10/2/2026,7:47:22 AM,98,61
10/2/2026,7:47:23 AM,98,61
10/2/2026,7:47:24 AM,98,61
10/2/2026,7:47:25 AM,98,61
10/2/2026,7:47:26 AM,98,61
10/2/2026,7:47:27 AM,98,61
10/2/2026,7:47:28 AM,98,61
10/2/2026,7:47:29 AM,98,61
10/2/2026,7:47:30 AM,98,61
10/2/2026,7:47:31 AM,98,61
10/2/2026,7:47:32 AM,98,61
10/2/2026,7:47:33 AM,98,61
10/2/2026,7:47:34 AM,98,61
10/2/2026,7:47:35 AM,98,61
10/2/2026,7:47:36 AM,98,61
10/2/2026,7:47:37 AM,98,61
10/2/2026,7:47:38 AM,98,62
10/2/2026,7:47:39 AM,98,62
10/2/2026,7:47:40 AM,98,62
10/2/2026,7:47:41 AM,98,62
10/2/2026,7:47:42 AM,98,62
10/2/2026,7:47:43 AM,98,62
10/2/2026,7:47:44 AM,98,62
10/2/2026,7:47:45 AM,98,62
10/2/2026,7:47:46 AM,97,62
10/2/2026,7:47:47 AM,97,62
10/2/2026,7:47:48 AM,97,63
10/2/2026,7:47:49 AM,97,63
10/2/2026,7:47:50 AM,97,63
10/2/2026,7:47:51 AM,97,63
10/2/2026,7:47:52 AM,97,63
10/2/2026,7:47:53 AM,97,63
10/2/2026,7:47:54 AM,97,63
10/2/2026,7:47:55 AM,97,63
10/2/2026,7:47:56 AM,97,62
10/2/2026,7:47:57 AM,98,62
10/2/2026,7:47:58 AM,98,62
10/2/2026,7:47:59 AM,98,62
10/2/2026,7:48:00 AM,98,61
10/2/2026,7:48:01 AM,98,61
10/2/2026,7:48:02 AM,98,61
10/2/2026,7:48:03 AM,98,60
10/2/2026,7:48:04 AM,98,60
10/2/2026,7:48:05 AM,98,60
10/2/2026,7:48:06 AM,98,60
10/2/2026,7:48:07 AM,98,60
10/2/2026,7:48:08 AM,98,60
10/2/2026,7:48:09 AM,98,60
10/2/2026,7:48:10 AM,98,60
10/2/2026,7:48:11 AM,98,60
10/2/2026,7:48:12 AM,98,60
10/2/2026,7:48:13 AM,98,60
10/2/2026,7:48:14 AM,99,60
10/2/2026,7:48:15 AM,99,60
10/2/2026,7:48:16 AM,99,60
10/2/2026,7:48:17 AM,98,60
10/2/2026,7:48:18 AM,98,60
10/2/2026,7:48:19 AM,98,60
10/2/2026,7:48:20 AM,98,60
10/2/2026,7:48:21 AM,98,60
10/2/2026,7:48:22 AM,98,60
10/2/2026,7:48:23 AM,98,60
10/2/2026,7:48:24 AM,98,60
10/2/2026,7:48:25 AM,98,60
10/2/2026,7:48:26 AM,98,60
10/2/2026,7:48:27 AM,98,60
10/2/2026,7:48:28 AM,98,60
10/2/2026,7:48:29 AM,98,60
10/2/2026,7:48:30 AM,98,61
10/2/2026,7:48:31 AM,98,61
10/2/2026,7:48:32 AM,98,61
10/2/2026,7:48:33 AM,98,61
10/2/2026,7:48:34 AM,98,61
10/2/2026,7:48:35 AM,98,61
10/2/2026,7:48:36 AM,98,61
10/2/2026,7:48:37 AM,98,61
10/2/2026,7:48:38 AM,98,61
10/2/2026,7:48:39 AM,98,61
10/2/2026,7:48:40 AM,97,61
10/2/2026,7:48:41 AM,97,61
10/2/2026,7:48:42 AM,97,62
10/2/2026,7:48:43 AM,97,62
10/2/2026,7:48:44 AM,97,62
10/2/2026,7:48:45 AM,97,62
10/2/2026,7:48:46 AM,97,62
10/2/2026,7:48:47 AM,97,62
10/2/2026,7:48:48 AM,97,62
10/2/2026,7:48:49 AM,97,62
10/2/2026,7:48:50 AM,97,62
10/2/2026,7:48:51 AM,97,61
10/2/2026,7:48:52 AM,97,61
10/2/2026,7:48:53 AM,97,61
10/2/2026,7:48:54 AM,98,62
10/2/2026,7:48:55 AM,98,63
10/2/2026,7:48:56 AM,98,63
10/2/2026,7:48:57 AM,98,63
10/2/2026,7:48:58 AM,98,63
10/2/2026,7:48:59 AM,98,63
10/2/2026,7:49:00 AM,98,63
10/2/2026,7:49:01 AM,98,63
10/2/2026,7:49:02 AM,97,62
10/2/2026,7:49:03 AM,97,62
10/2/2026,7:49:04 AM,97,61
10/2/2026,7:49:05 AM,98,61
10/2/2026,7:49:06 AM,98,61
10/2/2026,7:49:07 AM,98,60
10/2/2026,7:49:08 AM,98,60
10/2/2026,7:49:09 AM,98,60
10/2/2026,7:49:10 AM,98,60
10/2/2026,7:49:11 AM,98,60
10/2/2026,7:49:12 AM,98,60
10/2/2026,7:49:13 AM,98,60
10/2/2026,7:49:14 AM,98,60
10/2/2026,7:49:15 AM,98,61
10/2/2026,7:49:16 AM,98,61
10/2/2026,7:49:17 AM,98,61
10/2/2026,7:49:18 AM,98,61
10/2/2026,7:49:19 AM,98,61
10/2/2026,7:49:20 AM,98,61
10/2/2026,7:49:21 AM,98,61
10/2/2026,7:49:22 AM,98,61
10/2/2026,7:49:23 AM,98,61
10/2/2026,7:49:24 AM,98,60
10/2/2026,7:49:25 AM,98,60
10/2/2026,7:49:26 AM,98,60
10/2/2026,7:49:27 AM,98,60
10/2/2026,7:49:28 AM,98,60
10/2/2026,7:49:29 AM,98,60
10/2/2026,7:49:30 AM,98,60
10/2/2026,7:49:31 AM,98,60
10/2/2026,7:49:32 AM,98,60
10/2/2026,7:49:33 AM,98,60
10/2/2026,7:49:34 AM,98,61
10/2/2026,7:49:35 AM,98,61
10/2/2026,7:49:36 AM,98,61
10/2/2026,7:49:37 AM,98,61
10/2/2026,7:49:38 AM,97,61
10/2/2026,7:49:39 AM,97,61
10/2/2026,7:49:40 AM,97,62
10/2/2026,7:49:41 AM,97,62
10/2/2026,7:49:42 AM,97,62
10/2/2026,7:49:43 AM,97,62
10/2/2026,7:49:44 AM,97,63
10/2/2026,7:49:45 AM,97,63
10/2/2026,7:49:46 AM,97,63
10/2/2026,7:49:47 AM,97,63
10/2/2026,7:49:48 AM,97,63
10/2/2026,7:49:49 AM,97,62
10/2/2026,7:49:50 AM,97,62
10/2/2026,7:49:51 AM,97,62
10/2/2026,7:49:52 AM,97,62
10/2/2026,7:49:53 AM,97,62
10/2/2026,7:49:54 AM,97,61
10/2/2026,7:49:55 AM,97,61
10/2/2026,7:49:56 AM,97,61
10/2/2026,7:49:57 AM,98,61
10/2/2026,7:49:58 AM,98,61
10/2/2026,7:49:59 AM,98,61
10/2/2026,7:50:00 AM,98,61
10/2/2026,7:50:01 AM,98,61
10/2/2026,7:50:02 AM,98,61
10/2/2026,7:50:03 AM,98,61
10/2/2026,7:50:04 AM,98,61
10/2/2026,7:50:05 AM,98,61
10/2/2026,7:50:06 AM,98,61
10/2/2026,7:50:07 AM,98,62
10/2/2026,7:50:08 AM,98,62
10/2/2026,7:50:09 AM,98,62
10/2/2026,7:50:10 AM,98,62
10/2/2026,7:50:11 AM,98,62
10/2/2026,7:50:12 AM,98,62
10/2/2026,7:50:13 AM,98,62
10/2/2026,7:50:14 AM,98,61
10/2/2026,7:50:15 AM,98,61
10/2/2026,7:50:16 AM,98,61
10/2/2026,7:50:17 AM,98,61
10/2/2026,7:50:18 AM,98,61
10/2/2026,7:50:19 AM,98,61
10/2/2026,7:50:20 AM,98,61
10/2/2026,7:50:21 AM,98,61
10/2/2026,7:50:22 AM,98,61
10/2/2026,7:50:23 AM,98,61
10/2/2026,7:50:24 AM,98,61
10/2/2026,7:50:25 AM,98,61
10/2/2026,7:50:26 AM,98,61
10/2/2026,7:50:27 AM,98,61
10/2/2026,7:50:28 AM,98,61
10/2/2026,7:50:29 AM,98,61
10/2/2026,7:50:30 AM,98,61
10/2/2026,7:50:31 AM,98,61
10/2/2026,7:50:32 AM,98,62
10/2/2026,7:50:33 AM,98,62
10/2/2026,7:50:34 AM,98,62
10/2/2026,7:50:35 AM,98,61
10/2/2026,7:50:36 AM,98,62
10/2/2026,7:50:37 AM,98,62
10/2/2026,7:50:38 AM,98,62
10/2/2026,7:50:39 AM,98,62
10/2/2026,7:50:40 AM,98,61
10/2/2026,7:50:41 AM,98,61
10/2/2026,7:50:42 AM,98,61
10/2/2026,7:50:43 AM,98,61
10/2/2026,7:50:44 AM,98,61
10/2/2026,7:50:45 AM,98,61
10/2/2026,7:50:46 AM,98,61
10/2/2026,7:50:47 AM,98,61
10/2/2026,7:50:48 AM,98,61
10/2/2026,7:50:49 AM,98,62
10/2/2026,7:50:50 AM,98,62
10/2/2026,7:50:51 AM,98,62
10/2/2026,7:50:52 AM,98,62
10/2/2026,7:50:53 AM,98,62
10/2/2026,7:50:54 AM,98,62
10/2/2026,7:50:55 AM,98,62
10/2/2026,7:50:56 AM,98,62
10/2/2026,7:50:57 AM,98,62
10/2/2026,7:50:58 AM,98,62
10/2/2026,7:50:59 AM,98,61
10/2/2026,7:51:00 AM,98,61
10/2/2026,7:51:01 AM,98,61
10/2/2026,7:51:02 AM,98,61
10/2/2026,7:51:03 AM,98,61
10/2/2026,7:51:04 AM,98,61
10/2/2026,7:51:05 AM,98,61
10/2/2026,7:51:06 AM,98,61
10/2/2026,7:51:07 AM,98,61
10/2/2026,7:51:08 AM,98,61
10/2/2026,7:51:09 AM,98,61
10/2/2026,7:51:10 AM,98,61
10/2/2026,7:51:11 AM,98,61
10/2/2026,7:51:12 AM,98,61
10/2/2026,7:51:13 AM,98,61
10/2/2026,7:51:14 AM,98,61
10/2/2026,7:51:15 AM,98,61
10/2/2026,7:51:16 AM,98,61
10/2/2026,7:51:17 AM,98,61
10/2/2026,7:51:18 AM,98,61
10/2/2026,7:51:19 AM,98,62
10/2/2026,7:51:20 AM,98,62
10/2/2026,7:51:21 AM,98,62
10/2/2026,7:51:22 AM,98,62
10/2/2026,7:51:23 AM,98,62
10/2/2026,7:51:24 AM,98,62
10/2/2026,7:51:25 AM,98,62
10/2/2026,7:51:26 AM,98,62
10/2/2026,7:51:27 AM,98,61
10/2/2026,7:51:28 AM,98,61
10/2/2026,7:51:29 AM,98,61
10/2/2026,7:51:30 AM,98,61
10/2/2026,7:51:31 AM,98,61
10/2/2026,7:51:32 AM,98,61
10/2/2026,7:51:33 AM,98,61
10/2/2026,7:51:34 AM,98,61
10/2/2026,7:51:35 AM,98,61
10/2/2026,7:51:36 AM,98,61
10/2/2026,7:51:37 AM,98,61
10/2/2026,7:51:38 AM,98,61
10/2/2026,7:51:39 AM,98,62
10/2/2026,7:51:40 AM,98,62
10/2/2026,7:51:41 AM,98,62
10/2/2026,7:51:42 AM,98,62
10/2/2026,7:51:43 AM,98,62
10/2/2026,7:51:44 AM,98,62
10/2/2026,7:51:45 AM,98,62
10/2/2026,7:51:46 AM,98,62
10/2/2026,7:51:47 AM,98,62
10/2/2026,7:51:48 AM,98,62
10/2/2026,7:51:49 AM,98,62
10/2/2026,7:51:50 AM,98,62
10/2/2026,7:51:51 AM,98,62
10/2/2026,7:51:52 AM,98,62
10/2/2026,7:51:53 AM,98,62
10/2/2026,7:51:54 AM,98,62
10/2/2026,7:51:55 AM,98,63
10/2/2026,7:51:56 AM,98,63
10/2/2026,7:51:57 AM,98,63
10/2/2026,7:51:58 AM,98,63
10/2/2026,7:51:59 AM,98,62
10/2/2026,7:52:00 AM,98,62
10/2/2026,7:52:01 AM,98,62
10/2/2026,7:52:02 AM,98,62
10/2/2026,7:52:03 AM,98,62
10/2/2026,7:52:04 AM,98,62
10/2/2026,7:52:05 AM,98,61
10/2/2026,7:52:06 AM,98,61
10/2/2026,7:52:07 AM,98,61
10/2/2026,7:52:08 AM,98,61
10/2/2026,7:52:09 AM,98,61
10/2/2026,7:52:10 AM,98,61
10/2/2026,7:52:11 AM,98,61
10/2/2026,7:52:12 AM,98,62
10/2/2026,7:52:13 AM,98,62
10/2/2026,7:52:14 AM,98,62
10/2/2026,7:52:15 AM,98,62
10/2/2026,7:52:16 AM,98,62
10/2/2026,7:52:17 AM,98,62
10/2/2026,7:52:18 AM,98,63
10/2/2026,7:52:19 AM,98,63
10/2/2026,7:52:20 AM,98,63
10/2/2026,7:52:21 AM,98,64
10/2/2026,7:52:22 AM,98,64
10/2/2026,7:52:23 AM,98,64
10/2/2026,7:52:24 AM,98,64
10/2/2026,7:52:25 AM,98,64
10/2/2026,7:52:26 AM,98,64
10/2/2026,7:52:27 AM,98,64
10/2/2026,7:52:28 AM,98,64
10/2/2026,7:52:29 AM,98,64
10/2/2026,7:52:30 AM,98,63
10/2/2026,7:52:31 AM,98,63
10/2/2026,7:52:32 AM,98,63
10/2/2026,7:52:33 AM,98,63
10/2/2026,7:52:34 AM,98,63
10/2/2026,7:52:35 AM,98,62
10/2/2026,7:52:36 AM,98,62
10/2/2026,7:52:37 AM,98,62
10/2/2026,7:52:38 AM,98,62
10/2/2026,7:52:39 AM,98,62
10/2/2026,7:52:40 AM,98,62
10/2/2026,7:52:41 AM,98,62
10/2/2026,7:52:42 AM,98,62
10/2/2026,7:52:43 AM,98,62
10/2/2026,7:52:44 AM,98,62
10/2/2026,7:52:45 AM,98,62
10/2/2026,7:52:46 AM,98,62
10/2/2026,7:52:47 AM,98,62
10/2/2026,7:52:48 AM,98,62
10/2/2026,7:52:49 AM,97,62
10/2/2026,7:52:50 AM,97,62
10/2/2026,7:52:51 AM,97,62
10/2/2026,7:52:52 AM,98,62
10/2/2026,7:52:53 AM,98,62
10/2/2026,7:52:54 AM,98,62
10/2/2026,7:52:55 AM,98,62
10/2/2026,7:52:56 AM,98,62
10/2/2026,7:52:57 AM,98,63
10/2/2026,7:52:58 AM,98,63
10/2/2026,7:52:59 AM,98,63
10/2/2026,7:53:00 AM,98,63
10/2/2026,7:53:01 AM,98,63
10/2/2026,7:53:02 AM,98,63
10/2/2026,7:53:03 AM,98,63
10/2/2026,7:53:04 AM,98,63
10/2/2026,7:53:05 AM,98,63
10/2/2026,7:53:06 AM,98,63
10/2/2026,7:53:07 AM,98,63
10/2/2026,7:53:08 AM,98,63
10/2/2026,7:53:09 AM,98,63
10/2/2026,7:53:10 AM,98,63
10/2/2026,7:53:11 AM,98,63
10/2/2026,7:53:12 AM,98,62
10/2/2026,7:53:13 AM,98,62
10/2/2026,7:53:14 AM,98,62
10/2/2026,7:53:15 AM,98,62
10/2/2026,7:53:16 AM,98,62
10/2/2026,7:53:17 AM,98,62
10/2/2026,7:53:18 AM,98,62
10/2/2026,7:53:19 AM,98,62
10/2/2026,7:53:20 AM,98,62
10/2/2026,7:53:21 AM,98,62
10/2/2026,7:53:22 AM,98,62
10/2/2026,7:53:23 AM,98,62
10/2/2026,7:53:24 AM,98,63
10/2/2026,7:53:25 AM,98,63
10/2/2026,7:53:26 AM,98,63
10/2/2026,7:53:27 AM,98,63
10/2/2026,7:53:28 AM,98,63
10/2/2026,7:53:29 AM,98,63
10/2/2026,7:53:30 AM,98,65
10/2/2026,7:53:31 AM,98,65
10/2/2026,7:53:32 AM,98,65
10/2/2026,7:53:33 AM,98,66
10/2/2026,7:53:34 AM,98,66
10/2/2026,7:53:35 AM,98,66
10/2/2026,7:53:36 AM,98,66
10/2/2026,7:53:37 AM,98,65
10/2/2026,7:53:38 AM,98,64
10/2/2026,7:53:39 AM,98,64
10/2/2026,7:53:40 AM,98,63
10/2/2026,7:53:41 AM,98,63
10/2/2026,7:53:42 AM,98,62
10/2/2026,7:53:43 AM,98,62
10/2/2026,7:53:44 AM,98,62
10/2/2026,7:53:45 AM,98,61
10/2/2026,7:53:46 AM,98,61
10/2/2026,7:53:47 AM,98,61
10/2/2026,7:53:48 AM,98,61
10/2/2026,7:53:49 AM,98,61
10/2/2026,7:53:50 AM,98,61
10/2/2026,7:53:51 AM,98,60
10/2/2026,7:53:52 AM,98,60
10/2/2026,7:53:53 AM,98,60
10/2/2026,7:53:54 AM,98,60
10/2/2026,7:53:55 AM,98,61
10/2/2026,7:53:56 AM,98,61
10/2/2026,7:53:57 AM,98,61
10/2/2026,7:53:58 AM,98,61
10/2/2026,7:53:59 AM,98,62
10/2/2026,7:54:00 AM,98,62
10/2/2026,7:54:01 AM,98,62
10/2/2026,7:54:02 AM,98,62
10/2/2026,7:54:03 AM,98,62
10/2/2026,7:54:04 AM,98,62
10/2/2026,7:54:05 AM,98,62
10/2/2026,7:54:06 AM,98,62
10/2/2026,7:54:07 AM,98,62
10/2/2026,7:54:08 AM,98,62
10/2/2026,7:54:09 AM,98,62
10/2/2026,7:54:10 AM,98,62
10/2/2026,7:54:11 AM,98,62
10/2/2026,7:54:12 AM,98,62
10/2/2026,7:54:13 AM,98,62
10/2/2026,7:54:14 AM,98,62
10/2/2026,7:54:15 AM,98,62
10/2/2026,7:54:16 AM,98,62
10/2/2026,7:54:17 AM,98,62
10/2/2026,7:54:18 AM,98,62
10/2/2026,7:54:19 AM,98,62
10/2/2026,7:54:20 AM,98,62
10/2/2026,7:54:21 AM,98,62
10/2/2026,7:54:22 AM,98,62
10/2/2026,7:54:23 AM,98,63
10/2/2026,7:54:24 AM,98,63
10/2/2026,7:54:25 AM,98,63
10/2/2026,7:54:26 AM,98,63
10/2/2026,7:54:27 AM,98,63
10/2/2026,7:54:28 AM,98,63
10/2/2026,7:54:29 AM,98,63
10/2/2026,7:54:30 AM,98,63
10/2/2026,7:54:31 AM,98,63
10/2/2026,7:54:32 AM,98,63
10/2/2026,7:54:33 AM,98,63
10/2/2026,7:54:34 AM,98,63
10/2/2026,7:54:35 AM,98,63
10/2/2026,7:54:36 AM,98,63
10/2/2026,7:54:37 AM,98,63
10/2/2026,7:54:38 AM,98,63
10/2/2026,7:54:39 AM,98,63
10/2/2026,7:54:40 AM,98,63
10/2/2026,7:54:41 AM,98,62
10/2/2026,7:54:42 AM,98,62
10/2/2026,7:54:43 AM,98,62
10/2/2026,7:54:44 AM,98,62
10/2/2026,7:54:45 AM,98,62
10/2/2026,7:54:46 AM,98,62
10/2/2026,7:54:47 AM,98,62
10/2/2026,7:54:48 AM,98,62
10/2/2026,7:54:49 AM,98,63
10/2/2026,7:54:50 AM,98,63
10/2/2026,7:54:51 AM,98,63
10/2/2026,7:54:52 AM,98,63
10/2/2026,7:54:53 AM,98,64
10/2/2026,7:54:54 AM,98,64
10/2/2026,7:54:55 AM,98,64
10/2/2026,7:54:56 AM,98,64
10/2/2026,7:54:57 AM,98,64
10/2/2026,7:54:58 AM,98,64
10/2/2026,7:54:59 AM,98,64
10/2/2026,7:55:00 AM,98,64
10/2/2026,7:55:01 AM,98,64
10/2/2026,7:55:02 AM,98,64
10/2/2026,7:55:03 AM,98,64
10/2/2026,7:55:04 AM,98,64
10/2/2026,7:55:05 AM,98,64
10/2/2026,7:55:06 AM,98,63
10/2/2026,7:55:07 AM,98,63
10/2/2026,7:55:08 AM,98,63
10/2/2026,7:55:09 AM,98,63
10/2/2026,7:55:10 AM,98,63
10/2/2026,7:55:11 AM,98,63
10/2/2026,7:55:12 AM,98,63
10/2/2026,7:55:13 AM,98,63
10/2/2026,7:55:14 AM,98,63
10/2/2026,7:55:15 AM,98,63
10/2/2026,7:55:16 AM,98,63
10/2/2026,7:55:17 AM,98,63
10/2/2026,7:55:18 AM,98,63
10/2/2026,7:55:19 AM,98,63
10/2/2026,7:55:20 AM,98,63
10/2/2026,7:55:21 AM,98,63
10/2/2026,7:55:22 AM,98,63
10/2/2026,7:55:23 AM,98,63
10/2/2026,7:55:24 AM,98,63
10/2/2026,7:55:25 AM,98,63
10/2/2026,7:55:26 AM,98,64
10/2/2026,7:55:27 AM,98,64
10/2/2026,7:55:28 AM,98,64
10/2/2026,7:55:29 AM,98,64
10/2/2026,7:55:30 AM,98,64
10/2/2026,7:55:31 AM,98,63
10/2/2026,7:55:32 AM,98,63
10/2/2026,7:55:33 AM,98,63
10/2/2026,7:55:34 AM,98,63
10/2/2026,7:55:35 AM,98,63
10/2/2026,7:55:36 AM,98,63
10/2/2026,7:55:37 AM,98,62
10/2/2026,7:55:38 AM,98,62
10/2/2026,7:55:39 AM,98,62
10/2/2026,7:55:40 AM,98,62
10/2/2026,7:55:41 AM,98,62
10/2/2026,7:55:42 AM,98,62
10/2/2026,7:55:43 AM,98,62
10/2/2026,7:55:44 AM,98,62
10/2/2026,7:55:45 AM,98,62
10/2/2026,7:55:46 AM,98,62
10/2/2026,7:55:47 AM,98,62
10/2/2026,7:55:48 AM,98,62
10/2/2026,7:55:49 AM,98,62
10/2/2026,7:55:50 AM,98,63
10/2/2026,7:55:51 AM,98,63
10/2/2026,7:55:52 AM,98,63
10/2/2026,7:55:53 AM,98,63
10/2/2026,7:55:54 AM,98,63
10/2/2026,7:55:55 AM,98,63
10/2/2026,7:55:56 AM,98,63
10/2/2026,7:55:57 AM,98,63
10/2/2026,7:55:58 AM,98,63
10/2/2026,7:55:59 AM,98,63
10/2/2026,7:56:00 AM,98,63
10/2/2026,7:56:01 AM,98,63
10/2/2026,7:56:02 AM,98,63
10/2/2026,7:56:03 AM,98,63
10/2/2026,7:56:04 AM,98,63
10/2/2026,7:56:05 AM,98,63
10/2/2026,7:56:06 AM,98,63
10/2/2026,7:56:07 AM,98,63
10/2/2026,7:56:08 AM,98,63
10/2/2026,7:56:09 AM,98,63
10/2/2026,7:56:10 AM,98,63
10/2/2026,7:56:11 AM,98,63
10/2/2026,7:56:12 AM,98,63
10/2/2026,7:56:13 AM,98,63
10/2/2026,7:56:14 AM,98,63
10/2/2026,7:56:15 AM,97,63
10/2/2026,7:56:16 AM,97,63
10/2/2026,7:56:17 AM,97,63
10/2/2026,7:56:18 AM,97,63
10/2/2026,7:56:19 AM,97,64
10/2/2026,7:56:20 AM,97,65
10/2/2026,7:56:21 AM,97,66
10/2/2026,7:56:22 AM,97,67
10/2/2026,7:56:23 AM,97,67
10/2/2026,7:56:24 AM,97,68
10/2/2026,7:56:25 AM,97,68
10/2/2026,7:56:26 AM,97,68
10/2/2026,7:56:27 AM,98,68
10/2/2026,7:56:28 AM,98,67
10/2/2026,7:56:29 AM,98,66
10/2/2026,7:56:30 AM,98,65
10/2/2026,7:56:31 AM,98,65
10/2/2026,7:56:32 AM,98,64
10/2/2026,7:56:33 AM,98,64
10/2/2026,7:56:34 AM,98,64
10/2/2026,7:56:35 AM,98,63
10/2/2026,7:56:36 AM,98,63
10/2/2026,7:56:37 AM,98,63
10/2/2026,7:56:38 AM,99,63
10/2/2026,7:56:39 AM,99,63
10/2/2026,7:56:40 AM,99,63
10/2/2026,7:56:41 AM,99,63
10/2/2026,7:56:42 AM,99,63
10/2/2026,7:56:43 AM,99,63
10/2/2026,7:56:44 AM,99,63
10/2/2026,7:56:45 AM,99,63
10/2/2026,7:56:46 AM,99,62
10/2/2026,7:56:47 AM,99,62
10/2/2026,7:56:48 AM,99,62
10/2/2026,7:56:49 AM,99,61
10/2/2026,7:56:50 AM,99,61
10/2/2026,7:56:51 AM,99,61
10/2/2026,7:56:52 AM,99,61
10/2/2026,7:56:53 AM,99,61
10/2/2026,7:56:54 AM,99,61
10/2/2026,7:56:55 AM,99,61
10/2/2026,7:56:56 AM,99,61
10/2/2026,7:56:57 AM,99,61
10/2/2026,7:56:58 AM,99,61
10/2/2026,7:56:59 AM,99,61
10/2/2026,7:57:00 AM,99,61
10/2/2026,7:57:01 AM,99,61
10/2/2026,7:57:02 AM,99,61
10/2/2026,7:57:03 AM,99,60
10/2/2026,7:57:04 AM,99,60
10/2/2026,7:57:05 AM,99,60
10/2/2026,7:57:06 AM,99,60
10/2/2026,7:57:07 AM,99,60
10/2/2026,7:57:08 AM,99,60
10/2/2026,7:57:09 AM,99,60
10/2/2026,7:57:10 AM,99,59
10/2/2026,7:57:11 AM,99,59
10/2/2026,7:57:12 AM,99,59
10/2/2026,7:57:13 AM,99,58
10/2/2026,7:57:14 AM,98,58
10/2/2026,7:57:15 AM,98,58
10/2/2026,7:57:16 AM,98,58
10/2/2026,7:57:17 AM,98,58
10/2/2026,7:57:18 AM,98,58
10/2/2026,7:57:19 AM,98,58
10/2/2026,7:57:20 AM,98,58
10/2/2026,7:57:21 AM,98,58
10/2/2026,7:57:22 AM,98,58
10/2/2026,7:57:23 AM,98,58
10/2/2026,7:57:24 AM,98,59
10/2/2026,7:57:25 AM,98,59
10/2/2026,7:57:26 AM,98,59
10/2/2026,7:57:27 AM,98,60
10/2/2026,7:57:28 AM,98,60
10/2/2026,7:57:29 AM,98,60
10/2/2026,7:57:30 AM,98,60
10/2/2026,7:57:31 AM,98,61
10/2/2026,7:57:32 AM,98,61
10/2/2026,7:57:33 AM,98,62
10/2/2026,7:57:34 AM,98,62
10/2/2026,7:57:35 AM,98,62
10/2/2026,7:57:36 AM,98,62
10/2/2026,7:57:37 AM,98,62
10/2/2026,7:57:38 AM,98,62
10/2/2026,7:57:39 AM,98,62
10/2/2026,7:57:40 AM,98,62
10/2/2026,7:57:41 AM,98,62
10/2/2026,7:57:42 AM,98,61
10/2/2026,7:57:43 AM,98,61
10/2/2026,7:57:44 AM,98,61
10/2/2026,7:57:45 AM,98,61
10/2/2026,7:57:46 AM,98,60
10/2/2026,7:57:47 AM,98,60
10/2/2026,7:57:48 AM,98,60
10/2/2026,7:57:49 AM,98,60
10/2/2026,7:57:50 AM,98,59
10/2/2026,7:57:51 AM,98,59
10/2/2026,7:57:52 AM,98,59
10/2/2026,7:57:53 AM,98,59
10/2/2026,7:57:54 AM,98,59
10/2/2026,7:57:55 AM,98,59
10/2/2026,7:57:56 AM,99,59
10/2/2026,7:57:57 AM,99,59
10/2/2026,7:57:58 AM,99,59
10/2/2026,7:57:59 AM,99,59
10/2/2026,7:58:00 AM,99,60
10/2/2026,7:58:01 AM,99,60
10/2/2026,7:58:02 AM,99,60
10/2/2026,7:58:03 AM,99,60
10/2/2026,7:58:04 AM,99,60
10/2/2026,7:58:05 AM,99,60
10/2/2026,7:58:06 AM,99,60
10/2/2026,7:58:07 AM,99,59
10/2/2026,7:58:08 AM,99,59
10/2/2026,7:58:09 AM,99,59
10/2/2026,7:58:10 AM,99,58
10/2/2026,7:58:11 AM,99,58
10/2/2026,7:58:12 AM,99,58
10/2/2026,7:58:13 AM,98,57
10/2/2026,7:58:14 AM,98,57
10/2/2026,7:58:15 AM,98,57
10/2/2026,7:58:16 AM,98,57
10/2/2026,7:58:17 AM,98,57
10/2/2026,7:58:18 AM,98,57
10/2/2026,7:58:19 AM,98,57
10/2/2026,7:58:20 AM,98,57
10/2/2026,7:58:21 AM,98,57
10/2/2026,7:58:22 AM,98,57
10/2/2026,7:58:23 AM,98,57
10/2/2026,7:58:24 AM,98,57
10/2/2026,7:58:25 AM,98,57
10/2/2026,7:58:26 AM,98,57
10/2/2026,7:58:27 AM,98,57
10/2/2026,7:58:28 AM,98,57
10/2/2026,7:58:29 AM,98,57
10/2/2026,7:58:30 AM,98,57
10/2/2026,7:58:31 AM,97,57
10/2/2026,7:58:32 AM,97,58
10/2/2026,7:58:33 AM,97,58
10/2/2026,7:58:34 AM,97,58
10/2/2026,7:58:35 AM,97,58
10/2/2026,7:58:36 AM,97,58
10/2/2026,7:58:37 AM,97,58
10/2/2026,7:58:38 AM,97,59
10/2/2026,7:58:39 AM,97,59
10/2/2026,7:58:40 AM,97,59
10/2/2026,7:58:41 AM,97,59
10/2/2026,7:58:42 AM,97,59
10/2/2026,7:58:43 AM,97,60
10/2/2026,7:58:44 AM,97,60
10/2/2026,7:58:45 AM,97,60
10/2/2026,7:58:46 AM,97,60
10/2/2026,7:58:47 AM,97,60
10/2/2026,7:58:48 AM,97,60
10/2/2026,7:58:49 AM,97,60
10/2/2026,7:58:50 AM,97,60
10/2/2026,7:58:51 AM,97,59
10/2/2026,7:58:52 AM,97,59
10/2/2026,7:58:53 AM,98,59
10/2/2026,7:58:54 AM,98,59
10/2/2026,7:58:55 AM,98,58
10/2/2026,7:58:56 AM,98,58
10/2/2026,7:58:57 AM,98,58
10/2/2026,7:58:58 AM,98,58
10/2/2026,7:58:59 AM,98,58
10/2/2026,7:59:00 AM,98,58
10/2/2026,7:59:01 AM,98,58
10/2/2026,7:59:02 AM,98,58
10/2/2026,7:59:03 AM,98,58
10/2/2026,7:59:04 AM,98,58
10/2/2026,7:59:05 AM,98,58
10/2/2026,7:59:06 AM,98,58
10/2/2026,7:59:07 AM,98,57
10/2/2026,7:59:08 AM,98,57
10/2/2026,7:59:09 AM,98,57
10/2/2026,7:59:10 AM,98,57
10/2/2026,7:59:11 AM,98,57
10/2/2026,7:59:12 AM,98,57
10/2/2026,7:59:13 AM,98,57
10/2/2026,7:59:14 AM,98,57
10/2/2026,7:59:15 AM,98,58
10/2/2026,7:59:16 AM,98,58
10/2/2026,7:59:17 AM,98,58
10/2/2026,7:59:18 AM,98,59
10/2/2026,7:59:19 AM,98,59
10/2/2026,7:59:20 AM,98,59
10/2/2026,7:59:21 AM,98,59
10/2/2026,7:59:22 AM,98,60
10/2/2026,7:59:23 AM,97,60
10/2/2026,7:59:24 AM,97,59
10/2/2026,7:59:25 AM,97,59
10/2/2026,7:59:26 AM,97,59
10/2/2026,7:59:27 AM,97,59
10/2/2026,7:59:28 AM,97,59
10/2/2026,7:59:29 AM,97,59
10/2/2026,7:59:30 AM,97,59
10/2/2026,7:59:31 AM,97,59
10/2/2026,7:59:32 AM,98,59
10/2/2026,7:59:33 AM,98,59
10/2/2026,7:59:34 AM,98,59
10/2/2026,7:59:35 AM,98,59
10/2/2026,7:59:36 AM,98,59
10/2/2026,7:59:37 AM,98,59
10/2/2026,7:59:38 AM,98,58
10/2/2026,7:59:39 AM,98,58
10/2/2026,7:59:40 AM,98,58
10/2/2026,7:59:41 AM,98,58
10/2/2026,7:59:42 AM,98,58
10/2/2026,7:59:43 AM,98,58
10/2/2026,7:59:44 AM,98,58
10/2/2026,7:59:45 AM,98,57
10/2/2026,7:59:46 AM,98,57
10/2/2026,7:59:47 AM,98,57
10/2/2026,7:59:48 AM,98,57
10/2/2026,7:59:49 AM,98,57
10/2/2026,7:59:50 AM,98,57
10/2/2026,7:59:51 AM,98,58
10/2/2026,7:59:52 AM,98,58
10/2/2026,7:59:53 AM,98,58
10/2/2026,7:59:54 AM,98,58
10/2/2026,7:59:55 AM,98,58
10/2/2026,7:59:56 AM,98,58
10/2/2026,7:59:57 AM,98,58
10/2/2026,7:59:58 AM,98,58
10/2/2026,7:59:59 AM,98,58
10/2/2026,8:00:00 AM,98,58
10/2/2026,8:00:01 AM,98,58
10/2/2026,8:00:02 AM,99,58
10/2/2026,8:00:03 AM,99,58
10/2/2026,8:00:04 AM,99,58
10/2/2026,8:00:05 AM,99,58
10/2/2026,8:00:06 AM,99,58
10/2/2026,8:00:07 AM,99,58
10/2/2026,8:00:08 AM,99,58
10/2/2026,8:00:09 AM,99,58
10/2/2026,8:00:10 AM,99,58
10/2/2026,8:00:11 AM,99,58
10/2/2026,8:00:12 AM,99,57
10/2/2026,8:00:13 AM,98,57
10/2/2026,8:00:14 AM,98,57
10/2/2026,8:00:15 AM,98,57
10/2/2026,8:00:16 AM,98,57
10/2/2026,8:00:17 AM,98,57
10/2/2026,8:00:18 AM,98,57
10/2/2026,8:00:19 AM,98,57
10/2/2026,8:00:20 AM,98,57
10/2/2026,8:00:21 AM,98,57
10/2/2026,8:00:22 AM,98,57
10/2/2026,8:00:23 AM,98,57
10/2/2026,8:00:24 AM,98,56
10/2/2026,8:00:25 AM,98,56
10/2/2026,8:00:26 AM,98,56
10/2/2026,8:00:27 AM,98,56
10/2/2026,8:00:28 AM,98,56
10/2/2026,8:00:29 AM,98,56
10/2/2026,8:00:30 AM,98,56
10/2/2026,8:00:31 AM,98,56
10/2/2026,8:00:32 AM,98,56
10/2/2026,8:00:33 AM,98,56
10/2/2026,8:00:34 AM,98,56
10/2/2026,8:00:35 AM,97,56
10/2/2026,8:00:36 AM,97,56
10/2/2026,8:00:37 AM,97,56
10/2/2026,8:00:38 AM,97,56
10/2/2026,8:00:39 AM,97,56
10/2/2026,8:00:40 AM,97,56
10/2/2026,8:00:41 AM,97,56
10/2/2026,8:00:42 AM,97,56
10/2/2026,8:00:43 AM,97,56
10/2/2026,8:00:44 AM,97,55
10/2/2026,8:00:45 AM,97,55
10/2/2026,8:00:46 AM,97,55
10/2/2026,8:00:47 AM,97,55
10/2/2026,8:00:48 AM,97,55
10/2/2026,8:00:49 AM,97,55
10/2/2026,8:00:50 AM,97,56
10/2/2026,8:00:51 AM,97,56
10/2/2026,8:00:52 AM,97,56
10/2/2026,8:00:53 AM,97,56
10/2/2026,8:00:54 AM,97,56
10/2/2026,8:00:55 AM,97,56
10/2/2026,8:00:56 AM,97,56
10/2/2026,8:00:57 AM,97,56
10/2/2026,8:00:58 AM,97,56
10/2/2026,8:00:59 AM,97,56
10/2/2026,8:01:00 AM,97,56
10/2/2026,8:01:01 AM,97,56
10/2/2026,8:01:02 AM,98,56
10/2/2026,8:01:03 AM,98,56
10/2/2026,8:01:04 AM,98,57
10/2/2026,8:01:05 AM,98,57
10/2/2026,8:01:06 AM,98,57
10/2/2026,8:01:07 AM,98,58
10/2/2026,8:01:08 AM,98,58
10/2/2026,8:01:09 AM,98,58
10/2/2026,8:01:10 AM,98,58
10/2/2026,8:01:11 AM,98,58
10/2/2026,8:01:12 AM,98,58
10/2/2026,8:01:13 AM,97,58
10/2/2026,8:01:14 AM,97,58
10/2/2026,8:01:15 AM,97,59
10/2/2026,8:01:16 AM,97,59
10/2/2026,8:01:17 AM,97,59
10/2/2026,8:01:18 AM,97,59
10/2/2026,8:01:19 AM,97,59
10/2/2026,8:01:20 AM,97,59
10/2/2026,8:01:21 AM,97,59
10/2/2026,8:01:22 AM,97,59
10/2/2026,8:01:23 AM,97,59
10/2/2026,8:01:24 AM,97,59
10/2/2026,8:01:25 AM,97,59
10/2/2026,8:01:26 AM,97,59
10/2/2026,8:01:27 AM,97,59
10/2/2026,8:01:28 AM,97,59
10/2/2026,8:01:29 AM,97,59
10/2/2026,8:01:30 AM,97,60
10/2/2026,8:01:31 AM,97,60
10/2/2026,8:01:32 AM,97,60
10/2/2026,8:01:33 AM,97,60
10/2/2026,8:01:34 AM,97,60
10/2/2026,8:01:35 AM,97,60
10/2/2026,8:01:36 AM,97,60
10/2/2026,8:01:37 AM,97,61
10/2/2026,8:01:38 AM,97,61
10/2/2026,8:01:39 AM,97,61
10/2/2026,8:01:40 AM,97,61
10/2/2026,8:01:41 AM,98,62
10/2/2026,8:01:42 AM,98,62
10/2/2026,8:01:43 AM,98,62
10/2/2026,8:01:44 AM,98,62
10/2/2026,8:01:45 AM,98,62
10/2/2026,8:01:46 AM,98,62
10/2/2026,8:01:47 AM,98,62
10/2/2026,8:01:48 AM,98,63
10/2/2026,8:01:49 AM,98,63
10/2/2026,8:01:50 AM,98,63
10/2/2026,8:01:51 AM,98,63
10/2/2026,8:01:52 AM,99,62
10/2/2026,8:01:53 AM,99,62
10/2/2026,8:01:54 AM,99,61
10/2/2026,8:01:55 AM,99,61
10/2/2026,8:01:56 AM,99,61
10/2/2026,8:01:57 AM,99,61
10/2/2026,8:01:58 AM,99,61
10/2/2026,8:01:59 AM,99,61
10/2/2026,8:02:00 AM,99,60
10/2/2026,8:02:01 AM,99,60
10/2/2026,8:02:02 AM,99,60
10/2/2026,8:02:03 AM,99,60
10/2/2026,8:02:04 AM,99,60
10/2/2026,8:02:05 AM,99,60
10/2/2026,8:02:06 AM,99,60
10/2/2026,8:02:07 AM,99,59
10/2/2026,8:02:08 AM,99,59
10/2/2026,8:02:09 AM,99,59
10/2/2026,8:02:10 AM,99,58
10/2/2026,8:02:11 AM,99,58
10/2/2026,8:02:12 AM,99,58
10/2/2026,8:02:13 AM,99,58
10/2/2026,8:02:14 AM,99,57
10/2/2026,8:02:15 AM,99,57
10/2/2026,8:02:16 AM,99,57
10/2/2026,8:02:17 AM,99,57
10/2/2026,8:02:18 AM,99,57
10/2/2026,8:02:19 AM,99,57
10/2/2026,8:02:20 AM,99,57
10/2/2026,8:02:21 AM,99,57
10/2/2026,8:02:22 AM,99,57
10/2/2026,8:02:23 AM,99,57
10/2/2026,8:02:24 AM,99,57
10/2/2026,8:02:25 AM,99,58
10/2/2026,8:02:26 AM,99,58
10/2/2026,8:02:27 AM,99,58
10/2/2026,8:02:28 AM,99,58
10/2/2026,8:02:29 AM,99,58
10/2/2026,8:02:30 AM,99,58
10/2/2026,8:02:31 AM,99,58
10/2/2026,8:02:32 AM,99,58
10/2/2026,8:02:33 AM,99,58
10/2/2026,8:02:34 AM,99,57
10/2/2026,8:02:35 AM,99,57
10/2/2026,8:02:36 AM,98,57
10/2/2026,8:02:37 AM,98,57
10/2/2026,8:02:38 AM,98,57
10/2/2026,8:02:39 AM,98,57
10/2/2026,8:02:40 AM,98,56
10/2/2026,8:02:41 AM,98,56
10/2/2026,8:02:42 AM,98,56
10/2/2026,8:02:43 AM,98,56
10/2/2026,8:02:44 AM,98,56
10/2/2026,8:02:45 AM,98,56
10/2/2026,8:02:46 AM,98,55
10/2/2026,8:02:47 AM,98,55
10/2/2026,8:02:48 AM,98,55
10/2/2026,8:02:49 AM,98,55
10/2/2026,8:02:50 AM,98,55
10/2/2026,8:02:51 AM,98,55
10/2/2026,8:02:52 AM,98,54
10/2/2026,8:02:53 AM,98,54
10/2/2026,8:02:54 AM,98,54
10/2/2026,8:02:55 AM,98,54
10/2/2026,8:02:56 AM,98,54
10/2/2026,8:02:57 AM,97,54
10/2/2026,8:02:58 AM,97,54
10/2/2026,8:02:59 AM,97,54
10/2/2026,8:03:00 AM,97,54
10/2/2026,8:03:01 AM,97,54
10/2/2026,8:03:02 AM,97,54
10/2/2026,8:03:03 AM,97,54
10/2/2026,8:03:04 AM,97,54
10/2/2026,8:03:05 AM,97,54
10/2/2026,8:03:06 AM,97,54
10/2/2026,8:03:07 AM,97,54
10/2/2026,8:03:08 AM,97,54
10/2/2026,8:03:09 AM,96,54
10/2/2026,8:03:10 AM,96,54
10/2/2026,8:03:11 AM,96,54
10/2/2026,8:03:12 AM,96,54
10/2/2026,8:03:13 AM,96,53
10/2/2026,8:03:14 AM,96,54
10/2/2026,8:03:15 AM,96,54
10/2/2026,8:03:16 AM,96,54
10/2/2026,8:03:17 AM,96,54
10/2/2026,8:03:18 AM,96,55
10/2/2026,8:03:19 AM,96,55
10/2/2026,8:03:20 AM,96,55
10/2/2026,8:03:21 AM,96,55
10/2/2026,8:03:22 AM,96,55
10/2/2026,8:03:23 AM,96,55
10/2/2026,8:03:24 AM,96,55
10/2/2026,8:03:25 AM,96,55
10/2/2026,8:03:26 AM,96,55
10/2/2026,8:03:27 AM,96,55
10/2/2026,8:03:28 AM,96,55
10/2/2026,8:03:29 AM,96,55
10/2/2026,8:03:30 AM,96,55
10/2/2026,8:03:31 AM,96,55
10/2/2026,8:03:32 AM,96,55
10/2/2026,8:03:33 AM,96,55
10/2/2026,8:03:34 AM,96,54
10/2/2026,8:03:35 AM,96,55
10/2/2026,8:03:36 AM,96,55
10/2/2026,8:03:37 AM,95,54
10/2/2026,8:03:38 AM,95,54
10/2/2026,8:03:39 AM,95,54
10/2/2026,8:03:40 AM,95,54
10/2/2026,8:03:41 AM,95,54
10/2/2026,8:03:42 AM,95,54
10/2/2026,8:03:43 AM,95,54
10/2/2026,8:03:44 AM,95,54
10/2/2026,8:03:45 AM,94,54
10/2/2026,8:03:46 AM,94,55
10/2/2026,8:03:47 AM,94,55
10/2/2026,8:03:48 AM,94,55
10/2/2026,8:03:49 AM,94,55
10/2/2026,8:03:50 AM,94,55
10/2/2026,8:03:51 AM,93,56
10/2/2026,8:03:52 AM,93,56
10/2/2026,8:03:53 AM,93,56
10/2/2026,8:03:54 AM,93,56
10/2/2026,8:03:55 AM,93,56
10/2/2026,8:03:56 AM,93,56
10/2/2026,8:03:57 AM,93,56
10/2/2026,8:03:58 AM,93,56
10/2/2026,8:03:59 AM,93,56
10/2/2026,8:04:00 AM,93,56
10/2/2026,8:04:01 AM,93,56
10/2/2026,8:04:02 AM,93,56
10/2/2026,8:04:03 AM,93,56
10/2/2026,8:04:04 AM,93,56
10/2/2026,8:04:05 AM,93,56
10/2/2026,8:04:06 AM,93,56
10/2/2026,8:04:07 AM,93,56
10/2/2026,8:04:08 AM,93,56
10/2/2026,8:04:09 AM,93,56
10/2/2026,8:04:10 AM,93,56
10/2/2026,8:04:11 AM,93,56
10/2/2026,8:04:12 AM,93,56
10/2/2026,8:04:13 AM,93,57
10/2/2026,8:04:14 AM,93,58
10/2/2026,8:04:15 AM,92,59
10/2/2026,8:04:16 AM,92,60
10/2/2026,8:04:17 AM,91,61
10/2/2026,8:04:18 AM,90,62
10/2/2026,8:04:19 AM,90,63
10/2/2026,8:04:20 AM,89,64
10/2/2026,8:04:21 AM,89,65
10/2/2026,8:04:22 AM,88,65
10/2/2026,8:04:23 AM,88,65
10/2/2026,8:04:24 AM,87,65
10/2/2026,8:04:25 AM,87,64
10/2/2026,8:04:26 AM,87,64
10/2/2026,8:04:27 AM,87,64
10/2/2026,8:04:28 AM,86,63
10/2/2026,8:04:29 AM,87,63
10/2/2026,8:04:30 AM,87,62
10/2/2026,8:04:31 AM,87,62
10/2/2026,8:04:32 AM,87,62
10/2/2026,8:04:33 AM,87,61
10/2/2026,8:04:34 AM,87,61
10/2/2026,8:04:35 AM,90,61
10/2/2026,8:04:36 AM,92,61
10/2/2026,8:04:37 AM,94,61
10/2/2026,8:04:38 AM,96,61
10/2/2026,8:04:39 AM,98,60
10/2/2026,8:04:40 AM,99,60
10/2/2026,8:04:41 AM,99,60
10/2/2026,8:04:42 AM,99,60
10/2/2026,8:04:43 AM,99,60
10/2/2026,8:04:44 AM,99,59
10/2/2026,8:04:45 AM,99,59
10/2/2026,8:04:46 AM,99,59
10/2/2026,8:04:47 AM,99,59
10/2/2026,8:04:48 AM,99,59
10/2/2026,8:04:49 AM,99,59
10/2/2026,8:04:50 AM,99,59
10/2/2026,8:04:51 AM,99,59
10/2/2026,8:04:52 AM,99,58
10/2/2026,8:04:53 AM,99,58
10/2/2026,8:04:54 AM,99,58
10/2/2026,8:04:55 AM,99,57
10/2/2026,8:04:56 AM,99,57
10/2/2026,8:04:57 AM,99,57
10/2/2026,8:04:58 AM,99,57
10/2/2026,8:04:59 AM,99,57
10/2/2026,8:05:00 AM,99,57
10/2/2026,8:05:01 AM,99,57
10/2/2026,8:05:02 AM,99,57
10/2/2026,8:05:03 AM,99,57
10/2/2026,8:05:04 AM,99,57
10/2/2026,8:05:05 AM,99,57
10/2/2026,8:05:06 AM,99,57
10/2/2026,8:05:07 AM,99,56
10/2/2026,8:05:08 AM,99,56
10/2/2026,8:05:09 AM,98,56
10/2/2026,8:05:10 AM,98,56
10/2/2026,8:05:11 AM,98,56
10/2/2026,8:05:12 AM,98,56
10/2/2026,8:05:13 AM,98,56
10/2/2026,8:05:14 AM,98,56
10/2/2026,8:05:15 AM,98,56
10/2/2026,8:05:16 AM,98,56
10/2/2026,8:05:17 AM,98,56
10/2/2026,8:05:18 AM,98,56
10/2/2026,8:05:19 AM,98,56
10/2/2026,8:05:20 AM,98,56
10/2/2026,8:05:21 AM,98,56
10/2/2026,8:05:22 AM,98,56
10/2/2026,8:05:23 AM,98,55
10/2/2026,8:05:24 AM,98,55
10/2/2026,8:05:25 AM,98,55
10/2/2026,8:05:26 AM,98,55
10/2/2026,8:05:27 AM,98,55
10/2/2026,8:05:28 AM,98,55
10/2/2026,8:05:29 AM,98,55
10/2/2026,8:05:30 AM,98,55
10/2/2026,8:05:31 AM,98,54
10/2/2026,8:05:32 AM,97,54
10/2/2026,8:05:33 AM,97,54
10/2/2026,8:05:34 AM,97,54
10/2/2026,8:05:35 AM,97,54
10/2/2026,8:05:36 AM,97,54
10/2/2026,8:05:37 AM,97,54
10/2/2026,8:05:38 AM,97,54
10/2/2026,8:05:39 AM,97,54
10/2/2026,8:05:40 AM,98,54
10/2/2026,8:05:41 AM,98,54
10/2/2026,8:05:42 AM,98,54
10/2/2026,8:05:43 AM,98,55
10/2/2026,8:05:44 AM,98,55
10/2/2026,8:05:45 AM,98,55
10/2/2026,8:05:46 AM,98,55
10/2/2026,8:05:47 AM,98,55
10/2/2026,8:05:48 AM,98,55
10/2/2026,8:05:49 AM,98,55
10/2/2026,8:05:50 AM,98,56
10/2/2026,8:05:51 AM,98,57
10/2/2026,8:05:52 AM,98,58
10/2/2026,8:05:53 AM,98,59
10/2/2026,8:05:54 AM,98,59
10/2/2026,8:05:55 AM,98,59
10/2/2026,8:05:56 AM,98,59
10/2/2026,8:05:57 AM,98,59
10/2/2026,8:05:58 AM,98,59
10/2/2026,8:05:59 AM,98,59
10/2/2026,8:06:00 AM,98,59
10/2/2026,8:06:01 AM,98,59
10/2/2026,8:06:02 AM,98,59
10/2/2026,8:06:03 AM,98,59
10/2/2026,8:06:04 AM,98,59
10/2/2026,8:06:05 AM,98,58
10/2/2026,8:06:06 AM,98,57
10/2/2026,8:06:07 AM,98,56
10/2/2026,8:06:08 AM,98,56
10/2/2026,8:06:09 AM,98,56
10/2/2026,8:06:10 AM,98,56
10/2/2026,8:06:11 AM,98,56
10/2/2026,8:06:12 AM,98,56
10/2/2026,8:06:13 AM,98,56
10/2/2026,8:06:14 AM,98,56
10/2/2026,8:06:15 AM,98,56
10/2/2026,8:06:16 AM,98,56
10/2/2026,8:06:17 AM,98,56
10/2/2026,8:06:18 AM,98,56
10/2/2026,8:06:19 AM,98,56
10/2/2026,8:06:20 AM,98,56
10/2/2026,8:06:21 AM,98,56
10/2/2026,8:06:22 AM,98,56
10/2/2026,8:06:23 AM,98,56
10/2/2026,8:06:24 AM,98,56
10/2/2026,8:06:25 AM,98,57
10/2/2026,8:06:26 AM,98,57
10/2/2026,8:06:27 AM,99,57
10/2/2026,8:06:28 AM,99,57
10/2/2026,8:06:29 AM,99,56
10/2/2026,8:06:30 AM,99,56
10/2/2026,8:06:31 AM,99,56
10/2/2026,8:06:32 AM,99,56
10/2/2026,8:06:33 AM,99,56
10/2/2026,8:06:34 AM,99,56
10/2/2026,8:06:35 AM,99,55
10/2/2026,8:06:36 AM,99,55
10/2/2026,8:06:37 AM,99,55
10/2/2026,8:06:38 AM,99,55
10/2/2026,8:06:39 AM,99,55
10/2/2026,8:06:40 AM,99,55
10/2/2026,8:06:41 AM,99,55
10/2/2026,8:06:42 AM,99,55
10/2/2026,8:06:43 AM,99,55
10/2/2026,8:06:44 AM,99,54
10/2/2026,8:06:45 AM,99,54
10/2/2026,8:06:46 AM,99,54
10/2/2026,8:06:47 AM,99,54
10/2/2026,8:06:48 AM,99,54
10/2/2026,8:06:49 AM,99,54
10/2/2026,8:06:50 AM,99,54
10/2/2026,8:06:51 AM,99,54
10/2/2026,8:06:52 AM,99,54
10/2/2026,8:06:53 AM,99,54
10/2/2026,8:06:54 AM,99,54
10/2/2026,8:06:55 AM,99,54
10/2/2026,8:06:56 AM,99,54
10/2/2026,8:06:57 AM,99,54
10/2/2026,8:06:58 AM,99,54
10/2/2026,8:06:59 AM,99,54
10/2/2026,8:07:00 AM,99,54
10/2/2026,8:07:01 AM,99,54
10/2/2026,8:07:02 AM,99,54
10/2/2026,8:07:03 AM,99,54
10/2/2026,8:07:04 AM,98,54
10/2/2026,8:07:05 AM,98,54
10/2/2026,8:07:06 AM,98,54
10/2/2026,8:07:07 AM,98,54
10/2/2026,8:07:08 AM,98,54
10/2/2026,8:07:09 AM,98,54
10/2/2026,8:07:10 AM,98,54
10/2/2026,8:07:11 AM,98,55
10/2/2026,8:07:12 AM,98,55
10/2/2026,8:07:13 AM,98,55
10/2/2026,8:07:14 AM,98,55
10/2/2026,8:07:15 AM,98,55
10/2/2026,8:07:16 AM,98,55
10/2/2026,8:07:17 AM,98,55
10/2/2026,8:07:18 AM,98,55
10/2/2026,8:07:19 AM,98,55
10/2/2026,8:07:20 AM,98,55
10/2/2026,8:07:21 AM,98,55
10/2/2026,8:07:22 AM,98,55
10/2/2026,8:07:23 AM,98,55
10/2/2026,8:07:24 AM,98,55
10/2/2026,8:07:25 AM,98,55
10/2/2026,8:07:26 AM,98,55
10/2/2026,8:07:27 AM,98,55
10/2/2026,8:07:28 AM,98,55
10/2/2026,8:07:29 AM,98,55
10/2/2026,8:07:30 AM,98,55
10/2/2026,8:07:31 AM,98,55
10/2/2026,8:07:32 AM,97,55
10/2/2026,8:07:33 AM,97,55
10/2/2026,8:07:34 AM,97,55
10/2/2026,8:07:35 AM,97,55
10/2/2026,8:07:36 AM,97,57
10/2/2026,8:07:37 AM,97,57
10/2/2026,8:07:38 AM,97,57
10/2/2026,8:07:39 AM,97,57
10/2/2026,8:07:40 AM,97,57
10/2/2026,8:07:41 AM,97,57
10/2/2026,8:07:42 AM,97,57
10/2/2026,8:07:43 AM,97,58
10/2/2026,8:07:44 AM,97,58
10/2/2026,8:07:45 AM,97,58
10/2/2026,8:07:46 AM,97,60
10/2/2026,8:07:47 AM,97,62
10/2/2026,8:07:48 AM,97,63
10/2/2026,8:07:49 AM,97,65
10/2/2026,8:07:50 AM,97,66
10/2/2026,8:07:51 AM,97,68
10/2/2026,8:07:52 AM,97,68
10/2/2026,8:07:53 AM,97,68
10/2/2026,8:07:54 AM,97,68
10/2/2026,8:07:55 AM,97,68
10/2/2026,8:07:56 AM,96,67
10/2/2026,8:07:57 AM,96,67
10/2/2026,8:07:58 AM,96,66
10/2/2026,8:07:59 AM,96,65
10/2/2026,8:08:00 AM,96,64
10/2/2026,8:08:01 AM,96,63
10/2/2026,8:08:02 AM,96,61
10/2/2026,8:08:03 AM,97,60
10/2/2026,8:08:04 AM,97,59
10/2/2026,8:08:05 AM,98,58
10/2/2026,8:08:06 AM,98,58
10/2/2026,8:08:07 AM,99,58
10/2/2026,8:08:08 AM,99,58
10/2/2026,8:08:09 AM,99,57
10/2/2026,8:08:10 AM,99,57
10/2/2026,8:08:11 AM,99,57
10/2/2026,8:08:12 AM,99,57
10/2/2026,8:08:13 AM,99,57
10/2/2026,8:08:14 AM,99,57
10/2/2026,8:08:15 AM,99,57
10/2/2026,8:08:16 AM,99,57
10/2/2026,8:08:17 AM,99,57
10/2/2026,8:08:18 AM,99,57
10/2/2026,8:08:19 AM,99,57
10/2/2026,8:08:20 AM,99,57
10/2/2026,8:08:21 AM,99,57
10/2/2026,8:08:22 AM,99,57
10/2/2026,8:08:23 AM,99,57
10/2/2026,8:08:24 AM,99,57
10/2/2026,8:08:25 AM,99,58
10/2/2026,8:08:26 AM,99,59
10/2/2026,8:08:27 AM,99,60
10/2/2026,8:08:28 AM,99,61
10/2/2026,8:08:29 AM,99,61
10/2/2026,8:08:30 AM,99,61
10/2/2026,8:08:31 AM,99,61
10/2/2026,8:08:32 AM,99,61
10/2/2026,8:08:33 AM,99,61
10/2/2026,8:08:34 AM,99,61
10/2/2026,8:08:35 AM,99,61
10/2/2026,8:08:36 AM,99,62
10/2/2026,8:08:37 AM,99,62
10/2/2026,8:08:38 AM,99,62
10/2/2026,8:08:39 AM,99,63
10/2/2026,8:08:40 AM,99,63
10/2/2026,8:08:41 AM,99,63
10/2/2026,8:08:42 AM,99,62
10/2/2026,8:08:43 AM,99,63
10/2/2026,8:08:44 AM,99,63
10/2/2026,8:08:45 AM,99,63
10/2/2026,8:08:46 AM,99,62
10/2/2026,8:08:47 AM,99,62
10/2/2026,8:08:48 AM,99,62
10/2/2026,8:08:49 AM,99,62
10/2/2026,8:08:50 AM,99,62
10/2/2026,8:08:51 AM,99,62
10/2/2026,8:08:52 AM,98,62
10/2/2026,8:08:53 AM,98,62
10/2/2026,8:08:54 AM,98,62
10/2/2026,8:08:55 AM,98,62
10/2/2026,8:08:56 AM,98,63
10/2/2026,8:08:57 AM,98,63
10/2/2026,8:08:58 AM,98,63
10/2/2026,8:08:59 AM,98,63
10/2/2026,8:09:00 AM,98,63
10/2/2026,8:09:01 AM,98,63
10/2/2026,8:09:02 AM,98,63
10/2/2026,8:09:03 AM,98,63
10/2/2026,8:09:04 AM,98,63
10/2/2026,8:09:05 AM,98,63
10/2/2026,8:09:06 AM,98,63
10/2/2026,8:09:07 AM,98,63
10/2/2026,8:09:08 AM,98,63
10/2/2026,8:09:09 AM,98,63
10/2/2026,8:09:10 AM,98,62
10/2/2026,8:09:11 AM,98,62
10/2/2026,8:09:12 AM,98,62
10/2/2026,8:09:13 AM,98,62
10/2/2026,8:09:14 AM,98,62
10/2/2026,8:09:15 AM,98,62
10/2/2026,8:09:16 AM,98,62
10/2/2026,8:09:17 AM,98,62
10/2/2026,8:09:18 AM,98,62
10/2/2026,8:09:19 AM,98,61
10/2/2026,8:09:20 AM,98,61
10/2/2026,8:09:21 AM,98,61
10/2/2026,8:09:22 AM,98,61
10/2/2026,8:09:23 AM,98,61
10/2/2026,8:09:24 AM,98,61
10/2/2026,8:09:25 AM,98,61
10/2/2026,8:09:26 AM,98,61
10/2/2026,8:09:27 AM,98,60
10/2/2026,8:09:28 AM,98,59
10/2/2026,8:09:29 AM,99,58
10/2/2026,8:09:30 AM,99,57
10/2/2026,8:09:31 AM,99,57
10/2/2026,8:09:32 AM,99,56
10/2/2026,8:09:33 AM,99,56
10/2/2026,8:09:34 AM,99,55
10/2/2026,8:09:35 AM,99,55
10/2/2026,8:09:36 AM,99,54
10/2/2026,8:09:37 AM,99,54
10/2/2026,8:09:38 AM,99,54
10/2/2026,8:09:39 AM,99,54
10/2/2026,8:09:40 AM,99,54
10/2/2026,8:09:41 AM,99,54
10/2/2026,8:09:42 AM,99,54
10/2/2026,8:09:43 AM,99,54
10/2/2026,8:09:44 AM,99,54
10/2/2026,8:09:45 AM,99,54
10/2/2026,8:09:46 AM,99,54
10/2/2026,8:09:47 AM,99,54
10/2/2026,8:09:48 AM,99,54
10/2/2026,8:09:49 AM,99,54
10/2/2026,8:09:50 AM,99,54
10/2/2026,8:09:51 AM,99,54
10/2/2026,8:09:52 AM,99,54
10/2/2026,8:09:53 AM,99,54
10/2/2026,8:09:54 AM,99,55
10/2/2026,8:09:55 AM,99,56
10/2/2026,8:09:56 AM,99,57
10/2/2026,8:09:57 AM,99,58
10/2/2026,8:09:58 AM,99,59
10/2/2026,8:09:59 AM,99,61
10/2/2026,8:10:00 AM,99,63
10/2/2026,8:10:01 AM,99,63
10/2/2026,8:10:02 AM,99,63
10/2/2026,8:10:03 AM,99,63
10/2/2026,8:10:04 AM,98,63
10/2/2026,8:10:05 AM,98,63
10/2/2026,8:10:06 AM,98,63
10/2/2026,8:10:07 AM,98,63
10/2/2026,8:10:08 AM,98,63
10/2/2026,8:10:09 AM,98,63
10/2/2026,8:10:10 AM,98,63
10/2/2026,8:10:11 AM,98,63
10/2/2026,8:10:12 AM,98,63
10/2/2026,8:10:13 AM,98,63
10/2/2026,8:10:14 AM,98,63
10/2/2026,8:10:15 AM,98,63
10/2/2026,8:10:16 AM,98,63
10/2/2026,8:10:17 AM,98,63
10/2/2026,8:10:18 AM,98,63
10/2/2026,8:10:19 AM,98,63
10/2/2026,8:10:20 AM,98,63
10/2/2026,8:10:21 AM,98,63
10/2/2026,8:10:22 AM,98,63
10/2/2026,8:10:23 AM,98,63
10/2/2026,8:10:24 AM,98,62
10/2/2026,8:10:25 AM,98,61
10/2/2026,8:10:26 AM,98,61
10/2/2026,8:10:27 AM,98,61
10/2/2026,8:10:28 AM,98,61
10/2/2026,8:10:29 AM,98,61
10/2/2026,8:10:30 AM,98,61
10/2/2026,8:10:31 AM,98,61
10/2/2026,8:10:32 AM,98,59
10/2/2026,8:10:33 AM,98,58
10/2/2026,8:10:34 AM,98,57
10/2/2026,8:10:35 AM,98,56
10/2/2026,8:10:36 AM,98,55
10/2/2026,8:10:37 AM,98,55
10/2/2026,8:10:38 AM,98,55
10/2/2026,8:10:39 AM,98,54
10/2/2026,8:10:40 AM,98,54
10/2/2026,8:10:41 AM,98,54
10/2/2026,8:10:42 AM,99,54
10/2/2026,8:10:43 AM,99,54
10/2/2026,8:10:44 AM,99,54
10/2/2026,8:10:45 AM,99,55
10/2/2026,8:10:46 AM,99,55
10/2/2026,8:10:47 AM,99,55
10/2/2026,8:10:48 AM,99,55
10/2/2026,8:10:49 AM,99,55
10/2/2026,8:10:50 AM,99,55
10/2/2026,8:10:51 AM,99,55
10/2/2026,8:10:52 AM,99,55
10/2/2026,8:10:53 AM,99,55
10/2/2026,8:10:54 AM,99,55
10/2/2026,8:10:55 AM,99,55
10/2/2026,8:10:56 AM,99,55
10/2/2026,8:10:57 AM,99,55
10/2/2026,8:10:58 AM,99,55
10/2/2026,8:10:59 AM,99,55
10/2/2026,8:11:00 AM,99,55
10/2/2026,8:11:01 AM,99,55
10/2/2026,8:11:02 AM,99,54
10/2/2026,8:11:03 AM,99,54
10/2/2026,8:11:04 AM,99,54
10/2/2026,8:11:05 AM,99,54
10/2/2026,8:11:06 AM,99,54
10/2/2026,8:11:07 AM,98,54
10/2/2026,8:11:08 AM,98,54
10/2/2026,8:11:09 AM,98,54
10/2/2026,8:11:10 AM,98,54
10/2/2026,8:11:11 AM,98,54
10/2/2026,8:11:12 AM,98,54
10/2/2026,8:11:13 AM,98,54
10/2/2026,8:11:14 AM,98,54
10/2/2026,8:11:15 AM,98,54
10/2/2026,8:11:16 AM,98,54
10/2/2026,8:11:17 AM,98,53
10/2/2026,8:11:18 AM,98,53
10/2/2026,8:11:19 AM,98,53
10/2/2026,8:11:20 AM,98,53
10/2/2026,8:11:21 AM,98,53
10/2/2026,8:11:22 AM,98,53
10/2/2026,8:11:23 AM,98,53
10/2/2026,8:11:24 AM,98,53
10/2/2026,8:11:25 AM,98,54
10/2/2026,8:11:26 AM,98,54
10/2/2026,8:11:27 AM,98,54
10/2/2026,8:11:28 AM,98,55
10/2/2026,8:11:29 AM,98,55
10/2/2026,8:11:30 AM,98,56
10/2/2026,8:11:31 AM,98,56
10/2/2026,8:11:32 AM,98,57
10/2/2026,8:11:33 AM,98,57
10/2/2026,8:11:34 AM,98,58
10/2/2026,8:11:35 AM,98,58
10/2/2026,8:11:36 AM,98,59
10/2/2026,8:11:37 AM,98,59
10/2/2026,8:11:38 AM,97,59
10/2/2026,8:11:39 AM,98,59
10/2/2026,8:11:40 AM,97,59
10/2/2026,8:11:41 AM,97,59
10/2/2026,8:11:42 AM,97,59
10/2/2026,8:11:43 AM,97,60
10/2/2026,8:11:44 AM,97,60
10/2/2026,8:11:45 AM,97,60
10/2/2026,8:11:46 AM,97,60
10/2/2026,8:11:47 AM,97,60
10/2/2026,8:11:48 AM,98,60
10/2/2026,8:11:49 AM,98,60
10/2/2026,8:11:50 AM,98,60
10/2/2026,8:11:51 AM,98,60
10/2/2026,8:11:52 AM,98,59
10/2/2026,8:11:53 AM,98,59
10/2/2026,8:11:54 AM,98,59
10/2/2026,8:11:55 AM,98,59
10/2/2026,8:11:56 AM,98,59
10/2/2026,8:11:57 AM,98,59
10/2/2026,8:11:58 AM,98,59
10/2/2026,8:11:59 AM,98,58
10/2/2026,8:12:00 AM,97,57
10/2/2026,8:12:01 AM,97,57
10/2/2026,8:12:02 AM,97,56
10/2/2026,8:12:03 AM,97,55
10/2/2026,8:12:04 AM,97,55
10/2/2026,8:12:05 AM,97,54
10/2/2026,8:12:06 AM,97,54
10/2/2026,8:12:07 AM,97,54
10/2/2026,8:12:08 AM,97,54
10/2/2026,8:12:09 AM,97,54
10/2/2026,8:12:10 AM,97,54
10/2/2026,8:12:11 AM,98,55
10/2/2026,8:12:12 AM,98,55
10/2/2026,8:12:13 AM,98,55
10/2/2026,8:12:14 AM,99,55
10/2/2026,8:12:15 AM,99,55
10/2/2026,8:12:16 AM,99,55
10/2/2026,8:12:17 AM,99,55
10/2/2026,8:12:18 AM,99,55
10/2/2026,8:12:19 AM,99,55
10/2/2026,8:12:20 AM,99,55
10/2/2026,8:12:21 AM,99,55
10/2/2026,8:12:22 AM,99,55
10/2/2026,8:12:23 AM,99,55
10/2/2026,8:12:24 AM,99,55
10/2/2026,8:12:25 AM,99,55
10/2/2026,8:12:26 AM,99,55
10/2/2026,8:12:27 AM,99,55
10/2/2026,8:12:28 AM,99,55
10/2/2026,8:12:29 AM,99,55
10/2/2026,8:12:30 AM,99,55
10/2/2026,8:12:31 AM,99,55
10/2/2026,8:12:32 AM,99,55
10/2/2026,8:12:33 AM,99,55
10/2/2026,8:12:34 AM,99,55
10/2/2026,8:12:35 AM,99,55
10/2/2026,8:12:36 AM,99,55
10/2/2026,8:12:37 AM,99,55
10/2/2026,8:12:38 AM,99,55
10/2/2026,8:12:39 AM,99,54
10/2/2026,8:12:40 AM,99,54
10/2/2026,8:12:41 AM,99,54
10/2/2026,8:12:42 AM,99,54
10/2/2026,8:12:43 AM,99,54
10/2/2026,8:12:44 AM,99,54
10/2/2026,8:12:45 AM,99,54
10/2/2026,8:12:46 AM,99,54
10/2/2026,8:12:47 AM,99,54
10/2/2026,8:12:48 AM,99,54
10/2/2026,8:12:49 AM,99,54
10/2/2026,8:12:50 AM,99,54
10/2/2026,8:12:51 AM,99,54
10/2/2026,8:12:52 AM,99,54
10/2/2026,8:12:53 AM,99,54
10/2/2026,8:12:54 AM,99,54
10/2/2026,8:12:55 AM,99,54
10/2/2026,8:12:56 AM,99,54
10/2/2026,8:12:57 AM,99,54
10/2/2026,8:12:58 AM,99,54
10/2/2026,8:12:59 AM,99,54
10/2/2026,8:13:00 AM,99,54
10/2/2026,8:13:01 AM,98,54
10/2/2026,8:13:02 AM,98,54
10/2/2026,8:13:03 AM,98,54
10/2/2026,8:13:04 AM,98,54
10/2/2026,8:13:05 AM,98,55
10/2/2026,8:13:06 AM,98,55
10/2/2026,8:13:07 AM,98,56
10/2/2026,8:13:08 AM,98,56
10/2/2026,8:13:09 AM,98,56
10/2/2026,8:13:10 AM,98,57
10/2/2026,8:13:11 AM,98,57
10/2/2026,8:13:12 AM,98,57
10/2/2026,8:13:13 AM,98,57
10/2/2026,8:13:14 AM,98,57
10/2/2026,8:13:15 AM,98,57
10/2/2026,8:13:16 AM,98,57
10/2/2026,8:13:17 AM,98,57
10/2/2026,8:13:18 AM,98,57
10/2/2026,8:13:19 AM,98,57
10/2/2026,8:13:20 AM,98,57
10/2/2026,8:13:21 AM,98,57
10/2/2026,8:13:22 AM,98,57
10/2/2026,8:13:23 AM,98,57
10/2/2026,8:13:24 AM,98,57
10/2/2026,8:13:25 AM,98,57
10/2/2026,8:13:26 AM,98,58
10/2/2026,8:13:27 AM,98,59
10/2/2026,8:13:28 AM,98,60
10/2/2026,8:13:29 AM,98,60
10/2/2026,8:13:30 AM,98,60
10/2/2026,8:13:31 AM,98,60
10/2/2026,8:13:32 AM,98,61
10/2/2026,8:13:33 AM,97,61
10/2/2026,8:13:34 AM,97,61
10/2/2026,8:13:35 AM,97,61
10/2/2026,8:13:36 AM,97,61
10/2/2026,8:13:37 AM,96,62
10/2/2026,8:13:38 AM,96,62
10/2/2026,8:13:39 AM,97,62
10/2/2026,8:13:40 AM,97,62
10/2/2026,8:13:41 AM,98,63
10/2/2026,8:13:42 AM,98,64
10/2/2026,8:13:43 AM,99,64
10/2/2026,8:13:44 AM,99,65
10/2/2026,8:13:45 AM,99,65
10/2/2026,8:13:46 AM,99,65
10/2/2026,8:13:47 AM,99,65
10/2/2026,8:13:48 AM,99,65
10/2/2026,8:13:49 AM,99,65
10/2/2026,8:13:50 AM,99,65
10/2/2026,8:13:51 AM,99,65
10/2/2026,8:13:52 AM,99,65
10/2/2026,8:13:53 AM,99,65
10/2/2026,8:13:54 AM,99,65
10/2/2026,8:13:55 AM,99,65
10/2/2026,8:13:56 AM,99,65
10/2/2026,8:13:57 AM,99,65
10/2/2026,8:13:58 AM,99,64
10/2/2026,8:13:59 AM,99,64
10/2/2026,8:14:00 AM,99,64
10/2/2026,8:14:01 AM,99,64
10/2/2026,8:14:02 AM,99,64
10/2/2026,8:14:03 AM,99,64
10/2/2026,8:14:04 AM,99,64
10/2/2026,8:14:05 AM,99,63
10/2/2026,8:14:06 AM,99,62
10/2/2026,8:14:07 AM,99,61
10/2/2026,8:14:08 AM,99,61
10/2/2026,8:14:09 AM,99,61
10/2/2026,8:14:10 AM,99,60
10/2/2026,8:14:11 AM,99,60
10/2/2026,8:14:12 AM,99,60
10/2/2026,8:14:13 AM,99,59
10/2/2026,8:14:14 AM,99,58
10/2/2026,8:14:15 AM,99,58
10/2/2026,8:14:16 AM,99,57
10/2/2026,8:14:17 AM,99,57
10/2/2026,8:14:18 AM,99,57
10/2/2026,8:14:19 AM,99,57
10/2/2026,8:14:20 AM,99,57
10/2/2026,8:14:21 AM,99,57
10/2/2026,8:14:22 AM,99,57
10/2/2026,8:14:23 AM,99,57
10/2/2026,8:14:24 AM,99,57
10/2/2026,8:14:25 AM,99,57
10/2/2026,8:14:26 AM,99,57
10/2/2026,8:14:27 AM,99,58
10/2/2026,8:14:28 AM,99,58
10/2/2026,8:14:29 AM,99,58
10/2/2026,8:14:30 AM,99,58
10/2/2026,8:14:31 AM,99,58
10/2/2026,8:14:32 AM,99,58
10/2/2026,8:14:33 AM,99,58
10/2/2026,8:14:34 AM,99,58
10/2/2026,8:14:35 AM,99,58
10/2/2026,8:14:36 AM,99,59
10/2/2026,8:14:37 AM,99,59
10/2/2026,8:14:38 AM,99,59
10/2/2026,8:14:39 AM,99,59
10/2/2026,8:14:40 AM,99,59
10/2/2026,8:14:41 AM,99,59
10/2/2026,8:14:42 AM,99,58
10/2/2026,8:14:43 AM,99,58
10/2/2026,8:14:44 AM,99,58
10/2/2026,8:14:45 AM,99,58
10/2/2026,8:14:46 AM,99,58
10/2/2026,8:14:47 AM,99,58
10/2/2026,8:14:48 AM,99,58
10/2/2026,8:14:49 AM,99,58
10/2/2026,8:14:50 AM,99,57
10/2/2026,8:14:51 AM,99,57
10/2/2026,8:14:52 AM,99,57
10/2/2026,8:14:53 AM,99,57
10/2/2026,8:14:54 AM,99,57
10/2/2026,8:14:55 AM,99,58
10/2/2026,8:14:56 AM,99,58
10/2/2026,8:14:57 AM,99,59
10/2/2026,8:14:58 AM,99,59
10/2/2026,8:14:59 AM,99,60
10/2/2026,8:15:00 AM,98,61
10/2/2026,8:15:01 AM,98,61
10/2/2026,8:15:02 AM,98,61
10/2/2026,8:15:03 AM,98,61
10/2/2026,8:15:04 AM,99,61
10/2/2026,8:15:05 AM,99,61
10/2/2026,8:15:06 AM,99,61
10/2/2026,8:15:07 AM,99,61
10/2/2026,8:15:08 AM,99,60
10/2/2026,8:15:09 AM,99,58
10/2/2026,8:15:10 AM,99,57
10/2/2026,8:15:11 AM,99,57
10/2/2026,8:15:12 AM,99,57
10/2/2026,8:15:13 AM,99,57
10/2/2026,8:15:14 AM,99,57
10/2/2026,8:15:15 AM,99,57
10/2/2026,8:15:16 AM,99,57
10/2/2026,8:15:17 AM,99,57
10/2/2026,8:15:18 AM,99,56
10/2/2026,8:15:19 AM,99,56
10/2/2026,8:15:20 AM,99,56
10/2/2026,8:15:21 AM,99,56
10/2/2026,8:15:22 AM,99,56
10/2/2026,8:15:23 AM,99,56
10/2/2026,8:15:24 AM,99,56
10/2/2026,8:15:25 AM,99,55
10/2/2026,8:15:26 AM,99,54
10/2/2026,8:15:27 AM,99,55
10/2/2026,8:15:28 AM,99,55
10/2/2026,8:15:29 AM,99,55
10/2/2026,8:15:30 AM,99,55
10/2/2026,8:15:31 AM,99,55
10/2/2026,8:15:32 AM,99,55
10/2/2026,8:15:33 AM,99,55
10/2/2026,8:15:34 AM,99,55
10/2/2026,8:15:35 AM,99,56
10/2/2026,8:15:36 AM,99,56
10/2/2026,8:15:37 AM,99,56
10/2/2026,8:15:38 AM,99,56
10/2/2026,8:15:39 AM,99,56
10/2/2026,8:15:40 AM,99,56
10/2/2026,8:15:41 AM,99,56
10/2/2026,8:15:42 AM,99,56
10/2/2026,8:15:43 AM,99,56
10/2/2026,8:15:44 AM,99,56
10/2/2026,8:15:45 AM,99,56
10/2/2026,8:15:46 AM,99,56
10/2/2026,8:15:47 AM,99,56
10/2/2026,8:15:48 AM,99,56
10/2/2026,8:15:49 AM,98,57
10/2/2026,8:15:50 AM,98,60
10/2/2026,8:15:51 AM,98,61
10/2/2026,8:15:52 AM,98,62
10/2/2026,8:15:53 AM,98,63
10/2/2026,8:15:54 AM,98,65
10/2/2026,8:15:55 AM,98,66
10/2/2026,8:15:56 AM,98,66
10/2/2026,8:15:57 AM,98,66
10/2/2026,8:15:58 AM,98,66
10/2/2026,8:15:59 AM,98,66
10/2/2026,8:16:00 AM,99,66
10/2/2026,8:16:01 AM,98,66
10/2/2026,8:16:02 AM,98,66
10/2/2026,8:16:03 AM,99,66
10/2/2026,8:16:04 AM,98,66
10/2/2026,8:16:05 AM,98,66
10/2/2026,8:16:06 AM,98,65
10/2/2026,8:16:07 AM,98,64
10/2/2026,8:16:08 AM,98,63
10/2/2026,8:16:09 AM,99,62
10/2/2026,8:16:10 AM,99,62
10/2/2026,8:16:11 AM,99,61
10/2/2026,8:16:12 AM,99,61
10/2/2026,8:16:13 AM,99,60
10/2/2026,8:16:14 AM,99,60
10/2/2026,8:16:15 AM,99,60
10/2/2026,8:16:16 AM,99,60
10/2/2026,8:16:17 AM,99,60
10/2/2026,8:16:18 AM,99,60
10/2/2026,8:16:19 AM,99,58
10/2/2026,8:16:20 AM,99,58
10/2/2026,8:16:21 AM,99,57
10/2/2026,8:16:22 AM,98,57
10/2/2026,8:16:23 AM,98,57
10/2/2026,8:16:24 AM,98,57
10/2/2026,8:16:25 AM,98,57
10/2/2026,8:16:26 AM,98,57
10/2/2026,8:16:27 AM,98,57
10/2/2026,8:16:28 AM,98,57
10/2/2026,8:16:29 AM,99,57
10/2/2026,8:16:30 AM,99,57
10/2/2026,8:16:31 AM,99,57
10/2/2026,8:16:32 AM,99,57
10/2/2026,8:16:33 AM,99,56
10/2/2026,8:16:34 AM,99,55
10/2/2026,8:16:35 AM,99,55
10/2/2026,8:16:36 AM,99,55
10/2/2026,8:16:37 AM,99,55
10/2/2026,8:16:38 AM,99,54
10/2/2026,8:16:39 AM,99,54
10/2/2026,8:16:40 AM,99,54
10/2/2026,8:16:41 AM,99,54
10/2/2026,8:16:42 AM,99,54
10/2/2026,8:16:43 AM,99,54
10/2/2026,8:16:44 AM,99,54
10/2/2026,8:16:45 AM,99,54
10/2/2026,8:16:46 AM,99,54
10/2/2026,8:16:47 AM,99,54
10/2/2026,8:16:48 AM,99,54
10/2/2026,8:16:49 AM,99,54
10/2/2026,8:16:50 AM,99,54
10/2/2026,8:16:51 AM,99,54
10/2/2026,8:16:52 AM,99,54
10/2/2026,8:16:53 AM,99,54
10/2/2026,8:16:54 AM,99,54
10/2/2026,8:16:55 AM,99,54
10/2/2026,8:16:56 AM,99,54
10/2/2026,8:16:57 AM,99,54
10/2/2026,8:16:58 AM,99,54
10/2/2026,8:16:59 AM,99,54
10/2/2026,8:17:00 AM,99,54
10/2/2026,8:17:01 AM,99,54
10/2/2026,8:17:02 AM,99,54
10/2/2026,8:17:03 AM,99,54
10/2/2026,8:17:04 AM,99,54
10/2/2026,8:17:05 AM,99,54
10/2/2026,8:17:06 AM,99,54
10/2/2026,8:17:07 AM,99,54
10/2/2026,8:17:08 AM,99,54
10/2/2026,8:17:09 AM,99,54
10/2/2026,8:17:10 AM,98,54
10/2/2026,8:17:11 AM,98,55
10/2/2026,8:17:12 AM,98,55
10/2/2026,8:17:13 AM,98,55
10/2/2026,8:17:14 AM,98,55
10/2/2026,8:17:15 AM,98,55
10/2/2026,8:17:16 AM,98,55
10/2/2026,8:17:17 AM,98,56
10/2/2026,8:17:18 AM,98,56
10/2/2026,8:17:19 AM,98,57
10/2/2026,8:17:20 AM,98,58
10/2/2026,8:17:21 AM,98,58
10/2/2026,8:17:22 AM,98,58
10/2/2026,8:17:23 AM,98,58
10/2/2026,8:17:24 AM,98,59
10/2/2026,8:17:25 AM,98,60
10/2/2026,8:17:26 AM,98,61
10/2/2026,8:17:27 AM,98,62
10/2/2026,8:17:28 AM,98,64
10/2/2026,8:17:29 AM,98,64
10/2/2026,8:17:30 AM,98,65
10/2/2026,8:17:31 AM,98,65
10/2/2026,8:17:32 AM,98,65
10/2/2026,8:17:33 AM,97,65
10/2/2026,8:17:34 AM,97,65
10/2/2026,8:17:35 AM,97,65
10/2/2026,8:17:36 AM,97,65
10/2/2026,8:17:37 AM,97,65
10/2/2026,8:17:38 AM,97,65
10/2/2026,8:17:39 AM,97,65
10/2/2026,8:17:40 AM,97,65
10/2/2026,8:17:41 AM,97,65
10/2/2026,8:17:42 AM,97,65
10/2/2026,8:17:43 AM,97,66
10/2/2026,8:17:44 AM,97,66
10/2/2026,8:17:45 AM,97,66
10/2/2026,8:17:46 AM,97,66
10/2/2026,8:17:47 AM,97,65
10/2/2026,8:17:48 AM,97,65
10/2/2026,8:17:49 AM,97,65
10/2/2026,8:17:50 AM,97,65
10/2/2026,8:17:51 AM,97,65
10/2/2026,8:17:52 AM,97,65
10/2/2026,8:17:53 AM,97,65
10/2/2026,8:17:54 AM,97,65
10/2/2026,8:17:55 AM,97,65
10/2/2026,8:17:56 AM,97,65
10/2/2026,8:17:57 AM,96,64
10/2/2026,8:17:58 AM,96,63
10/2/2026,8:17:59 AM,96,63
10/2/2026,8:18:00 AM,96,62
10/2/2026,8:18:01 AM,96,61
10/2/2026,8:18:02 AM,97,61
10/2/2026,8:18:03 AM,97,60
10/2/2026,8:18:04 AM,97,59
10/2/2026,8:18:05 AM,97,59
10/2/2026,8:18:06 AM,97,59
10/2/2026,8:18:07 AM,97,59
10/2/2026,8:18:08 AM,98,59
10/2/2026,8:18:09 AM,99,59
10/2/2026,8:18:10 AM,99,59
10/2/2026,8:18:11 AM,99,59
10/2/2026,8:18:12 AM,99,59
10/2/2026,8:18:13 AM,99,59
10/2/2026,8:18:14 AM,99,59
10/2/2026,8:18:15 AM,99,59
10/2/2026,8:18:16 AM,99,59
10/2/2026,8:18:17 AM,99,58
10/2/2026,8:18:18 AM,99,58
10/2/2026,8:18:19 AM,99,58
10/2/2026,8:18:20 AM,99,58
10/2/2026,8:18:21 AM,99,58
10/2/2026,8:18:22 AM,99,58
10/2/2026,8:18:23 AM,99,58
10/2/2026,8:18:24 AM,99,58
10/2/2026,8:18:25 AM,99,57
10/2/2026,8:18:26 AM,99,57
10/2/2026,8:18:27 AM,99,57
10/2/2026,8:18:28 AM,99,57
10/2/2026,8:18:29 AM,99,56
10/2/2026,8:18:30 AM,99,56
10/2/2026,8:18:31 AM,99,56
10/2/2026,8:18:32 AM,99,56
10/2/2026,8:18:33 AM,99,56
10/2/2026,8:18:34 AM,99,56
10/2/2026,8:18:35 AM,99,56
10/2/2026,8:18:36 AM,99,56
10/2/2026,8:18:37 AM,99,56
10/2/2026,8:18:38 AM,99,56
10/2/2026,8:18:39 AM,99,56
10/2/2026,8:18:40 AM,99,56
10/2/2026,8:18:41 AM,99,56
10/2/2026,8:18:42 AM,99,56
10/2/2026,8:18:43 AM,99,57
10/2/2026,8:18:44 AM,99,57
10/2/2026,8:18:45 AM,99,58
10/2/2026,8:18:46 AM,99,58
10/2/2026,8:18:47 AM,98,59
10/2/2026,8:18:48 AM,98,60
10/2/2026,8:18:49 AM,99,61
10/2/2026,8:18:50 AM,98,61
10/2/2026,8:18:51 AM,98,62
10/2/2026,8:18:52 AM,98,62
10/2/2026,8:18:53 AM,98,62
10/2/2026,8:18:54 AM,98,62
10/2/2026,8:18:55 AM,98,62
10/2/2026,8:18:56 AM,98,62
10/2/2026,8:18:57 AM,98,62
10/2/2026,8:18:58 AM,98,61
10/2/2026,8:18:59 AM,98,60
10/2/2026,8:19:00 AM,98,60
10/2/2026,8:19:01 AM,98,59
10/2/2026,8:19:02 AM,98,58
10/2/2026,8:19:03 AM,98,58
10/2/2026,8:19:04 AM,98,57
10/2/2026,8:19:05 AM,98,56
10/2/2026,8:19:06 AM,98,56
10/2/2026,8:19:07 AM,98,56
10/2/2026,8:19:08 AM,98,56
10/2/2026,8:19:09 AM,97,56
10/2/2026,8:19:10 AM,97,57
10/2/2026,8:19:11 AM,97,58
10/2/2026,8:19:12 AM,97,59
10/2/2026,8:19:13 AM,97,59
10/2/2026,8:19:14 AM,97,60
10/2/2026,8:19:15 AM,97,61
10/2/2026,8:19:16 AM,97,61
10/2/2026,8:19:17 AM,97,61
10/2/2026,8:19:18 AM,97,61
10/2/2026,8:19:19 AM,98,61
10/2/2026,8:19:20 AM,98,61
10/2/2026,8:19:21 AM,98,61
10/2/2026,8:19:22 AM,98,61
10/2/2026,8:19:23 AM,98,61
10/2/2026,8:19:24 AM,98,61
10/2/2026,8:19:25 AM,98,61
10/2/2026,8:19:26 AM,98,60
10/2/2026,8:19:27 AM,98,59
10/2/2026,8:19:28 AM,98,58
10/2/2026,8:19:29 AM,98,57
10/2/2026,8:19:30 AM,98,57
10/2/2026,8:19:31 AM,98,57
10/2/2026,8:19:32 AM,98,57
10/2/2026,8:19:33 AM,99,57
10/2/2026,8:19:34 AM,99,57
10/2/2026,8:19:35 AM,99,56
10/2/2026,8:19:36 AM,99,55
10/2/2026,8:19:37 AM,99,55
10/2/2026,8:19:38 AM,99,54
10/2/2026,8:19:39 AM,99,54
10/2/2026,8:19:40 AM,99,54
10/2/2026,8:19:41 AM,98,54
10/2/2026,8:19:42 AM,98,54
10/2/2026,8:19:43 AM,98,54
10/2/2026,8:19:44 AM,98,54
10/2/2026,8:19:45 AM,98,54
10/2/2026,8:19:46 AM,98,55
10/2/2026,8:19:47 AM,98,55
10/2/2026,8:19:48 AM,98,55
10/2/2026,8:19:49 AM,98,55
10/2/2026,8:19:50 AM,97,55
10/2/2026,8:19:51 AM,97,56
10/2/2026,8:19:52 AM,97,56
10/2/2026,8:19:53 AM,97,56
10/2/2026,8:19:54 AM,97,56
10/2/2026,8:19:55 AM,97,56
10/2/2026,8:19:56 AM,97,56
10/2/2026,8:19:57 AM,97,56
10/2/2026,8:19:58 AM,97,57
10/2/2026,8:19:59 AM,97,58
10/2/2026,8:20:00 AM,97,58
10/2/2026,8:20:01 AM,97,59
10/2/2026,8:20:02 AM,97,60
10/2/2026,8:20:03 AM,97,60
10/2/2026,8:20:04 AM,97,61
10/2/2026,8:20:05 AM,97,62
10/2/2026,8:20:06 AM,97,62
10/2/2026,8:20:07 AM,97,62
10/2/2026,8:20:08 AM,97,62
10/2/2026,8:20:09 AM,97,62
10/2/2026,8:20:10 AM,97,62
10/2/2026,8:20:11 AM,97,62
10/2/2026,8:20:12 AM,97,62
10/2/2026,8:20:13 AM,97,62
10/2/2026,8:20:14 AM,97,62
10/2/2026,8:20:15 AM,97,62
10/2/2026,8:20:16 AM,96,62
10/2/2026,8:20:17 AM,97,62
10/2/2026,8:20:18 AM,97,61
10/2/2026,8:20:19 AM,96,60
10/2/2026,8:20:20 AM,97,60
10/2/2026,8:20:21 AM,97,59
10/2/2026,8:20:22 AM,97,59
10/2/2026,8:20:23 AM,97,59
10/2/2026,8:20:24 AM,97,59
10/2/2026,8:20:25 AM,97,59
10/2/2026,8:20:26 AM,97,59
10/2/2026,8:20:27 AM,97,59
10/2/2026,8:20:28 AM,97,59
10/2/2026,8:20:29 AM,97,59
10/2/2026,8:20:30 AM,97,59
10/2/2026,8:20:31 AM,97,59
10/2/2026,8:20:32 AM,97,58
10/2/2026,8:20:33 AM,97,58
10/2/2026,8:20:34 AM,97,58
10/2/2026,8:20:35 AM,97,58
10/2/2026,8:20:36 AM,97,58
10/2/2026,8:20:37 AM,98,58
10/2/2026,8:20:38 AM,98,57
10/2/2026,8:20:39 AM,98,57
10/2/2026,8:20:40 AM,98,56
10/2/2026,8:20:41 AM,98,56
10/2/2026,8:20:42 AM,99,56
10/2/2026,8:20:43 AM,99,56
10/2/2026,8:20:44 AM,99,56
10/2/2026,8:20:45 AM,99,56
10/2/2026,8:20:46 AM,99,57
10/2/2026,8:20:47 AM,99,57
10/2/2026,8:20:48 AM,99,57
10/2/2026,8:20:49 AM,99,57
10/2/2026,8:20:50 AM,99,57
10/2/2026,8:20:51 AM,99,57
10/2/2026,8:20:52 AM,99,57
10/2/2026,8:20:53 AM,99,57
10/2/2026,8:20:54 AM,99,57
10/2/2026,8:20:55 AM,99,57
10/2/2026,8:20:56 AM,99,57
10/2/2026,8:20:57 AM,99,57
10/2/2026,8:20:58 AM,99,56
10/2/2026,8:20:59 AM,99,56
10/2/2026,8:21:00 AM,99,56
10/2/2026,8:21:01 AM,99,56
10/2/2026,8:21:02 AM,99,56
10/2/2026,8:21:03 AM,99,56
10/2/2026,8:21:04 AM,99,56
10/2/2026,8:21:05 AM,99,56
10/2/2026,8:21:06 AM,99,56
10/2/2026,8:21:07 AM,99,56
10/2/2026,8:21:08 AM,99,56
10/2/2026,8:21:09 AM,99,56
10/2/2026,8:21:10 AM,99,56
10/2/2026,8:21:11 AM,99,56
10/2/2026,8:21:12 AM,99,56
10/2/2026,8:21:13 AM,99,56
10/2/2026,8:21:14 AM,99,56
10/2/2026,8:21:15 AM,99,56
10/2/2026,8:21:16 AM,99,56
10/2/2026,8:21:17 AM,99,56
10/2/2026,8:21:18 AM,99,56
10/2/2026,8:21:19 AM,99,55
10/2/2026,8:21:20 AM,99,55
10/2/2026,8:21:21 AM,99,55
10/2/2026,8:21:22 AM,99,54
10/2/2026,8:21:23 AM,99,54
10/2/2026,8:21:24 AM,99,54
10/2/2026,8:21:25 AM,99,54
10/2/2026,8:21:26 AM,98,54
10/2/2026,8:21:27 AM,98,54
10/2/2026,8:21:28 AM,98,54
10/2/2026,8:21:29 AM,98,54
10/2/2026,8:21:30 AM,98,55
10/2/2026,8:21:31 AM,98,55
10/2/2026,8:21:32 AM,98,55
10/2/2026,8:21:33 AM,98,55
10/2/2026,8:21:34 AM,98,55
10/2/2026,8:21:35 AM,98,55
10/2/2026,8:21:36 AM,98,55
10/2/2026,8:21:37 AM,98,55
10/2/2026,8:21:38 AM,98,55
10/2/2026,8:21:39 AM,98,55
10/2/2026,8:21:40 AM,98,55
10/2/2026,8:21:41 AM,98,55
10/2/2026,8:21:42 AM,98,55
10/2/2026,8:21:43 AM,98,55
10/2/2026,8:21:44 AM,98,55
10/2/2026,8:21:45 AM,98,55
10/2/2026,8:21:46 AM,98,55
10/2/2026,8:21:47 AM,98,55
10/2/2026,8:21:48 AM,98,55
10/2/2026,8:21:49 AM,98,55
10/2/2026,8:21:50 AM,98,55
10/2/2026,8:21:51 AM,98,55
10/2/2026,8:21:52 AM,98,55
10/2/2026,8:21:53 AM,98,55
10/2/2026,8:21:54 AM,98,55
10/2/2026,8:21:55 AM,98,55
10/2/2026,8:21:56 AM,98,55
10/2/2026,8:21:57 AM,98,55
10/2/2026,8:21:58 AM,98,55
10/2/2026,8:21:59 AM,98,56
10/2/2026,8:22:00 AM,98,56
10/2/2026,8:22:01 AM,98,56
10/2/2026,8:22:02 AM,98,56
10/2/2026,8:22:03 AM,98,56
10/2/2026,8:22:04 AM,98,56
10/2/2026,8:22:05 AM,98,56
10/2/2026,8:22:06 AM,98,56
10/2/2026,8:22:07 AM,98,56
10/2/2026,8:22:08 AM,98,56
10/2/2026,8:22:09 AM,98,57
10/2/2026,8:22:10 AM,98,57
10/2/2026,8:22:11 AM,98,57
10/2/2026,8:22:12 AM,98,58
10/2/2026,8:22:13 AM,98,58
10/2/2026,8:22:14 AM,98,58
10/2/2026,8:22:15 AM,98,58
10/2/2026,8:22:16 AM,98,58
10/2/2026,8:22:17 AM,98,58
10/2/2026,8:22:18 AM,98,58
10/2/2026,8:22:19 AM,98,58
10/2/2026,8:22:20 AM,98,58
10/2/2026,8:22:21 AM,98,58
10/2/2026,8:22:22 AM,98,58
10/2/2026,8:22:23 AM,98,57
10/2/2026,8:22:24 AM,98,57
10/2/2026,8:22:25 AM,98,57
10/2/2026,8:22:26 AM,98,57
10/2/2026,8:22:27 AM,98,57
10/2/2026,8:22:28 AM,98,57
10/2/2026,8:22:29 AM,98,57
10/2/2026,8:22:30 AM,98,57
10/2/2026,8:22:31 AM,98,57
10/2/2026,8:22:32 AM,99,57
10/2/2026,8:22:33 AM,99,57
10/2/2026,8:22:34 AM,99,57
10/2/2026,8:22:35 AM,99,57
10/2/2026,8:22:36 AM,99,57
10/2/2026,8:22:37 AM,99,57
10/2/2026,8:22:38 AM,99,57
10/2/2026,8:22:39 AM,99,57
10/2/2026,8:22:40 AM,99,57
10/2/2026,8:22:41 AM,99,57
10/2/2026,8:22:42 AM,99,57
10/2/2026,8:22:43 AM,99,57
10/2/2026,8:22:44 AM,99,57
10/2/2026,8:22:45 AM,99,57
10/2/2026,8:22:46 AM,99,57
10/2/2026,8:22:47 AM,99,57
10/2/2026,8:22:48 AM,99,57
10/2/2026,8:22:49 AM,99,57
10/2/2026,8:22:50 AM,99,57
10/2/2026,8:22:51 AM,99,57
10/2/2026,8:22:52 AM,99,57
10/2/2026,8:22:53 AM,99,57
10/2/2026,8:22:54 AM,99,57
10/2/2026,8:22:55 AM,99,57
10/2/2026,8:22:56 AM,99,58
10/2/2026,8:22:57 AM,99,58
10/2/2026,8:22:58 AM,99,57
10/2/2026,8:22:59 AM,99,58
10/2/2026,8:23:00 AM,99,58
10/2/2026,8:23:01 AM,99,58
10/2/2026,8:23:02 AM,99,58
10/2/2026,8:23:03 AM,99,58
10/2/2026,8:23:04 AM,99,58
10/2/2026,8:23:05 AM,99,58
10/2/2026,8:23:06 AM,99,58
10/2/2026,8:23:07 AM,99,58
10/2/2026,8:23:08 AM,99,58
10/2/2026,8:23:09 AM,99,58
10/2/2026,8:23:10 AM,99,58
10/2/2026,8:23:11 AM,99,58
10/2/2026,8:23:12 AM,99,58
10/2/2026,8:23:13 AM,99,59
10/2/2026,8:23:14 AM,99,59
10/2/2026,8:23:15 AM,99,59
10/2/2026,8:23:16 AM,99,60
10/2/2026,8:23:17 AM,99,60
10/2/2026,8:23:18 AM,99,60
10/2/2026,8:23:19 AM,99,61
10/2/2026,8:23:20 AM,99,62
10/2/2026,8:23:21 AM,99,62
10/2/2026,8:23:22 AM,99,63
10/2/2026,8:23:23 AM,99,63
10/2/2026,8:23:24 AM,99,63
10/2/2026,8:23:25 AM,99,63
10/2/2026,8:23:26 AM,99,63
10/2/2026,8:23:27 AM,99,63
10/2/2026,8:23:28 AM,99,63
10/2/2026,8:23:29 AM,99,63
10/2/2026,8:23:30 AM,99,63
10/2/2026,8:23:31 AM,99,62
10/2/2026,8:23:32 AM,99,62
10/2/2026,8:23:33 AM,99,62
10/2/2026,8:23:34 AM,99,62
10/2/2026,8:23:35 AM,99,62
10/2/2026,8:23:36 AM,99,62
10/2/2026,8:23:37 AM,99,62
10/2/2026,8:23:38 AM,99,62
10/2/2026,8:23:39 AM,99,63
10/2/2026,8:23:40 AM,99,63
10/2/2026,8:23:41 AM,99,63
10/2/2026,8:23:42 AM,99,63
10/2/2026,8:23:43 AM,99,63
10/2/2026,8:23:44 AM,99,63
10/2/2026,8:23:45 AM,99,63
10/2/2026,8:23:46 AM,99,62
10/2/2026,8:23:47 AM,99,61
10/2/2026,8:23:48 AM,99,61
10/2/2026,8:23:49 AM,99,60
10/2/2026,8:23:50 AM,99,60
10/2/2026,8:23:51 AM,99,59
10/2/2026,8:23:52 AM,99,59
10/2/2026,8:23:53 AM,99,58
10/2/2026,8:23:54 AM,99,57
10/2/2026,8:23:55 AM,99,57
10/2/2026,8:23:56 AM,99,57
10/2/2026,8:23:57 AM,99,57
10/2/2026,8:23:58 AM,99,57
10/2/2026,8:23:59 AM,99,57
10/2/2026,8:24:00 AM,99,57
10/2/2026,8:24:01 AM,99,57
10/2/2026,8:24:02 AM,99,57
10/2/2026,8:24:03 AM,99,57
10/2/2026,8:24:04 AM,99,57
10/2/2026,8:24:05 AM,99,57
10/2/2026,8:24:06 AM,99,57
10/2/2026,8:24:07 AM,99,57
10/2/2026,8:24:08 AM,99,57
10/2/2026,8:24:09 AM,99,56
10/2/2026,8:24:10 AM,99,56
10/2/2026,8:24:11 AM,99,56
10/2/2026,8:24:12 AM,99,56
10/2/2026,8:24:13 AM,99,55
10/2/2026,8:24:14 AM,99,55
10/2/2026,8:24:15 AM,99,55
10/2/2026,8:24:16 AM,99,56
10/2/2026,8:24:17 AM,99,56
10/2/2026,8:24:18 AM,99,56
10/2/2026,8:24:19 AM,99,56
10/2/2026,8:24:20 AM,99,56
10/2/2026,8:24:21 AM,99,56
10/2/2026,8:24:22 AM,99,56
10/2/2026,8:24:23 AM,99,56
10/2/2026,8:24:24 AM,99,56
10/2/2026,8:24:25 AM,99,56
10/2/2026,8:24:26 AM,99,56
10/2/2026,8:24:27 AM,99,55
10/2/2026,8:24:28 AM,99,55
10/2/2026,8:24:29 AM,99,55
10/2/2026,8:24:30 AM,99,55
10/2/2026,8:24:31 AM,99,55
10/2/2026,8:24:32 AM,99,55
10/2/2026,8:24:33 AM,99,55
10/2/2026,8:24:34 AM,99,55
10/2/2026,8:24:35 AM,99,55
10/2/2026,8:24:36 AM,99,55
10/2/2026,8:24:37 AM,99,55
10/2/2026,8:24:38 AM,99,55
10/2/2026,8:24:39 AM,99,55
10/2/2026,8:24:40 AM,99,55
10/2/2026,8:24:41 AM,99,55
10/2/2026,8:24:42 AM,99,56
10/2/2026,8:24:43 AM,99,56
10/2/2026,8:24:44 AM,99,56
10/2/2026,8:24:45 AM,99,56
10/2/2026,8:24:46 AM,99,56
10/2/2026,8:24:47 AM,99,55
10/2/2026,8:24:48 AM,99,55
10/2/2026,8:24:49 AM,99,55
10/2/2026,8:24:50 AM,99,55
10/2/2026,8:24:51 AM,99,55
10/2/2026,8:24:52 AM,99,55
10/2/2026,8:24:53 AM,99,55
10/2/2026,8:24:54 AM,99,55
10/2/2026,8:24:55 AM,99,55
10/2/2026,8:24:56 AM,99,55
10/2/2026,8:24:57 AM,99,55
10/2/2026,8:24:58 AM,99,56
10/2/2026,8:24:59 AM,99,56
10/2/2026,8:25:00 AM,99,56
10/2/2026,8:25:01 AM,99,56
10/2/2026,8:25:02 AM,99,56
10/2/2026,8:25:03 AM,99,56
10/2/2026,8:25:04 AM,99,56
10/2/2026,8:25:05 AM,99,56
10/2/2026,8:25:06 AM,99,56
10/2/2026,8:25:07 AM,99,57
10/2/2026,8:25:08 AM,99,57
10/2/2026,8:25:09 AM,99,57
10/2/2026,8:25:10 AM,99,57
10/2/2026,8:25:11 AM,99,57
10/2/2026,8:25:12 AM,99,57
10/2/2026,8:25:13 AM,99,57
10/2/2026,8:25:14 AM,99,57
10/2/2026,8:25:15 AM,99,57
10/2/2026,8:25:16 AM,99,57
10/2/2026,8:25:17 AM,99,57
10/2/2026,8:25:18 AM,99,57
10/2/2026,8:25:19 AM,99,58
10/2/2026,8:25:20 AM,99,58
10/2/2026,8:25:21 AM,99,58
10/2/2026,8:25:22 AM,99,57
10/2/2026,8:25:23 AM,99,57
10/2/2026,8:25:24 AM,99,57
10/2/2026,8:25:25 AM,99,57
10/2/2026,8:25:26 AM,99,57
10/2/2026,8:25:27 AM,99,57
10/2/2026,8:25:28 AM,99,57
10/2/2026,8:25:29 AM,99,57
10/2/2026,8:25:30 AM,99,58
10/2/2026,8:25:31 AM,99,58
10/2/2026,8:25:32 AM,99,58
10/2/2026,8:25:33 AM,99,58
10/2/2026,8:25:34 AM,99,58
10/2/2026,8:25:35 AM,99,58
10/2/2026,8:25:36 AM,99,58
10/2/2026,8:25:37 AM,99,58
10/2/2026,8:25:38 AM,99,58
10/2/2026,8:25:39 AM,99,58
10/2/2026,8:25:40 AM,99,58
10/2/2026,8:25:41 AM,99,58
10/2/2026,8:25:42 AM,99,58
10/2/2026,8:25:43 AM,99,58
10/2/2026,8:25:44 AM,99,58
10/2/2026,8:25:45 AM,99,58
10/2/2026,8:25:46 AM,99,58
10/2/2026,8:25:47 AM,99,58
10/2/2026,8:25:48 AM,99,58
10/2/2026,8:25:49 AM,99,58
10/2/2026,8:25:50 AM,99,58
10/2/2026,8:25:51 AM,99,58
10/2/2026,8:25:52 AM,99,58
10/2/2026,8:25:53 AM,99,58
10/2/2026,8:25:54 AM,99,58
10/2/2026,8:25:55 AM,99,58
10/2/2026,8:25:56 AM,99,58
10/2/2026,8:25:57 AM,99,58
10/2/2026,8:25:58 AM,99,58
10/2/2026,8:25:59 AM,99,58
10/2/2026,8:26:00 AM,99,58
10/2/2026,8:26:01 AM,99,58
10/2/2026,8:26:02 AM,99,58
10/2/2026,8:26:03 AM,99,58
10/2/2026,8:26:04 AM,99,57
10/2/2026,8:26:05 AM,99,57
10/2/2026,8:26:06 AM,99,57
10/2/2026,8:26:07 AM,99,57
10/2/2026,8:26:08 AM,99,57
10/2/2026,8:26:09 AM,99,58
10/2/2026,8:26:10 AM,99,58
10/2/2026,8:26:11 AM,99,57
10/2/2026,8:26:12 AM,99,58
10/2/2026,8:26:13 AM,99,58
10/2/2026,8:26:14 AM,99,58
10/2/2026,8:26:15 AM,99,58
10/2/2026,8:26:16 AM,99,58
10/2/2026,8:26:17 AM,99,58
10/2/2026,8:26:18 AM,99,58
10/2/2026,8:26:19 AM,99,58
10/2/2026,8:26:20 AM,99,58
10/2/2026,8:26:21 AM,99,58
10/2/2026,8:26:22 AM,99,58
10/2/2026,8:26:23 AM,99,58
10/2/2026,8:26:24 AM,99,58
10/2/2026,8:26:25 AM,99,58
10/2/2026,8:26:26 AM,99,58
10/2/2026,8:26:27 AM,99,58
10/2/2026,8:26:28 AM,99,58
10/2/2026,8:26:29 AM,99,58
10/2/2026,8:26:30 AM,99,58
10/2/2026,8:26:31 AM,99,58
10/2/2026,8:26:32 AM,99,58
10/2/2026,8:26:33 AM,99,58
10/2/2026,8:26:34 AM,99,58
10/2/2026,8:26:35 AM,99,58
10/2/2026,8:26:36 AM,99,58
10/2/2026,8:26:37 AM,99,58
10/2/2026,8:26:38 AM,99,58
10/2/2026,8:26:39 AM,99,58
10/2/2026,8:26:40 AM,99,58
10/2/2026,8:26:41 AM,99,59
10/2/2026,8:26:42 AM,99,59
10/2/2026,8:26:43 AM,99,59
10/2/2026,8:26:44 AM,99,59
10/2/2026,8:26:45 AM,99,59
10/2/2026,8:26:46 AM,99,59
10/2/2026,8:26:47 AM,99,59
10/2/2026,8:26:48 AM,99,59
10/2/2026,8:26:49 AM,99,59
10/2/2026,8:26:50 AM,99,59
10/2/2026,8:26:51 AM,99,60
10/2/2026,8:26:52 AM,99,60
10/2/2026,8:26:53 AM,99,60
10/2/2026,8:26:54 AM,99,60
10/2/2026,8:26:55 AM,99,60
10/2/2026,8:26:56 AM,99,60
10/2/2026,8:26:57 AM,99,60
10/2/2026,8:26:58 AM,99,61
10/2/2026,8:26:59 AM,99,61
10/2/2026,8:27:00 AM,99,60
10/2/2026,8:27:01 AM,99,61
10/2/2026,8:27:02 AM,99,61
10/2/2026,8:27:03 AM,99,60
10/2/2026,8:27:04 AM,99,60
10/2/2026,8:27:05 AM,99,60
10/2/2026,8:27:06 AM,99,60
10/2/2026,8:27:07 AM,99,60
10/2/2026,8:27:08 AM,99,60
10/2/2026,8:27:09 AM,99,60
10/2/2026,8:27:10 AM,99,60
10/2/2026,8:27:11 AM,99,60
10/2/2026,8:27:12 AM,99,61
10/2/2026,8:27:13 AM,99,61
10/2/2026,8:27:14 AM,99,61
10/2/2026,8:27:15 AM,99,61
10/2/2026,8:27:16 AM,99,61
10/2/2026,8:27:17 AM,99,61
10/2/2026,8:27:18 AM,99,61
10/2/2026,8:27:19 AM,99,62
10/2/2026,8:27:20 AM,99,62
10/2/2026,8:27:21 AM,99,62
10/2/2026,8:27:22 AM,99,62
10/2/2026,8:27:23 AM,99,62
10/2/2026,8:27:24 AM,99,62
10/2/2026,8:27:25 AM,99,61
10/2/2026,8:27:26 AM,99,61
10/2/2026,8:27:27 AM,99,61
10/2/2026,8:27:28 AM,99,61
10/2/2026,8:27:29 AM,99,61
10/2/2026,8:27:30 AM,99,60
10/2/2026,8:27:31 AM,99,60
10/2/2026,8:27:32 AM,99,60
10/2/2026,8:27:33 AM,99,60
10/2/2026,8:27:34 AM,99,60
10/2/2026,8:27:35 AM,99,60
10/2/2026,8:27:36 AM,99,60
10/2/2026,8:27:37 AM,99,59
10/2/2026,8:27:38 AM,99,59
10/2/2026,8:27:39 AM,99,59
10/2/2026,8:27:40 AM,99,59
10/2/2026,8:27:41 AM,99,59
10/2/2026,8:27:42 AM,99,59
10/2/2026,8:27:43 AM,99,59
10/2/2026,8:27:44 AM,99,59
10/2/2026,8:27:45 AM,99,60
10/2/2026,8:27:46 AM,99,60
10/2/2026,8:27:47 AM,99,60
10/2/2026,8:27:48 AM,99,60
10/2/2026,8:27:49 AM,99,60
10/2/2026,8:27:50 AM,99,60
10/2/2026,8:27:51 AM,99,60
10/2/2026,8:27:52 AM,99,60
10/2/2026,8:27:53 AM,99,60
10/2/2026,8:27:54 AM,99,60
10/2/2026,8:27:55 AM,99,60
10/2/2026,8:27:56 AM,99,60
10/2/2026,8:27:57 AM,99,60
10/2/2026,8:27:58 AM,99,60
10/2/2026,8:27:59 AM,99,60
10/2/2026,8:28:00 AM,99,61
10/2/2026,8:28:01 AM,99,61
10/2/2026,8:28:02 AM,99,61
10/2/2026,8:28:03 AM,99,61
10/2/2026,8:28:04 AM,99,61
10/2/2026,8:28:05 AM,99,61
10/2/2026,8:28:06 AM,99,61
10/2/2026,8:28:07 AM,99,61
10/2/2026,8:28:08 AM,99,61
10/2/2026,8:28:09 AM,99,61
10/2/2026,8:28:10 AM,99,61
10/2/2026,8:28:11 AM,99,61
10/2/2026,8:28:12 AM,99,62
10/2/2026,8:28:13 AM,99,62
10/2/2026,8:28:14 AM,99,62
10/2/2026,8:28:15 AM,99,62
10/2/2026,8:28:16 AM,99,62
10/2/2026,8:28:17 AM,99,62
10/2/2026,8:28:18 AM,99,62
10/2/2026,8:28:19 AM,99,62
10/2/2026,8:28:20 AM,99,62
10/2/2026,8:28:21 AM,99,62
10/2/2026,8:28:22 AM,99,62
10/2/2026,8:28:23 AM,99,62
10/2/2026,8:28:24 AM,99,62
10/2/2026,8:28:25 AM,99,62
10/2/2026,8:28:26 AM,99,62
10/2/2026,8:28:27 AM,99,62
10/2/2026,8:28:28 AM,99,62
10/2/2026,8:28:29 AM,99,62
10/2/2026,8:28:30 AM,99,62
10/2/2026,8:28:31 AM,99,62
10/2/2026,8:28:32 AM,99,62
10/2/2026,8:28:33 AM,99,62
10/2/2026,8:28:34 AM,99,62
10/2/2026,8:28:35 AM,99,62
10/2/2026,8:28:36 AM,99,62
10/2/2026,8:28:37 AM,99,62
10/2/2026,8:28:38 AM,99,62
10/2/2026,8:28:39 AM,99,62
10/2/2026,8:28:40 AM,99,62
10/2/2026,8:28:41 AM,99,62
10/2/2026,8:28:42 AM,99,62
10/2/2026,8:28:43 AM,98,62
10/2/2026,8:28:44 AM,99,62
10/2/2026,8:28:45 AM,99,62
10/2/2026,8:28:46 AM,99,62
10/2/2026,8:28:47 AM,99,62
10/2/2026,8:28:48 AM,99,62
10/2/2026,8:28:49 AM,99,62
10/2/2026,8:28:50 AM,99,62
10/2/2026,8:28:51 AM,99,61
10/2/2026,8:28:52 AM,99,62
10/2/2026,8:28:53 AM,99,62
10/2/2026,8:28:54 AM,99,62
10/2/2026,8:28:55 AM,99,62
10/2/2026,8:28:56 AM,99,62
10/2/2026,8:28:57 AM,99,62
10/2/2026,8:28:58 AM,99,62
10/2/2026,8:28:59 AM,99,62
10/2/2026,8:29:00 AM,99,62
10/2/2026,8:29:01 AM,99,62
10/2/2026,8:29:02 AM,99,63
10/2/2026,8:29:03 AM,99,64
10/2/2026,8:29:04 AM,99,65
10/2/2026,8:29:05 AM,99,65
10/2/2026,8:29:06 AM,99,65
10/2/2026,8:29:07 AM,99,65
10/2/2026,8:29:08 AM,99,65
10/2/2026,8:29:09 AM,99,65
10/2/2026,8:29:10 AM,99,65
10/2/2026,8:29:11 AM,99,64
10/2/2026,8:29:12 AM,99,64
10/2/2026,8:29:13 AM,99,63
10/2/2026,8:29:14 AM,99,62
10/2/2026,8:29:15 AM,99,61
10/2/2026,8:29:16 AM,99,60
10/2/2026,8:29:17 AM,99,60
10/2/2026,8:29:18 AM,99,59
10/2/2026,8:29:19 AM,99,59
10/2/2026,8:29:20 AM,99,59
10/2/2026,8:29:21 AM,99,59
10/2/2026,8:29:22 AM,99,59
10/2/2026,8:29:23 AM,99,59
10/2/2026,8:29:24 AM,99,59
10/2/2026,8:29:25 AM,99,59
10/2/2026,8:29:26 AM,99,60
10/2/2026,8:29:27 AM,99,60
10/2/2026,8:29:28 AM,99,60
10/2/2026,8:29:29 AM,99,60
10/2/2026,8:29:30 AM,99,60
10/2/2026,8:29:31 AM,99,60
10/2/2026,8:29:32 AM,99,60
10/2/2026,8:29:33 AM,99,60
10/2/2026,8:29:34 AM,99,60
10/2/2026,8:29:35 AM,99,60
10/2/2026,8:29:36 AM,99,60
10/2/2026,8:29:37 AM,99,60
10/2/2026,8:29:38 AM,99,60
10/2/2026,8:29:39 AM,99,60
10/2/2026,8:29:40 AM,99,59
10/2/2026,8:29:41 AM,99,59
10/2/2026,8:29:42 AM,99,59
10/2/2026,8:29:43 AM,99,58
10/2/2026,8:29:44 AM,99,58
10/2/2026,8:29:45 AM,99,58
10/2/2026,8:29:46 AM,99,58
10/2/2026,8:29:47 AM,99,58
10/2/2026,8:29:48 AM,99,58
10/2/2026,8:29:49 AM,99,58
10/2/2026,8:29:50 AM,99,58
10/2/2026,8:29:51 AM,99,58
10/2/2026,8:29:52 AM,99,58
10/2/2026,8:29:53 AM,99,58
10/2/2026,8:29:54 AM,99,58
10/2/2026,8:29:55 AM,99,58
10/2/2026,8:29:56 AM,99,58
10/2/2026,8:29:57 AM,99,58
10/2/2026,8:29:58 AM,99,58
10/2/2026,8:29:59 AM,99,58
10/2/2026,8:30:00 AM,99,58
10/2/2026,8:30:01 AM,99,58
10/2/2026,8:30:02 AM,99,58
10/2/2026,8:30:03 AM,99,59
10/2/2026,8:30:04 AM,99,59
10/2/2026,8:30:05 AM,99,60
10/2/2026,8:30:06 AM,99,60
10/2/2026,8:30:07 AM,99,60
10/2/2026,8:30:08 AM,99,60
10/2/2026,8:30:09 AM,99,60
10/2/2026,8:30:10 AM,99,60
10/2/2026,8:30:11 AM,99,60
10/2/2026,8:30:12 AM,99,60
10/2/2026,8:30:13 AM,99,60
10/2/2026,8:30:14 AM,99,60
10/2/2026,8:30:15 AM,99,59
10/2/2026,8:30:16 AM,99,59
10/2/2026,8:30:17 AM,99,59
10/2/2026,8:30:18 AM,99,58
10/2/2026,8:30:19 AM,99,58
10/2/2026,8:30:20 AM,99,58
10/2/2026,8:30:21 AM,99,58
10/2/2026,8:30:22 AM,99,58
10/2/2026,8:30:23 AM,99,58
10/2/2026,8:30:24 AM,99,58
10/2/2026,8:30:25 AM,99,57
10/2/2026,8:30:26 AM,99,57
10/2/2026,8:30:27 AM,99,57
10/2/2026,8:30:28 AM,99,57
10/2/2026,8:30:29 AM,99,57
10/2/2026,8:30:30 AM,99,57
10/2/2026,8:30:31 AM,99,57
10/2/2026,8:30:32 AM,99,56
10/2/2026,8:30:33 AM,99,56
10/2/2026,8:30:34 AM,99,56
10/2/2026,8:30:35 AM,99,56
10/2/2026,8:30:36 AM,99,56
10/2/2026,8:30:37 AM,99,56
10/2/2026,8:30:38 AM,99,56
10/2/2026,8:30:39 AM,99,56
10/2/2026,8:30:40 AM,99,56
10/2/2026,8:30:41 AM,99,57
10/2/2026,8:30:42 AM,99,58
10/2/2026,8:30:43 AM,99,59
10/2/2026,8:30:44 AM,99,60
10/2/2026,8:30:45 AM,99,60
10/2/2026,8:30:46 AM,99,61
10/2/2026,8:30:47 AM,99,62
10/2/2026,8:30:48 AM,99,62
10/2/2026,8:30:49 AM,99,63
10/2/2026,8:30:50 AM,99,63
10/2/2026,8:30:51 AM,99,63
10/2/2026,8:30:52 AM,99,63
10/2/2026,8:30:53 AM,99,63
10/2/2026,8:30:54 AM,99,63
10/2/2026,8:30:55 AM,99,63
10/2/2026,8:30:56 AM,99,63
10/2/2026,8:30:57 AM,99,63
10/2/2026,8:30:58 AM,99,63
10/2/2026,8:30:59 AM,99,63
10/2/2026,8:31:00 AM,99,63
10/2/2026,8:31:01 AM,99,63
10/2/2026,8:31:02 AM,99,63
10/2/2026,8:31:03 AM,99,63
10/2/2026,8:31:04 AM,99,63
10/2/2026,8:31:05 AM,99,63
10/2/2026,8:31:06 AM,99,63
10/2/2026,8:31:07 AM,99,63
10/2/2026,8:31:08 AM,99,63
10/2/2026,8:31:09 AM,99,63
10/2/2026,8:31:10 AM,99,63
10/2/2026,8:31:11 AM,99,63
10/2/2026,8:31:12 AM,99,63
10/2/2026,8:31:13 AM,99,62
10/2/2026,8:31:14 AM,99,62
10/2/2026,8:31:15 AM,99,62
10/2/2026,8:31:16 AM,99,62
10/2/2026,8:31:17 AM,99,62
10/2/2026,8:31:18 AM,99,61
10/2/2026,8:31:19 AM,99,61
10/2/2026,8:31:20 AM,99,61
10/2/2026,8:31:21 AM,99,60
10/2/2026,8:31:22 AM,99,60
10/2/2026,8:31:23 AM,99,60
10/2/2026,8:31:24 AM,99,60
10/2/2026,8:31:25 AM,99,60
10/2/2026,8:31:26 AM,99,60
10/2/2026,8:31:27 AM,99,60
10/2/2026,8:31:28 AM,99,60
10/2/2026,8:31:29 AM,99,60
10/2/2026,8:31:30 AM,99,60
10/2/2026,8:31:31 AM,99,59
10/2/2026,8:31:32 AM,99,59
10/2/2026,8:31:33 AM,99,59
10/2/2026,8:31:34 AM,99,59
10/2/2026,8:31:35 AM,99,59
10/2/2026,8:31:36 AM,99,59
10/2/2026,8:31:37 AM,99,59
10/2/2026,8:31:38 AM,99,59
10/2/2026,8:31:39 AM,99,59
10/2/2026,8:31:40 AM,99,59
10/2/2026,8:31:41 AM,99,59
10/2/2026,8:31:42 AM,99,59
10/2/2026,8:31:43 AM,99,60
10/2/2026,8:31:44 AM,99,60
10/2/2026,8:31:45 AM,99,60
10/2/2026,8:31:46 AM,99,60
10/2/2026,8:31:47 AM,99,60
10/2/2026,8:31:48 AM,99,60
10/2/2026,8:31:49 AM,99,60
10/2/2026,8:31:50 AM,99,60
10/2/2026,8:31:51 AM,99,60
10/2/2026,8:31:52 AM,99,61
10/2/2026,8:31:53 AM,99,61
10/2/2026,8:31:54 AM,99,61
10/2/2026,8:31:55 AM,99,61
10/2/2026,8:31:56 AM,99,61
10/2/2026,8:31:57 AM,99,61
10/2/2026,8:31:58 AM,99,61
10/2/2026,8:31:59 AM,99,61
10/2/2026,8:32:00 AM,99,61
10/2/2026,8:32:01 AM,99,62
10/2/2026,8:32:02 AM,99,62
10/2/2026,8:32:03 AM,99,62
10/2/2026,8:32:04 AM,99,62
10/2/2026,8:32:05 AM,99,62
10/2/2026,8:32:06 AM,99,62
10/2/2026,8:32:07 AM,99,62
10/2/2026,8:32:08 AM,99,62
10/2/2026,8:32:09 AM,99,62
10/2/2026,8:32:10 AM,99,61
10/2/2026,8:32:11 AM,99,61
10/2/2026,8:32:12 AM,99,61
10/2/2026,8:32:13 AM,99,61
10/2/2026,8:32:14 AM,99,61
10/2/2026,8:32:15 AM,99,61
10/2/2026,8:32:16 AM,99,61
10/2/2026,8:32:17 AM,99,61
10/2/2026,8:32:18 AM,99,61
10/2/2026,8:32:19 AM,99,62
10/2/2026,8:32:20 AM,99,62
10/2/2026,8:32:21 AM,99,61
10/2/2026,8:32:22 AM,99,61
10/2/2026,8:32:23 AM,99,61
10/2/2026,8:32:24 AM,99,62
10/2/2026,8:32:25 AM,99,62
10/2/2026,8:32:26 AM,99,62
10/2/2026,8:32:27 AM,99,62
10/2/2026,8:32:28 AM,99,62
10/2/2026,8:32:29 AM,99,62
10/2/2026,8:32:30 AM,99,62
10/2/2026,8:32:31 AM,99,62
10/2/2026,8:32:32 AM,99,63
10/2/2026,8:32:33 AM,98,62
10/2/2026,8:32:34 AM,98,62
10/2/2026,8:32:35 AM,98,62
10/2/2026,8:32:36 AM,98,62
10/2/2026,8:32:37 AM,98,62
10/2/2026,8:32:38 AM,99,62
10/2/2026,8:32:39 AM,99,62
10/2/2026,8:32:40 AM,99,62
10/2/2026,8:32:41 AM,99,62
10/2/2026,8:32:42 AM,99,63
10/2/2026,8:32:43 AM,99,63
10/2/2026,8:32:44 AM,99,63
10/2/2026,8:32:45 AM,99,63
10/2/2026,8:32:46 AM,99,63
10/2/2026,8:32:47 AM,99,62
10/2/2026,8:32:48 AM,99,62
10/2/2026,8:32:49 AM,99,62
10/2/2026,8:32:50 AM,99,62
10/2/2026,8:32:51 AM,99,61
10/2/2026,8:32:52 AM,99,61
10/2/2026,8:32:53 AM,99,60
10/2/2026,8:32:54 AM,99,60
10/2/2026,8:32:55 AM,99,60
10/2/2026,8:32:56 AM,99,60
10/2/2026,8:32:57 AM,99,60
10/2/2026,8:32:58 AM,99,60
10/2/2026,8:32:59 AM,99,60
10/2/2026,8:33:00 AM,99,60
10/2/2026,8:33:01 AM,99,60
10/2/2026,8:33:02 AM,99,60
10/2/2026,8:33:03 AM,99,60
10/2/2026,8:33:04 AM,99,59
10/2/2026,8:33:05 AM,99,59
10/2/2026,8:33:06 AM,99,58
10/2/2026,8:33:07 AM,99,58
10/2/2026,8:33:08 AM,99,58
10/2/2026,8:33:09 AM,99,57
10/2/2026,8:33:10 AM,99,57
10/2/2026,8:33:11 AM,99,57
10/2/2026,8:33:12 AM,99,57
10/2/2026,8:33:13 AM,99,57
10/2/2026,8:33:14 AM,99,57
10/2/2026,8:33:15 AM,99,57
10/2/2026,8:33:16 AM,99,57
10/2/2026,8:33:17 AM,99,57
10/2/2026,8:33:18 AM,99,58
10/2/2026,8:33:19 AM,99,59
10/2/2026,8:33:20 AM,99,59
10/2/2026,8:33:21 AM,99,60
10/2/2026,8:33:22 AM,99,60
10/2/2026,8:33:23 AM,99,61
10/2/2026,8:33:24 AM,99,61
10/2/2026,8:33:25 AM,99,61
10/2/2026,8:33:26 AM,99,61
10/2/2026,8:33:27 AM,99,60
10/2/2026,8:33:28 AM,99,60
10/2/2026,8:33:29 AM,99,60
10/2/2026,8:33:30 AM,99,60
10/2/2026,8:33:31 AM,99,60
10/2/2026,8:33:32 AM,99,60
10/2/2026,8:33:33 AM,99,60
10/2/2026,8:33:34 AM,99,60
10/2/2026,8:33:35 AM,99,60
10/2/2026,8:33:36 AM,99,60
10/2/2026,8:33:37 AM,99,61
10/2/2026,8:33:38 AM,99,61
10/2/2026,8:33:39 AM,99,62
10/2/2026,8:33:40 AM,99,63
10/2/2026,8:33:41 AM,99,63
10/2/2026,8:33:42 AM,99,63
10/2/2026,8:33:43 AM,99,64
10/2/2026,8:33:44 AM,98,64
10/2/2026,8:33:45 AM,98,64
10/2/2026,8:33:46 AM,98,64
10/2/2026,8:33:47 AM,98,64
10/2/2026,8:33:48 AM,98,63
10/2/2026,8:33:49 AM,98,63
10/2/2026,8:33:50 AM,98,63
10/2/2026,8:33:51 AM,99,63
10/2/2026,8:33:52 AM,99,63
10/2/2026,8:33:53 AM,99,63
10/2/2026,8:33:54 AM,99,62
10/2/2026,8:33:55 AM,99,62
10/2/2026,8:33:56 AM,99,62
10/2/2026,8:33:57 AM,99,62
10/2/2026,8:33:58 AM,99,62
10/2/2026,8:33:59 AM,99,62
10/2/2026,8:34:00 AM,99,62
10/2/2026,8:34:01 AM,99,61
10/2/2026,8:34:02 AM,99,61
10/2/2026,8:34:03 AM,99,61
10/2/2026,8:34:04 AM,99,61
10/2/2026,8:34:05 AM,99,61
10/2/2026,8:34:06 AM,99,61
10/2/2026,8:34:07 AM,99,61
10/2/2026,8:34:08 AM,99,61
10/2/2026,8:34:09 AM,99,61
10/2/2026,8:34:10 AM,99,61
10/2/2026,8:34:11 AM,99,60
10/2/2026,8:34:12 AM,99,60
10/2/2026,8:34:13 AM,99,59
10/2/2026,8:34:14 AM,99,58
10/2/2026,8:34:15 AM,99,58
10/2/2026,8:34:16 AM,99,57
10/2/2026,8:34:17 AM,99,57
10/2/2026,8:34:18 AM,99,57
10/2/2026,8:34:19 AM,99,57
10/2/2026,8:34:20 AM,99,57
10/2/2026,8:34:21 AM,99,56
10/2/2026,8:34:22 AM,99,56
10/2/2026,8:34:23 AM,99,56
10/2/2026,8:34:24 AM,99,56
10/2/2026,8:34:25 AM,99,56
10/2/2026,8:34:26 AM,99,57
10/2/2026,8:34:27 AM,99,57
10/2/2026,8:34:28 AM,99,58
10/2/2026,8:34:29 AM,99,58
10/2/2026,8:34:30 AM,99,59
10/2/2026,8:34:31 AM,99,59
10/2/2026,8:34:32 AM,99,59
10/2/2026,8:34:33 AM,99,60
10/2/2026,8:34:34 AM,99,60
10/2/2026,8:34:35 AM,99,60
10/2/2026,8:34:36 AM,99,60
10/2/2026,8:34:37 AM,99,60
10/2/2026,8:34:38 AM,99,60
10/2/2026,8:34:39 AM,99,60
10/2/2026,8:34:40 AM,99,61
10/2/2026,8:34:41 AM,99,61
10/2/2026,8:34:42 AM,98,61
10/2/2026,8:34:43 AM,98,62
10/2/2026,8:34:44 AM,98,62
10/2/2026,8:34:45 AM,98,62
10/2/2026,8:34:46 AM,98,62
10/2/2026,8:34:47 AM,98,63
10/2/2026,8:34:48 AM,98,63
10/2/2026,8:34:49 AM,98,63
10/2/2026,8:34:50 AM,98,63
10/2/2026,8:34:51 AM,98,62
10/2/2026,8:34:52 AM,98,62
10/2/2026,8:34:53 AM,98,62
10/2/2026,8:34:54 AM,98,62
10/2/2026,8:34:55 AM,98,62
10/2/2026,8:34:56 AM,98,62
10/2/2026,8:34:57 AM,98,62
10/2/2026,8:34:58 AM,98,62
10/2/2026,8:34:59 AM,98,61
10/2/2026,8:35:00 AM,99,61
10/2/2026,8:35:01 AM,99,61
10/2/2026,8:35:02 AM,99,61
10/2/2026,8:35:03 AM,99,61
10/2/2026,8:35:04 AM,99,61
10/2/2026,8:35:05 AM,99,61
10/2/2026,8:35:06 AM,99,61
10/2/2026,8:35:07 AM,99,61
10/2/2026,8:35:08 AM,99,61
10/2/2026,8:35:09 AM,99,61
10/2/2026,8:35:10 AM,99,61
10/2/2026,8:35:11 AM,99,61
10/2/2026,8:35:12 AM,99,61
10/2/2026,8:35:13 AM,99,61
10/2/2026,8:35:14 AM,99,61
10/2/2026,8:35:15 AM,99,61
10/2/2026,8:35:16 AM,99,61
10/2/2026,8:35:17 AM,99,61
10/2/2026,8:35:18 AM,98,61
10/2/2026,8:35:19 AM,98,60
10/2/2026,8:35:20 AM,98,59
10/2/2026,8:35:21 AM,98,58
10/2/2026,8:35:22 AM,98,58
10/2/2026,8:35:23 AM,98,57
10/2/2026,8:35:24 AM,98,56
10/2/2026,8:35:25 AM,98,56
10/2/2026,8:35:26 AM,99,55
10/2/2026,8:35:27 AM,99,55
10/2/2026,8:35:28 AM,99,55
10/2/2026,8:35:29 AM,99,55
10/2/2026,8:35:30 AM,99,55
10/2/2026,8:35:31 AM,99,55
10/2/2026,8:35:32 AM,99,55
10/2/2026,8:35:33 AM,99,56
10/2/2026,8:35:34 AM,99,56
10/2/2026,8:35:35 AM,99,56
10/2/2026,8:35:36 AM,99,56
10/2/2026,8:35:37 AM,99,56
10/2/2026,8:35:38 AM,99,56
10/2/2026,8:35:39 AM,99,56
10/2/2026,8:35:40 AM,99,56
10/2/2026,8:35:41 AM,99,56
10/2/2026,8:35:42 AM,99,56
10/2/2026,8:35:43 AM,99,56
10/2/2026,8:35:44 AM,99,56
10/2/2026,8:35:45 AM,99,57
10/2/2026,8:35:46 AM,99,58
10/2/2026,8:35:47 AM,99,59
10/2/2026,8:35:48 AM,99,59
10/2/2026,8:35:49 AM,99,60
10/2/2026,8:35:50 AM,99,60
10/2/2026,8:35:51 AM,99,61
10/2/2026,8:35:52 AM,99,61
10/2/2026,8:35:53 AM,99,61
10/2/2026,8:35:54 AM,98,61
10/2/2026,8:35:55 AM,98,61
10/2/2026,8:35:56 AM,98,61
10/2/2026,8:35:57 AM,98,61
10/2/2026,8:35:58 AM,98,62
10/2/2026,8:35:59 AM,98,62
10/2/2026,8:36:00 AM,98,63
10/2/2026,8:36:01 AM,98,63
10/2/2026,8:36:02 AM,98,63
10/2/2026,8:36:03 AM,98,63
10/2/2026,8:36:04 AM,98,63
10/2/2026,8:36:05 AM,98,62
10/2/2026,8:36:06 AM,98,62
10/2/2026,8:36:07 AM,98,62
10/2/2026,8:36:08 AM,98,61
10/2/2026,8:36:09 AM,98,61
10/2/2026,8:36:10 AM,98,61
10/2/2026,8:36:11 AM,98,60
10/2/2026,8:36:12 AM,98,60
10/2/2026,8:36:13 AM,98,60
10/2/2026,8:36:14 AM,98,60
10/2/2026,8:36:15 AM,98,60
10/2/2026,8:36:16 AM,98,60
10/2/2026,8:36:17 AM,98,60
10/2/2026,8:36:18 AM,98,60
10/2/2026,8:36:19 AM,98,60
10/2/2026,8:36:20 AM,98,59
10/2/2026,8:36:21 AM,98,59
10/2/2026,8:36:22 AM,98,59
10/2/2026,8:36:23 AM,98,59
10/2/2026,8:36:24 AM,98,59
10/2/2026,8:36:25 AM,98,59
10/2/2026,8:36:26 AM,98,59
10/2/2026,8:36:27 AM,98,59
10/2/2026,8:36:28 AM,98,59
10/2/2026,8:36:29 AM,98,59
10/2/2026,8:36:30 AM,98,58
10/2/2026,8:36:31 AM,98,58
10/2/2026,8:36:32 AM,98,58
10/2/2026,8:36:33 AM,98,58
10/2/2026,8:36:34 AM,98,58
10/2/2026,8:36:35 AM,98,58
10/2/2026,8:36:36 AM,98,58
10/2/2026,8:36:37 AM,99,58
10/2/2026,8:36:38 AM,99,58
10/2/2026,8:36:39 AM,99,58
10/2/2026,8:36:40 AM,99,57
10/2/2026,8:36:41 AM,99,57
10/2/2026,8:36:42 AM,99,57
10/2/2026,8:36:43 AM,99,56
10/2/2026,8:36:44 AM,99,56
10/2/2026,8:36:45 AM,99,56
10/2/2026,8:36:46 AM,99,57
10/2/2026,8:36:47 AM,99,57
10/2/2026,8:36:48 AM,99,57
10/2/2026,8:36:49 AM,99,57
10/2/2026,8:36:50 AM,99,57
10/2/2026,8:36:51 AM,99,57
10/2/2026,8:36:52 AM,99,57
10/2/2026,8:36:53 AM,99,57
10/2/2026,8:36:54 AM,99,57
10/2/2026,8:36:55 AM,99,57
10/2/2026,8:36:56 AM,99,58
10/2/2026,8:36:57 AM,99,58
10/2/2026,8:36:58 AM,99,58
10/2/2026,8:36:59 AM,99,59
10/2/2026,8:37:00 AM,99,59
10/2/2026,8:37:01 AM,99,59
10/2/2026,8:37:02 AM,99,59
10/2/2026,8:37:03 AM,99,60
10/2/2026,8:37:04 AM,99,60
10/2/2026,8:37:05 AM,99,60
10/2/2026,8:37:06 AM,99,60
10/2/2026,8:37:07 AM,99,60
10/2/2026,8:37:08 AM,99,61
10/2/2026,8:37:09 AM,99,61
10/2/2026,8:37:10 AM,99,61
10/2/2026,8:37:11 AM,99,61
10/2/2026,8:37:12 AM,99,61
10/2/2026,8:37:13 AM,99,61
10/2/2026,8:37:14 AM,99,61
10/2/2026,8:37:15 AM,99,61
10/2/2026,8:37:16 AM,99,61
10/2/2026,8:37:17 AM,99,61
10/2/2026,8:37:18 AM,99,61
10/2/2026,8:37:19 AM,99,61
10/2/2026,8:37:20 AM,99,60
10/2/2026,8:37:21 AM,99,60
10/2/2026,8:37:22 AM,99,60
10/2/2026,8:37:23 AM,99,60
10/2/2026,8:37:24 AM,99,60
10/2/2026,8:37:25 AM,99,60
10/2/2026,8:37:26 AM,99,60
10/2/2026,8:37:27 AM,99,60
10/2/2026,8:37:28 AM,99,60
10/2/2026,8:37:29 AM,98,59
10/2/2026,8:37:30 AM,98,59
10/2/2026,8:37:31 AM,98,58
10/2/2026,8:37:32 AM,98,57
10/2/2026,8:37:33 AM,98,57
10/2/2026,8:37:34 AM,98,57
10/2/2026,8:37:35 AM,98,57
10/2/2026,8:37:36 AM,98,56
10/2/2026,8:37:37 AM,98,56
10/2/2026,8:37:38 AM,98,56
10/2/2026,8:37:39 AM,98,56
10/2/2026,8:37:40 AM,98,56
10/2/2026,8:37:41 AM,98,56
10/2/2026,8:37:42 AM,98,56
10/2/2026,8:37:43 AM,98,56
10/2/2026,8:37:44 AM,99,56
10/2/2026,8:37:45 AM,99,56
10/2/2026,8:37:46 AM,99,56
10/2/2026,8:37:47 AM,99,57
10/2/2026,8:37:48 AM,99,58
10/2/2026,8:37:49 AM,99,58
10/2/2026,8:37:50 AM,99,59
10/2/2026,8:37:51 AM,99,59
10/2/2026,8:37:52 AM,99,60
10/2/2026,8:37:53 AM,99,60
10/2/2026,8:37:54 AM,99,60
10/2/2026,8:37:55 AM,99,60
10/2/2026,8:37:56 AM,99,60
10/2/2026,8:37:57 AM,99,60
10/2/2026,8:37:58 AM,99,60
10/2/2026,8:37:59 AM,99,60
10/2/2026,8:38:00 AM,99,60
10/2/2026,8:38:01 AM,99,60
10/2/2026,8:38:02 AM,99,60
10/2/2026,8:38:03 AM,99,60
10/2/2026,8:38:04 AM,99,60
10/2/2026,8:38:05 AM,99,61
10/2/2026,8:38:06 AM,99,61
10/2/2026,8:38:07 AM,99,61
10/2/2026,8:38:08 AM,99,61
10/2/2026,8:38:09 AM,99,62
10/2/2026,8:38:10 AM,99,62
10/2/2026,8:38:11 AM,99,62
10/2/2026,8:38:12 AM,99,62
10/2/2026,8:38:13 AM,99,63
10/2/2026,8:38:14 AM,99,63
10/2/2026,8:38:15 AM,99,63
10/2/2026,8:38:16 AM,99,63
10/2/2026,8:38:17 AM,99,63
10/2/2026,8:38:18 AM,98,63
10/2/2026,8:38:19 AM,98,63
10/2/2026,8:38:20 AM,98,62
10/2/2026,8:38:21 AM,99,62
10/2/2026,8:38:22 AM,99,62
10/2/2026,8:38:23 AM,99,62
10/2/2026,8:38:24 AM,99,61
10/2/2026,8:38:25 AM,99,61
10/2/2026,8:38:26 AM,99,61
10/2/2026,8:38:27 AM,99,61
10/2/2026,8:38:28 AM,99,61
10/2/2026,8:38:29 AM,99,60
10/2/2026,8:38:30 AM,99,60
10/2/2026,8:38:31 AM,99,61
10/2/2026,8:38:32 AM,99,61
10/2/2026,8:38:33 AM,99,61
10/2/2026,8:38:34 AM,99,60
10/2/2026,8:38:35 AM,99,60
10/2/2026,8:38:36 AM,99,60
10/2/2026,8:38:37 AM,99,60
10/2/2026,8:38:38 AM,99,60
10/2/2026,8:38:39 AM,99,60
10/2/2026,8:38:40 AM,99,60
10/2/2026,8:38:41 AM,99,60
10/2/2026,8:38:42 AM,99,60
10/2/2026,8:38:43 AM,99,60
10/2/2026,8:38:44 AM,99,60
10/2/2026,8:38:45 AM,99,60
10/2/2026,8:38:46 AM,99,59
10/2/2026,8:38:47 AM,99,59
10/2/2026,8:38:48 AM,99,58
10/2/2026,8:38:49 AM,99,58
10/2/2026,8:38:50 AM,99,58
10/2/2026,8:38:51 AM,99,57
10/2/2026,8:38:52 AM,99,57
10/2/2026,8:38:53 AM,99,57
10/2/2026,8:38:54 AM,99,57
10/2/2026,8:38:55 AM,99,57
10/2/2026,8:38:56 AM,99,58
10/2/2026,8:38:57 AM,99,58
10/2/2026,8:38:58 AM,99,59
10/2/2026,8:38:59 AM,99,59
10/2/2026,8:39:00 AM,99,60
10/2/2026,8:39:01 AM,99,60
10/2/2026,8:39:02 AM,99,60
10/2/2026,8:39:03 AM,99,60
10/2/2026,8:39:04 AM,99,60
10/2/2026,8:39:05 AM,99,60
10/2/2026,8:39:06 AM,99,60
10/2/2026,8:39:07 AM,99,60
10/2/2026,8:39:08 AM,99,60
10/2/2026,8:39:09 AM,99,60
10/2/2026,8:39:10 AM,99,60
10/2/2026,8:39:11 AM,99,61
10/2/2026,8:39:12 AM,99,61
10/2/2026,8:39:13 AM,99,61
10/2/2026,8:39:14 AM,99,61
10/2/2026,8:39:15 AM,99,61
10/2/2026,8:39:16 AM,99,61
10/2/2026,8:39:17 AM,99,62
10/2/2026,8:39:18 AM,99,62
10/2/2026,8:39:19 AM,99,62
10/2/2026,8:39:20 AM,99,62
10/2/2026,8:39:21 AM,99,62
10/2/2026,8:39:22 AM,99,62
10/2/2026,8:39:23 AM,99,62
10/2/2026,8:39:24 AM,99,62
10/2/2026,8:39:25 AM,99,62
10/2/2026,8:39:26 AM,99,62
10/2/2026,8:39:27 AM,99,62
10/2/2026,8:39:28 AM,99,62
10/2/2026,8:39:29 AM,99,62
10/2/2026,8:39:30 AM,98,62
10/2/2026,8:39:31 AM,98,62
10/2/2026,8:39:32 AM,98,62
10/2/2026,8:39:33 AM,99,61
10/2/2026,8:39:34 AM,99,61
10/2/2026,8:39:35 AM,99,61
10/2/2026,8:39:36 AM,99,61
10/2/2026,8:39:37 AM,99,61
10/2/2026,8:39:38 AM,99,61
10/2/2026,8:39:39 AM,99,61
10/2/2026,8:39:40 AM,99,61
10/2/2026,8:39:41 AM,99,60
10/2/2026,8:39:42 AM,98,60
10/2/2026,8:39:43 AM,98,60
10/2/2026,8:39:44 AM,98,60
10/2/2026,8:39:45 AM,98,60
10/2/2026,8:39:46 AM,98,60
10/2/2026,8:39:47 AM,98,59
10/2/2026,8:39:48 AM,98,59
10/2/2026,8:39:49 AM,98,58
10/2/2026,8:39:50 AM,98,58
10/2/2026,8:39:51 AM,98,58
10/2/2026,8:39:52 AM,99,57
10/2/2026,8:39:53 AM,99,57
10/2/2026,8:39:54 AM,99,57
10/2/2026,8:39:55 AM,99,57
10/2/2026,8:39:56 AM,99,57
10/2/2026,8:39:57 AM,99,57
10/2/2026,8:39:58 AM,99,57
10/2/2026,8:39:59 AM,99,57
10/2/2026,8:40:00 AM,99,57
10/2/2026,8:40:01 AM,99,57
10/2/2026,8:40:02 AM,99,57
10/2/2026,8:40:03 AM,99,57
10/2/2026,8:40:04 AM,99,57
10/2/2026,8:40:05 AM,99,57
10/2/2026,8:40:06 AM,99,57
10/2/2026,8:40:07 AM,99,58
10/2/2026,8:40:08 AM,99,59
10/2/2026,8:40:09 AM,99,59
10/2/2026,8:40:10 AM,99,60
10/2/2026,8:40:11 AM,99,60
10/2/2026,8:40:12 AM,99,61
10/2/2026,8:40:13 AM,99,61
10/2/2026,8:40:14 AM,99,61
10/2/2026,8:40:15 AM,99,61
10/2/2026,8:40:16 AM,99,61
10/2/2026,8:40:17 AM,99,61
10/2/2026,8:40:18 AM,99,61
10/2/2026,8:40:19 AM,99,61
10/2/2026,8:40:20 AM,99,61
10/2/2026,8:40:21 AM,99,61
10/2/2026,8:40:22 AM,99,61
10/2/2026,8:40:23 AM,99,61
10/2/2026,8:40:24 AM,99,62
10/2/2026,8:40:25 AM,99,62
10/2/2026,8:40:26 AM,98,62
10/2/2026,8:40:27 AM,98,62
10/2/2026,8:40:28 AM,98,62
10/2/2026,8:40:29 AM,98,63
10/2/2026,8:40:30 AM,98,63
10/2/2026,8:40:31 AM,98,63
10/2/2026,8:40:32 AM,98,63
10/2/2026,8:40:33 AM,98,63
10/2/2026,8:40:34 AM,98,63
10/2/2026,8:40:35 AM,98,63
10/2/2026,8:40:36 AM,98,63
10/2/2026,8:40:37 AM,98,63
10/2/2026,8:40:38 AM,98,62
10/2/2026,8:40:39 AM,98,62
10/2/2026,8:40:40 AM,98,62
10/2/2026,8:40:41 AM,98,62
10/2/2026,8:40:42 AM,98,61
10/2/2026,8:40:43 AM,98,62
10/2/2026,8:40:44 AM,98,61
10/2/2026,8:40:45 AM,98,61
10/2/2026,8:40:46 AM,98,61
10/2/2026,8:40:47 AM,98,61
10/2/2026,8:40:48 AM,98,61
10/2/2026,8:40:49 AM,98,62
10/2/2026,8:40:50 AM,98,62
10/2/2026,8:40:51 AM,99,62
10/2/2026,8:40:52 AM,99,62
10/2/2026,8:40:53 AM,99,62
10/2/2026,8:40:54 AM,99,62
10/2/2026,8:40:55 AM,99,61
10/2/2026,8:40:56 AM,99,61
10/2/2026,8:40:57 AM,99,61
10/2/2026,8:40:58 AM,99,61
10/2/2026,8:40:59 AM,99,61
10/2/2026,8:41:00 AM,99,61
10/2/2026,8:41:01 AM,99,61
10/2/2026,8:41:02 AM,99,61
10/2/2026,8:41:03 AM,99,61
10/2/2026,8:41:04 AM,99,61
10/2/2026,8:41:05 AM,99,61
10/2/2026,8:41:06 AM,99,61
10/2/2026,8:41:07 AM,99,61
10/2/2026,8:41:08 AM,99,61
10/2/2026,8:41:09 AM,99,61
10/2/2026,8:41:10 AM,99,61
10/2/2026,8:41:11 AM,99,60
10/2/2026,8:41:12 AM,99,60
10/2/2026,8:41:13 AM,99,59
10/2/2026,8:41:14 AM,99,59
10/2/2026,8:41:15 AM,99,58
10/2/2026,8:41:16 AM,99,58
10/2/2026,8:41:17 AM,99,58
10/2/2026,8:41:18 AM,99,58
10/2/2026,8:41:19 AM,99,58
10/2/2026,8:41:20 AM,99,58
10/2/2026,8:41:21 AM,99,58
10/2/2026,8:41:22 AM,99,59
10/2/2026,8:41:23 AM,99,59
10/2/2026,8:41:24 AM,99,59
10/2/2026,8:41:25 AM,99,59
10/2/2026,8:41:26 AM,99,59
10/2/2026,8:41:27 AM,99,59
10/2/2026,8:41:28 AM,99,59
10/2/2026,8:41:29 AM,99,59
10/2/2026,8:41:30 AM,99,59
10/2/2026,8:41:31 AM,99,59
10/2/2026,8:41:32 AM,99,60
10/2/2026,8:41:33 AM,99,60
10/2/2026,8:41:34 AM,99,61
10/2/2026,8:41:35 AM,99,61
10/2/2026,8:41:36 AM,99,62
10/2/2026,8:41:37 AM,99,62
10/2/2026,8:41:38 AM,99,62
10/2/2026,8:41:39 AM,99,62
10/2/2026,8:41:40 AM,99,62
10/2/2026,8:41:41 AM,98,62
10/2/2026,8:41:42 AM,98,62
10/2/2026,8:41:43 AM,98,62
10/2/2026,8:41:44 AM,98,62
10/2/2026,8:41:45 AM,98,62
10/2/2026,8:41:46 AM,98,62
10/2/2026,8:41:47 AM,98,61
10/2/2026,8:41:48 AM,98,61
10/2/2026,8:41:49 AM,98,61
10/2/2026,8:41:50 AM,99,61
10/2/2026,8:41:51 AM,99,61
10/2/2026,8:41:52 AM,99,61
10/2/2026,8:41:53 AM,99,61
10/2/2026,8:41:54 AM,99,61
10/2/2026,8:41:55 AM,99,61
10/2/2026,8:41:56 AM,99,61
10/2/2026,8:41:57 AM,99,61
10/2/2026,8:41:58 AM,99,61
10/2/2026,8:41:59 AM,99,61
10/2/2026,8:42:00 AM,99,61
10/2/2026,8:42:01 AM,99,61
10/2/2026,8:42:02 AM,99,61
10/2/2026,8:42:03 AM,99,61
10/2/2026,8:42:04 AM,99,61
10/2/2026,8:42:05 AM,99,61
10/2/2026,8:42:06 AM,99,61
10/2/2026,8:42:07 AM,99,61
10/2/2026,8:42:08 AM,99,61
10/2/2026,8:42:09 AM,99,61
10/2/2026,8:42:10 AM,99,61
10/2/2026,8:42:11 AM,99,61
10/2/2026,8:42:12 AM,99,62
10/2/2026,8:42:13 AM,99,62
10/2/2026,8:42:14 AM,99,62
10/2/2026,8:42:15 AM,99,63
10/2/2026,8:42:16 AM,99,63
10/2/2026,8:42:17 AM,99,63
10/2/2026,8:42:18 AM,99,63
10/2/2026,8:42:19 AM,99,63
10/2/2026,8:42:20 AM,99,63
10/2/2026,8:42:21 AM,99,63
10/2/2026,8:42:22 AM,99,63
10/2/2026,8:42:23 AM,99,63
10/2/2026,8:42:24 AM,99,63
10/2/2026,8:42:25 AM,99,63
10/2/2026,8:42:26 AM,99,63
10/2/2026,8:42:27 AM,99,63
10/2/2026,8:42:28 AM,99,63
10/2/2026,8:42:29 AM,99,63
10/2/2026,8:42:30 AM,99,63
10/2/2026,8:42:31 AM,99,63
10/2/2026,8:42:32 AM,99,62
10/2/2026,8:42:33 AM,99,62
10/2/2026,8:42:34 AM,99,62
10/2/2026,8:42:35 AM,99,63
10/2/2026,8:42:36 AM,99,63
10/2/2026,8:42:37 AM,99,63
10/2/2026,8:42:38 AM,99,63
10/2/2026,8:42:39 AM,99,62
10/2/2026,8:42:40 AM,99,62
10/2/2026,8:42:41 AM,99,62
10/2/2026,8:42:42 AM,99,62
10/2/2026,8:42:43 AM,99,62
10/2/2026,8:42:44 AM,99,62
10/2/2026,8:42:45 AM,99,62
10/2/2026,8:42:46 AM,99,61
10/2/2026,8:42:47 AM,99,61
10/2/2026,8:42:48 AM,99,61
10/2/2026,8:42:49 AM,99,61
10/2/2026,8:42:50 AM,99,61
10/2/2026,8:42:51 AM,99,62
10/2/2026,8:42:52 AM,98,62
10/2/2026,8:42:53 AM,98,62
10/2/2026,8:42:54 AM,98,62
10/2/2026,8:42:55 AM,98,62
10/2/2026,8:42:56 AM,99,62
10/2/2026,8:42:57 AM,99,62
10/2/2026,8:42:58 AM,99,62
10/2/2026,8:42:59 AM,99,62
10/2/2026,8:43:00 AM,99,62
10/2/2026,8:43:01 AM,99,62
10/2/2026,8:43:02 AM,99,62
10/2/2026,8:43:03 AM,99,62
10/2/2026,8:43:04 AM,99,61
10/2/2026,8:43:05 AM,99,61
10/2/2026,8:43:06 AM,99,61
10/2/2026,8:43:07 AM,99,60
10/2/2026,8:43:08 AM,99,60
10/2/2026,8:43:09 AM,99,60
10/2/2026,8:43:10 AM,99,59
10/2/2026,8:43:11 AM,99,59
10/2/2026,8:43:12 AM,99,59
10/2/2026,8:43:13 AM,99,59
10/2/2026,8:43:14 AM,99,59
10/2/2026,8:43:15 AM,99,59
10/2/2026,8:43:16 AM,99,59
10/2/2026,8:43:17 AM,99,59
10/2/2026,8:43:18 AM,99,60
10/2/2026,8:43:19 AM,99,60
10/2/2026,8:43:20 AM,99,60
10/2/2026,8:43:21 AM,99,60
10/2/2026,8:43:22 AM,99,60
10/2/2026,8:43:23 AM,99,60
10/2/2026,8:43:24 AM,99,60
10/2/2026,8:43:25 AM,99,60
10/2/2026,8:43:26 AM,99,60
10/2/2026,8:43:27 AM,99,60
10/2/2026,8:43:28 AM,99,60
10/2/2026,8:43:29 AM,99,60
10/2/2026,8:43:30 AM,99,60
10/2/2026,8:43:31 AM,99,60
10/2/2026,8:43:32 AM,99,60
10/2/2026,8:43:33 AM,99,60
10/2/2026,8:43:34 AM,99,61
10/2/2026,8:43:35 AM,99,61
10/2/2026,8:43:36 AM,99,61
10/2/2026,8:43:37 AM,99,61
10/2/2026,8:43:38 AM,99,61
10/2/2026,8:43:39 AM,99,60
10/2/2026,8:43:40 AM,99,60
10/2/2026,8:43:41 AM,99,60
10/2/2026,8:43:42 AM,99,60
10/2/2026,8:43:43 AM,99,60
10/2/2026,8:43:44 AM,99,60
10/2/2026,8:43:45 AM,99,60
10/2/2026,8:43:46 AM,99,60
10/2/2026,8:43:47 AM,99,60
10/2/2026,8:43:48 AM,99,60
10/2/2026,8:43:49 AM,99,60
10/2/2026,8:43:50 AM,99,60
10/2/2026,8:43:51 AM,99,60
10/2/2026,8:43:52 AM,99,60
10/2/2026,8:43:53 AM,99,60
10/2/2026,8:43:54 AM,99,60
10/2/2026,8:43:55 AM,99,60
10/2/2026,8:43:56 AM,99,60
10/2/2026,8:43:57 AM,99,60
10/2/2026,8:43:58 AM,99,60
10/2/2026,8:43:59 AM,99,60
10/2/2026,8:44:00 AM,99,60
10/2/2026,8:44:01 AM,99,60
10/2/2026,8:44:02 AM,99,60
10/2/2026,8:44:03 AM,99,60
10/2/2026,8:44:04 AM,99,60
10/2/2026,8:44:05 AM,99,60
10/2/2026,8:44:06 AM,99,60
10/2/2026,8:44:07 AM,99,61
10/2/2026,8:44:08 AM,99,61
10/2/2026,8:44:09 AM,99,61
10/2/2026,8:44:10 AM,99,61
10/2/2026,8:44:11 AM,99,61
10/2/2026,8:44:12 AM,99,61
10/2/2026,8:44:13 AM,99,61
10/2/2026,8:44:14 AM,99,61
10/2/2026,8:44:15 AM,99,60
10/2/2026,8:44:16 AM,99,60
10/2/2026,8:44:17 AM,99,60
10/2/2026,8:44:18 AM,99,60
10/2/2026,8:44:19 AM,99,60
10/2/2026,8:44:20 AM,99,60
10/2/2026,8:44:21 AM,99,60
10/2/2026,8:44:22 AM,99,60
10/2/2026,8:44:23 AM,99,60
10/2/2026,8:44:24 AM,99,60
10/2/2026,8:44:25 AM,99,60
10/2/2026,8:44:26 AM,99,60
10/2/2026,8:44:27 AM,99,60
10/2/2026,8:44:28 AM,99,60
10/2/2026,8:44:29 AM,99,60
10/2/2026,8:44:30 AM,99,60
10/2/2026,8:44:31 AM,99,60
10/2/2026,8:44:32 AM,99,60
10/2/2026,8:44:33 AM,99,60
10/2/2026,8:44:34 AM,99,60
10/2/2026,8:44:35 AM,99,60
10/2/2026,8:44:36 AM,99,60
10/2/2026,8:44:37 AM,99,60
10/2/2026,8:44:38 AM,99,60
10/2/2026,8:44:39 AM,99,60
10/2/2026,8:44:40 AM,99,60
10/2/2026,8:44:41 AM,99,60
10/2/2026,8:44:42 AM,99,60
10/2/2026,8:44:43 AM,99,60
10/2/2026,8:44:44 AM,99,60
10/2/2026,8:44:45 AM,99,60
10/2/2026,8:44:46 AM,99,60
10/2/2026,8:44:47 AM,99,60
10/2/2026,8:44:48 AM,99,60
10/2/2026,8:44:49 AM,99,60
10/2/2026,8:44:50 AM,99,60
10/2/2026,8:44:51 AM,99,60
10/2/2026,8:44:52 AM,99,60
10/2/2026,8:44:53 AM,99,60
10/2/2026,8:44:54 AM,99,60
10/2/2026,8:44:55 AM,99,60
10/2/2026,8:44:56 AM,99,60
10/2/2026,8:44:57 AM,99,60
10/2/2026,8:44:58 AM,99,60
10/2/2026,8:44:59 AM,99,60
10/2/2026,8:45:00 AM,99,60
10/2/2026,8:45:01 AM,99,60
10/2/2026,8:45:02 AM,99,60
10/2/2026,8:45:03 AM,99,60
10/2/2026,8:45:04 AM,99,60
10/2/2026,8:45:05 AM,99,60
10/2/2026,8:45:06 AM,99,60
10/2/2026,8:45:07 AM,99,60
10/2/2026,8:45:08 AM,99,60
10/2/2026,8:45:09 AM,99,60
10/2/2026,8:45:10 AM,99,60
10/2/2026,8:45:11 AM,99,60
10/2/2026,8:45:12 AM,99,60
10/2/2026,8:45:13 AM,99,60
10/2/2026,8:45:14 AM,99,60
10/2/2026,8:45:15 AM,99,60
10/2/2026,8:45:16 AM,99,60
10/2/2026,8:45:17 AM,99,60
10/2/2026,8:45:18 AM,99,60
10/2/2026,8:45:19 AM,99,60
10/2/2026,8:45:20 AM,99,60
10/2/2026,8:45:21 AM,99,60
10/2/2026,8:45:22 AM,99,60
10/2/2026,8:45:23 AM,99,61
10/2/2026,8:45:24 AM,99,61
10/2/2026,8:45:25 AM,99,61
10/2/2026,8:45:26 AM,99,61
10/2/2026,8:45:27 AM,99,61
10/2/2026,8:45:28 AM,99,61
10/2/2026,8:45:29 AM,99,60
10/2/2026,8:45:30 AM,99,61
10/2/2026,8:45:31 AM,99,61
10/2/2026,8:45:32 AM,99,60
10/2/2026,8:45:33 AM,99,60
10/2/2026,8:45:34 AM,99,60
10/2/2026,8:45:35 AM,99,60
10/2/2026,8:45:36 AM,99,60
10/2/2026,8:45:37 AM,99,60
10/2/2026,8:45:38 AM,99,60
10/2/2026,8:45:39 AM,99,60
10/2/2026,8:45:40 AM,99,60
10/2/2026,8:45:41 AM,99,60
10/2/2026,8:45:42 AM,99,61
10/2/2026,8:45:43 AM,99,61
10/2/2026,8:45:44 AM,99,61
10/2/2026,8:45:45 AM,99,62
10/2/2026,8:45:46 AM,99,62
10/2/2026,8:45:47 AM,99,63
10/2/2026,8:45:48 AM,99,63
10/2/2026,8:45:49 AM,99,63
10/2/2026,8:45:50 AM,99,63
10/2/2026,8:45:51 AM,99,63
10/2/2026,8:45:52 AM,99,62
10/2/2026,8:45:53 AM,99,62
10/2/2026,8:45:54 AM,99,62
10/2/2026,8:45:55 AM,99,62
10/2/2026,8:45:56 AM,99,61
10/2/2026,8:45:57 AM,99,61
10/2/2026,8:45:58 AM,99,61
10/2/2026,8:45:59 AM,99,61
10/2/2026,8:46:00 AM,99,61
10/2/2026,8:46:01 AM,99,61
10/2/2026,8:46:02 AM,99,61
10/2/2026,8:46:03 AM,99,61
10/2/2026,8:46:04 AM,99,61
10/2/2026,8:46:05 AM,99,61
10/2/2026,8:46:06 AM,99,61
10/2/2026,8:46:07 AM,99,61
10/2/2026,8:46:08 AM,99,61
10/2/2026,8:46:09 AM,99,60
10/2/2026,8:46:10 AM,99,60
10/2/2026,8:46:11 AM,99,60
10/2/2026,8:46:12 AM,99,60
10/2/2026,8:46:13 AM,99,60
10/2/2026,8:46:14 AM,99,60
10/2/2026,8:46:15 AM,99,60
10/2/2026,8:46:16 AM,99,61
10/2/2026,8:46:17 AM,99,61
10/2/2026,8:46:18 AM,99,62
10/2/2026,8:46:19 AM,99,62
10/2/2026,8:46:20 AM,99,62
10/2/2026,8:46:21 AM,99,63
10/2/2026,8:46:22 AM,99,63
10/2/2026,8:46:23 AM,99,63
10/2/2026,8:46:24 AM,99,63
10/2/2026,8:46:25 AM,99,62
10/2/2026,8:46:26 AM,99,62
10/2/2026,8:46:27 AM,99,62
10/2/2026,8:46:28 AM,99,61
10/2/2026,8:46:29 AM,99,61
10/2/2026,8:46:30 AM,99,61
10/2/2026,8:46:31 AM,99,61
10/2/2026,8:46:32 AM,99,61
10/2/2026,8:46:33 AM,99,61
10/2/2026,8:46:34 AM,99,61
10/2/2026,8:46:35 AM,99,61
10/2/2026,8:46:36 AM,99,61
10/2/2026,8:46:37 AM,99,61
10/2/2026,8:46:38 AM,99,61
10/2/2026,8:46:39 AM,99,61
10/2/2026,8:46:40 AM,99,61
10/2/2026,8:46:41 AM,99,61
10/2/2026,8:46:42 AM,99,61
10/2/2026,8:46:43 AM,99,61
10/2/2026,8:46:44 AM,99,61
10/2/2026,8:46:45 AM,99,61
10/2/2026,8:46:46 AM,99,61
10/2/2026,8:46:47 AM,99,61
10/2/2026,8:46:48 AM,99,61
10/2/2026,8:46:49 AM,99,61
10/2/2026,8:46:50 AM,99,61
10/2/2026,8:46:51 AM,99,61
10/2/2026,8:46:52 AM,99,61
10/2/2026,8:46:53 AM,99,61
10/2/2026,8:46:54 AM,99,61
10/2/2026,8:46:55 AM,99,61
10/2/2026,8:46:56 AM,99,61
10/2/2026,8:46:57 AM,99,61
10/2/2026,8:46:58 AM,99,61
10/2/2026,8:46:59 AM,99,61
10/2/2026,8:47:00 AM,99,61
10/2/2026,8:47:01 AM,99,61
10/2/2026,8:47:02 AM,98,61
10/2/2026,8:47:03 AM,98,62
10/2/2026,8:47:04 AM,98,62
10/2/2026,8:47:05 AM,98,62
10/2/2026,8:47:06 AM,98,62
10/2/2026,8:47:07 AM,98,62
10/2/2026,8:47:08 AM,99,62
10/2/2026,8:47:09 AM,99,62
10/2/2026,8:47:10 AM,99,63
10/2/2026,8:47:11 AM,99,63
10/2/2026,8:47:12 AM,99,63
10/2/2026,8:47:13 AM,99,63
10/2/2026,8:47:14 AM,99,63
10/2/2026,8:47:15 AM,99,63
10/2/2026,8:47:16 AM,99,63
10/2/2026,8:47:17 AM,99,63
10/2/2026,8:47:18 AM,99,63
10/2/2026,8:47:19 AM,99,63
10/2/2026,8:47:20 AM,99,62
10/2/2026,8:47:21 AM,99,62
10/2/2026,8:47:22 AM,99,62
10/2/2026,8:47:23 AM,99,62
10/2/2026,8:47:24 AM,99,62
10/2/2026,8:47:25 AM,99,63
10/2/2026,8:47:26 AM,99,62
10/2/2026,8:47:27 AM,99,63
10/2/2026,8:47:28 AM,99,63
10/2/2026,8:47:29 AM,99,63
10/2/2026,8:47:30 AM,99,63
10/2/2026,8:47:31 AM,99,63
10/2/2026,8:47:32 AM,99,63
10/2/2026,8:47:33 AM,99,63
10/2/2026,8:47:34 AM,99,63
10/2/2026,8:47:35 AM,99,63
10/2/2026,8:47:36 AM,99,63
10/2/2026,8:47:37 AM,99,63
10/2/2026,8:47:38 AM,99,63
10/2/2026,8:47:39 AM,99,63
10/2/2026,8:47:40 AM,99,62
10/2/2026,8:47:41 AM,99,62
10/2/2026,8:47:42 AM,99,62
10/2/2026,8:47:43 AM,99,62
10/2/2026,8:47:44 AM,99,62
10/2/2026,8:47:45 AM,99,62
10/2/2026,8:47:46 AM,99,62
10/2/2026,8:47:47 AM,99,62
10/2/2026,8:47:48 AM,99,62
10/2/2026,8:47:49 AM,99,62
10/2/2026,8:47:50 AM,99,62
10/2/2026,8:47:51 AM,99,62
10/2/2026,8:47:52 AM,99,62
10/2/2026,8:47:53 AM,99,62
10/2/2026,8:47:54 AM,99,62
10/2/2026,8:47:55 AM,99,62
10/2/2026,8:47:56 AM,99,62
10/2/2026,8:47:57 AM,99,62
10/2/2026,8:47:58 AM,99,62
10/2/2026,8:47:59 AM,99,62
10/2/2026,8:48:00 AM,99,62
10/2/2026,8:48:01 AM,99,62
10/2/2026,8:48:02 AM,99,62
10/2/2026,8:48:03 AM,99,62
10/2/2026,8:48:04 AM,99,62
10/2/2026,8:48:05 AM,99,61
10/2/2026,8:48:06 AM,99,61
10/2/2026,8:48:07 AM,99,61
10/2/2026,8:48:08 AM,99,61
10/2/2026,8:48:09 AM,99,62
10/2/2026,8:48:10 AM,99,62
10/2/2026,8:48:11 AM,99,61
10/2/2026,8:48:12 AM,99,62
10/2/2026,8:48:13 AM,99,62
10/2/2026,8:48:14 AM,99,62
10/2/2026,8:48:15 AM,99,62
10/2/2026,8:48:16 AM,99,62
10/2/2026,8:48:17 AM,99,62
10/2/2026,8:48:18 AM,99,62
10/2/2026,8:48:19 AM,99,62
10/2/2026,8:48:20 AM,99,62
10/2/2026,8:48:21 AM,99,62
10/2/2026,8:48:22 AM,99,62
10/2/2026,8:48:23 AM,99,62
10/2/2026,8:48:24 AM,99,62
10/2/2026,8:48:25 AM,99,62
10/2/2026,8:48:26 AM,99,61
10/2/2026,8:48:27 AM,99,61
10/2/2026,8:48:28 AM,99,62
10/2/2026,8:48:29 AM,99,61
10/2/2026,8:48:30 AM,99,61
10/2/2026,8:48:31 AM,99,61
10/2/2026,8:48:32 AM,99,61
10/2/2026,8:48:33 AM,99,61
10/2/2026,8:48:34 AM,99,61
10/2/2026,8:48:35 AM,99,61
10/2/2026,8:48:36 AM,99,62
10/2/2026,8:48:37 AM,99,62
10/2/2026,8:48:38 AM,99,62
10/2/2026,8:48:39 AM,99,62
10/2/2026,8:48:40 AM,99,62
10/2/2026,8:48:41 AM,99,62
10/2/2026,8:48:42 AM,99,62
10/2/2026,8:48:43 AM,99,62
10/2/2026,8:48:44 AM,99,62
10/2/2026,8:48:45 AM,99,62
10/2/2026,8:48:46 AM,99,62
10/2/2026,8:48:47 AM,99,62
10/2/2026,8:48:48 AM,99,62
10/2/2026,8:48:49 AM,99,61
10/2/2026,8:48:50 AM,99,61
10/2/2026,8:48:51 AM,99,61
10/2/2026,8:48:52 AM,99,61
10/2/2026,8:48:53 AM,99,61
10/2/2026,8:48:54 AM,99,61
10/2/2026,8:48:55 AM,99,61
10/2/2026,8:48:56 AM,99,61
10/2/2026,8:48:57 AM,99,61
10/2/2026,8:48:58 AM,99,61
10/2/2026,8:48:59 AM,99,61
10/2/2026,8:49:00 AM,99,61
10/2/2026,8:49:01 AM,99,61
10/2/2026,8:49:02 AM,99,61
10/2/2026,8:49:03 AM,99,61
10/2/2026,8:49:04 AM,99,61
10/2/2026,8:49:05 AM,99,62
10/2/2026,8:49:06 AM,99,62
10/2/2026,8:49:07 AM,99,62
10/2/2026,8:49:08 AM,99,62
10/2/2026,8:49:09 AM,99,62
10/2/2026,8:49:10 AM,99,61
10/2/2026,8:49:11 AM,99,61
10/2/2026,8:49:12 AM,99,62
10/2/2026,8:49:13 AM,99,62
10/2/2026,8:49:14 AM,99,61
10/2/2026,8:49:15 AM,99,61
10/2/2026,8:49:16 AM,99,61
10/2/2026,8:49:17 AM,99,61
10/2/2026,8:49:18 AM,99,61
10/2/2026,8:49:19 AM,99,61
10/2/2026,8:49:20 AM,98,61
10/2/2026,8:49:21 AM,98,61
10/2/2026,8:49:22 AM,98,61
10/2/2026,8:49:23 AM,99,61
10/2/2026,8:49:24 AM,99,61
10/2/2026,8:49:25 AM,99,61
10/2/2026,8:49:26 AM,99,61
10/2/2026,8:49:27 AM,99,61
10/2/2026,8:49:28 AM,99,62
10/2/2026,8:49:29 AM,99,62
10/2/2026,8:49:30 AM,99,62
10/2/2026,8:49:31 AM,99,62
10/2/2026,8:49:32 AM,99,62
10/2/2026,8:49:33 AM,99,62
10/2/2026,8:49:34 AM,99,62
10/2/2026,8:49:35 AM,99,62
10/2/2026,8:49:36 AM,99,62
10/2/2026,8:49:37 AM,99,62
10/2/2026,8:49:38 AM,99,62
10/2/2026,8:49:39 AM,99,62
10/2/2026,8:49:40 AM,99,62
10/2/2026,8:49:41 AM,99,62
10/2/2026,8:49:42 AM,99,62
10/2/2026,8:49:43 AM,99,62
10/2/2026,8:49:44 AM,99,62
10/2/2026,8:49:45 AM,99,62
10/2/2026,8:49:46 AM,99,62
10/2/2026,8:49:47 AM,99,61
10/2/2026,8:49:48 AM,99,61
10/2/2026,8:49:49 AM,99,61
10/2/2026,8:49:50 AM,99,61
10/2/2026,8:49:51 AM,99,61
10/2/2026,8:49:52 AM,99,61
10/2/2026,8:49:53 AM,99,61
10/2/2026,8:49:54 AM,99,61
10/2/2026,8:49:55 AM,99,61
10/2/2026,8:49:56 AM,99,61
10/2/2026,8:49:57 AM,99,61
10/2/2026,8:49:58 AM,99,61
10/2/2026,8:49:59 AM,99,61
10/2/2026,8:50:00 AM,99,62
10/2/2026,8:50:01 AM,99,62
10/2/2026,8:50:02 AM,99,62
10/2/2026,8:50:03 AM,99,62
10/2/2026,8:50:04 AM,99,62
10/2/2026,8:50:05 AM,99,63
10/2/2026,8:50:06 AM,99,63
10/2/2026,8:50:07 AM,99,63
10/2/2026,8:50:08 AM,99,63
10/2/2026,8:50:09 AM,99,63
10/2/2026,8:50:10 AM,99,63
10/2/2026,8:50:11 AM,99,63
10/2/2026,8:50:12 AM,99,63
10/2/2026,8:50:13 AM,99,63
10/2/2026,8:50:14 AM,99,63
10/2/2026,8:50:15 AM,99,63
10/2/2026,8:50:16 AM,98,63
10/2/2026,8:50:17 AM,98,63
10/2/2026,8:50:18 AM,98,62
10/2/2026,8:50:19 AM,98,62
10/2/2026,8:50:20 AM,98,63
10/2/2026,8:50:21 AM,98,63
10/2/2026,8:50:22 AM,98,63
10/2/2026,8:50:23 AM,98,63
10/2/2026,8:50:24 AM,98,63
10/2/2026,8:50:25 AM,98,63
10/2/2026,8:50:26 AM,98,63
10/2/2026,8:50:27 AM,98,63
10/2/2026,8:50:28 AM,98,63
10/2/2026,8:50:29 AM,98,62
10/2/2026,8:50:30 AM,98,62
10/2/2026,8:50:31 AM,98,62
10/2/2026,8:50:32 AM,98,62
10/2/2026,8:50:33 AM,98,62
10/2/2026,8:50:34 AM,98,62
10/2/2026,8:50:35 AM,98,62
10/2/2026,8:50:36 AM,98,62
10/2/2026,8:50:37 AM,98,62
10/2/2026,8:50:38 AM,98,62
10/2/2026,8:50:39 AM,98,63
10/2/2026,8:50:40 AM,98,63
10/2/2026,8:50:41 AM,98,63
10/2/2026,8:50:42 AM,98,63
10/2/2026,8:50:43 AM,98,63
10/2/2026,8:50:44 AM,99,63
10/2/2026,8:50:45 AM,99,63
10/2/2026,8:50:46 AM,99,63
10/2/2026,8:50:47 AM,99,63
10/2/2026,8:50:48 AM,99,63
10/2/2026,8:50:49 AM,99,63
10/2/2026,8:50:50 AM,99,63
10/2/2026,8:50:51 AM,99,62
10/2/2026,8:50:52 AM,99,63
10/2/2026,8:50:53 AM,99,62
10/2/2026,8:50:54 AM,99,62
10/2/2026,8:50:55 AM,99,62
10/2/2026,8:50:56 AM,99,63
10/2/2026,8:50:57 AM,99,62
10/2/2026,8:50:58 AM,99,62
10/2/2026,8:50:59 AM,99,62
10/2/2026,8:51:00 AM,99,63
10/2/2026,8:51:01 AM,99,63
10/2/2026,8:51:02 AM,99,63
10/2/2026,8:51:03 AM,99,63
10/2/2026,8:51:04 AM,99,63
10/2/2026,8:51:05 AM,99,63
10/2/2026,8:51:06 AM,99,64
10/2/2026,8:51:07 AM,99,64
10/2/2026,8:51:08 AM,99,64
10/2/2026,8:51:09 AM,99,64
10/2/2026,8:51:10 AM,99,64
10/2/2026,8:51:11 AM,99,64
10/2/2026,8:51:12 AM,99,64
10/2/2026,8:51:13 AM,99,64
10/2/2026,8:51:14 AM,99,64
10/2/2026,8:51:15 AM,99,64
10/2/2026,8:51:16 AM,99,63
10/2/2026,8:51:17 AM,99,63
10/2/2026,8:51:18 AM,99,63
10/2/2026,8:51:19 AM,99,63
10/2/2026,8:51:20 AM,99,63
10/2/2026,8:51:21 AM,99,63
10/2/2026,8:51:22 AM,99,63
10/2/2026,8:51:23 AM,99,63
10/2/2026,8:51:24 AM,99,63
10/2/2026,8:51:25 AM,99,63
10/2/2026,8:51:26 AM,98,63
10/2/2026,8:51:27 AM,98,63
10/2/2026,8:51:28 AM,98,63
10/2/2026,8:51:29 AM,98,63
10/2/2026,8:51:30 AM,98,63
10/2/2026,8:51:31 AM,98,63
10/2/2026,8:51:32 AM,98,63
10/2/2026,8:51:33 AM,98,63
10/2/2026,8:51:34 AM,98,63
10/2/2026,8:51:35 AM,98,63
10/2/2026,8:51:36 AM,98,63
10/2/2026,8:51:37 AM,98,63
10/2/2026,8:51:38 AM,98,63
10/2/2026,8:51:39 AM,98,63
10/2/2026,8:51:40 AM,99,64
10/2/2026,8:51:41 AM,99,63
10/2/2026,8:51:42 AM,99,63
10/2/2026,8:51:43 AM,99,64
10/2/2026,8:51:44 AM,99,64
10/2/2026,8:51:45 AM,99,64
10/2/2026,8:51:46 AM,99,63
10/2/2026,8:51:47 AM,99,64
10/2/2026,8:51:48 AM,99,64
10/2/2026,8:51:49 AM,99,63
10/2/2026,8:51:50 AM,99,63
10/2/2026,8:51:51 AM,99,63
10/2/2026,8:51:52 AM,99,63
10/2/2026,8:51:53 AM,99,63
10/2/2026,8:51:54 AM,99,63
10/2/2026,8:51:55 AM,99,63
10/2/2026,8:51:56 AM,99,63
10/2/2026,8:51:57 AM,99,63
10/2/2026,8:51:58 AM,99,63
10/2/2026,8:51:59 AM,99,63
10/2/2026,8:52:00 AM,99,63
10/2/2026,8:52:01 AM,99,63
10/2/2026,8:52:02 AM,99,63
10/2/2026,8:52:03 AM,99,63
10/2/2026,8:52:04 AM,99,63
10/2/2026,8:52:05 AM,99,63
10/2/2026,8:52:06 AM,99,63
10/2/2026,8:52:07 AM,99,63
10/2/2026,8:52:08 AM,99,63
10/2/2026,8:52:09 AM,99,63
10/2/2026,8:52:10 AM,99,63
10/2/2026,8:52:11 AM,99,63
10/2/2026,8:52:12 AM,99,63
10/2/2026,8:52:13 AM,99,63
10/2/2026,8:52:14 AM,99,63
10/2/2026,8:52:15 AM,99,63
10/2/2026,8:52:16 AM,99,62
10/2/2026,8:52:17 AM,99,62
10/2/2026,8:52:18 AM,99,62
10/2/2026,8:52:19 AM,99,62
10/2/2026,8:52:20 AM,99,62
10/2/2026,8:52:21 AM,99,62
10/2/2026,8:52:22 AM,99,62
10/2/2026,8:52:23 AM,99,63
10/2/2026,8:52:24 AM,99,63
10/2/2026,8:52:25 AM,99,63
10/2/2026,8:52:26 AM,99,63
10/2/2026,8:52:27 AM,99,63
10/2/2026,8:52:28 AM,99,63
10/2/2026,8:52:29 AM,99,63
10/2/2026,8:52:30 AM,99,63
10/2/2026,8:52:31 AM,98,63
10/2/2026,8:52:32 AM,98,63
10/2/2026,8:52:33 AM,98,63
10/2/2026,8:52:34 AM,98,63
10/2/2026,8:52:35 AM,98,63
10/2/2026,8:52:36 AM,98,63
10/2/2026,8:52:37 AM,98,63
10/2/2026,8:52:38 AM,98,63
10/2/2026,8:52:39 AM,98,63
10/2/2026,8:52:40 AM,98,63
10/2/2026,8:52:41 AM,98,63
10/2/2026,8:52:42 AM,98,63
10/2/2026,8:52:43 AM,98,63
10/2/2026,8:52:44 AM,98,63
10/2/2026,8:52:45 AM,98,63
10/2/2026,8:52:46 AM,98,63
10/2/2026,8:52:47 AM,98,63
10/2/2026,8:52:48 AM,98,63
10/2/2026,8:52:49 AM,98,63
10/2/2026,8:52:50 AM,98,63
10/2/2026,8:52:51 AM,98,63
10/2/2026,8:52:52 AM,98,62
10/2/2026,8:52:53 AM,98,62
10/2/2026,8:52:54 AM,98,62
10/2/2026,8:52:55 AM,98,62
10/2/2026,8:52:56 AM,98,62
10/2/2026,8:52:57 AM,98,62
10/2/2026,8:52:58 AM,98,62
10/2/2026,8:52:59 AM,98,62
10/2/2026,8:53:00 AM,98,62
10/2/2026,8:53:01 AM,98,62
10/2/2026,8:53:02 AM,98,62
10/2/2026,8:53:03 AM,98,62
10/2/2026,8:53:04 AM,99,62
10/2/2026,8:53:05 AM,99,62
10/2/2026,8:53:06 AM,99,62
10/2/2026,8:53:07 AM,99,62
10/2/2026,8:53:08 AM,99,62
10/2/2026,8:53:09 AM,99,62
10/2/2026,8:53:10 AM,99,63
10/2/2026,8:53:11 AM,99,63
10/2/2026,8:53:12 AM,99,63
10/2/2026,8:53:13 AM,99,63
10/2/2026,8:53:14 AM,99,63
10/2/2026,8:53:15 AM,99,63
10/2/2026,8:53:16 AM,99,63
10/2/2026,8:53:17 AM,99,63
10/2/2026,8:53:18 AM,99,63
10/2/2026,8:53:19 AM,99,63
10/2/2026,8:53:20 AM,99,63
10/2/2026,8:53:21 AM,99,63
10/2/2026,8:53:22 AM,99,63
10/2/2026,8:53:23 AM,99,63
10/2/2026,8:53:24 AM,99,63
10/2/2026,8:53:25 AM,99,63
10/2/2026,8:53:26 AM,99,63
10/2/2026,8:53:27 AM,99,63
10/2/2026,8:53:28 AM,99,63
10/2/2026,8:53:29 AM,99,63
10/2/2026,8:53:30 AM,99,63
10/2/2026,8:53:31 AM,99,63
10/2/2026,8:53:32 AM,99,63
10/2/2026,8:53:33 AM,99,62
10/2/2026,8:53:34 AM,99,62
10/2/2026,8:53:35 AM,99,62
10/2/2026,8:53:36 AM,99,62
10/2/2026,8:53:37 AM,99,62
10/2/2026,8:53:38 AM,99,62
10/2/2026,8:53:39 AM,99,62
10/2/2026,8:53:40 AM,99,62
10/2/2026,8:53:41 AM,99,62
10/2/2026,8:53:42 AM,99,62
10/2/2026,8:53:43 AM,98,62
10/2/2026,8:53:44 AM,98,62
10/2/2026,8:53:45 AM,98,62
10/2/2026,8:53:46 AM,98,62
10/2/2026,8:53:47 AM,98,63
10/2/2026,8:53:48 AM,98,63
10/2/2026,8:53:49 AM,98,63
10/2/2026,8:53:50 AM,98,63
10/2/2026,8:53:51 AM,98,63
10/2/2026,8:53:52 AM,98,63
10/2/2026,8:53:53 AM,98,63
10/2/2026,8:53:54 AM,98,63
10/2/2026,8:53:55 AM,98,63
10/2/2026,8:53:56 AM,98,63
10/2/2026,8:53:57 AM,98,63
10/2/2026,8:53:58 AM,98,63
10/2/2026,8:53:59 AM,98,63
10/2/2026,8:54:00 AM,98,63
10/2/2026,8:54:01 AM,98,63
10/2/2026,8:54:02 AM,98,63
10/2/2026,8:54:03 AM,98,62
10/2/2026,8:54:04 AM,98,62
10/2/2026,8:54:05 AM,98,62
10/2/2026,8:54:06 AM,98,62
10/2/2026,8:54:07 AM,98,62
10/2/2026,8:54:08 AM,98,62
10/2/2026,8:54:09 AM,98,62
10/2/2026,8:54:10 AM,98,62
10/2/2026,8:54:11 AM,98,62
10/2/2026,8:54:12 AM,98,62
10/2/2026,8:54:13 AM,98,62
10/2/2026,8:54:14 AM,98,62
10/2/2026,8:54:15 AM,98,63
10/2/2026,8:54:16 AM,98,63
10/2/2026,8:54:17 AM,99,63
10/2/2026,8:54:18 AM,99,63
10/2/2026,8:54:19 AM,99,63
10/2/2026,8:54:20 AM,99,63
10/2/2026,8:54:21 AM,99,63
10/2/2026,8:54:22 AM,99,63
10/2/2026,8:54:23 AM,99,63
10/2/2026,8:54:24 AM,99,63
10/2/2026,8:54:25 AM,99,63
10/2/2026,8:54:26 AM,99,63
10/2/2026,8:54:27 AM,99,63
10/2/2026,8:54:28 AM,99,63
10/2/2026,8:54:29 AM,99,62
10/2/2026,8:54:30 AM,99,63
10/2/2026,8:54:31 AM,99,63
10/2/2026,8:54:32 AM,99,62
10/2/2026,8:54:33 AM,99,62
10/2/2026,8:54:34 AM,99,62
10/2/2026,8:54:35 AM,99,62
10/2/2026,8:54:36 AM,99,62
10/2/2026,8:54:37 AM,99,62
10/2/2026,8:54:38 AM,99,62
10/2/2026,8:54:39 AM,99,62
10/2/2026,8:54:40 AM,99,62
10/2/2026,8:54:41 AM,99,62
10/2/2026,8:54:42 AM,99,62
10/2/2026,8:54:43 AM,99,62
10/2/2026,8:54:44 AM,99,62
10/2/2026,8:54:45 AM,99,62
10/2/2026,8:54:46 AM,98,63
10/2/2026,8:54:47 AM,98,63
10/2/2026,8:54:48 AM,98,63
10/2/2026,8:54:49 AM,98,63
10/2/2026,8:54:50 AM,98,64
10/2/2026,8:54:51 AM,98,64
10/2/2026,8:54:52 AM,98,64
10/2/2026,8:54:53 AM,98,64
10/2/2026,8:54:54 AM,98,64
10/2/2026,8:54:55 AM,98,63
10/2/2026,8:54:56 AM,98,63
10/2/2026,8:54:57 AM,99,63
10/2/2026,8:54:58 AM,99,63
10/2/2026,8:54:59 AM,99,63
10/2/2026,8:55:00 AM,99,63
10/2/2026,8:55:01 AM,99,63
10/2/2026,8:55:02 AM,99,62
10/2/2026,8:55:03 AM,99,62
10/2/2026,8:55:04 AM,99,62
10/2/2026,8:55:05 AM,99,62
10/2/2026,8:55:06 AM,98,62
10/2/2026,8:55:07 AM,98,62
10/2/2026,8:55:08 AM,98,62
10/2/2026,8:55:09 AM,98,62
10/2/2026,8:55:10 AM,98,62
10/2/2026,8:55:11 AM,98,62
10/2/2026,8:55:12 AM,98,62
10/2/2026,8:55:13 AM,98,62
10/2/2026,8:55:14 AM,99,63
10/2/2026,8:55:15 AM,99,63
10/2/2026,8:55:16 AM,99,62
10/2/2026,8:55:17 AM,99,62
10/2/2026,8:55:18 AM,99,62
10/2/2026,8:55:19 AM,99,62
10/2/2026,8:55:20 AM,99,62
10/2/2026,8:55:21 AM,99,62
10/2/2026,8:55:22 AM,99,62
10/2/2026,8:55:23 AM,99,62
10/2/2026,8:55:24 AM,99,62
10/2/2026,8:55:25 AM,99,62
10/2/2026,8:55:26 AM,99,62
10/2/2026,8:55:27 AM,99,62
10/2/2026,8:55:28 AM,99,62
10/2/2026,8:55:29 AM,99,63
10/2/2026,8:55:30 AM,99,64
10/2/2026,8:55:31 AM,98,64
10/2/2026,8:55:32 AM,98,64
10/2/2026,8:55:33 AM,98,64
10/2/2026,8:55:34 AM,98,65
10/2/2026,8:55:35 AM,98,64
10/2/2026,8:55:36 AM,98,64
10/2/2026,8:55:37 AM,98,65
10/2/2026,8:55:38 AM,98,65
10/2/2026,8:55:39 AM,98,64
10/2/2026,8:55:40 AM,98,64
10/2/2026,8:55:41 AM,98,63
10/2/2026,8:55:42 AM,99,63
10/2/2026,8:55:43 AM,99,62
10/2/2026,8:55:44 AM,99,62
10/2/2026,8:55:45 AM,99,62
10/2/2026,8:55:46 AM,99,62
10/2/2026,8:55:47 AM,99,62
10/2/2026,8:55:48 AM,99,62
10/2/2026,8:55:49 AM,99,62
10/2/2026,8:55:50 AM,99,62
10/2/2026,8:55:51 AM,99,62
10/2/2026,8:55:52 AM,99,62
10/2/2026,8:55:53 AM,99,62
10/2/2026,8:55:54 AM,99,62
10/2/2026,8:55:55 AM,99,62
10/2/2026,8:55:56 AM,99,62
10/2/2026,8:55:57 AM,99,62
10/2/2026,8:55:58 AM,99,62
10/2/2026,8:55:59 AM,98,63
10/2/2026,8:56:00 AM,98,63
10/2/2026,8:56:01 AM,98,62
10/2/2026,8:56:02 AM,98,63
10/2/2026,8:56:03 AM,98,63
10/2/2026,8:56:04 AM,98,62
10/2/2026,8:56:05 AM,98,62
10/2/2026,8:56:06 AM,98,63
10/2/2026,8:56:07 AM,98,62
10/2/2026,8:56:08 AM,98,62
10/2/2026,8:56:09 AM,98,62
10/2/2026,8:56:10 AM,98,62
10/2/2026,8:56:11 AM,98,62
10/2/2026,8:56:12 AM,98,62
10/2/2026,8:56:13 AM,98,63
10/2/2026,8:56:14 AM,98,63
10/2/2026,8:56:15 AM,98,63
10/2/2026,8:56:16 AM,99,63
10/2/2026,8:56:17 AM,99,63
10/2/2026,8:56:18 AM,99,63
10/2/2026,8:56:19 AM,99,63
10/2/2026,8:56:20 AM,99,63
10/2/2026,8:56:21 AM,99,63
10/2/2026,8:56:22 AM,99,63
10/2/2026,8:56:23 AM,99,63
10/2/2026,8:56:24 AM,99,64
10/2/2026,8:56:25 AM,99,64
10/2/2026,8:56:26 AM,99,64
10/2/2026,8:56:27 AM,99,64
10/2/2026,8:56:28 AM,99,64
10/2/2026,8:56:29 AM,99,64
10/2/2026,8:56:30 AM,99,64
10/2/2026,8:56:31 AM,99,64
10/2/2026,8:56:32 AM,99,64
10/2/2026,8:56:33 AM,99,64
10/2/2026,8:56:34 AM,99,64
10/2/2026,8:56:35 AM,99,64
10/2/2026,8:56:36 AM,99,64
10/2/2026,8:56:37 AM,99,64
10/2/2026,8:56:38 AM,99,64
10/2/2026,8:56:39 AM,99,64
10/2/2026,8:56:40 AM,99,64
10/2/2026,8:56:41 AM,99,64
10/2/2026,8:56:42 AM,99,65
10/2/2026,8:56:43 AM,99,64
10/2/2026,8:56:44 AM,99,64
10/2/2026,8:56:45 AM,99,64
10/2/2026,8:56:46 AM,99,64
10/2/2026,8:56:47 AM,99,64
10/2/2026,8:56:48 AM,99,64
10/2/2026,8:56:49 AM,99,64
10/2/2026,8:56:50 AM,99,64
10/2/2026,8:56:51 AM,99,64
10/2/2026,8:56:52 AM,99,64
10/2/2026,8:56:53 AM,99,64
10/2/2026,8:56:54 AM,99,64
10/2/2026,8:56:55 AM,99,64
10/2/2026,8:56:56 AM,99,64
10/2/2026,8:56:57 AM,98,64
10/2/2026,8:56:58 AM,98,64
10/2/2026,8:56:59 AM,98,64
10/2/2026,8:57:00 AM,98,64
10/2/2026,8:57:01 AM,98,64
10/2/2026,8:57:02 AM,98,64
10/2/2026,8:57:03 AM,98,64
10/2/2026,8:57:04 AM,98,64
10/2/2026,8:57:05 AM,98,64
10/2/2026,8:57:06 AM,98,64
10/2/2026,8:57:07 AM,98,64
10/2/2026,8:57:08 AM,98,63
10/2/2026,8:57:09 AM,98,63
10/2/2026,8:57:10 AM,99,63
10/2/2026,8:57:11 AM,99,63
10/2/2026,8:57:12 AM,99,63
10/2/2026,8:57:13 AM,99,63
10/2/2026,8:57:14 AM,99,63
10/2/2026,8:57:15 AM,99,63
10/2/2026,8:57:16 AM,99,63
10/2/2026,8:57:17 AM,99,63
10/2/2026,8:57:18 AM,98,63
10/2/2026,8:57:19 AM,98,63
10/2/2026,8:57:20 AM,98,63
10/2/2026,8:57:21 AM,98,63
10/2/2026,8:57:22 AM,98,63
10/2/2026,8:57:23 AM,98,63
10/2/2026,8:57:24 AM,98,63
10/2/2026,8:57:25 AM,98,63
10/2/2026,8:57:26 AM,98,63
10/2/2026,8:57:27 AM,99,63
10/2/2026,8:57:28 AM,99,63
10/2/2026,8:57:29 AM,99,63
10/2/2026,8:57:30 AM,99,63
10/2/2026,8:57:31 AM,99,63
10/2/2026,8:57:32 AM,99,63
10/2/2026,8:57:33 AM,99,63
10/2/2026,8:57:34 AM,99,63
10/2/2026,8:57:35 AM,99,62
10/2/2026,8:57:36 AM,99,62
10/2/2026,8:57:37 AM,99,62
10/2/2026,8:57:38 AM,99,62
10/2/2026,8:57:39 AM,99,62
10/2/2026,8:57:40 AM,99,63
10/2/2026,8:57:41 AM,99,63
10/2/2026,8:57:42 AM,99,63
10/2/2026,8:57:43 AM,99,63
10/2/2026,8:57:44 AM,98,64
10/2/2026,8:57:45 AM,98,64
10/2/2026,8:57:46 AM,98,64
10/2/2026,8:57:47 AM,98,64
10/2/2026,8:57:48 AM,98,64
10/2/2026,8:57:49 AM,98,64
10/2/2026,8:57:50 AM,98,63
10/2/2026,8:57:51 AM,98,63
10/2/2026,8:57:52 AM,98,63
10/2/2026,8:57:53 AM,98,63
10/2/2026,8:57:54 AM,98,63
10/2/2026,8:57:55 AM,98,63
10/2/2026,8:57:56 AM,98,63
10/2/2026,8:57:57 AM,98,63
10/2/2026,8:57:58 AM,98,63
10/2/2026,8:57:59 AM,98,63
10/2/2026,8:58:00 AM,98,63
10/2/2026,8:58:01 AM,98,63
10/2/2026,8:58:02 AM,98,63
10/2/2026,8:58:03 AM,98,63
10/2/2026,8:58:04 AM,98,63
10/2/2026,8:58:05 AM,98,63
10/2/2026,8:58:06 AM,98,63
10/2/2026,8:58:07 AM,98,63
10/2/2026,8:58:08 AM,98,63
10/2/2026,8:58:09 AM,98,63
10/2/2026,8:58:10 AM,98,63
10/2/2026,8:58:11 AM,98,63
10/2/2026,8:58:12 AM,98,63
10/2/2026,8:58:13 AM,99,63
10/2/2026,8:58:14 AM,99,63
10/2/2026,8:58:15 AM,99,63
10/2/2026,8:58:16 AM,99,63
10/2/2026,8:58:17 AM,99,63
10/2/2026,8:58:18 AM,99,63
10/2/2026,8:58:19 AM,99,63
10/2/2026,8:58:20 AM,99,63
10/2/2026,8:58:21 AM,99,63
10/2/2026,8:58:22 AM,99,63
10/2/2026,8:58:23 AM,99,63
10/2/2026,8:58:24 AM,99,63
10/2/2026,8:58:25 AM,99,63
10/2/2026,8:58:26 AM,99,63
10/2/2026,8:58:27 AM,99,63
10/2/2026,8:58:28 AM,99,63
10/2/2026,8:58:29 AM,99,63
10/2/2026,8:58:30 AM,99,63
10/2/2026,8:58:31 AM,99,63
10/2/2026,8:58:32 AM,99,63
10/2/2026,8:58:33 AM,99,63
10/2/2026,8:58:34 AM,99,63
10/2/2026,8:58:35 AM,99,63
10/2/2026,8:58:36 AM,99,63
10/2/2026,8:58:37 AM,99,63
10/2/2026,8:58:38 AM,98,63
10/2/2026,8:58:39 AM,98,63
10/2/2026,8:58:40 AM,98,63
10/2/2026,8:58:41 AM,98,64
10/2/2026,8:58:42 AM,98,65
10/2/2026,8:58:43 AM,98,66
10/2/2026,8:58:44 AM,98,66
10/2/2026,8:58:45 AM,98,67
10/2/2026,8:58:46 AM,98,67
10/2/2026,8:58:47 AM,98,67
10/2/2026,8:58:48 AM,98,68
10/2/2026,8:58:49 AM,98,69
10/2/2026,8:58:50 AM,98,69
10/2/2026,8:58:51 AM,98,68
10/2/2026,8:58:52 AM,98,68
10/2/2026,8:58:53 AM,98,68
10/2/2026,8:58:54 AM,98,68
10/2/2026,8:58:55 AM,98,68
10/2/2026,8:58:56 AM,98,68
10/2/2026,8:58:57 AM,98,68
10/2/2026,8:58:58 AM,98,68
10/2/2026,8:58:59 AM,98,68
10/2/2026,8:59:00 AM,98,67
10/2/2026,8:59:01 AM,98,66
10/2/2026,8:59:02 AM,98,66
10/2/2026,8:59:03 AM,98,65
10/2/2026,8:59:04 AM,98,64
10/2/2026,8:59:05 AM,98,64
10/2/2026,8:59:06 AM,98,64
10/2/2026,8:59:07 AM,98,63
10/2/2026,8:59:08 AM,98,63
10/2/2026,8:59:09 AM,98,63
10/2/2026,8:59:10 AM,99,63
10/2/2026,8:59:11 AM,99,63
10/2/2026,8:59:12 AM,99,63
10/2/2026,8:59:13 AM,99,63
10/2/2026,8:59:14 AM,99,63
10/2/2026,8:59:15 AM,99,63
10/2/2026,8:59:16 AM,99,63
10/2/2026,8:59:17 AM,99,63
10/2/2026,8:59:18 AM,99,64
10/2/2026,8:59:19 AM,99,64
10/2/2026,8:59:20 AM,99,64
10/2/2026,8:59:21 AM,99,64
10/2/2026,8:59:22 AM,99,65
10/2/2026,8:59:23 AM,99,65
10/2/2026,8:59:24 AM,99,67
10/2/2026,8:59:25 AM,99,68
10/2/2026,8:59:26 AM,99,69
10/2/2026,8:59:27 AM,99,69
10/2/2026,8:59:28 AM,99,69
10/2/2026,8:59:29 AM,99,69
10/2/2026,8:59:30 AM,99,69
10/2/2026,8:59:31 AM,99,69
10/2/2026,8:59:32 AM,99,69
10/2/2026,8:59:33 AM,99,69
10/2/2026,8:59:34 AM,99,69
10/2/2026,8:59:35 AM,99,69
10/2/2026,8:59:36 AM,99,68
10/2/2026,8:59:37 AM,99,68
10/2/2026,8:59:38 AM,99,67
10/2/2026,8:59:39 AM,99,66
10/2/2026,8:59:40 AM,99,66
10/2/2026,8:59:41 AM,99,65
10/2/2026,8:59:42 AM,99,65
10/2/2026,8:59:43 AM,99,64
10/2/2026,8:59:44 AM,99,64
10/2/2026,8:59:45 AM,99,63
10/2/2026,8:59:46 AM,99,63
10/2/2026,8:59:47 AM,99,63
10/2/2026,8:59:48 AM,99,62
10/2/2026,8:59:49 AM,99,62
10/2/2026,8:59:50 AM,99,62
10/2/2026,8:59:51 AM,99,62
10/2/2026,8:59:52 AM,99,62
10/2/2026,8:59:53 AM,99,62
10/2/2026,8:59:54 AM,99,62
10/2/2026,8:59:55 AM,99,62
10/2/2026,8:59:56 AM,99,62
10/2/2026,8:59:57 AM,99,62
10/2/2026,8:59:58 AM,99,62
10/2/2026,8:59:59 AM,99,62
10/2/2026,9:00:00 AM,99,62
10/2/2026,9:00:01 AM,99,63
10/2/2026,9:00:02 AM,99,63
10/2/2026,9:00:03 AM,99,63
10/2/2026,9:00:04 AM,99,63
10/2/2026,9:00:05 AM,99,63
10/2/2026,9:00:06 AM,99,63
10/2/2026,9:00:07 AM,99,63
10/2/2026,9:00:08 AM,99,63
10/2/2026,9:00:09 AM,99,63
10/2/2026,9:00:10 AM,99,63
10/2/2026,9:00:11 AM,99,64
10/2/2026,9:00:12 AM,99,64
10/2/2026,9:00:13 AM,99,64
10/2/2026,9:00:14 AM,99,65
10/2/2026,9:00:15 AM,99,65
10/2/2026,9:00:16 AM,99,65
10/2/2026,9:00:17 AM,99,65
10/2/2026,9:00:18 AM,99,65
10/2/2026,9:00:19 AM,99,65
10/2/2026,9:00:20 AM,99,66
10/2/2026,9:00:21 AM,99,66
10/2/2026,9:00:22 AM,99,66
10/2/2026,9:00:23 AM,99,66
10/2/2026,9:00:24 AM,99,66
10/2/2026,9:00:25 AM,99,66
10/2/2026,9:00:26 AM,99,66
10/2/2026,9:00:27 AM,99,66
10/2/2026,9:00:28 AM,99,66
10/2/2026,9:00:29 AM,99,66
10/2/2026,9:00:30 AM,99,66
10/2/2026,9:00:31 AM,99,66
10/2/2026,9:00:32 AM,99,65
10/2/2026,9:00:33 AM,99,65
10/2/2026,9:00:34 AM,99,65
10/2/2026,9:00:35 AM,99,65
10/2/2026,9:00:36 AM,99,65
10/2/2026,9:00:37 AM,99,65
10/2/2026,9:00:38 AM,99,64
10/2/2026,9:00:39 AM,99,64
10/2/2026,9:00:40 AM,99,64
10/2/2026,9:00:41 AM,99,64
10/2/2026,9:00:42 AM,99,64
10/2/2026,9:00:43 AM,99,64
10/2/2026,9:00:44 AM,99,64
10/2/2026,9:00:45 AM,99,64
10/2/2026,9:00:46 AM,99,64
10/2/2026,9:00:47 AM,99,64
10/2/2026,9:00:48 AM,99,64
10/2/2026,9:00:49 AM,99,64
10/2/2026,9:00:50 AM,99,64
10/2/2026,9:00:51 AM,99,64
10/2/2026,9:00:52 AM,99,64
10/2/2026,9:00:53 AM,99,64
10/2/2026,9:00:54 AM,99,64
10/2/2026,9:00:55 AM,99,64
10/2/2026,9:00:56 AM,99,64
10/2/2026,9:00:57 AM,,
10/2/2026,9:00:58 AM,,
10/2/2026,9:00:59 AM,,
10/2/2026,9:01:00 AM,,
10/2/2026,9:01:01 AM,,
10/2/2026,9:01:02 AM,,
10/2/2026,9:01:03 AM,,
10/2/2026,9:01:04 AM,,
10/2/2026,9:01:05 AM,,
10/2/2026,9:01:06 AM,,
10/2/2026,9:01:07 AM,,
10/2/2026,9:01:08 AM,,
10/2/2026,9:01:09 AM,,
10/2/2026,9:01:10 AM,,
10/2/2026,9:01:11 AM,,
10/2/2026,9:01:12 AM,,
10/2/2026,9:01:13 AM,,
10/2/2026,9:01:14 AM,,
10/2/2026,9:01:15 AM,,
10/2/2026,9:01:16 AM,,
10/2/2026,9:01:17 AM,,
10/2/2026,9:01:18 AM,,
10/2/2026,9:01:19 AM,,
10/2/2026,9:01:20 AM,,
10/2/2026,9:01:21 AM,,
10/2/2026,9:01:22 AM,,
10/2/2026,9:01:23 AM,,
10/2/2026,9:01:24 AM,,
10/2/2026,9:01:25 AM,,
10/2/2026,9:01:26 AM,,
10/2/2026,9:01:27 AM,,
10/2/2026,9:01:28 AM,,
10/2/2026,9:01:29 AM,,
10/2/2026,9:01:30 AM,,
10/2/2026,9:01:31 AM,,
10/2/2026,9:01:32 AM,,
10/2/2026,9:01:33 AM,,
10/2/2026,9:01:34 AM,,
10/2/2026,9:01:35 AM,,
10/2/2026,9:01:36 AM,,
10/2/2026,9:01:37 AM,,
10/2/2026,9:01:38 AM,,
10/2/2026,9:01:39 AM,,
10/2/2026,9:01:40 AM,,
10/2/2026,9:01:41 AM,,
10/2/2026,9:01:42 AM,,
10/2/2026,9:01:43 AM,,
10/2/2026,9:01:44 AM,,
10/2/2026,9:01:45 AM,,
10/2/2026,9:01:46 AM,,
10/2/2026,9:01:47 AM,98,66
10/2/2026,9:01:48 AM,98,66
10/2/2026,9:01:49 AM,98,66
10/2/2026,9:01:50 AM,98,66
10/2/2026,9:01:51 AM,98,66
10/2/2026,9:01:52 AM,98,66
10/2/2026,9:01:53 AM,98,66
10/2/2026,9:01:54 AM,98,66
10/2/2026,9:01:55 AM,98,66
10/2/2026,9:01:56 AM,98,66
10/2/2026,9:01:57 AM,98,66
10/2/2026,9:01:58 AM,98,66
10/2/2026,9:01:59 AM,99,66
10/2/2026,9:02:00 AM,99,66
10/2/2026,9:02:01 AM,99,66
10/2/2026,9:02:02 AM,99,66
10/2/2026,9:02:03 AM,99,66
10/2/2026,9:02:04 AM,99,66
10/2/2026,9:02:05 AM,99,65
10/2/2026,9:02:06 AM,99,65
10/2/2026,9:02:07 AM,99,65
10/2/2026,9:02:08 AM,99,64
10/2/2026,9:02:09 AM,99,64
10/2/2026,9:02:10 AM,99,63
10/2/2026,9:02:11 AM,99,63
10/2/2026,9:02:12 AM,99,62
10/2/2026,9:02:13 AM,99,62
10/2/2026,9:02:14 AM,99,61
10/2/2026,9:02:15 AM,99,61
10/2/2026,9:02:16 AM,99,60
10/2/2026,9:02:17 AM,99,60
10/2/2026,9:02:18 AM,99,60
10/2/2026,9:02:19 AM,99,60
10/2/2026,9:02:20 AM,99,60
10/2/2026,9:02:21 AM,99,61
10/2/2026,9:02:22 AM,99,61
10/2/2026,9:02:23 AM,99,61
10/2/2026,9:02:24 AM,99,61
10/2/2026,9:02:25 AM,99,61
10/2/2026,9:02:26 AM,99,61
10/2/2026,9:02:27 AM,99,61
10/2/2026,9:02:28 AM,99,61
10/2/2026,9:02:29 AM,99,61
10/2/2026,9:02:30 AM,99,61
10/2/2026,9:02:31 AM,99,61
10/2/2026,9:02:32 AM,99,61
10/2/2026,9:02:33 AM,99,61
10/2/2026,9:02:34 AM,99,61
10/2/2026,9:02:35 AM,99,61
10/2/2026,9:02:36 AM,99,61
10/2/2026,9:02:37 AM,99,61
10/2/2026,9:02:38 AM,99,61
10/2/2026,9:02:39 AM,99,61
10/2/2026,9:02:40 AM,99,61
10/2/2026,9:02:41 AM,99,61
10/2/2026,9:02:42 AM,99,61
10/2/2026,9:02:43 AM,99,62
10/2/2026,9:02:44 AM,99,62
10/2/2026,9:02:45 AM,99,62
10/2/2026,9:02:46 AM,99,63
10/2/2026,9:02:47 AM,99,63
10/2/2026,9:02:48 AM,99,63
10/2/2026,9:02:49 AM,99,64
10/2/2026,9:02:50 AM,99,64
10/2/2026,9:02:51 AM,99,64
10/2/2026,9:02:52 AM,99,64
10/2/2026,9:02:53 AM,99,64
10/2/2026,9:02:54 AM,99,64
10/2/2026,9:02:55 AM,99,64
10/2/2026,9:02:56 AM,99,64
10/2/2026,9:02:57 AM,99,65
10/2/2026,9:02:58 AM,99,65
10/2/2026,9:02:59 AM,99,65
10/2/2026,9:03:00 AM,99,65
10/2/2026,9:03:01 AM,99,65
10/2/2026,9:03:02 AM,99,65
10/2/2026,9:03:03 AM,99,65
10/2/2026,9:03:04 AM,99,65
10/2/2026,9:03:05 AM,99,65
10/2/2026,9:03:06 AM,99,65
10/2/2026,9:03:07 AM,99,66
10/2/2026,9:03:08 AM,99,66
10/2/2026,9:03:09 AM,99,66
10/2/2026,9:03:10 AM,99,66
10/2/2026,9:03:11 AM,99,67
10/2/2026,9:03:12 AM,99,67
10/2/2026,9:03:13 AM,99,67
10/2/2026,9:03:14 AM,99,67
10/2/2026,9:03:15 AM,99,67
10/2/2026,9:03:16 AM,99,67
10/2/2026,9:03:17 AM,99,67
10/2/2026,9:03:18 AM,99,67
10/2/2026,9:03:19 AM,99,67
10/2/2026,9:03:20 AM,99,67
10/2/2026,9:03:21 AM,99,67
10/2/2026,9:03:22 AM,99,67
10/2/2026,9:03:23 AM,99,67
10/2/2026,9:03:24 AM,99,67
10/2/2026,9:03:25 AM,99,67
10/2/2026,9:03:26 AM,99,67
10/2/2026,9:03:27 AM,99,67
10/2/2026,9:03:28 AM,99,67
10/2/2026,9:03:29 AM,99,67
10/2/2026,9:03:30 AM,99,67
10/2/2026,9:03:31 AM,99,67
10/2/2026,9:03:32 AM,99,67
10/2/2026,9:03:33 AM,99,67
10/2/2026,9:03:34 AM,99,67
10/2/2026,9:03:35 AM,99,67
10/2/2026,9:03:36 AM,99,67
10/2/2026,9:03:37 AM,99,67
10/2/2026,9:03:38 AM,99,67
10/2/2026,9:03:39 AM,99,67
10/2/2026,9:03:40 AM,99,67
10/2/2026,9:03:41 AM,99,67
10/2/2026,9:03:42 AM,99,67
10/2/2026,9:03:43 AM,99,67
10/2/2026,9:03:44 AM,99,66
10/2/2026,9:03:45 AM,99,66
10/2/2026,9:03:46 AM,99,66
10/2/2026,9:03:47 AM,99,66
10/2/2026,9:03:48 AM,99,66
10/2/2026,9:03:49 AM,99,67
10/2/2026,9:03:50 AM,99,67
10/2/2026,9:03:51 AM,99,67
10/2/2026,9:03:52 AM,99,67
10/2/2026,9:03:53 AM,99,67
10/2/2026,9:03:54 AM,99,67
10/2/2026,9:03:55 AM,99,67
10/2/2026,9:03:56 AM,99,67
10/2/2026,9:03:57 AM,99,66
10/2/2026,9:03:58 AM,99,66
10/2/2026,9:03:59 AM,99,66
10/2/2026,9:04:00 AM,99,66
10/2/2026,9:04:01 AM,99,66
10/2/2026,9:04:02 AM,99,66
10/2/2026,9:04:03 AM,99,66
10/2/2026,9:04:04 AM,99,66
10/2/2026,9:04:05 AM,99,65
10/2/2026,9:04:06 AM,98,65
10/2/2026,9:04:07 AM,98,64
10/2/2026,9:04:08 AM,98,64
10/2/2026,9:04:09 AM,97,64
10/2/2026,9:04:10 AM,97,63
10/2/2026,9:04:11 AM,97,63
10/2/2026,9:04:12 AM,97,63
10/2/2026,9:04:13 AM,97,63
10/2/2026,9:04:14 AM,98,63
10/2/2026,9:04:15 AM,98,63
10/2/2026,9:04:16 AM,98,63
10/2/2026,9:04:17 AM,98,63
10/2/2026,9:04:18 AM,98,63
10/2/2026,9:04:19 AM,98,63
10/2/2026,9:04:20 AM,98,63
10/2/2026,9:04:21 AM,98,63
10/2/2026,9:04:22 AM,98,63
10/2/2026,9:04:23 AM,98,63
10/2/2026,9:04:24 AM,98,63
10/2/2026,9:04:25 AM,98,63
10/2/2026,9:04:26 AM,98,63
10/2/2026,9:04:27 AM,99,64
10/2/2026,9:04:28 AM,99,64
10/2/2026,9:04:29 AM,99,64
10/2/2026,9:04:30 AM,99,65
10/2/2026,9:04:31 AM,99,65
10/2/2026,9:04:32 AM,99,65
10/2/2026,9:04:33 AM,99,65
10/2/2026,9:04:34 AM,99,65
10/2/2026,9:04:35 AM,99,65
10/2/2026,9:04:36 AM,99,64
10/2/2026,9:04:37 AM,99,64
10/2/2026,9:04:38 AM,99,64
10/2/2026,9:04:39 AM,99,63
10/2/2026,9:04:40 AM,99,63
10/2/2026,9:04:41 AM,99,63
10/2/2026,9:04:42 AM,99,63
10/2/2026,9:04:43 AM,99,62
10/2/2026,9:04:44 AM,99,62
10/2/2026,9:04:45 AM,99,62
10/2/2026,9:04:46 AM,99,62
10/2/2026,9:04:47 AM,99,62
10/2/2026,9:04:48 AM,99,62
10/2/2026,9:04:49 AM,99,62
10/2/2026,9:04:50 AM,99,62
10/2/2026,9:04:51 AM,99,62
10/2/2026,9:04:52 AM,99,62
10/2/2026,9:04:53 AM,99,63
10/2/2026,9:04:54 AM,99,63
10/2/2026,9:04:55 AM,99,63
10/2/2026,9:04:56 AM,99,63
10/2/2026,9:04:57 AM,99,63
10/2/2026,9:04:58 AM,99,63
10/2/2026,9:04:59 AM,99,63
10/2/2026,9:05:00 AM,99,63
10/2/2026,9:05:01 AM,99,64
10/2/2026,9:05:02 AM,99,64
10/2/2026,9:05:03 AM,99,64
10/2/2026,9:05:04 AM,99,64
10/2/2026,9:05:05 AM,99,64
10/2/2026,9:05:06 AM,99,64
10/2/2026,9:05:07 AM,99,64
10/2/2026,9:05:08 AM,99,64
10/2/2026,9:05:09 AM,99,64
10/2/2026,9:05:10 AM,99,64
10/2/2026,9:05:11 AM,99,64
10/2/2026,9:05:12 AM,99,64
10/2/2026,9:05:13 AM,99,64
10/2/2026,9:05:14 AM,99,64
10/2/2026,9:05:15 AM,99,64
10/2/2026,9:05:16 AM,99,64
10/2/2026,9:05:17 AM,99,64
10/2/2026,9:05:18 AM,99,64
10/2/2026,9:05:19 AM,99,64
10/2/2026,9:05:20 AM,99,64
10/2/2026,9:05:21 AM,99,64
10/2/2026,9:05:22 AM,99,64
10/2/2026,9:05:23 AM,99,64
10/2/2026,9:05:24 AM,99,65
10/2/2026,9:05:25 AM,99,65
10/2/2026,9:05:26 AM,99,65
10/2/2026,9:05:27 AM,99,66
10/2/2026,9:05:28 AM,98,66
10/2/2026,9:05:29 AM,98,66
10/2/2026,9:05:30 AM,98,66
10/2/2026,9:05:31 AM,98,66
10/2/2026,9:05:32 AM,98,66
10/2/2026,9:05:33 AM,98,66
10/2/2026,9:05:34 AM,99,66
10/2/2026,9:05:35 AM,99,67
10/2/2026,9:05:36 AM,99,67
10/2/2026,9:05:37 AM,99,67
10/2/2026,9:05:38 AM,99,67
10/2/2026,9:05:39 AM,99,67
10/2/2026,9:05:40 AM,99,67
10/2/2026,9:05:41 AM,99,67
10/2/2026,9:05:42 AM,99,67
10/2/2026,9:05:43 AM,99,67
10/2/2026,9:05:44 AM,99,67
10/2/2026,9:05:45 AM,99,67
10/2/2026,9:05:46 AM,99,66
10/2/2026,9:05:47 AM,99,66
10/2/2026,9:05:48 AM,99,66
10/2/2026,9:05:49 AM,99,66
10/2/2026,9:05:50 AM,99,66
10/2/2026,9:05:51 AM,99,66
10/2/2026,9:05:52 AM,99,66
10/2/2026,9:05:53 AM,99,66
10/2/2026,9:05:54 AM,99,66
10/2/2026,9:05:55 AM,99,66
10/2/2026,9:05:56 AM,99,66
10/2/2026,9:05:57 AM,99,66
10/2/2026,9:05:58 AM,99,66
10/2/2026,9:05:59 AM,99,66
10/2/2026,9:06:00 AM,99,66
10/2/2026,9:06:01 AM,99,66
10/2/2026,9:06:02 AM,99,66
10/2/2026,9:06:03 AM,99,66
10/2/2026,9:06:04 AM,99,66
10/2/2026,9:06:05 AM,99,66
10/2/2026,9:06:06 AM,99,66
10/2/2026,9:06:07 AM,99,66
10/2/2026,9:06:08 AM,99,66
10/2/2026,9:06:09 AM,99,66
10/2/2026,9:06:10 AM,99,65
10/2/2026,9:06:11 AM,99,65
10/2/2026,9:06:12 AM,99,64
10/2/2026,9:06:13 AM,99,64
10/2/2026,9:06:14 AM,99,64
10/2/2026,9:06:15 AM,99,64
10/2/2026,9:06:16 AM,99,64
10/2/2026,9:06:17 AM,99,64
10/2/2026,9:06:18 AM,99,64
10/2/2026,9:06:19 AM,99,64
10/2/2026,9:06:20 AM,99,64
10/2/2026,9:06:21 AM,99,64
10/2/2026,9:06:22 AM,99,65
10/2/2026,9:06:23 AM,99,65
10/2/2026,9:06:24 AM,99,65
10/2/2026,9:06:25 AM,99,66
10/2/2026,9:06:26 AM,99,66
10/2/2026,9:06:27 AM,99,67
10/2/2026,9:06:28 AM,99,68
10/2/2026,9:06:29 AM,99,68
10/2/2026,9:06:30 AM,99,68
10/2/2026,9:06:31 AM,99,68
10/2/2026,9:06:32 AM,99,68
10/2/2026,9:06:33 AM,98,68
10/2/2026,9:06:34 AM,98,68
10/2/2026,9:06:35 AM,98,68
10/2/2026,9:06:36 AM,98,68
10/2/2026,9:06:37 AM,98,68
10/2/2026,9:06:38 AM,98,68
10/2/2026,9:06:39 AM,98,68
10/2/2026,9:06:40 AM,98,68
10/2/2026,9:06:41 AM,98,68
10/2/2026,9:06:42 AM,98,68
10/2/2026,9:06:43 AM,98,68
10/2/2026,9:06:44 AM,98,68
10/2/2026,9:06:45 AM,98,68
10/2/2026,9:06:46 AM,98,68
10/2/2026,9:06:47 AM,98,68
10/2/2026,9:06:48 AM,98,68
10/2/2026,9:06:49 AM,98,68
10/2/2026,9:06:50 AM,98,68
10/2/2026,9:06:51 AM,98,68
10/2/2026,9:06:52 AM,98,68
10/2/2026,9:06:53 AM,98,68
10/2/2026,9:06:54 AM,98,68
10/2/2026,9:06:55 AM,98,68
10/2/2026,9:06:56 AM,98,68
10/2/2026,9:06:57 AM,98,68
10/2/2026,9:06:58 AM,98,68
10/2/2026,9:06:59 AM,98,68
10/2/2026,9:07:00 AM,98,68
10/2/2026,9:07:01 AM,98,68
10/2/2026,9:07:02 AM,98,68
10/2/2026,9:07:03 AM,98,68
10/2/2026,9:07:04 AM,98,68
10/2/2026,9:07:05 AM,98,68
10/2/2026,9:07:06 AM,98,68
10/2/2026,9:07:07 AM,98,68
10/2/2026,9:07:08 AM,98,68
10/2/2026,9:07:09 AM,98,68
10/2/2026,9:07:10 AM,98,68
10/2/2026,9:07:11 AM,98,68
10/2/2026,9:07:12 AM,98,68
10/2/2026,9:07:13 AM,98,68
10/2/2026,9:07:14 AM,98,67
10/2/2026,9:07:15 AM,98,67
10/2/2026,9:07:16 AM,99,67
10/2/2026,9:07:17 AM,99,67
10/2/2026,9:07:18 AM,99,66
10/2/2026,9:07:19 AM,99,65
10/2/2026,9:07:20 AM,99,65
10/2/2026,9:07:21 AM,99,64
10/2/2026,9:07:22 AM,99,64
10/2/2026,9:07:23 AM,99,64
10/2/2026,9:07:24 AM,99,64
10/2/2026,9:07:25 AM,99,64
10/2/2026,9:07:26 AM,99,64
10/2/2026,9:07:27 AM,99,63
10/2/2026,9:07:28 AM,99,62
10/2/2026,9:07:29 AM,99,61
10/2/2026,9:07:30 AM,99,61
10/2/2026,9:07:31 AM,99,61
10/2/2026,9:07:32 AM,99,61
10/2/2026,9:07:33 AM,99,62
10/2/2026,9:07:34 AM,99,62
10/2/2026,9:07:35 AM,99,62
10/2/2026,9:07:36 AM,99,62
10/2/2026,9:07:37 AM,99,62
10/2/2026,9:07:38 AM,99,62
10/2/2026,9:07:39 AM,99,62
10/2/2026,9:07:40 AM,99,62
10/2/2026,9:07:41 AM,99,62
10/2/2026,9:07:42 AM,99,62
10/2/2026,9:07:43 AM,99,62
10/2/2026,9:07:44 AM,99,62
10/2/2026,9:07:45 AM,99,62
10/2/2026,9:07:46 AM,98,62
10/2/2026,9:07:47 AM,98,62
10/2/2026,9:07:48 AM,98,62
10/2/2026,9:07:49 AM,98,62
10/2/2026,9:07:50 AM,98,62
10/2/2026,9:07:51 AM,98,62
10/2/2026,9:07:52 AM,98,62
10/2/2026,9:07:53 AM,98,62
10/2/2026,9:07:54 AM,98,62
10/2/2026,9:07:55 AM,98,62
10/2/2026,9:07:56 AM,98,62
10/2/2026,9:07:57 AM,98,62
10/2/2026,9:07:58 AM,98,63
10/2/2026,9:07:59 AM,98,63
10/2/2026,9:08:00 AM,98,63
10/2/2026,9:08:01 AM,98,64
10/2/2026,9:08:02 AM,98,63
10/2/2026,9:08:03 AM,98,64
10/2/2026,9:08:04 AM,98,64
10/2/2026,9:08:05 AM,99,64
10/2/2026,9:08:06 AM,99,63
10/2/2026,9:08:07 AM,99,63
10/2/2026,9:08:08 AM,99,63
10/2/2026,9:08:09 AM,99,63
10/2/2026,9:08:10 AM,99,63
10/2/2026,9:08:11 AM,99,63
10/2/2026,9:08:12 AM,99,63
10/2/2026,9:08:13 AM,99,63
10/2/2026,9:08:14 AM,99,63
10/2/2026,9:08:15 AM,99,63
10/2/2026,9:08:16 AM,99,63
10/2/2026,9:08:17 AM,99,63
10/2/2026,9:08:18 AM,99,63
10/2/2026,9:08:19 AM,99,63
10/2/2026,9:08:20 AM,99,63
10/2/2026,9:08:21 AM,99,63
10/2/2026,9:08:22 AM,99,62
10/2/2026,9:08:23 AM,99,61
10/2/2026,9:08:24 AM,99,61
10/2/2026,9:08:25 AM,99,60
10/2/2026,9:08:26 AM,99,60
10/2/2026,9:08:27 AM,99,59
10/2/2026,9:08:28 AM,99,59
10/2/2026,9:08:29 AM,99,59
10/2/2026,9:08:30 AM,99,59
10/2/2026,9:08:31 AM,99,59
10/2/2026,9:08:32 AM,99,59
10/2/2026,9:08:33 AM,99,59
10/2/2026,9:08:34 AM,99,59
10/2/2026,9:08:35 AM,99,60
10/2/2026,9:08:36 AM,99,60
10/2/2026,9:08:37 AM,99,60
10/2/2026,9:08:38 AM,99,61
10/2/2026,9:08:39 AM,99,61
10/2/2026,9:08:40 AM,99,61
10/2/2026,9:08:41 AM,99,62
10/2/2026,9:08:42 AM,99,63
10/2/2026,9:08:43 AM,99,63
10/2/2026,9:08:44 AM,99,63
10/2/2026,9:08:45 AM,98,63
10/2/2026,9:08:46 AM,98,63
10/2/2026,9:08:47 AM,98,63
10/2/2026,9:08:48 AM,98,64
10/2/2026,9:08:49 AM,98,64
10/2/2026,9:08:50 AM,98,64
10/2/2026,9:08:51 AM,98,64
10/2/2026,9:08:52 AM,98,64
10/2/2026,9:08:53 AM,98,64
10/2/2026,9:08:54 AM,98,64
10/2/2026,9:08:55 AM,98,64
10/2/2026,9:08:56 AM,98,65
10/2/2026,9:08:57 AM,97,65
10/2/2026,9:08:58 AM,97,65
10/2/2026,9:08:59 AM,97,65
10/2/2026,9:09:00 AM,97,66
10/2/2026,9:09:01 AM,97,67
10/2/2026,9:09:02 AM,97,67
10/2/2026,9:09:03 AM,97,67
10/2/2026,9:09:04 AM,97,68
10/2/2026,9:09:05 AM,96,68
10/2/2026,9:09:06 AM,96,68
10/2/2026,9:09:07 AM,96,69
10/2/2026,9:09:08 AM,96,69
10/2/2026,9:09:09 AM,96,69
10/2/2026,9:09:10 AM,96,69
10/2/2026,9:09:11 AM,95,68
10/2/2026,9:09:12 AM,95,67
10/2/2026,9:09:13 AM,95,66
10/2/2026,9:09:14 AM,96,65
10/2/2026,9:09:15 AM,96,65
10/2/2026,9:09:16 AM,96,64
10/2/2026,9:09:17 AM,96,63
10/2/2026,9:09:18 AM,96,63
10/2/2026,9:09:19 AM,96,63
10/2/2026,9:09:20 AM,96,63
10/2/2026,9:09:21 AM,96,62
10/2/2026,9:09:22 AM,96,62
10/2/2026,9:09:23 AM,96,62
10/2/2026,9:09:24 AM,97,61
10/2/2026,9:09:25 AM,97,61
10/2/2026,9:09:26 AM,98,61
10/2/2026,9:09:27 AM,98,61
10/2/2026,9:09:28 AM,98,61
10/2/2026,9:09:29 AM,99,60
10/2/2026,9:09:30 AM,99,60
10/2/2026,9:09:31 AM,99,60
10/2/2026,9:09:32 AM,99,60
10/2/2026,9:09:33 AM,99,60
10/2/2026,9:09:34 AM,99,60
10/2/2026,9:09:35 AM,99,61
10/2/2026,9:09:36 AM,99,61
10/2/2026,9:09:37 AM,99,61
10/2/2026,9:09:38 AM,99,60
10/2/2026,9:09:39 AM,99,60
10/2/2026,9:09:40 AM,99,60
10/2/2026,9:09:41 AM,99,60
10/2/2026,9:09:42 AM,99,60
10/2/2026,9:09:43 AM,99,60
10/2/2026,9:09:44 AM,99,59
10/2/2026,9:09:45 AM,99,59
10/2/2026,9:09:46 AM,99,59
10/2/2026,9:09:47 AM,98,59
10/2/2026,9:09:48 AM,98,59
10/2/2026,9:09:49 AM,98,59
10/2/2026,9:09:50 AM,98,59
10/2/2026,9:09:51 AM,98,59
10/2/2026,9:09:52 AM,98,59
10/2/2026,9:09:53 AM,98,60
10/2/2026,9:09:54 AM,98,61
10/2/2026,9:09:55 AM,97,61
10/2/2026,9:09:56 AM,97,62
10/2/2026,9:09:57 AM,97,63
10/2/2026,9:09:58 AM,96,63
10/2/2026,9:09:59 AM,96,63
10/2/2026,9:10:00 AM,96,64
10/2/2026,9:10:01 AM,96,64
10/2/2026,9:10:02 AM,96,65
10/2/2026,9:10:03 AM,96,65
10/2/2026,9:10:04 AM,95,65
10/2/2026,9:10:05 AM,95,65
10/2/2026,9:10:06 AM,95,65
10/2/2026,9:10:07 AM,95,65
10/2/2026,9:10:08 AM,95,65
10/2/2026,9:10:09 AM,95,65
10/2/2026,9:10:10 AM,95,65
10/2/2026,9:10:11 AM,95,64
10/2/2026,9:10:12 AM,95,64
10/2/2026,9:10:13 AM,95,64
10/2/2026,9:10:14 AM,95,64
10/2/2026,9:10:15 AM,95,64
10/2/2026,9:10:16 AM,94,64
10/2/2026,9:10:17 AM,94,64
10/2/2026,9:10:18 AM,94,64
10/2/2026,9:10:19 AM,94,64
10/2/2026,9:10:20 AM,94,64
10/2/2026,9:10:21 AM,94,64
10/2/2026,9:10:22 AM,94,64
10/2/2026,9:10:23 AM,94,64
10/2/2026,9:10:24 AM,94,64
10/2/2026,9:10:25 AM,94,64
10/2/2026,9:10:26 AM,94,64
10/2/2026,9:10:27 AM,94,63
10/2/2026,9:10:28 AM,95,63
10/2/2026,9:10:29 AM,95,63
10/2/2026,9:10:30 AM,95,63
10/2/2026,9:10:31 AM,95,63
10/2/2026,9:10:32 AM,95,63
10/2/2026,9:10:33 AM,96,63
10/2/2026,9:10:34 AM,96,62
10/2/2026,9:10:35 AM,96,62
10/2/2026,9:10:36 AM,97,63
10/2/2026,9:10:37 AM,97,63
10/2/2026,9:10:38 AM,97,62
10/2/2026,9:10:39 AM,98,62
10/2/2026,9:10:40 AM,98,62
10/2/2026,9:10:41 AM,98,62
10/2/2026,9:10:42 AM,98,62
10/2/2026,9:10:43 AM,98,62
10/2/2026,9:10:44 AM,98,62
10/2/2026,9:10:45 AM,98,62
10/2/2026,9:10:46 AM,98,62
10/2/2026,9:10:47 AM,98,62
10/2/2026,9:10:48 AM,98,62
10/2/2026,9:10:49 AM,98,62
10/2/2026,9:10:50 AM,98,62
10/2/2026,9:10:51 AM,98,62
10/2/2026,9:10:52 AM,98,62
10/2/2026,9:10:53 AM,98,62
10/2/2026,9:10:54 AM,98,62
10/2/2026,9:10:55 AM,98,63
10/2/2026,9:10:56 AM,98,63
10/2/2026,9:10:57 AM,98,63
10/2/2026,9:10:58 AM,98,63
10/2/2026,9:10:59 AM,98,63
10/2/2026,9:11:00 AM,98,63
10/2/2026,9:11:01 AM,98,63
10/2/2026,9:11:02 AM,98,63
10/2/2026,9:11:03 AM,98,64
10/2/2026,9:11:04 AM,98,64
10/2/2026,9:11:05 AM,98,64
10/2/2026,9:11:06 AM,98,64
10/2/2026,9:11:07 AM,98,64
10/2/2026,9:11:08 AM,98,64
10/2/2026,9:11:09 AM,98,64
10/2/2026,9:11:10 AM,98,63
10/2/2026,9:11:11 AM,98,63
10/2/2026,9:11:12 AM,98,63
10/2/2026,9:11:13 AM,98,62
10/2/2026,9:11:14 AM,98,62
10/2/2026,9:11:15 AM,98,61
10/2/2026,9:11:16 AM,98,61
10/2/2026,9:11:17 AM,98,61
10/2/2026,9:11:18 AM,98,61
10/2/2026,9:11:19 AM,98,61
10/2/2026,9:11:20 AM,98,60
10/2/2026,9:11:21 AM,97,60
10/2/2026,9:11:22 AM,97,60
10/2/2026,9:11:23 AM,97,60
10/2/2026,9:11:24 AM,96,60
10/2/2026,9:11:25 AM,96,60
10/2/2026,9:11:26 AM,96,60
10/2/2026,9:11:27 AM,96,60
10/2/2026,9:11:28 AM,95,60
10/2/2026,9:11:29 AM,95,60
10/2/2026,9:11:30 AM,95,59
10/2/2026,9:11:31 AM,95,59
10/2/2026,9:11:32 AM,95,59
10/2/2026,9:11:33 AM,95,59
10/2/2026,9:11:34 AM,95,58
10/2/2026,9:11:35 AM,96,58
10/2/2026,9:11:36 AM,96,58
10/2/2026,9:11:37 AM,96,58
10/2/2026,9:11:38 AM,96,58
10/2/2026,9:11:39 AM,97,58
10/2/2026,9:11:40 AM,97,59
10/2/2026,9:11:41 AM,97,59
10/2/2026,9:11:42 AM,97,60
10/2/2026,9:11:43 AM,97,61
10/2/2026,9:11:44 AM,98,62
10/2/2026,9:11:45 AM,98,63
10/2/2026,9:11:46 AM,98,63
10/2/2026,9:11:47 AM,98,64
10/2/2026,9:11:48 AM,98,64
10/2/2026,9:11:49 AM,98,64
10/2/2026,9:11:50 AM,98,64
10/2/2026,9:11:51 AM,98,64
10/2/2026,9:11:52 AM,98,64
10/2/2026,9:11:53 AM,98,63
10/2/2026,9:11:54 AM,98,63
10/2/2026,9:11:55 AM,98,62
10/2/2026,9:11:56 AM,98,62
10/2/2026,9:11:57 AM,98,62
10/2/2026,9:11:58 AM,98,62
10/2/2026,9:11:59 AM,98,62
10/2/2026,9:12:00 AM,98,61
10/2/2026,9:12:01 AM,98,61
10/2/2026,9:12:02 AM,98,61
10/2/2026,9:12:03 AM,98,60
10/2/2026,9:12:04 AM,98,60
10/2/2026,9:12:05 AM,98,60
10/2/2026,9:12:06 AM,98,60
10/2/2026,9:12:07 AM,98,60
10/2/2026,9:12:08 AM,98,60
10/2/2026,9:12:09 AM,98,60
10/2/2026,9:12:10 AM,98,60
10/2/2026,9:12:11 AM,98,60
10/2/2026,9:12:12 AM,97,60
10/2/2026,9:12:13 AM,97,60
10/2/2026,9:12:14 AM,97,60
10/2/2026,9:12:15 AM,97,60
10/2/2026,9:12:16 AM,97,60
10/2/2026,9:12:17 AM,97,60
10/2/2026,9:12:18 AM,97,60
10/2/2026,9:12:19 AM,97,60
10/2/2026,9:12:20 AM,97,59
10/2/2026,9:12:21 AM,97,59
10/2/2026,9:12:22 AM,97,58
10/2/2026,9:12:23 AM,97,58
10/2/2026,9:12:24 AM,98,57
10/2/2026,9:12:25 AM,98,57
10/2/2026,9:12:26 AM,98,57
10/2/2026,9:12:27 AM,99,56
10/2/2026,9:12:28 AM,99,56
10/2/2026,9:12:29 AM,99,56
10/2/2026,9:12:30 AM,99,56
10/2/2026,9:12:31 AM,99,56
10/2/2026,9:12:32 AM,99,56
10/2/2026,9:12:33 AM,99,56
10/2/2026,9:12:34 AM,99,56
10/2/2026,9:12:35 AM,99,56
10/2/2026,9:12:36 AM,99,56
10/2/2026,9:12:37 AM,99,56
10/2/2026,9:12:38 AM,99,56
10/2/2026,9:12:39 AM,99,56
10/2/2026,9:12:40 AM,98,56
10/2/2026,9:12:41 AM,98,56
10/2/2026,9:12:42 AM,98,56
10/2/2026,9:12:43 AM,98,57
10/2/2026,9:12:44 AM,98,58
10/2/2026,9:12:45 AM,98,59
10/2/2026,9:12:46 AM,98,60
10/2/2026,9:12:47 AM,98,61
10/2/2026,9:12:48 AM,98,62
10/2/2026,9:12:49 AM,98,62
10/2/2026,9:12:50 AM,98,62
10/2/2026,9:12:51 AM,98,62
10/2/2026,9:12:52 AM,98,62
10/2/2026,9:12:53 AM,98,62
10/2/2026,9:12:54 AM,98,62
10/2/2026,9:12:55 AM,98,62
10/2/2026,9:12:56 AM,98,62
10/2/2026,9:12:57 AM,98,62
10/2/2026,9:12:58 AM,98,62
10/2/2026,9:12:59 AM,98,61
10/2/2026,9:13:00 AM,98,61
10/2/2026,9:13:01 AM,98,61
10/2/2026,9:13:02 AM,98,60
10/2/2026,9:13:03 AM,98,59
10/2/2026,9:13:04 AM,98,59
10/2/2026,9:13:05 AM,98,58
10/2/2026,9:13:06 AM,98,57
10/2/2026,9:13:07 AM,98,57
10/2/2026,9:13:08 AM,98,56
10/2/2026,9:13:09 AM,97,55
10/2/2026,9:13:10 AM,97,55
10/2/2026,9:13:11 AM,97,55
10/2/2026,9:13:12 AM,97,55
10/2/2026,9:13:13 AM,97,55
10/2/2026,9:13:14 AM,97,55
10/2/2026,9:13:15 AM,97,55
10/2/2026,9:13:16 AM,97,55
10/2/2026,9:13:17 AM,97,55
10/2/2026,9:13:18 AM,96,55
10/2/2026,9:13:19 AM,96,55
10/2/2026,9:13:20 AM,96,55
10/2/2026,9:13:21 AM,96,55
10/2/2026,9:13:22 AM,96,55
10/2/2026,9:13:23 AM,96,55
10/2/2026,9:13:24 AM,96,55
10/2/2026,9:13:25 AM,96,55
10/2/2026,9:13:26 AM,97,55
10/2/2026,9:13:27 AM,97,55
10/2/2026,9:13:28 AM,97,55
10/2/2026,9:13:29 AM,98,55
10/2/2026,9:13:30 AM,98,55
10/2/2026,9:13:31 AM,99,56
10/2/2026,9:13:32 AM,99,55
10/2/2026,9:13:33 AM,99,56
10/2/2026,9:13:34 AM,99,56
10/2/2026,9:13:35 AM,99,56
10/2/2026,9:13:36 AM,99,56
10/2/2026,9:13:37 AM,99,56
10/2/2026,9:13:38 AM,98,56
10/2/2026,9:13:39 AM,98,56
10/2/2026,9:13:40 AM,98,56
10/2/2026,9:13:41 AM,98,56
10/2/2026,9:13:42 AM,98,56
10/2/2026,9:13:43 AM,98,56
10/2/2026,9:13:44 AM,98,56
10/2/2026,9:13:45 AM,98,56
10/2/2026,9:13:46 AM,98,56
10/2/2026,9:13:47 AM,98,56
10/2/2026,9:13:48 AM,98,56
10/2/2026,9:13:49 AM,98,57
10/2/2026,9:13:50 AM,98,58
10/2/2026,9:13:51 AM,98,59
10/2/2026,9:13:52 AM,98,61
10/2/2026,9:13:53 AM,98,63
10/2/2026,9:13:54 AM,98,64
10/2/2026,9:13:55 AM,98,65
10/2/2026,9:13:56 AM,98,65
10/2/2026,9:13:57 AM,98,65
10/2/2026,9:13:58 AM,98,65
10/2/2026,9:13:59 AM,98,64
10/2/2026,9:14:00 AM,98,64
10/2/2026,9:14:01 AM,98,64
10/2/2026,9:14:02 AM,98,64
10/2/2026,9:14:03 AM,98,63
10/2/2026,9:14:04 AM,98,63
10/2/2026,9:14:05 AM,98,63
10/2/2026,9:14:06 AM,98,62
10/2/2026,9:14:07 AM,98,62
10/2/2026,9:14:08 AM,98,62
10/2/2026,9:14:09 AM,98,62
10/2/2026,9:14:10 AM,98,62
10/2/2026,9:14:11 AM,98,62
10/2/2026,9:14:12 AM,98,61
10/2/2026,9:14:13 AM,98,60
10/2/2026,9:14:14 AM,98,60
10/2/2026,9:14:15 AM,98,59
10/2/2026,9:14:16 AM,98,58
10/2/2026,9:14:17 AM,98,58
10/2/2026,9:14:18 AM,98,58
10/2/2026,9:14:19 AM,98,58
10/2/2026,9:14:20 AM,98,58
10/2/2026,9:14:21 AM,98,58
10/2/2026,9:14:22 AM,98,58
10/2/2026,9:14:23 AM,97,58
10/2/2026,9:14:24 AM,97,58
10/2/2026,9:14:25 AM,97,57
10/2/2026,9:14:26 AM,97,56
10/2/2026,9:14:27 AM,97,56
10/2/2026,9:14:28 AM,97,55
10/2/2026,9:14:29 AM,97,55
10/2/2026,9:14:30 AM,97,55
10/2/2026,9:14:31 AM,96,55
10/2/2026,9:14:32 AM,96,55
10/2/2026,9:14:33 AM,96,55
10/2/2026,9:14:34 AM,96,55
10/2/2026,9:14:35 AM,95,55
10/2/2026,9:14:36 AM,95,55
10/2/2026,9:14:37 AM,95,55
10/2/2026,9:14:38 AM,95,55
10/2/2026,9:14:39 AM,95,55
10/2/2026,9:14:40 AM,95,55
10/2/2026,9:14:41 AM,95,55
10/2/2026,9:14:42 AM,96,54
10/2/2026,9:14:43 AM,96,55
10/2/2026,9:14:44 AM,96,55
10/2/2026,9:14:45 AM,97,54
10/2/2026,9:14:46 AM,97,54
10/2/2026,9:14:47 AM,97,54
10/2/2026,9:14:48 AM,97,54
10/2/2026,9:14:49 AM,98,54
10/2/2026,9:14:50 AM,98,54
10/2/2026,9:14:51 AM,98,54
10/2/2026,9:14:52 AM,98,54
10/2/2026,9:14:53 AM,98,54
10/2/2026,9:14:54 AM,98,54
10/2/2026,9:14:55 AM,98,54
10/2/2026,9:14:56 AM,98,54
10/2/2026,9:14:57 AM,98,54
10/2/2026,9:14:58 AM,98,54
10/2/2026,9:14:59 AM,98,54
10/2/2026,9:15:00 AM,98,54
10/2/2026,9:15:01 AM,97,55
10/2/2026,9:15:02 AM,97,57
10/2/2026,9:15:03 AM,97,58
10/2/2026,9:15:04 AM,97,60
10/2/2026,9:15:05 AM,97,61
10/2/2026,9:15:06 AM,97,63
10/2/2026,9:15:07 AM,97,64
10/2/2026,9:15:08 AM,97,66
10/2/2026,9:15:09 AM,97,67
10/2/2026,9:15:10 AM,97,67
10/2/2026,9:15:11 AM,97,67
10/2/2026,9:15:12 AM,97,67
10/2/2026,9:15:13 AM,97,67
10/2/2026,9:15:14 AM,98,66
10/2/2026,9:15:15 AM,98,66
10/2/2026,9:15:16 AM,98,66
10/2/2026,9:15:17 AM,98,66
10/2/2026,9:15:18 AM,98,66
10/2/2026,9:15:19 AM,98,66
10/2/2026,9:15:20 AM,98,65
10/2/2026,9:15:21 AM,98,63
10/2/2026,9:15:22 AM,98,63
10/2/2026,9:15:23 AM,98,62
10/2/2026,9:15:24 AM,98,60
10/2/2026,9:15:25 AM,98,60
10/2/2026,9:15:26 AM,98,59
10/2/2026,9:15:27 AM,98,58
10/2/2026,9:15:28 AM,98,58
10/2/2026,9:15:29 AM,98,58
10/2/2026,9:15:30 AM,97,58
10/2/2026,9:15:31 AM,97,58
10/2/2026,9:15:32 AM,97,58
10/2/2026,9:15:33 AM,97,58
10/2/2026,9:15:34 AM,97,57
10/2/2026,9:15:35 AM,97,57
10/2/2026,9:15:36 AM,97,56
10/2/2026,9:15:37 AM,97,56
10/2/2026,9:15:38 AM,97,56
10/2/2026,9:15:39 AM,97,56
10/2/2026,9:15:40 AM,97,56
10/2/2026,9:15:41 AM,97,56
10/2/2026,9:15:42 AM,97,56
10/2/2026,9:15:43 AM,96,56
10/2/2026,9:15:44 AM,96,56
10/2/2026,9:15:45 AM,96,56
10/2/2026,9:15:46 AM,96,56
10/2/2026,9:15:47 AM,96,56
10/2/2026,9:15:48 AM,96,56
10/2/2026,9:15:49 AM,97,56
10/2/2026,9:15:50 AM,97,55
10/2/2026,9:15:51 AM,98,55
10/2/2026,9:15:52 AM,98,55
10/2/2026,9:15:53 AM,98,55
10/2/2026,9:15:54 AM,98,55
10/2/2026,9:15:55 AM,99,55
10/2/2026,9:15:56 AM,99,55
10/2/2026,9:15:57 AM,99,55
10/2/2026,9:15:58 AM,99,54
10/2/2026,9:15:59 AM,99,54
10/2/2026,9:16:00 AM,99,54
10/2/2026,9:16:01 AM,99,54
10/2/2026,9:16:02 AM,99,55
10/2/2026,9:16:03 AM,99,54
10/2/2026,9:16:04 AM,99,54
10/2/2026,9:16:05 AM,99,54
10/2/2026,9:16:06 AM,99,54
10/2/2026,9:16:07 AM,99,54
10/2/2026,9:16:08 AM,99,54
10/2/2026,9:16:09 AM,99,54
10/2/2026,9:16:10 AM,99,54
10/2/2026,9:16:11 AM,99,55
10/2/2026,9:16:12 AM,99,55
10/2/2026,9:16:13 AM,99,55
10/2/2026,9:16:14 AM,99,55
10/2/2026,9:16:15 AM,99,56
10/2/2026,9:16:16 AM,99,56
10/2/2026,9:16:17 AM,99,56
10/2/2026,9:16:18 AM,99,57
10/2/2026,9:16:19 AM,99,57
10/2/2026,9:16:20 AM,99,58
10/2/2026,9:16:21 AM,98,58
10/2/2026,9:16:22 AM,98,58
10/2/2026,9:16:23 AM,98,58
10/2/2026,9:16:24 AM,98,58
10/2/2026,9:16:25 AM,97,58
10/2/2026,9:16:26 AM,97,59
10/2/2026,9:16:27 AM,97,60
10/2/2026,9:16:28 AM,97,61
10/2/2026,9:16:29 AM,97,62
10/2/2026,9:16:30 AM,97,63
10/2/2026,9:16:31 AM,97,63
10/2/2026,9:16:32 AM,97,63
10/2/2026,9:16:33 AM,97,63
10/2/2026,9:16:34 AM,97,63
10/2/2026,9:16:35 AM,97,63
10/2/2026,9:16:36 AM,97,63
10/2/2026,9:16:37 AM,97,63
10/2/2026,9:16:38 AM,97,63
10/2/2026,9:16:39 AM,97,63
10/2/2026,9:16:40 AM,97,62
10/2/2026,9:16:41 AM,97,61
10/2/2026,9:16:42 AM,97,61
10/2/2026,9:16:43 AM,97,60
10/2/2026,9:16:44 AM,97,59
10/2/2026,9:16:45 AM,96,58
10/2/2026,9:16:46 AM,96,57
10/2/2026,9:16:47 AM,96,57
10/2/2026,9:16:48 AM,96,56
10/2/2026,9:16:49 AM,96,56
10/2/2026,9:16:50 AM,96,56
10/2/2026,9:16:51 AM,96,56
10/2/2026,9:16:52 AM,97,56
10/2/2026,9:16:53 AM,97,56
10/2/2026,9:16:54 AM,97,56
10/2/2026,9:16:55 AM,97,56
10/2/2026,9:16:56 AM,97,56
10/2/2026,9:16:57 AM,97,57
10/2/2026,9:16:58 AM,97,57
10/2/2026,9:16:59 AM,97,57
10/2/2026,9:17:00 AM,97,57
10/2/2026,9:17:01 AM,97,57
10/2/2026,9:17:02 AM,97,57
10/2/2026,9:17:03 AM,96,57
10/2/2026,9:17:04 AM,96,57
10/2/2026,9:17:05 AM,95,57
10/2/2026,9:17:06 AM,95,57
10/2/2026,9:17:07 AM,94,56
10/2/2026,9:17:08 AM,94,56
10/2/2026,9:17:09 AM,94,56
10/2/2026,9:17:10 AM,94,56
10/2/2026,9:17:11 AM,94,56
10/2/2026,9:17:12 AM,94,55
10/2/2026,9:17:13 AM,94,55
10/2/2026,9:17:14 AM,95,55
10/2/2026,9:17:15 AM,95,55
10/2/2026,9:17:16 AM,95,55
10/2/2026,9:17:17 AM,95,54
10/2/2026,9:17:18 AM,96,54
10/2/2026,9:17:19 AM,96,54
10/2/2026,9:17:20 AM,96,54
10/2/2026,9:17:21 AM,96,54
10/2/2026,9:17:22 AM,97,54
10/2/2026,9:17:23 AM,97,54
10/2/2026,9:17:24 AM,97,54
10/2/2026,9:17:25 AM,97,54
10/2/2026,9:17:26 AM,97,54
10/2/2026,9:17:27 AM,97,54
10/2/2026,9:17:28 AM,98,54
10/2/2026,9:17:29 AM,98,54
10/2/2026,9:17:30 AM,98,54
10/2/2026,9:17:31 AM,98,54
10/2/2026,9:17:32 AM,98,54
10/2/2026,9:17:33 AM,98,54
10/2/2026,9:17:34 AM,98,54
10/2/2026,9:17:35 AM,98,54
10/2/2026,9:17:36 AM,98,54
10/2/2026,9:17:37 AM,97,55
10/2/2026,9:17:38 AM,97,55
10/2/2026,9:17:39 AM,97,55
10/2/2026,9:17:40 AM,97,55
10/2/2026,9:17:41 AM,97,55
10/2/2026,9:17:42 AM,97,55
10/2/2026,9:17:43 AM,97,55
10/2/2026,9:17:44 AM,97,55
10/2/2026,9:17:45 AM,97,55
10/2/2026,9:17:46 AM,97,55
10/2/2026,9:17:47 AM,97,55
10/2/2026,9:17:48 AM,96,55
10/2/2026,9:17:49 AM,96,55
10/2/2026,9:17:50 AM,96,55
10/2/2026,9:17:51 AM,96,55
10/2/2026,9:17:52 AM,96,55
10/2/2026,9:17:53 AM,96,55
10/2/2026,9:17:54 AM,96,55
10/2/2026,9:17:55 AM,96,55
10/2/2026,9:17:56 AM,96,55
10/2/2026,9:17:57 AM,96,55
10/2/2026,9:17:58 AM,96,55
10/2/2026,9:17:59 AM,96,55
10/2/2026,9:18:00 AM,96,55
10/2/2026,9:18:01 AM,96,55
10/2/2026,9:18:02 AM,96,55
10/2/2026,9:18:03 AM,96,55
10/2/2026,9:18:04 AM,96,55
10/2/2026,9:18:05 AM,96,55
10/2/2026,9:18:06 AM,96,55
10/2/2026,9:18:07 AM,96,55
10/2/2026,9:18:08 AM,96,55
10/2/2026,9:18:09 AM,96,55
10/2/2026,9:18:10 AM,96,55
10/2/2026,9:18:11 AM,96,55
10/2/2026,9:18:12 AM,96,55
10/2/2026,9:18:13 AM,96,55
10/2/2026,9:18:14 AM,96,55
10/2/2026,9:18:15 AM,96,55
10/2/2026,9:18:16 AM,96,55
10/2/2026,9:18:17 AM,96,55
10/2/2026,9:18:18 AM,96,55
10/2/2026,9:18:19 AM,96,55
10/2/2026,9:18:20 AM,96,55
10/2/2026,9:18:21 AM,96,55
10/2/2026,9:18:22 AM,96,55
10/2/2026,9:18:23 AM,96,55
10/2/2026,9:18:24 AM,96,55
10/2/2026,9:18:25 AM,96,55
10/2/2026,9:18:26 AM,97,55
10/2/2026,9:18:27 AM,97,55
10/2/2026,9:18:28 AM,98,55
10/2/2026,9:18:29 AM,98,55
10/2/2026,9:18:30 AM,98,55
10/2/2026,9:18:31 AM,98,55
10/2/2026,9:18:32 AM,98,56
10/2/2026,9:18:33 AM,98,56
10/2/2026,9:18:34 AM,98,56
10/2/2026,9:18:35 AM,98,56
10/2/2026,9:18:36 AM,98,56
10/2/2026,9:18:37 AM,98,56
10/2/2026,9:18:38 AM,99,57
10/2/2026,9:18:39 AM,99,57
10/2/2026,9:18:40 AM,99,57
10/2/2026,9:18:41 AM,99,57
10/2/2026,9:18:42 AM,99,57
10/2/2026,9:18:43 AM,99,57
10/2/2026,9:18:44 AM,99,57
10/2/2026,9:18:45 AM,99,57
10/2/2026,9:18:46 AM,99,57
10/2/2026,9:18:47 AM,99,57
10/2/2026,9:18:48 AM,99,57
10/2/2026,9:18:49 AM,99,57
10/2/2026,9:18:50 AM,99,57
10/2/2026,9:18:51 AM,99,57
10/2/2026,9:18:52 AM,99,57
10/2/2026,9:18:53 AM,99,57
10/2/2026,9:18:54 AM,99,57
10/2/2026,9:18:55 AM,99,56
10/2/2026,9:18:56 AM,99,57
10/2/2026,9:18:57 AM,99,57
10/2/2026,9:18:58 AM,99,57
10/2/2026,9:18:59 AM,99,57
10/2/2026,9:19:00 AM,99,57
10/2/2026,9:19:01 AM,99,57
10/2/2026,9:19:02 AM,99,57
10/2/2026,9:19:03 AM,99,57
10/2/2026,9:19:04 AM,99,57
10/2/2026,9:19:05 AM,99,57
10/2/2026,9:19:06 AM,99,57
10/2/2026,9:19:07 AM,99,57
10/2/2026,9:19:08 AM,99,57
10/2/2026,9:19:09 AM,99,57
10/2/2026,9:19:10 AM,99,57
10/2/2026,9:19:11 AM,99,57
10/2/2026,9:19:12 AM,99,57
10/2/2026,9:19:13 AM,99,57
10/2/2026,9:19:14 AM,99,57
10/2/2026,9:19:15 AM,99,57
10/2/2026,9:19:16 AM,99,57
10/2/2026,9:19:17 AM,99,57
10/2/2026,9:19:18 AM,99,57
10/2/2026,9:19:19 AM,99,57
10/2/2026,9:19:20 AM,99,57
10/2/2026,9:19:21 AM,99,57
10/2/2026,9:19:22 AM,99,57
10/2/2026,9:19:23 AM,99,57
10/2/2026,9:19:24 AM,99,57
10/2/2026,9:19:25 AM,99,57
10/2/2026,9:19:26 AM,99,57
10/2/2026,9:19:27 AM,99,57
10/2/2026,9:19:28 AM,99,58
10/2/2026,9:19:29 AM,99,59
10/2/2026,9:19:30 AM,99,60
10/2/2026,9:19:31 AM,99,60
10/2/2026,9:19:32 AM,99,60
10/2/2026,9:19:33 AM,99,61
10/2/2026,9:19:34 AM,99,61
10/2/2026,9:19:35 AM,99,61
10/2/2026,9:19:36 AM,99,61
10/2/2026,9:19:37 AM,99,61
10/2/2026,9:19:38 AM,99,61
10/2/2026,9:19:39 AM,99,61
10/2/2026,9:19:40 AM,99,60
10/2/2026,9:19:41 AM,99,60
10/2/2026,9:19:42 AM,99,60
10/2/2026,9:19:43 AM,98,60
10/2/2026,9:19:44 AM,98,60
10/2/2026,9:19:45 AM,98,60
10/2/2026,9:19:46 AM,98,60
10/2/2026,9:19:47 AM,98,60
10/2/2026,9:19:48 AM,98,60
10/2/2026,9:19:49 AM,98,60
10/2/2026,9:19:50 AM,98,60
10/2/2026,9:19:51 AM,98,59
10/2/2026,9:19:52 AM,98,58
10/2/2026,9:19:53 AM,98,57
10/2/2026,9:19:54 AM,98,57
10/2/2026,9:19:55 AM,98,57
10/2/2026,9:19:56 AM,99,57
10/2/2026,9:19:57 AM,99,57
10/2/2026,9:19:58 AM,99,57
10/2/2026,9:19:59 AM,99,57
10/2/2026,9:20:00 AM,99,57
10/2/2026,9:20:01 AM,99,57
10/2/2026,9:20:02 AM,99,57
10/2/2026,9:20:03 AM,99,57
10/2/2026,9:20:04 AM,99,57
10/2/2026,9:20:05 AM,99,58
10/2/2026,9:20:06 AM,99,58
10/2/2026,9:20:07 AM,99,58
10/2/2026,9:20:08 AM,99,58
10/2/2026,9:20:09 AM,99,59
10/2/2026,9:20:10 AM,99,59
10/2/2026,9:20:11 AM,99,59
10/2/2026,9:20:12 AM,99,60
10/2/2026,9:20:13 AM,99,60
10/2/2026,9:20:14 AM,99,60
10/2/2026,9:20:15 AM,99,60
10/2/2026,9:20:16 AM,99,60
10/2/2026,9:20:17 AM,99,60
10/2/2026,9:20:18 AM,99,60
10/2/2026,9:20:19 AM,99,60
10/2/2026,9:20:20 AM,99,60
10/2/2026,9:20:21 AM,99,60
10/2/2026,9:20:22 AM,99,60
10/2/2026,9:20:23 AM,99,60
10/2/2026,9:20:24 AM,98,60
10/2/2026,9:20:25 AM,98,61
10/2/2026,9:20:26 AM,98,61
10/2/2026,9:20:27 AM,98,61
10/2/2026,9:20:28 AM,98,61
10/2/2026,9:20:29 AM,98,61
10/2/2026,9:20:30 AM,98,61
10/2/2026,9:20:31 AM,98,61
10/2/2026,9:20:32 AM,98,61
10/2/2026,9:20:33 AM,98,61
10/2/2026,9:20:34 AM,98,61
10/2/2026,9:20:35 AM,98,61
10/2/2026,9:20:36 AM,98,61
10/2/2026,9:20:37 AM,98,61
10/2/2026,9:20:38 AM,98,61
10/2/2026,9:20:39 AM,98,61
10/2/2026,9:20:40 AM,98,60
10/2/2026,9:20:41 AM,98,60
10/2/2026,9:20:42 AM,98,60
10/2/2026,9:20:43 AM,98,60
10/2/2026,9:20:44 AM,99,59
10/2/2026,9:20:45 AM,99,59
10/2/2026,9:20:46 AM,99,59
10/2/2026,9:20:47 AM,99,59
10/2/2026,9:20:48 AM,99,59
10/2/2026,9:20:49 AM,99,59
10/2/2026,9:20:50 AM,99,59
10/2/2026,9:20:51 AM,99,58
10/2/2026,9:20:52 AM,99,57
10/2/2026,9:20:53 AM,99,57
10/2/2026,9:20:54 AM,99,57
10/2/2026,9:20:55 AM,98,56
10/2/2026,9:20:56 AM,98,56
10/2/2026,9:20:57 AM,98,56
10/2/2026,9:20:58 AM,98,56
10/2/2026,9:20:59 AM,98,56
10/2/2026,9:21:00 AM,98,55
10/2/2026,9:21:01 AM,97,54
10/2/2026,9:21:02 AM,97,54
10/2/2026,9:21:03 AM,97,54
10/2/2026,9:21:04 AM,97,54
10/2/2026,9:21:05 AM,97,54
10/2/2026,9:21:06 AM,97,54
10/2/2026,9:21:07 AM,97,55
10/2/2026,9:21:08 AM,97,55
10/2/2026,9:21:09 AM,97,54
10/2/2026,9:21:10 AM,98,54
10/2/2026,9:21:11 AM,98,54
10/2/2026,9:21:12 AM,98,54
10/2/2026,9:21:13 AM,98,54
10/2/2026,9:21:14 AM,98,54
10/2/2026,9:21:15 AM,98,54
10/2/2026,9:21:16 AM,98,54
10/2/2026,9:21:17 AM,98,54
10/2/2026,9:21:18 AM,98,54
10/2/2026,9:21:19 AM,98,54
10/2/2026,9:21:20 AM,98,54
10/2/2026,9:21:21 AM,98,54
10/2/2026,9:21:22 AM,98,54
10/2/2026,9:21:23 AM,98,54
10/2/2026,9:21:24 AM,98,54
10/2/2026,9:21:25 AM,98,54
10/2/2026,9:21:26 AM,98,54
10/2/2026,9:21:27 AM,98,54
10/2/2026,9:21:28 AM,98,54
10/2/2026,9:21:29 AM,98,54
10/2/2026,9:21:30 AM,98,54
10/2/2026,9:21:31 AM,98,54
10/2/2026,9:21:32 AM,98,54
10/2/2026,9:21:33 AM,99,54
10/2/2026,9:21:34 AM,99,54
10/2/2026,9:21:35 AM,99,54
10/2/2026,9:21:36 AM,99,54
10/2/2026,9:21:37 AM,99,54
10/2/2026,9:21:38 AM,99,54
10/2/2026,9:21:39 AM,99,54
10/2/2026,9:21:40 AM,99,54
10/2/2026,9:21:41 AM,99,54
10/2/2026,9:21:42 AM,99,54
10/2/2026,9:21:43 AM,99,54
10/2/2026,9:21:44 AM,99,54
10/2/2026,9:21:45 AM,99,54
10/2/2026,9:21:46 AM,99,54
10/2/2026,9:21:47 AM,99,54
10/2/2026,9:21:48 AM,99,54
10/2/2026,9:21:49 AM,99,54
10/2/2026,9:21:50 AM,99,54
10/2/2026,9:21:51 AM,99,54
10/2/2026,9:21:52 AM,99,54
10/2/2026,9:21:53 AM,99,54
10/2/2026,9:21:54 AM,99,54
10/2/2026,9:21:55 AM,99,54
10/2/2026,9:21:56 AM,99,54
10/2/2026,9:21:57 AM,99,54
10/2/2026,9:21:58 AM,99,54
10/2/2026,9:21:59 AM,99,54
10/2/2026,9:22:00 AM,99,54
10/2/2026,9:22:01 AM,99,54
10/2/2026,9:22:02 AM,99,54
10/2/2026,9:22:03 AM,99,54
10/2/2026,9:22:04 AM,99,54
10/2/2026,9:22:05 AM,99,54
10/2/2026,9:22:06 AM,99,54
10/2/2026,9:22:07 AM,99,54
10/2/2026,9:22:08 AM,99,54
10/2/2026,9:22:09 AM,99,54
10/2/2026,9:22:10 AM,99,54
10/2/2026,9:22:11 AM,99,54
10/2/2026,9:22:12 AM,99,54
10/2/2026,9:22:13 AM,99,54
10/2/2026,9:22:14 AM,99,54
10/2/2026,9:22:15 AM,99,54
10/2/2026,9:22:16 AM,99,54
10/2/2026,9:22:17 AM,99,54
10/2/2026,9:22:18 AM,99,54
10/2/2026,9:22:19 AM,99,54
10/2/2026,9:22:20 AM,99,55
10/2/2026,9:22:21 AM,99,55
10/2/2026,9:22:22 AM,99,55
10/2/2026,9:22:23 AM,99,55
10/2/2026,9:22:24 AM,99,55
10/2/2026,9:22:25 AM,99,55
10/2/2026,9:22:26 AM,99,55
10/2/2026,9:22:27 AM,99,55
10/2/2026,9:22:28 AM,99,55
10/2/2026,9:22:29 AM,99,55
10/2/2026,9:22:30 AM,99,55
10/2/2026,9:22:31 AM,99,55
10/2/2026,9:22:32 AM,99,55
10/2/2026,9:22:33 AM,99,55
10/2/2026,9:22:34 AM,99,55
10/2/2026,9:22:35 AM,99,54
10/2/2026,9:22:36 AM,99,54
10/2/2026,9:22:37 AM,99,54
10/2/2026,9:22:38 AM,99,54
10/2/2026,9:22:39 AM,99,54
10/2/2026,9:22:40 AM,99,54
10/2/2026,9:22:41 AM,99,54
10/2/2026,9:22:42 AM,99,54
10/2/2026,9:22:43 AM,99,54
10/2/2026,9:22:44 AM,99,54
10/2/2026,9:22:45 AM,99,54
10/2/2026,9:22:46 AM,99,54
10/2/2026,9:22:47 AM,99,54
10/2/2026,9:22:48 AM,99,54
10/2/2026,9:22:49 AM,99,53
10/2/2026,9:22:50 AM,99,53
10/2/2026,9:22:51 AM,99,53
10/2/2026,9:22:52 AM,99,53
10/2/2026,9:22:53 AM,99,53
10/2/2026,9:22:54 AM,99,53
10/2/2026,9:22:55 AM,99,53
10/2/2026,9:22:56 AM,99,53
10/2/2026,9:22:57 AM,99,53
10/2/2026,9:22:58 AM,99,53
10/2/2026,9:22:59 AM,99,53
10/2/2026,9:23:00 AM,99,53
10/2/2026,9:23:01 AM,99,53
10/2/2026,9:23:02 AM,99,53
10/2/2026,9:23:03 AM,99,53
10/2/2026,9:23:04 AM,99,53
10/2/2026,9:23:05 AM,99,53
10/2/2026,9:23:06 AM,99,54
10/2/2026,9:23:07 AM,99,54
10/2/2026,9:23:08 AM,99,55
10/2/2026,9:23:09 AM,99,55
10/2/2026,9:23:10 AM,99,55
10/2/2026,9:23:11 AM,99,55
10/2/2026,9:23:12 AM,99,55
10/2/2026,9:23:13 AM,99,54
10/2/2026,9:23:14 AM,99,54
10/2/2026,9:23:15 AM,99,54
10/2/2026,9:23:16 AM,99,54
10/2/2026,9:23:17 AM,99,54
10/2/2026,9:23:18 AM,99,54
10/2/2026,9:23:19 AM,99,55
10/2/2026,9:23:20 AM,99,55
10/2/2026,9:23:21 AM,99,55
10/2/2026,9:23:22 AM,99,55
10/2/2026,9:23:23 AM,99,55
10/2/2026,9:23:24 AM,99,55
10/2/2026,9:23:25 AM,99,55
10/2/2026,9:23:26 AM,99,55
10/2/2026,9:23:27 AM,99,55
10/2/2026,9:23:28 AM,99,55
10/2/2026,9:23:29 AM,99,55
10/2/2026,9:23:30 AM,99,55
10/2/2026,9:23:31 AM,99,55
10/2/2026,9:23:32 AM,99,55
10/2/2026,9:23:33 AM,99,55
10/2/2026,9:23:34 AM,99,55
10/2/2026,9:23:35 AM,99,55
10/2/2026,9:23:36 AM,99,55
10/2/2026,9:23:37 AM,99,49
10/2/2026,9:23:38 AM,99,49
10/2/2026,9:23:39 AM,99,49
10/2/2026,9:23:40 AM,99,49
10/2/2026,9:23:41 AM,99,49
10/2/2026,9:23:42 AM,99,49
10/2/2026,9:23:43 AM,99,49
10/2/2026,9:23:44 AM,99,49
10/2/2026,9:23:45 AM,99,49
10/2/2026,9:23:46 AM,99,49
10/2/2026,9:23:47 AM,99,49
10/2/2026,9:23:48 AM,99,49
10/2/2026,9:23:49 AM,99,49
10/2/2026,9:23:50 AM,99,44
10/2/2026,9:23:51 AM,99,44
10/2/2026,9:23:52 AM,99,44
10/2/2026,9:23:53 AM,99,44
10/2/2026,9:23:54 AM,99,44
10/2/2026,9:23:55 AM,99,44
10/2/2026,9:23:56 AM,99,44
10/2/2026,9:23:57 AM,99,44
10/2/2026,9:23:58 AM,99,44
10/2/2026,9:23:59 AM,99,44
10/2/2026,9:24:00 AM,99,44
10/2/2026,9:24:01 AM,99,44
10/2/2026,9:24:02 AM,99,44
10/2/2026,9:24:03 AM,99,44
10/2/2026,9:24:04 AM,99,44
10/2/2026,9:24:05 AM,99,44
10/2/2026,9:24:06 AM,99,44
10/2/2026,9:24:07 AM,99,44
10/2/2026,9:24:08 AM,99,44
10/2/2026,9:24:09 AM,99,44
10/2/2026,9:24:10 AM,99,44
10/2/2026,9:24:11 AM,99,44
10/2/2026,9:24:12 AM,99,44
10/2/2026,9:24:13 AM,99,44
10/2/2026,9:24:14 AM,99,44
10/2/2026,9:24:15 AM,99,44
10/2/2026,9:24:16 AM,99,44
10/2/2026,9:24:17 AM,99,44
10/2/2026,9:24:18 AM,99,44
10/2/2026,9:24:19 AM,99,44
10/2/2026,9:24:20 AM,99,44
10/2/2026,9:24:21 AM,99,44
10/2/2026,9:24:22 AM,99,44
10/2/2026,9:24:23 AM,99,44
10/2/2026,9:24:24 AM,99,44
10/2/2026,9:24:25 AM,99,45
10/2/2026,9:24:26 AM,98,45
10/2/2026,9:24:27 AM,98,45
10/2/2026,9:24:28 AM,99,45
10/2/2026,9:24:29 AM,99,45
10/2/2026,9:24:30 AM,99,45
10/2/2026,9:24:31 AM,99,45
10/2/2026,9:24:32 AM,99,45
10/2/2026,9:24:33 AM,99,46
10/2/2026,9:24:34 AM,99,46
10/2/2026,9:24:35 AM,99,46
10/2/2026,9:24:36 AM,99,46
10/2/2026,9:24:37 AM,99,46
10/2/2026,9:24:38 AM,99,46
10/2/2026,9:24:39 AM,99,52
10/2/2026,9:24:40 AM,99,52
10/2/2026,9:24:41 AM,99,52
10/2/2026,9:24:42 AM,99,52
10/2/2026,9:24:43 AM,99,51
10/2/2026,9:24:44 AM,99,56
10/2/2026,9:24:45 AM,99,56
10/2/2026,9:24:46 AM,99,56
10/2/2026,9:24:47 AM,99,56
10/2/2026,9:24:48 AM,99,56
10/2/2026,9:24:49 AM,99,56
10/2/2026,9:24:50 AM,99,56
10/2/2026,9:24:51 AM,99,56
10/2/2026,9:24:52 AM,99,56
10/2/2026,9:24:53 AM,99,56
10/2/2026,9:24:54 AM,99,56
10/2/2026,9:24:55 AM,99,56
10/2/2026,9:24:56 AM,99,56
10/2/2026,9:24:57 AM,99,56
10/2/2026,9:24:58 AM,99,56
10/2/2026,9:24:59 AM,99,56
10/2/2026,9:25:00 AM,99,56
10/2/2026,9:25:01 AM,99,56
10/2/2026,9:25:02 AM,99,56
10/2/2026,9:25:03 AM,99,56
10/2/2026,9:25:04 AM,99,56
10/2/2026,9:25:05 AM,99,56
10/2/2026,9:25:06 AM,99,56
10/2/2026,9:25:07 AM,99,56
10/2/2026,9:25:08 AM,99,56
10/2/2026,9:25:09 AM,99,56
10/2/2026,9:25:10 AM,99,56
10/2/2026,9:25:11 AM,99,56
10/2/2026,9:25:12 AM,99,56
10/2/2026,9:25:13 AM,99,56
10/2/2026,9:25:14 AM,99,56
10/2/2026,9:25:15 AM,99,56
10/2/2026,9:25:16 AM,99,56
10/2/2026,9:25:17 AM,99,56
10/2/2026,9:25:18 AM,99,57
10/2/2026,9:25:19 AM,99,57
10/2/2026,9:25:20 AM,99,57
10/2/2026,9:25:21 AM,99,58
10/2/2026,9:25:22 AM,99,58
10/2/2026,9:25:23 AM,99,58
10/2/2026,9:25:24 AM,99,58
10/2/2026,9:25:25 AM,98,58
10/2/2026,9:25:26 AM,98,58
10/2/2026,9:25:27 AM,98,58
10/2/2026,9:25:28 AM,98,58
10/2/2026,9:25:29 AM,98,57
10/2/2026,9:25:30 AM,98,57
10/2/2026,9:25:31 AM,98,57
10/2/2026,9:25:32 AM,98,57
10/2/2026,9:25:33 AM,98,56
10/2/2026,9:25:34 AM,97,56
10/2/2026,9:25:35 AM,97,56
10/2/2026,9:25:36 AM,97,56
10/2/2026,9:25:37 AM,96,56
10/2/2026,9:25:38 AM,96,56
10/2/2026,9:25:39 AM,96,56
10/2/2026,9:25:40 AM,96,56
10/2/2026,9:25:41 AM,96,56
10/2/2026,9:25:42 AM,96,56
10/2/2026,9:25:43 AM,96,57
10/2/2026,9:25:44 AM,96,57
10/2/2026,9:25:45 AM,96,57
10/2/2026,9:25:46 AM,96,58
10/2/2026,9:25:47 AM,97,59
10/2/2026,9:25:48 AM,97,59
10/2/2026,9:25:49 AM,97,60
10/2/2026,9:25:50 AM,97,60
10/2/2026,9:25:51 AM,98,60
10/2/2026,9:25:52 AM,98,60
10/2/2026,9:25:53 AM,98,60
10/2/2026,9:25:54 AM,98,60
10/2/2026,9:25:55 AM,99,60
10/2/2026,9:25:56 AM,99,60
10/2/2026,9:25:57 AM,99,60
10/2/2026,9:25:58 AM,99,60
10/2/2026,9:25:59 AM,99,60
10/2/2026,9:26:00 AM,99,60
10/2/2026,9:26:01 AM,99,60
10/2/2026,9:26:02 AM,99,60
10/2/2026,9:26:03 AM,99,60
10/2/2026,9:26:04 AM,99,60
10/2/2026,9:26:05 AM,99,60
10/2/2026,9:26:06 AM,99,60
10/2/2026,9:26:07 AM,99,60
10/2/2026,9:26:08 AM,99,61
10/2/2026,9:26:09 AM,99,61
10/2/2026,9:26:10 AM,99,61
10/2/2026,9:26:11 AM,99,61
10/2/2026,9:26:12 AM,99,61
10/2/2026,9:26:13 AM,99,61
10/2/2026,9:26:14 AM,99,61
10/2/2026,9:26:15 AM,99,61
10/2/2026,9:26:16 AM,99,61
10/2/2026,9:26:17 AM,99,61
10/2/2026,9:26:18 AM,99,61
10/2/2026,9:26:19 AM,99,61
10/2/2026,9:26:20 AM,99,61
10/2/2026,9:26:21 AM,99,61
10/2/2026,9:26:22 AM,99,61
10/2/2026,9:26:23 AM,99,61
10/2/2026,9:26:24 AM,99,62
10/2/2026,9:26:25 AM,99,62
10/2/2026,9:26:26 AM,99,62
10/2/2026,9:26:27 AM,99,62
10/2/2026,9:26:28 AM,98,62
10/2/2026,9:26:29 AM,98,62
10/2/2026,9:26:30 AM,98,62
10/2/2026,9:26:31 AM,98,62
10/2/2026,9:26:32 AM,98,62
10/2/2026,9:26:33 AM,98,62
10/2/2026,9:26:34 AM,98,61
10/2/2026,9:26:35 AM,98,61
10/2/2026,9:26:36 AM,98,61
10/2/2026,9:26:37 AM,98,60
10/2/2026,9:26:38 AM,98,60
10/2/2026,9:26:39 AM,98,60
10/2/2026,9:26:40 AM,98,60
10/2/2026,9:26:41 AM,98,60
10/2/2026,9:26:42 AM,99,59
10/2/2026,9:26:43 AM,99,59
10/2/2026,9:26:44 AM,99,60
10/2/2026,9:26:45 AM,99,60
10/2/2026,9:26:46 AM,99,60
10/2/2026,9:26:47 AM,99,60
10/2/2026,9:26:48 AM,99,60
10/2/2026,9:26:49 AM,99,60
10/2/2026,9:26:50 AM,99,60
10/2/2026,9:26:51 AM,98,60
10/2/2026,9:26:52 AM,98,60
10/2/2026,9:26:53 AM,98,60
10/2/2026,9:26:54 AM,98,60
10/2/2026,9:26:55 AM,98,60
10/2/2026,9:26:56 AM,97,61
10/2/2026,9:26:57 AM,97,61
10/2/2026,9:26:58 AM,97,61
10/2/2026,9:26:59 AM,97,60
10/2/2026,9:27:00 AM,97,61
10/2/2026,9:27:01 AM,97,61
10/2/2026,9:27:02 AM,98,61
10/2/2026,9:27:03 AM,98,61
10/2/2026,9:27:04 AM,99,61
10/2/2026,9:27:05 AM,99,61
10/2/2026,9:27:06 AM,99,61
10/2/2026,9:27:07 AM,99,61
10/2/2026,9:27:08 AM,99,61
10/2/2026,9:27:09 AM,99,61
10/2/2026,9:27:10 AM,99,61
10/2/2026,9:27:11 AM,99,61
10/2/2026,9:27:12 AM,99,61
10/2/2026,9:27:13 AM,99,61
10/2/2026,9:27:14 AM,99,61
10/2/2026,9:27:15 AM,99,61
10/2/2026,9:27:16 AM,99,61
10/2/2026,9:27:17 AM,99,61
10/2/2026,9:27:18 AM,99,61
10/2/2026,9:27:19 AM,99,61
10/2/2026,9:27:20 AM,99,61
10/2/2026,9:27:21 AM,98,61
10/2/2026,9:27:22 AM,98,61
10/2/2026,9:27:23 AM,98,61
10/2/2026,9:27:24 AM,98,61
10/2/2026,9:27:25 AM,98,61
10/2/2026,9:27:26 AM,98,62
10/2/2026,9:27:27 AM,98,62
10/2/2026,9:27:28 AM,98,62
10/2/2026,9:27:29 AM,98,62
10/2/2026,9:27:30 AM,98,62
10/2/2026,9:27:31 AM,98,62
10/2/2026,9:27:32 AM,98,62
10/2/2026,9:27:33 AM,98,62
10/2/2026,9:27:34 AM,98,62
10/2/2026,9:27:35 AM,98,62
10/2/2026,9:27:36 AM,98,61
10/2/2026,9:27:37 AM,98,61
10/2/2026,9:27:38 AM,98,61
10/2/2026,9:27:39 AM,98,61
10/2/2026,9:27:40 AM,98,61
10/2/2026,9:27:41 AM,98,60
10/2/2026,9:27:42 AM,98,60
10/2/2026,9:27:43 AM,98,60
10/2/2026,9:27:44 AM,98,60
10/2/2026,9:27:45 AM,98,59
10/2/2026,9:27:46 AM,98,59
10/2/2026,9:27:47 AM,98,59
10/2/2026,9:27:48 AM,98,59
10/2/2026,9:27:49 AM,98,59
10/2/2026,9:27:50 AM,98,59
10/2/2026,9:27:51 AM,98,59
10/2/2026,9:27:52 AM,97,60
10/2/2026,9:27:53 AM,97,59
10/2/2026,9:27:54 AM,97,59
10/2/2026,9:27:55 AM,96,59
10/2/2026,9:27:56 AM,96,60
10/2/2026,9:27:57 AM,95,60
10/2/2026,9:27:58 AM,95,60
10/2/2026,9:27:59 AM,95,60
10/2/2026,9:28:00 AM,95,60
10/2/2026,9:28:01 AM,95,60
10/2/2026,9:28:02 AM,95,60
10/2/2026,9:28:03 AM,95,61
10/2/2026,9:28:04 AM,95,61
10/2/2026,9:28:05 AM,95,60
10/2/2026,9:28:06 AM,96,61
10/2/2026,9:28:07 AM,96,61
10/2/2026,9:28:08 AM,96,61
10/2/2026,9:28:09 AM,96,61
10/2/2026,9:28:10 AM,96,61
10/2/2026,9:28:11 AM,97,61
10/2/2026,9:28:12 AM,97,61
10/2/2026,9:28:13 AM,97,61
10/2/2026,9:28:14 AM,97,61
10/2/2026,9:28:15 AM,97,61
10/2/2026,9:28:16 AM,98,61
10/2/2026,9:28:17 AM,98,61
10/2/2026,9:28:18 AM,98,61
10/2/2026,9:28:19 AM,98,61
10/2/2026,9:28:20 AM,98,61
10/2/2026,9:28:21 AM,98,61
10/2/2026,9:28:22 AM,98,61
10/2/2026,9:28:23 AM,98,61
10/2/2026,9:28:24 AM,98,61
10/2/2026,9:28:25 AM,98,61
10/2/2026,9:28:26 AM,99,61
10/2/2026,9:28:27 AM,98,61
10/2/2026,9:28:28 AM,99,61
10/2/2026,9:28:29 AM,98,61
10/2/2026,9:28:30 AM,98,61
10/2/2026,9:28:31 AM,98,62
10/2/2026,9:28:32 AM,98,62
10/2/2026,9:28:33 AM,98,62
10/2/2026,9:28:34 AM,98,62
10/2/2026,9:28:35 AM,98,62
10/2/2026,9:28:36 AM,98,62
10/2/2026,9:28:37 AM,97,62
10/2/2026,9:28:38 AM,97,61
10/2/2026,9:28:39 AM,97,61
10/2/2026,9:28:40 AM,97,61
10/2/2026,9:28:41 AM,97,61
10/2/2026,9:28:42 AM,98,61
10/2/2026,9:28:43 AM,98,60
10/2/2026,9:28:44 AM,98,60
10/2/2026,9:28:45 AM,98,60
10/2/2026,9:28:46 AM,98,60
10/2/2026,9:28:47 AM,98,60
10/2/2026,9:28:48 AM,98,61
10/2/2026,9:28:49 AM,98,61
10/2/2026,9:28:50 AM,98,60
10/2/2026,9:28:51 AM,98,61
10/2/2026,9:28:52 AM,98,60
10/2/2026,9:28:53 AM,98,61
10/2/2026,9:28:54 AM,97,61
10/2/2026,9:28:55 AM,97,61
10/2/2026,9:28:56 AM,96,61
10/2/2026,9:28:57 AM,96,61
10/2/2026,9:28:58 AM,96,61
10/2/2026,9:28:59 AM,96,61
10/2/2026,9:29:00 AM,96,61
10/2/2026,9:29:01 AM,96,61
10/2/2026,9:29:02 AM,96,61
10/2/2026,9:29:03 AM,96,61
10/2/2026,9:29:04 AM,97,60
10/2/2026,9:29:05 AM,97,60
10/2/2026,9:29:06 AM,97,60
10/2/2026,9:29:07 AM,97,60
10/2/2026,9:29:08 AM,97,60
10/2/2026,9:29:09 AM,97,60
10/2/2026,9:29:10 AM,97,60
10/2/2026,9:29:11 AM,98,60
10/2/2026,9:29:12 AM,98,60
10/2/2026,9:29:13 AM,98,60
10/2/2026,9:29:14 AM,98,61
10/2/2026,9:29:15 AM,98,61
10/2/2026,9:29:16 AM,98,61
10/2/2026,9:29:17 AM,98,61
10/2/2026,9:29:18 AM,99,61
10/2/2026,9:29:19 AM,99,61
10/2/2026,9:29:20 AM,99,61
10/2/2026,9:29:21 AM,99,61
10/2/2026,9:29:22 AM,99,61
10/2/2026,9:29:23 AM,99,61
10/2/2026,9:29:24 AM,99,61
10/2/2026,9:29:25 AM,99,61
10/2/2026,9:29:26 AM,99,61
10/2/2026,9:29:27 AM,98,61
10/2/2026,9:29:28 AM,98,61
10/2/2026,9:29:29 AM,98,61
10/2/2026,9:29:30 AM,98,62
10/2/2026,9:29:31 AM,98,62
10/2/2026,9:29:32 AM,98,62
10/2/2026,9:29:33 AM,98,62
10/2/2026,9:29:34 AM,98,62
10/2/2026,9:29:35 AM,98,62
10/2/2026,9:29:36 AM,98,62
10/2/2026,9:29:37 AM,98,62
10/2/2026,9:29:38 AM,98,62
10/2/2026,9:29:39 AM,98,62
10/2/2026,9:29:40 AM,98,62
10/2/2026,9:29:41 AM,98,62
10/2/2026,9:29:42 AM,98,62
10/2/2026,9:29:43 AM,98,61
10/2/2026,9:29:44 AM,98,61
10/2/2026,9:29:45 AM,98,61
10/2/2026,9:29:46 AM,98,60
10/2/2026,9:29:47 AM,98,60
10/2/2026,9:29:48 AM,98,60
10/2/2026,9:29:49 AM,98,60
10/2/2026,9:29:50 AM,98,60
10/2/2026,9:29:51 AM,98,60
10/2/2026,9:29:52 AM,98,60
10/2/2026,9:29:53 AM,98,60
10/2/2026,9:29:54 AM,98,60
10/2/2026,9:29:55 AM,98,60
10/2/2026,9:29:56 AM,98,60
10/2/2026,9:29:57 AM,98,60
10/2/2026,9:29:58 AM,98,60
10/2/2026,9:29:59 AM,98,60
10/2/2026,9:30:00 AM,98,60
10/2/2026,9:30:01 AM,98,61
10/2/2026,9:30:02 AM,98,61
10/2/2026,9:30:03 AM,98,61
10/2/2026,9:30:04 AM,98,61
10/2/2026,9:30:05 AM,98,61
10/2/2026,9:30:06 AM,97,61
10/2/2026,9:30:07 AM,98,61
10/2/2026,9:30:08 AM,97,61
10/2/2026,9:30:09 AM,97,62
10/2/2026,9:30:10 AM,98,62
10/2/2026,9:30:11 AM,98,62
10/2/2026,9:30:12 AM,98,62
10/2/2026,9:30:13 AM,98,62
10/2/2026,9:30:14 AM,98,62
10/2/2026,9:30:15 AM,98,62
10/2/2026,9:30:16 AM,98,62
10/2/2026,9:30:17 AM,98,62
10/2/2026,9:30:18 AM,98,62
10/2/2026,9:30:19 AM,98,61
10/2/2026,9:30:20 AM,98,61
10/2/2026,9:30:21 AM,98,61
10/2/2026,9:30:22 AM,98,61
10/2/2026,9:30:23 AM,98,61
10/2/2026,9:30:24 AM,98,60
10/2/2026,9:30:25 AM,98,60
10/2/2026,9:30:26 AM,98,60
10/2/2026,9:30:27 AM,98,59
10/2/2026,9:30:28 AM,98,59
10/2/2026,9:30:29 AM,98,58
10/2/2026,9:30:30 AM,98,58
10/2/2026,9:30:31 AM,98,58
10/2/2026,9:30:32 AM,98,58
10/2/2026,9:30:33 AM,98,58
10/2/2026,9:30:34 AM,98,58
10/2/2026,9:30:35 AM,97,58
10/2/2026,9:30:36 AM,97,58
10/2/2026,9:30:37 AM,97,58
10/2/2026,9:30:38 AM,97,58
10/2/2026,9:30:39 AM,97,58
10/2/2026,9:30:40 AM,97,59
10/2/2026,9:30:41 AM,97,59
10/2/2026,9:30:42 AM,96,59
10/2/2026,9:30:43 AM,96,59
10/2/2026,9:30:44 AM,96,59
10/2/2026,9:30:45 AM,96,59
10/2/2026,9:30:46 AM,96,59
10/2/2026,9:30:47 AM,96,59
10/2/2026,9:30:48 AM,96,59
10/2/2026,9:30:49 AM,96,59
10/2/2026,9:30:50 AM,96,59
10/2/2026,9:30:51 AM,96,60
10/2/2026,9:30:52 AM,96,60
10/2/2026,9:30:53 AM,96,60
10/2/2026,9:30:54 AM,96,61
10/2/2026,9:30:55 AM,96,61
10/2/2026,9:30:56 AM,96,61
10/2/2026,9:30:57 AM,96,61
10/2/2026,9:30:58 AM,96,62
10/2/2026,9:30:59 AM,96,62
10/2/2026,9:31:00 AM,97,62
10/2/2026,9:31:01 AM,97,62
10/2/2026,9:31:02 AM,97,62
10/2/2026,9:31:03 AM,97,62
10/2/2026,9:31:04 AM,98,62
10/2/2026,9:31:05 AM,98,62
10/2/2026,9:31:06 AM,98,62
10/2/2026,9:31:07 AM,98,61
10/2/2026,9:31:08 AM,98,61
10/2/2026,9:31:09 AM,98,61
10/2/2026,9:31:10 AM,99,61
10/2/2026,9:31:11 AM,99,61
10/2/2026,9:31:12 AM,99,61
10/2/2026,9:31:13 AM,99,61
10/2/2026,9:31:14 AM,99,61
10/2/2026,9:31:15 AM,99,60
10/2/2026,9:31:16 AM,98,60
10/2/2026,9:31:17 AM,98,60
10/2/2026,9:31:18 AM,98,59
10/2/2026,9:31:19 AM,98,59
10/2/2026,9:31:20 AM,98,59
10/2/2026,9:31:21 AM,98,58
10/2/2026,9:31:22 AM,99,58
10/2/2026,9:31:23 AM,99,58
10/2/2026,9:31:24 AM,99,58
10/2/2026,9:31:25 AM,99,58
10/2/2026,9:31:26 AM,99,58
10/2/2026,9:31:27 AM,99,59
10/2/2026,9:31:28 AM,99,59
10/2/2026,9:31:29 AM,99,59
10/2/2026,9:31:30 AM,99,59
10/2/2026,9:31:31 AM,99,59
10/2/2026,9:31:32 AM,99,59
10/2/2026,9:31:33 AM,99,59
10/2/2026,9:31:34 AM,99,59
10/2/2026,9:31:35 AM,99,59
10/2/2026,9:31:36 AM,98,59
10/2/2026,9:31:37 AM,98,59
10/2/2026,9:31:38 AM,98,59
10/2/2026,9:31:39 AM,98,60
10/2/2026,9:31:40 AM,98,61
10/2/2026,9:31:41 AM,98,61
10/2/2026,9:31:42 AM,98,61
10/2/2026,9:31:43 AM,98,61
10/2/2026,9:31:44 AM,97,61
10/2/2026,9:31:45 AM,97,61
10/2/2026,9:31:46 AM,97,61
10/2/2026,9:31:47 AM,97,61
10/2/2026,9:31:48 AM,97,61
10/2/2026,9:31:49 AM,97,61
10/2/2026,9:31:50 AM,97,61
10/2/2026,9:31:51 AM,97,61
10/2/2026,9:31:52 AM,97,61
10/2/2026,9:31:53 AM,97,61
10/2/2026,9:31:54 AM,97,61
10/2/2026,9:31:55 AM,97,62
10/2/2026,9:31:56 AM,97,62
10/2/2026,9:31:57 AM,97,62
10/2/2026,9:31:58 AM,97,62
10/2/2026,9:31:59 AM,97,61
10/2/2026,9:32:00 AM,97,61
10/2/2026,9:32:01 AM,98,61
10/2/2026,9:32:02 AM,98,61
10/2/2026,9:32:03 AM,97,61
10/2/2026,9:32:04 AM,97,61
10/2/2026,9:32:05 AM,97,61
10/2/2026,9:32:06 AM,97,61
10/2/2026,9:32:07 AM,97,61
10/2/2026,9:32:08 AM,97,61
10/2/2026,9:32:09 AM,97,61
10/2/2026,9:32:10 AM,97,61
10/2/2026,9:32:11 AM,97,61
10/2/2026,9:32:12 AM,97,61
10/2/2026,9:32:13 AM,97,61
10/2/2026,9:32:14 AM,97,61
10/2/2026,9:32:15 AM,97,61
10/2/2026,9:32:16 AM,97,61
10/2/2026,9:32:17 AM,97,61
10/2/2026,9:32:18 AM,97,60
10/2/2026,9:32:19 AM,97,60
10/2/2026,9:32:20 AM,97,60
10/2/2026,9:32:21 AM,97,60
10/2/2026,9:32:22 AM,98,59
10/2/2026,9:32:23 AM,98,59
10/2/2026,9:32:24 AM,98,59
10/2/2026,9:32:25 AM,98,59
10/2/2026,9:32:26 AM,98,58
10/2/2026,9:32:27 AM,98,58
10/2/2026,9:32:28 AM,98,58
10/2/2026,9:32:29 AM,98,58
10/2/2026,9:32:30 AM,99,58
10/2/2026,9:32:31 AM,99,59
10/2/2026,9:32:32 AM,99,59
10/2/2026,9:32:33 AM,99,59
10/2/2026,9:32:34 AM,99,59
10/2/2026,9:32:35 AM,99,59
10/2/2026,9:32:36 AM,99,59
10/2/2026,9:32:37 AM,99,59
10/2/2026,9:32:38 AM,99,59
10/2/2026,9:32:39 AM,99,59
10/2/2026,9:32:40 AM,99,60
10/2/2026,9:32:41 AM,99,60
10/2/2026,9:32:42 AM,99,60
10/2/2026,9:32:43 AM,99,60
10/2/2026,9:32:44 AM,99,60
10/2/2026,9:32:45 AM,98,60
10/2/2026,9:32:46 AM,98,60
10/2/2026,9:32:47 AM,98,61
10/2/2026,9:32:48 AM,98,61
10/2/2026,9:32:49 AM,98,61
10/2/2026,9:32:50 AM,98,61
10/2/2026,9:32:51 AM,98,61
10/2/2026,9:32:52 AM,98,61
10/2/2026,9:32:53 AM,98,62
10/2/2026,9:32:54 AM,98,62
10/2/2026,9:32:55 AM,98,62
10/2/2026,9:32:56 AM,98,62
10/2/2026,9:32:57 AM,98,62
10/2/2026,9:32:58 AM,98,62
10/2/2026,9:32:59 AM,98,63
10/2/2026,9:33:00 AM,98,63
10/2/2026,9:33:01 AM,97,62
10/2/2026,9:33:02 AM,97,62
10/2/2026,9:33:03 AM,97,62
10/2/2026,9:33:04 AM,97,62
10/2/2026,9:33:05 AM,97,62
10/2/2026,9:33:06 AM,97,62
10/2/2026,9:33:07 AM,97,62
10/2/2026,9:33:08 AM,97,61
10/2/2026,9:33:09 AM,97,61
10/2/2026,9:33:10 AM,97,61
10/2/2026,9:33:11 AM,97,61
10/2/2026,9:33:12 AM,98,61
10/2/2026,9:33:13 AM,98,61
10/2/2026,9:33:14 AM,98,61
10/2/2026,9:33:15 AM,98,61
10/2/2026,9:33:16 AM,98,61
10/2/2026,9:33:17 AM,98,61
10/2/2026,9:33:18 AM,98,61
10/2/2026,9:33:19 AM,98,61
10/2/2026,9:33:20 AM,98,61
10/2/2026,9:33:21 AM,98,61
10/2/2026,9:33:22 AM,98,61
10/2/2026,9:33:23 AM,98,61
10/2/2026,9:33:24 AM,98,61
10/2/2026,9:33:25 AM,98,61
10/2/2026,9:33:26 AM,99,62
10/2/2026,9:33:27 AM,99,62
10/2/2026,9:33:28 AM,99,62
10/2/2026,9:33:29 AM,98,62
10/2/2026,9:33:30 AM,98,62
10/2/2026,9:33:31 AM,98,62
10/2/2026,9:33:32 AM,98,61
10/2/2026,9:33:33 AM,98,61
10/2/2026,9:33:34 AM,98,61
10/2/2026,9:33:35 AM,98,61
10/2/2026,9:33:36 AM,98,61
10/2/2026,9:33:37 AM,98,60
10/2/2026,9:33:38 AM,98,60
10/2/2026,9:33:39 AM,98,60
10/2/2026,9:33:40 AM,98,60
10/2/2026,9:33:41 AM,98,60
10/2/2026,9:33:42 AM,98,60
10/2/2026,9:33:43 AM,98,60
10/2/2026,9:33:44 AM,98,60
10/2/2026,9:33:45 AM,98,60
10/2/2026,9:33:46 AM,98,60
10/2/2026,9:33:47 AM,98,60
10/2/2026,9:33:48 AM,98,60
10/2/2026,9:33:49 AM,98,60
10/2/2026,9:33:50 AM,98,60
10/2/2026,9:33:51 AM,98,60
10/2/2026,9:33:52 AM,98,60
10/2/2026,9:33:53 AM,98,60
10/2/2026,9:33:54 AM,98,60
10/2/2026,9:33:55 AM,98,60
10/2/2026,9:33:56 AM,98,60
10/2/2026,9:33:57 AM,98,60
10/2/2026,9:33:58 AM,98,60
10/2/2026,9:33:59 AM,97,60
10/2/2026,9:34:00 AM,97,60
10/2/2026,9:34:01 AM,97,60
10/2/2026,9:34:02 AM,97,60
10/2/2026,9:34:03 AM,97,60
10/2/2026,9:34:04 AM,97,60
10/2/2026,9:34:05 AM,97,60
10/2/2026,9:34:06 AM,97,60
10/2/2026,9:34:07 AM,98,60
10/2/2026,9:34:08 AM,98,60
10/2/2026,9:34:09 AM,98,60
10/2/2026,9:34:10 AM,98,60
10/2/2026,9:34:11 AM,98,60
10/2/2026,9:34:12 AM,98,60
10/2/2026,9:34:13 AM,98,59
10/2/2026,9:34:14 AM,98,59
10/2/2026,9:34:15 AM,98,60
10/2/2026,9:34:16 AM,98,60
10/2/2026,9:34:17 AM,98,60
10/2/2026,9:34:18 AM,98,60
10/2/2026,9:34:19 AM,98,60
10/2/2026,9:34:20 AM,98,60
10/2/2026,9:34:21 AM,98,60
10/2/2026,9:34:22 AM,98,61
10/2/2026,9:34:23 AM,98,61
10/2/2026,9:34:24 AM,98,61
10/2/2026,9:34:25 AM,98,61
10/2/2026,9:34:26 AM,98,61
10/2/2026,9:34:27 AM,98,61
10/2/2026,9:34:28 AM,98,61
10/2/2026,9:34:29 AM,98,61
10/2/2026,9:34:30 AM,98,61
10/2/2026,9:34:31 AM,98,61
10/2/2026,9:34:32 AM,98,61
10/2/2026,9:34:33 AM,98,60
10/2/2026,9:34:34 AM,98,60
10/2/2026,9:34:35 AM,98,60
10/2/2026,9:34:36 AM,98,60
10/2/2026,9:34:37 AM,98,60
10/2/2026,9:34:38 AM,99,60
10/2/2026,9:34:39 AM,99,60
10/2/2026,9:34:40 AM,99,60
10/2/2026,9:34:41 AM,99,60
10/2/2026,9:34:42 AM,98,59
10/2/2026,9:34:43 AM,98,60
10/2/2026,9:34:44 AM,98,60
10/2/2026,9:34:45 AM,98,60
10/2/2026,9:34:46 AM,98,60
10/2/2026,9:34:47 AM,98,60
10/2/2026,9:34:48 AM,98,61
10/2/2026,9:34:49 AM,98,61
10/2/2026,9:34:50 AM,98,62
10/2/2026,9:34:51 AM,98,62
10/2/2026,9:34:52 AM,98,61
10/2/2026,9:34:53 AM,98,62
10/2/2026,9:34:54 AM,98,62
10/2/2026,9:34:55 AM,98,62
10/2/2026,9:34:56 AM,98,62
10/2/2026,9:34:57 AM,98,62
10/2/2026,9:34:58 AM,98,62
10/2/2026,9:34:59 AM,98,61
10/2/2026,9:35:00 AM,98,62
10/2/2026,9:35:01 AM,98,62
10/2/2026,9:35:02 AM,98,62
10/2/2026,9:35:03 AM,98,62
10/2/2026,9:35:04 AM,98,62
10/2/2026,9:35:05 AM,98,62
10/2/2026,9:35:06 AM,98,62
10/2/2026,9:35:07 AM,98,62
10/2/2026,9:35:08 AM,98,62
10/2/2026,9:35:09 AM,98,62
10/2/2026,9:35:10 AM,98,63
10/2/2026,9:35:11 AM,98,63
10/2/2026,9:35:12 AM,98,63
10/2/2026,9:35:13 AM,98,63
10/2/2026,9:35:14 AM,98,63
10/2/2026,9:35:15 AM,98,63
10/2/2026,9:35:16 AM,98,63
10/2/2026,9:35:17 AM,98,63
10/2/2026,9:35:18 AM,98,63
10/2/2026,9:35:19 AM,98,62
10/2/2026,9:35:20 AM,98,62
10/2/2026,9:35:21 AM,98,62
10/2/2026,9:35:22 AM,98,63
10/2/2026,9:35:23 AM,98,63
10/2/2026,9:35:24 AM,98,63
10/2/2026,9:35:25 AM,98,63
10/2/2026,9:35:26 AM,98,63
10/2/2026,9:35:27 AM,98,63
10/2/2026,9:35:28 AM,98,62
10/2/2026,9:35:29 AM,98,62
10/2/2026,9:35:30 AM,98,63
10/2/2026,9:35:31 AM,98,63
10/2/2026,9:35:32 AM,98,63
10/2/2026,9:35:33 AM,98,62
10/2/2026,9:35:34 AM,98,62
10/2/2026,9:35:35 AM,98,62
10/2/2026,9:35:36 AM,98,62
10/2/2026,9:35:37 AM,98,62
10/2/2026,9:35:38 AM,98,61
10/2/2026,9:35:39 AM,98,61
10/2/2026,9:35:40 AM,98,61
10/2/2026,9:35:41 AM,98,61
10/2/2026,9:35:42 AM,98,60
10/2/2026,9:35:43 AM,98,60
10/2/2026,9:35:44 AM,98,60
10/2/2026,9:35:45 AM,98,60
10/2/2026,9:35:46 AM,98,60
10/2/2026,9:35:47 AM,98,60
10/2/2026,9:35:48 AM,98,60
10/2/2026,9:35:49 AM,98,60
10/2/2026,9:35:50 AM,98,60
10/2/2026,9:35:51 AM,98,60
10/2/2026,9:35:52 AM,98,60
10/2/2026,9:35:53 AM,98,61
10/2/2026,9:35:54 AM,98,61
10/2/2026,9:35:55 AM,98,61
10/2/2026,9:35:56 AM,98,61
10/2/2026,9:35:57 AM,98,61
10/2/2026,9:35:58 AM,98,61
10/2/2026,9:35:59 AM,98,61
10/2/2026,9:36:00 AM,98,61
10/2/2026,9:36:01 AM,98,61
10/2/2026,9:36:02 AM,98,61
10/2/2026,9:36:03 AM,98,61
10/2/2026,9:36:04 AM,98,61
10/2/2026,9:36:05 AM,98,61
10/2/2026,9:36:06 AM,98,61
10/2/2026,9:36:07 AM,98,61
10/2/2026,9:36:08 AM,98,61
10/2/2026,9:36:09 AM,98,61
10/2/2026,9:36:10 AM,98,61
10/2/2026,9:36:11 AM,98,61
10/2/2026,9:36:12 AM,98,61
10/2/2026,9:36:13 AM,98,61
10/2/2026,9:36:14 AM,98,61
10/2/2026,9:36:15 AM,98,61
10/2/2026,9:36:16 AM,98,62
10/2/2026,9:36:17 AM,98,62
10/2/2026,9:36:18 AM,98,62
10/2/2026,9:36:19 AM,98,62
10/2/2026,9:36:20 AM,98,62
10/2/2026,9:36:21 AM,97,62
10/2/2026,9:36:22 AM,97,62
10/2/2026,9:36:23 AM,97,63
10/2/2026,9:36:24 AM,97,63
10/2/2026,9:36:25 AM,97,63
10/2/2026,9:36:26 AM,97,62
10/2/2026,9:36:27 AM,97,62
10/2/2026,9:36:28 AM,97,62
10/2/2026,9:36:29 AM,97,62
10/2/2026,9:36:30 AM,97,62
10/2/2026,9:36:31 AM,98,62
10/2/2026,9:36:32 AM,98,61
10/2/2026,9:36:33 AM,98,61
10/2/2026,9:36:34 AM,98,61
10/2/2026,9:36:35 AM,98,60
10/2/2026,9:36:36 AM,98,60
10/2/2026,9:36:37 AM,98,60
10/2/2026,9:36:38 AM,98,60
10/2/2026,9:36:39 AM,98,60
10/2/2026,9:36:40 AM,98,60
10/2/2026,9:36:41 AM,98,60
10/2/2026,9:36:42 AM,98,60
10/2/2026,9:36:43 AM,98,60
10/2/2026,9:36:44 AM,98,60
10/2/2026,9:36:45 AM,98,61
10/2/2026,9:36:46 AM,98,61
10/2/2026,9:36:47 AM,98,61
10/2/2026,9:36:48 AM,98,62
10/2/2026,9:36:49 AM,98,62
10/2/2026,9:36:50 AM,98,62
10/2/2026,9:36:51 AM,98,62
10/2/2026,9:36:52 AM,98,62
10/2/2026,9:36:53 AM,98,62
10/2/2026,9:36:54 AM,98,62
10/2/2026,9:36:55 AM,98,62
10/2/2026,9:36:56 AM,98,62
10/2/2026,9:36:57 AM,98,62
10/2/2026,9:36:58 AM,98,62
10/2/2026,9:36:59 AM,98,62
10/2/2026,9:37:00 AM,98,62
10/2/2026,9:37:01 AM,98,62
10/2/2026,9:37:02 AM,98,62
10/2/2026,9:37:03 AM,98,62
10/2/2026,9:37:04 AM,98,62
10/2/2026,9:37:05 AM,98,62
10/2/2026,9:37:06 AM,98,62
10/2/2026,9:37:07 AM,98,62
10/2/2026,9:37:08 AM,97,62
10/2/2026,9:37:09 AM,97,62
10/2/2026,9:37:10 AM,97,63
10/2/2026,9:37:11 AM,97,63
10/2/2026,9:37:12 AM,96,63
10/2/2026,9:37:13 AM,96,62
10/2/2026,9:37:14 AM,96,62
10/2/2026,9:37:15 AM,96,62
10/2/2026,9:37:16 AM,96,61
10/2/2026,9:37:17 AM,96,60
10/2/2026,9:37:18 AM,96,60
10/2/2026,9:37:19 AM,96,60
10/2/2026,9:37:20 AM,97,59
10/2/2026,9:37:21 AM,97,59
10/2/2026,9:37:22 AM,97,58
10/2/2026,9:37:23 AM,98,58
10/2/2026,9:37:24 AM,98,58
10/2/2026,9:37:25 AM,98,58
10/2/2026,9:37:26 AM,98,58
10/2/2026,9:37:27 AM,99,58
10/2/2026,9:37:28 AM,99,57
10/2/2026,9:37:29 AM,99,57
10/2/2026,9:37:30 AM,99,57
10/2/2026,9:37:31 AM,99,57
10/2/2026,9:37:32 AM,99,58
10/2/2026,9:37:33 AM,99,58
10/2/2026,9:37:34 AM,99,58
10/2/2026,9:37:35 AM,99,57
10/2/2026,9:37:36 AM,99,57
10/2/2026,9:37:37 AM,99,57
10/2/2026,9:37:38 AM,99,57
10/2/2026,9:37:39 AM,99,57
10/2/2026,9:37:40 AM,99,57
10/2/2026,9:37:41 AM,99,57
10/2/2026,9:37:42 AM,99,57
10/2/2026,9:37:43 AM,99,57
10/2/2026,9:37:44 AM,99,57
10/2/2026,9:37:45 AM,99,57
10/2/2026,9:37:46 AM,99,57
10/2/2026,9:37:47 AM,99,57
10/2/2026,9:37:48 AM,99,57
10/2/2026,9:37:49 AM,99,57
10/2/2026,9:37:50 AM,99,57
10/2/2026,9:37:51 AM,99,58
10/2/2026,9:37:52 AM,99,58
10/2/2026,9:37:53 AM,99,58
10/2/2026,9:37:54 AM,99,58
10/2/2026,9:37:55 AM,99,58
10/2/2026,9:37:56 AM,99,59
10/2/2026,9:37:57 AM,99,60
10/2/2026,9:37:58 AM,99,60
10/2/2026,9:37:59 AM,99,60
10/2/2026,9:38:00 AM,99,60
10/2/2026,9:38:01 AM,99,60
10/2/2026,9:38:02 AM,98,61
10/2/2026,9:38:03 AM,98,61
10/2/2026,9:38:04 AM,98,62
10/2/2026,9:38:05 AM,98,62
10/2/2026,9:38:06 AM,98,62
10/2/2026,9:38:07 AM,98,62
10/2/2026,9:38:08 AM,98,61
10/2/2026,9:38:09 AM,98,61
10/2/2026,9:38:10 AM,98,61
10/2/2026,9:38:11 AM,98,61
10/2/2026,9:38:12 AM,98,61
10/2/2026,9:38:13 AM,98,61
10/2/2026,9:38:14 AM,98,61
10/2/2026,9:38:15 AM,98,61
10/2/2026,9:38:16 AM,98,61
10/2/2026,9:38:17 AM,98,61
10/2/2026,9:38:18 AM,98,61
10/2/2026,9:38:19 AM,98,61
10/2/2026,9:38:20 AM,98,61
10/2/2026,9:38:21 AM,98,61
10/2/2026,9:38:22 AM,98,61
10/2/2026,9:38:23 AM,98,61
10/2/2026,9:38:24 AM,98,61
10/2/2026,9:38:25 AM,98,61
10/2/2026,9:38:26 AM,98,61
10/2/2026,9:38:27 AM,98,61
10/2/2026,9:38:28 AM,98,61
10/2/2026,9:38:29 AM,98,61
10/2/2026,9:38:30 AM,98,61
10/2/2026,9:38:31 AM,98,61
10/2/2026,9:38:32 AM,98,61
10/2/2026,9:38:33 AM,98,61
10/2/2026,9:38:34 AM,98,61
10/2/2026,9:38:35 AM,98,61
10/2/2026,9:38:36 AM,98,61
10/2/2026,9:38:37 AM,98,61
10/2/2026,9:38:38 AM,98,61
10/2/2026,9:38:39 AM,98,61
10/2/2026,9:38:40 AM,98,61
10/2/2026,9:38:41 AM,98,61
10/2/2026,9:38:42 AM,98,61
10/2/2026,9:38:43 AM,98,61
10/2/2026,9:38:44 AM,98,61
10/2/2026,9:38:45 AM,98,61
10/2/2026,9:38:46 AM,98,61
10/2/2026,9:38:47 AM,98,61
10/2/2026,9:38:48 AM,98,61
10/2/2026,9:38:49 AM,98,61
10/2/2026,9:38:50 AM,98,61
10/2/2026,9:38:51 AM,98,61
10/2/2026,9:38:52 AM,98,61
10/2/2026,9:38:53 AM,98,61
10/2/2026,9:38:54 AM,98,61
10/2/2026,9:38:55 AM,98,61
10/2/2026,9:38:56 AM,98,61
10/2/2026,9:38:57 AM,98,61
10/2/2026,9:38:58 AM,97,61
10/2/2026,9:38:59 AM,97,61
10/2/2026,9:39:00 AM,98,61
10/2/2026,9:39:01 AM,98,61
10/2/2026,9:39:02 AM,97,60
10/2/2026,9:39:03 AM,97,60
10/2/2026,9:39:04 AM,97,59
10/2/2026,9:39:05 AM,97,58
10/2/2026,9:39:06 AM,97,57
10/2/2026,9:39:07 AM,97,57
10/2/2026,9:39:08 AM,97,57
10/2/2026,9:39:09 AM,98,57
10/2/2026,9:39:10 AM,98,56
10/2/2026,9:39:11 AM,98,56
10/2/2026,9:39:12 AM,99,56
10/2/2026,9:39:13 AM,99,56
10/2/2026,9:39:14 AM,99,56
10/2/2026,9:39:15 AM,99,56
10/2/2026,9:39:16 AM,99,56
10/2/2026,9:39:17 AM,99,55
10/2/2026,9:39:18 AM,99,56
10/2/2026,9:39:19 AM,99,56
10/2/2026,9:39:20 AM,99,56
10/2/2026,9:39:21 AM,99,56
10/2/2026,9:39:22 AM,99,56
10/2/2026,9:39:23 AM,99,56
10/2/2026,9:39:24 AM,99,56
10/2/2026,9:39:25 AM,99,56
10/2/2026,9:39:26 AM,99,56
10/2/2026,9:39:27 AM,99,56
10/2/2026,9:39:28 AM,99,56
10/2/2026,9:39:29 AM,99,56
10/2/2026,9:39:30 AM,99,56
10/2/2026,9:39:31 AM,99,56
10/2/2026,9:39:32 AM,99,56
10/2/2026,9:39:33 AM,99,56
10/2/2026,9:39:34 AM,99,56
10/2/2026,9:39:35 AM,99,56
10/2/2026,9:39:36 AM,99,57
10/2/2026,9:39:37 AM,99,57
10/2/2026,9:39:38 AM,99,57
10/2/2026,9:39:39 AM,99,57
10/2/2026,9:39:40 AM,99,57
10/2/2026,9:39:41 AM,99,57
10/2/2026,9:39:42 AM,99,57
10/2/2026,9:39:43 AM,99,57
10/2/2026,9:39:44 AM,99,57
10/2/2026,9:39:45 AM,98,57
10/2/2026,9:39:46 AM,98,57
10/2/2026,9:39:47 AM,98,58
10/2/2026,9:39:48 AM,98,59
10/2/2026,9:39:49 AM,98,60
10/2/2026,9:39:50 AM,98,61
10/2/2026,9:39:51 AM,98,62
10/2/2026,9:39:52 AM,98,62
10/2/2026,9:39:53 AM,98,62
10/2/2026,9:39:54 AM,98,62
10/2/2026,9:39:55 AM,98,62
10/2/2026,9:39:56 AM,98,62
10/2/2026,9:39:57 AM,98,62
10/2/2026,9:39:58 AM,98,62
10/2/2026,9:39:59 AM,98,62
10/2/2026,9:40:00 AM,98,62
10/2/2026,9:40:01 AM,98,62
10/2/2026,9:40:02 AM,97,62
10/2/2026,9:40:03 AM,97,62
10/2/2026,9:40:04 AM,97,62
10/2/2026,9:40:05 AM,97,63
10/2/2026,9:40:06 AM,97,64
10/2/2026,9:40:07 AM,97,64
10/2/2026,9:40:08 AM,97,65
10/2/2026,9:40:09 AM,96,65
10/2/2026,9:40:10 AM,96,65
10/2/2026,9:40:11 AM,96,65
10/2/2026,9:40:12 AM,96,65
10/2/2026,9:40:13 AM,96,64
10/2/2026,9:40:14 AM,96,64
10/2/2026,9:40:15 AM,96,64
10/2/2026,9:40:16 AM,96,64
10/2/2026,9:40:17 AM,96,64
10/2/2026,9:40:18 AM,96,64
10/2/2026,9:40:19 AM,97,64
10/2/2026,9:40:20 AM,97,64
10/2/2026,9:40:21 AM,97,64
10/2/2026,9:40:22 AM,97,64
10/2/2026,9:40:23 AM,97,64
10/2/2026,9:40:24 AM,98,64
10/2/2026,9:40:25 AM,98,64
10/2/2026,9:40:26 AM,98,64
10/2/2026,9:40:27 AM,98,64
10/2/2026,9:40:28 AM,98,63
10/2/2026,9:40:29 AM,98,62
10/2/2026,9:40:30 AM,98,62
10/2/2026,9:40:31 AM,98,62
10/2/2026,9:40:32 AM,98,62
10/2/2026,9:40:33 AM,98,62
10/2/2026,9:40:34 AM,98,60
10/2/2026,9:40:35 AM,98,60
10/2/2026,9:40:36 AM,98,59
10/2/2026,9:40:37 AM,98,59
10/2/2026,9:40:38 AM,98,57
10/2/2026,9:40:39 AM,98,57
10/2/2026,9:40:40 AM,99,56
10/2/2026,9:40:41 AM,99,56
10/2/2026,9:40:42 AM,99,56
10/2/2026,9:40:43 AM,99,56
10/2/2026,9:40:44 AM,99,56
10/2/2026,9:40:45 AM,99,56
10/2/2026,9:40:46 AM,99,56
10/2/2026,9:40:47 AM,99,56
10/2/2026,9:40:48 AM,99,56
10/2/2026,9:40:49 AM,99,56
10/2/2026,9:40:50 AM,99,56
10/2/2026,9:40:51 AM,99,56
10/2/2026,9:40:52 AM,99,56
10/2/2026,9:40:53 AM,99,56
10/2/2026,9:40:54 AM,99,56
10/2/2026,9:40:55 AM,99,56
10/2/2026,9:40:56 AM,99,56
10/2/2026,9:40:57 AM,99,56
10/2/2026,9:40:58 AM,99,56
10/2/2026,9:40:59 AM,99,56
10/2/2026,9:41:00 AM,99,56
10/2/2026,9:41:01 AM,99,56
10/2/2026,9:41:02 AM,99,56
10/2/2026,9:41:03 AM,99,56
10/2/2026,9:41:04 AM,99,57
10/2/2026,9:41:05 AM,99,58
10/2/2026,9:41:06 AM,99,58
10/2/2026,9:41:07 AM,99,58
10/2/2026,9:41:08 AM,99,58
10/2/2026,9:41:09 AM,99,58
10/2/2026,9:41:10 AM,99,58
10/2/2026,9:41:11 AM,99,58
10/2/2026,9:41:12 AM,99,58
10/2/2026,9:41:13 AM,99,58
10/2/2026,9:41:14 AM,99,58
10/2/2026,9:41:15 AM,99,58
10/2/2026,9:41:16 AM,99,58
10/2/2026,9:41:17 AM,99,58
10/2/2026,9:41:18 AM,99,58
10/2/2026,9:41:19 AM,99,58
10/2/2026,9:41:20 AM,99,58
10/2/2026,9:41:21 AM,99,58
10/2/2026,9:41:22 AM,99,58
10/2/2026,9:41:23 AM,99,58
10/2/2026,9:41:24 AM,98,58
10/2/2026,9:41:25 AM,98,58
10/2/2026,9:41:26 AM,98,57
10/2/2026,9:41:27 AM,98,57
10/2/2026,9:41:28 AM,98,56
10/2/2026,9:41:29 AM,98,56
10/2/2026,9:41:30 AM,98,56
10/2/2026,9:41:31 AM,98,56
10/2/2026,9:41:32 AM,98,55
10/2/2026,9:41:33 AM,98,55
10/2/2026,9:41:34 AM,98,55
10/2/2026,9:41:35 AM,98,55
10/2/2026,9:41:36 AM,99,55
10/2/2026,9:41:37 AM,99,56
10/2/2026,9:41:38 AM,99,56
10/2/2026,9:41:39 AM,99,56
10/2/2026,9:41:40 AM,99,56
10/2/2026,9:41:41 AM,99,56
10/2/2026,9:41:42 AM,99,56
10/2/2026,9:41:43 AM,99,56
10/2/2026,9:41:44 AM,99,56
10/2/2026,9:41:45 AM,99,56
10/2/2026,9:41:46 AM,99,56
10/2/2026,9:41:47 AM,99,57
10/2/2026,9:41:48 AM,99,57
10/2/2026,9:41:49 AM,99,57
10/2/2026,9:41:50 AM,99,57
10/2/2026,9:41:51 AM,99,58
10/2/2026,9:41:52 AM,99,58
10/2/2026,9:41:53 AM,98,59
10/2/2026,9:41:54 AM,98,59
10/2/2026,9:41:55 AM,98,59
10/2/2026,9:41:56 AM,98,59
10/2/2026,9:41:57 AM,98,59
10/2/2026,9:41:58 AM,98,59
10/2/2026,9:41:59 AM,98,59
10/2/2026,9:42:00 AM,98,59
10/2/2026,9:42:01 AM,98,60
10/2/2026,9:42:02 AM,98,60
10/2/2026,9:42:03 AM,98,61
10/2/2026,9:42:04 AM,98,61
10/2/2026,9:42:05 AM,98,61
10/2/2026,9:42:06 AM,98,61
10/2/2026,9:42:07 AM,98,61
10/2/2026,9:42:08 AM,98,61
10/2/2026,9:42:09 AM,98,61
10/2/2026,9:42:10 AM,98,61
10/2/2026,9:42:11 AM,98,61
10/2/2026,9:42:12 AM,98,60
10/2/2026,9:42:13 AM,98,60
10/2/2026,9:42:14 AM,98,60
10/2/2026,9:42:15 AM,98,60
10/2/2026,9:42:16 AM,98,60
10/2/2026,9:42:17 AM,98,60
10/2/2026,9:42:18 AM,98,61
10/2/2026,9:42:19 AM,98,61
10/2/2026,9:42:20 AM,97,61
10/2/2026,9:42:21 AM,97,61
10/2/2026,9:42:22 AM,97,61
10/2/2026,9:42:23 AM,97,60
10/2/2026,9:42:24 AM,97,60
10/2/2026,9:42:25 AM,97,60
10/2/2026,9:42:26 AM,97,60
10/2/2026,9:42:27 AM,97,60
10/2/2026,9:42:28 AM,97,60
10/2/2026,9:42:29 AM,98,60
10/2/2026,9:42:30 AM,98,60
10/2/2026,9:42:31 AM,98,60
10/2/2026,9:42:32 AM,99,61
10/2/2026,9:42:33 AM,99,60
10/2/2026,9:42:34 AM,99,60
10/2/2026,9:42:35 AM,99,60
10/2/2026,9:42:36 AM,99,60
10/2/2026,9:42:37 AM,99,60
10/2/2026,9:42:38 AM,99,60
10/2/2026,9:42:39 AM,99,59
10/2/2026,9:42:40 AM,99,59
10/2/2026,9:42:41 AM,99,59
10/2/2026,9:42:42 AM,99,59
10/2/2026,9:42:43 AM,99,59
10/2/2026,9:42:44 AM,99,59
10/2/2026,9:42:45 AM,99,59
10/2/2026,9:42:46 AM,99,59
10/2/2026,9:42:47 AM,99,59
10/2/2026,9:42:48 AM,98,59
10/2/2026,9:42:49 AM,98,59
10/2/2026,9:42:50 AM,98,59
10/2/2026,9:42:51 AM,98,60
10/2/2026,9:42:52 AM,98,60
10/2/2026,9:42:53 AM,98,61
10/2/2026,9:42:54 AM,97,62
10/2/2026,9:42:55 AM,97,62
10/2/2026,9:42:56 AM,97,63
10/2/2026,9:42:57 AM,97,63
10/2/2026,9:42:58 AM,97,63
10/2/2026,9:42:59 AM,96,63
10/2/2026,9:43:00 AM,96,63
10/2/2026,9:43:01 AM,96,63
10/2/2026,9:43:02 AM,96,63
10/2/2026,9:43:03 AM,96,63
10/2/2026,9:43:04 AM,96,63
10/2/2026,9:43:05 AM,96,63
10/2/2026,9:43:06 AM,96,63
10/2/2026,9:43:07 AM,96,63
10/2/2026,9:43:08 AM,96,63
10/2/2026,9:43:09 AM,96,63
10/2/2026,9:43:10 AM,96,63
10/2/2026,9:43:11 AM,96,63
10/2/2026,9:43:12 AM,96,63
10/2/2026,9:43:13 AM,96,63
10/2/2026,9:43:14 AM,96,63
10/2/2026,9:43:15 AM,96,63
10/2/2026,9:43:16 AM,96,63
10/2/2026,9:43:17 AM,96,63
10/2/2026,9:43:18 AM,96,63
10/2/2026,9:43:19 AM,96,63
10/2/2026,9:43:20 AM,96,63
10/2/2026,9:43:21 AM,95,63
10/2/2026,9:43:22 AM,95,63
10/2/2026,9:43:23 AM,95,63
10/2/2026,9:43:24 AM,95,63
10/2/2026,9:43:25 AM,95,63
10/2/2026,9:43:26 AM,95,63
10/2/2026,9:43:27 AM,95,63
10/2/2026,9:43:28 AM,95,63
10/2/2026,9:43:29 AM,95,63
10/2/2026,9:43:30 AM,95,63
10/2/2026,9:43:31 AM,95,63
10/2/2026,9:43:32 AM,95,63
10/2/2026,9:43:33 AM,94,63
10/2/2026,9:43:34 AM,94,63
10/2/2026,9:43:35 AM,94,63
10/2/2026,9:43:36 AM,94,63
10/2/2026,9:43:37 AM,94,63
10/2/2026,9:43:38 AM,93,63
10/2/2026,9:43:39 AM,93,63
10/2/2026,9:43:40 AM,93,64
10/2/2026,9:43:41 AM,93,64
10/2/2026,9:43:42 AM,94,64
10/2/2026,9:43:43 AM,93,64
10/2/2026,9:43:44 AM,93,65
10/2/2026,9:43:45 AM,94,65
10/2/2026,9:43:46 AM,94,65
10/2/2026,9:43:47 AM,94,65
10/2/2026,9:43:48 AM,94,65
10/2/2026,9:43:49 AM,94,65
10/2/2026,9:43:50 AM,95,64
10/2/2026,9:43:51 AM,95,64
10/2/2026,9:43:52 AM,95,63
10/2/2026,9:43:53 AM,95,63
10/2/2026,9:43:54 AM,95,63
10/2/2026,9:43:55 AM,96,63
10/2/2026,9:43:56 AM,96,62
10/2/2026,9:43:57 AM,96,62
10/2/2026,9:43:58 AM,96,62
10/2/2026,9:43:59 AM,96,62
10/2/2026,9:44:00 AM,96,62
10/2/2026,9:44:01 AM,96,62
10/2/2026,9:44:02 AM,97,61
10/2/2026,9:44:03 AM,97,61
10/2/2026,9:44:04 AM,97,60
10/2/2026,9:44:05 AM,97,59
10/2/2026,9:44:06 AM,98,58
10/2/2026,9:44:07 AM,98,57
10/2/2026,9:44:08 AM,99,56
10/2/2026,9:44:09 AM,99,56
10/2/2026,9:44:10 AM,99,56
10/2/2026,9:44:11 AM,99,56
10/2/2026,9:44:12 AM,99,55
10/2/2026,9:44:13 AM,99,55
10/2/2026,9:44:14 AM,99,55
10/2/2026,9:44:15 AM,99,55
10/2/2026,9:44:16 AM,99,55
10/2/2026,9:44:17 AM,99,55
10/2/2026,9:44:18 AM,99,55
10/2/2026,9:44:19 AM,99,55
10/2/2026,9:44:20 AM,99,56
10/2/2026,9:44:21 AM,99,56
10/2/2026,9:44:22 AM,99,57
10/2/2026,9:44:23 AM,99,57
10/2/2026,9:44:24 AM,99,58
10/2/2026,9:44:25 AM,99,58
10/2/2026,9:44:26 AM,99,58
10/2/2026,9:44:27 AM,99,58
10/2/2026,9:44:28 AM,99,58
10/2/2026,9:44:29 AM,99,59
10/2/2026,9:44:30 AM,99,59
10/2/2026,9:44:31 AM,99,59
10/2/2026,9:44:32 AM,99,59
10/2/2026,9:44:33 AM,99,59
10/2/2026,9:44:34 AM,99,59
10/2/2026,9:44:35 AM,99,59
10/2/2026,9:44:36 AM,99,59
10/2/2026,9:44:37 AM,99,60
10/2/2026,9:44:38 AM,99,60
10/2/2026,9:44:39 AM,99,60
10/2/2026,9:44:40 AM,98,60
10/2/2026,9:44:41 AM,98,60
10/2/2026,9:44:42 AM,98,60
10/2/2026,9:44:43 AM,98,60
10/2/2026,9:44:44 AM,97,60
10/2/2026,9:44:45 AM,97,61
10/2/2026,9:44:46 AM,97,61
10/2/2026,9:44:47 AM,97,61
10/2/2026,9:44:48 AM,96,61
10/2/2026,9:44:49 AM,96,62
10/2/2026,9:44:50 AM,96,62
10/2/2026,9:44:51 AM,96,62
10/2/2026,9:44:52 AM,96,62
10/2/2026,9:44:53 AM,97,62
10/2/2026,9:44:54 AM,97,62
10/2/2026,9:44:55 AM,96,62
10/2/2026,9:44:56 AM,97,62
10/2/2026,9:44:57 AM,97,62
10/2/2026,9:44:58 AM,97,62
10/2/2026,9:44:59 AM,97,61
10/2/2026,9:45:00 AM,97,61
10/2/2026,9:45:01 AM,97,61
10/2/2026,9:45:02 AM,96,61
10/2/2026,9:45:03 AM,97,60
10/2/2026,9:45:04 AM,97,60
10/2/2026,9:45:05 AM,97,60
10/2/2026,9:45:06 AM,97,60
10/2/2026,9:45:07 AM,97,60
10/2/2026,9:45:08 AM,97,60
10/2/2026,9:45:09 AM,97,59
10/2/2026,9:45:10 AM,97,59
10/2/2026,9:45:11 AM,97,59
10/2/2026,9:45:12 AM,96,60
10/2/2026,9:45:13 AM,96,60
10/2/2026,9:45:14 AM,96,60
10/2/2026,9:45:15 AM,96,60
10/2/2026,9:45:16 AM,96,60
10/2/2026,9:45:17 AM,96,60
10/2/2026,9:45:18 AM,97,60
10/2/2026,9:45:19 AM,97,60
10/2/2026,9:45:20 AM,97,60
10/2/2026,9:45:21 AM,98,60
10/2/2026,9:45:22 AM,98,60
10/2/2026,9:45:23 AM,98,59
10/2/2026,9:45:24 AM,98,59
10/2/2026,9:45:25 AM,98,59
10/2/2026,9:45:26 AM,98,59
10/2/2026,9:45:27 AM,98,59
10/2/2026,9:45:28 AM,99,59
10/2/2026,9:45:29 AM,99,59
10/2/2026,9:45:30 AM,99,59
10/2/2026,9:45:31 AM,99,59
10/2/2026,9:45:32 AM,99,59
10/2/2026,9:45:33 AM,99,59
10/2/2026,9:45:34 AM,99,59
10/2/2026,9:45:35 AM,99,59
10/2/2026,9:45:36 AM,99,60
10/2/2026,9:45:37 AM,99,60
10/2/2026,9:45:38 AM,99,60
10/2/2026,9:45:39 AM,99,60
10/2/2026,9:45:40 AM,99,60
10/2/2026,9:45:41 AM,99,61
10/2/2026,9:45:42 AM,99,61
10/2/2026,9:45:43 AM,99,61
10/2/2026,9:45:44 AM,99,61
10/2/2026,9:45:45 AM,99,61
10/2/2026,9:45:46 AM,99,62
10/2/2026,9:45:47 AM,98,62
10/2/2026,9:45:48 AM,98,62
10/2/2026,9:45:49 AM,98,62
10/2/2026,9:45:50 AM,98,62
10/2/2026,9:45:51 AM,98,63
10/2/2026,9:45:52 AM,98,63
10/2/2026,9:45:53 AM,98,63
10/2/2026,9:45:54 AM,97,64
10/2/2026,9:45:55 AM,97,64
10/2/2026,9:45:56 AM,97,63
10/2/2026,9:45:57 AM,97,63
10/2/2026,9:45:58 AM,96,63
10/2/2026,9:45:59 AM,96,63
10/2/2026,9:46:00 AM,96,63
10/2/2026,9:46:01 AM,96,63
10/2/2026,9:46:02 AM,96,62
10/2/2026,9:46:03 AM,96,62
10/2/2026,9:46:04 AM,96,62
10/2/2026,9:46:05 AM,96,62
10/2/2026,9:46:06 AM,96,62
10/2/2026,9:46:07 AM,96,62
10/2/2026,9:46:08 AM,96,62
10/2/2026,9:46:09 AM,96,62
10/2/2026,9:46:10 AM,96,62
10/2/2026,9:46:11 AM,96,62
10/2/2026,9:46:12 AM,96,61
10/2/2026,9:46:13 AM,96,60
10/2/2026,9:46:14 AM,97,59
10/2/2026,9:46:15 AM,97,58
10/2/2026,9:46:16 AM,97,58
10/2/2026,9:46:17 AM,97,57
10/2/2026,9:46:18 AM,97,56
10/2/2026,9:46:19 AM,97,56
10/2/2026,9:46:20 AM,97,55
10/2/2026,9:46:21 AM,97,55
10/2/2026,9:46:22 AM,97,55
10/2/2026,9:46:23 AM,97,56
10/2/2026,9:46:24 AM,97,56
10/2/2026,9:46:25 AM,97,56
10/2/2026,9:46:26 AM,97,56
10/2/2026,9:46:27 AM,97,56
10/2/2026,9:46:28 AM,97,56
10/2/2026,9:46:29 AM,97,56
10/2/2026,9:46:30 AM,97,57
10/2/2026,9:46:31 AM,98,57
10/2/2026,9:46:32 AM,98,57
10/2/2026,9:46:33 AM,98,57
10/2/2026,9:46:34 AM,98,57
10/2/2026,9:46:35 AM,99,58
10/2/2026,9:46:36 AM,99,58
10/2/2026,9:46:37 AM,99,58
10/2/2026,9:46:38 AM,99,59
10/2/2026,9:46:39 AM,99,59
10/2/2026,9:46:40 AM,99,60
10/2/2026,9:46:41 AM,99,60
10/2/2026,9:46:42 AM,99,60
10/2/2026,9:46:43 AM,99,60
10/2/2026,9:46:44 AM,99,61
10/2/2026,9:46:45 AM,99,61
10/2/2026,9:46:46 AM,99,60
10/2/2026,9:46:47 AM,99,60
10/2/2026,9:46:48 AM,99,60
10/2/2026,9:46:49 AM,99,60
10/2/2026,9:46:50 AM,98,60
10/2/2026,9:46:51 AM,98,60
10/2/2026,9:46:52 AM,98,60
10/2/2026,9:46:53 AM,98,60
10/2/2026,9:46:54 AM,98,60
10/2/2026,9:46:55 AM,97,61
10/2/2026,9:46:56 AM,97,62
10/2/2026,9:46:57 AM,97,62
10/2/2026,9:46:58 AM,97,62
10/2/2026,9:46:59 AM,97,62
10/2/2026,9:47:00 AM,97,62
10/2/2026,9:47:01 AM,97,63
10/2/2026,9:47:02 AM,97,63
10/2/2026,9:47:03 AM,97,63
10/2/2026,9:47:04 AM,97,62
10/2/2026,9:47:05 AM,97,62
10/2/2026,9:47:06 AM,97,62
10/2/2026,9:47:07 AM,97,61
10/2/2026,9:47:08 AM,97,61
10/2/2026,9:47:09 AM,97,61
10/2/2026,9:47:10 AM,97,61
10/2/2026,9:47:11 AM,97,60
10/2/2026,9:47:12 AM,97,60
10/2/2026,9:47:13 AM,97,60
10/2/2026,9:47:14 AM,97,60
10/2/2026,9:47:15 AM,97,60
10/2/2026,9:47:16 AM,97,60
10/2/2026,9:47:17 AM,97,60
10/2/2026,9:47:18 AM,97,60
10/2/2026,9:47:19 AM,97,59
10/2/2026,9:47:20 AM,97,59
10/2/2026,9:47:21 AM,97,58
10/2/2026,9:47:22 AM,97,58
10/2/2026,9:47:23 AM,97,58
10/2/2026,9:47:24 AM,97,58
10/2/2026,9:47:25 AM,97,57
10/2/2026,9:47:26 AM,97,57
10/2/2026,9:47:27 AM,97,57
10/2/2026,9:47:28 AM,97,56
10/2/2026,9:47:29 AM,97,56
10/2/2026,9:47:30 AM,97,56
10/2/2026,9:47:31 AM,97,57
10/2/2026,9:47:32 AM,97,57
10/2/2026,9:47:33 AM,97,57
10/2/2026,9:47:34 AM,97,57
10/2/2026,9:47:35 AM,97,57
10/2/2026,9:47:36 AM,97,57
10/2/2026,9:47:37 AM,98,57
10/2/2026,9:47:38 AM,98,57
10/2/2026,9:47:39 AM,98,58
10/2/2026,9:47:40 AM,98,58
10/2/2026,9:47:41 AM,99,58
10/2/2026,9:47:42 AM,99,58
10/2/2026,9:47:43 AM,99,58
10/2/2026,9:47:44 AM,99,58
10/2/2026,9:47:45 AM,99,58
10/2/2026,9:47:46 AM,99,58
10/2/2026,9:47:47 AM,99,58
10/2/2026,9:47:48 AM,99,58
10/2/2026,9:47:49 AM,99,58
10/2/2026,9:47:50 AM,99,58
10/2/2026,9:47:51 AM,99,58
10/2/2026,9:47:52 AM,99,58
10/2/2026,9:47:53 AM,99,58
10/2/2026,9:47:54 AM,99,58
10/2/2026,9:47:55 AM,99,58
10/2/2026,9:47:56 AM,99,58
10/2/2026,9:47:57 AM,99,58
10/2/2026,9:47:58 AM,99,58
10/2/2026,9:47:59 AM,98,58
10/2/2026,9:48:00 AM,98,58
10/2/2026,9:48:01 AM,98,59
10/2/2026,9:48:02 AM,98,59
10/2/2026,9:48:03 AM,98,59
10/2/2026,9:48:04 AM,98,59
10/2/2026,9:48:05 AM,98,59
10/2/2026,9:48:06 AM,98,59
10/2/2026,9:48:07 AM,98,59
10/2/2026,9:48:08 AM,98,59
10/2/2026,9:48:09 AM,98,59
10/2/2026,9:48:10 AM,98,59
10/2/2026,9:48:11 AM,98,59
10/2/2026,9:48:12 AM,98,59
10/2/2026,9:48:13 AM,98,59
10/2/2026,9:48:14 AM,98,59
10/2/2026,9:48:15 AM,98,59
10/2/2026,9:48:16 AM,98,59
10/2/2026,9:48:17 AM,98,59
10/2/2026,9:48:18 AM,98,58
10/2/2026,9:48:19 AM,99,58
10/2/2026,9:48:20 AM,99,58
10/2/2026,9:48:21 AM,99,58
10/2/2026,9:48:22 AM,99,58
10/2/2026,9:48:23 AM,99,58
10/2/2026,9:48:24 AM,99,58
10/2/2026,9:48:25 AM,98,58
10/2/2026,9:48:26 AM,98,58
10/2/2026,9:48:27 AM,98,58
10/2/2026,9:48:28 AM,98,58
10/2/2026,9:48:29 AM,98,58
10/2/2026,9:48:30 AM,98,58
10/2/2026,9:48:31 AM,98,58
10/2/2026,9:48:32 AM,98,58
10/2/2026,9:48:33 AM,98,58
10/2/2026,9:48:34 AM,98,58
10/2/2026,9:48:35 AM,99,58
10/2/2026,9:48:36 AM,99,59
10/2/2026,9:48:37 AM,99,59
10/2/2026,9:48:38 AM,99,59
10/2/2026,9:48:39 AM,99,59
10/2/2026,9:48:40 AM,99,59
10/2/2026,9:48:41 AM,99,60
10/2/2026,9:48:42 AM,99,60
10/2/2026,9:48:43 AM,99,60
10/2/2026,9:48:44 AM,99,60
10/2/2026,9:48:45 AM,99,61
10/2/2026,9:48:46 AM,99,61
10/2/2026,9:48:47 AM,99,61
10/2/2026,9:48:48 AM,99,61
10/2/2026,9:48:49 AM,99,60
10/2/2026,9:48:50 AM,99,60
10/2/2026,9:48:51 AM,99,60
10/2/2026,9:48:52 AM,99,60
10/2/2026,9:48:53 AM,99,59
10/2/2026,9:48:54 AM,99,59
10/2/2026,9:48:55 AM,99,59
10/2/2026,9:48:56 AM,99,59
10/2/2026,9:48:57 AM,99,59
10/2/2026,9:48:58 AM,99,58
10/2/2026,9:48:59 AM,99,58
10/2/2026,9:49:00 AM,99,58
10/2/2026,9:49:01 AM,99,59
10/2/2026,9:49:02 AM,99,59
10/2/2026,9:49:03 AM,99,59
10/2/2026,9:49:04 AM,98,59
10/2/2026,9:49:05 AM,98,59
10/2/2026,9:49:06 AM,98,59
10/2/2026,9:49:07 AM,98,59
10/2/2026,9:49:08 AM,98,59
10/2/2026,9:49:09 AM,98,59
10/2/2026,9:49:10 AM,98,59
10/2/2026,9:49:11 AM,98,59
10/2/2026,9:49:12 AM,98,59
10/2/2026,9:49:13 AM,98,59
10/2/2026,9:49:14 AM,97,59
10/2/2026,9:49:15 AM,97,59
10/2/2026,9:49:16 AM,97,59
10/2/2026,9:49:17 AM,97,59
10/2/2026,9:49:18 AM,97,59
10/2/2026,9:49:19 AM,97,58
10/2/2026,9:49:20 AM,97,58
10/2/2026,9:49:21 AM,97,58
10/2/2026,9:49:22 AM,97,58
10/2/2026,9:49:23 AM,97,58
10/2/2026,9:49:24 AM,98,58
10/2/2026,9:49:25 AM,98,58
10/2/2026,9:49:26 AM,98,59
10/2/2026,9:49:27 AM,98,59
10/2/2026,9:49:28 AM,98,59
10/2/2026,9:49:29 AM,99,59
10/2/2026,9:49:30 AM,99,59
10/2/2026,9:49:31 AM,99,60
10/2/2026,9:49:32 AM,99,60
10/2/2026,9:49:33 AM,99,60
10/2/2026,9:49:34 AM,99,60
10/2/2026,9:49:35 AM,99,60
10/2/2026,9:49:36 AM,99,60
10/2/2026,9:49:37 AM,99,60
10/2/2026,9:49:38 AM,99,61
10/2/2026,9:49:39 AM,99,61
10/2/2026,9:49:40 AM,99,61
10/2/2026,9:49:41 AM,99,61
10/2/2026,9:49:42 AM,99,61
10/2/2026,9:49:43 AM,99,61
10/2/2026,9:49:44 AM,99,61
10/2/2026,9:49:45 AM,98,61
10/2/2026,9:49:46 AM,98,61
10/2/2026,9:49:47 AM,98,61
10/2/2026,9:49:48 AM,98,60
10/2/2026,9:49:49 AM,98,60
10/2/2026,9:49:50 AM,98,60
10/2/2026,9:49:51 AM,98,60
10/2/2026,9:49:52 AM,98,60
10/2/2026,9:49:53 AM,98,60
10/2/2026,9:49:54 AM,98,60
10/2/2026,9:49:55 AM,98,60
10/2/2026,9:49:56 AM,98,60
10/2/2026,9:49:57 AM,98,60
10/2/2026,9:49:58 AM,98,60
10/2/2026,9:49:59 AM,98,60
10/2/2026,9:50:00 AM,98,61
10/2/2026,9:50:01 AM,98,61
10/2/2026,9:50:02 AM,98,61
10/2/2026,9:50:03 AM,98,61
10/2/2026,9:50:04 AM,98,61
10/2/2026,9:50:05 AM,98,61
10/2/2026,9:50:06 AM,98,61
10/2/2026,9:50:07 AM,98,61
10/2/2026,9:50:08 AM,98,60
10/2/2026,9:50:09 AM,98,60
10/2/2026,9:50:10 AM,98,59
10/2/2026,9:50:11 AM,98,59
10/2/2026,9:50:12 AM,98,59
10/2/2026,9:50:13 AM,99,59
10/2/2026,9:50:14 AM,99,58
10/2/2026,9:50:15 AM,99,58
10/2/2026,9:50:16 AM,99,58
10/2/2026,9:50:17 AM,98,58
10/2/2026,9:50:18 AM,98,58
10/2/2026,9:50:19 AM,98,58
10/2/2026,9:50:20 AM,98,58
10/2/2026,9:50:21 AM,98,58
10/2/2026,9:50:22 AM,98,58
10/2/2026,9:50:23 AM,99,58
10/2/2026,9:50:24 AM,99,58
10/2/2026,9:50:25 AM,99,58
10/2/2026,9:50:26 AM,99,58
10/2/2026,9:50:27 AM,99,58
10/2/2026,9:50:28 AM,99,58
10/2/2026,9:50:29 AM,99,58
10/2/2026,9:50:30 AM,99,58
10/2/2026,9:50:31 AM,99,58
10/2/2026,9:50:32 AM,99,58
10/2/2026,9:50:33 AM,99,58
10/2/2026,9:50:34 AM,99,58
10/2/2026,9:50:35 AM,99,58
10/2/2026,9:50:36 AM,99,58
10/2/2026,9:50:37 AM,99,58
10/2/2026,9:50:38 AM,99,58
10/2/2026,9:50:39 AM,99,58
10/2/2026,9:50:40 AM,99,58
10/2/2026,9:50:41 AM,99,58
10/2/2026,9:50:42 AM,99,58
10/2/2026,9:50:43 AM,99,59
10/2/2026,9:50:44 AM,98,59
10/2/2026,9:50:45 AM,98,59
10/2/2026,9:50:46 AM,98,59
10/2/2026,9:50:47 AM,98,59
10/2/2026,9:50:48 AM,98,59
10/2/2026,9:50:49 AM,98,59
10/2/2026,9:50:50 AM,98,59
10/2/2026,9:50:51 AM,98,59
10/2/2026,9:50:52 AM,98,59
10/2/2026,9:50:53 AM,98,60
10/2/2026,9:50:54 AM,98,60
10/2/2026,9:50:55 AM,98,60
10/2/2026,9:50:56 AM,97,60
10/2/2026,9:50:57 AM,98,60
10/2/2026,9:50:58 AM,98,61
10/2/2026,9:50:59 AM,98,61
10/2/2026,9:51:00 AM,98,61
10/2/2026,9:51:01 AM,98,61
10/2/2026,9:51:02 AM,98,61
10/2/2026,9:51:03 AM,98,61
10/2/2026,9:51:04 AM,98,61
10/2/2026,9:51:05 AM,98,61
10/2/2026,9:51:06 AM,98,61
10/2/2026,9:51:07 AM,98,60
10/2/2026,9:51:08 AM,98,60
10/2/2026,9:51:09 AM,98,60
10/2/2026,9:51:10 AM,98,60
10/2/2026,9:51:11 AM,98,59
10/2/2026,9:51:12 AM,98,59
10/2/2026,9:51:13 AM,98,59
10/2/2026,9:51:14 AM,98,58
10/2/2026,9:51:15 AM,98,58
10/2/2026,9:51:16 AM,98,58
10/2/2026,9:51:17 AM,98,58
10/2/2026,9:51:18 AM,97,58
10/2/2026,9:51:19 AM,97,58
10/2/2026,9:51:20 AM,97,58
10/2/2026,9:51:21 AM,97,58
10/2/2026,9:51:22 AM,98,58
10/2/2026,9:51:23 AM,98,58
10/2/2026,9:51:24 AM,98,58
10/2/2026,9:51:25 AM,98,58
10/2/2026,9:51:26 AM,99,59
10/2/2026,9:51:27 AM,99,59
10/2/2026,9:51:28 AM,99,59
10/2/2026,9:51:29 AM,99,59
10/2/2026,9:51:30 AM,99,59
10/2/2026,9:51:31 AM,99,60
10/2/2026,9:51:32 AM,99,60
10/2/2026,9:51:33 AM,99,60
10/2/2026,9:51:34 AM,99,60
10/2/2026,9:51:35 AM,99,61
10/2/2026,9:51:36 AM,99,61
10/2/2026,9:51:37 AM,99,61
10/2/2026,9:51:38 AM,99,62
10/2/2026,9:51:39 AM,99,62
10/2/2026,9:51:40 AM,99,62
10/2/2026,9:51:41 AM,99,62
10/2/2026,9:51:42 AM,99,62
10/2/2026,9:51:43 AM,99,63
10/2/2026,9:51:44 AM,99,63
10/2/2026,9:51:45 AM,99,63
10/2/2026,9:51:46 AM,99,62
10/2/2026,9:51:47 AM,99,62
10/2/2026,9:51:48 AM,98,62
10/2/2026,9:51:49 AM,98,62
10/2/2026,9:51:50 AM,98,62
10/2/2026,9:51:51 AM,98,62
10/2/2026,9:51:52 AM,98,62
10/2/2026,9:51:53 AM,98,62
10/2/2026,9:51:54 AM,98,62
10/2/2026,9:51:55 AM,98,62
10/2/2026,9:51:56 AM,98,62
10/2/2026,9:51:57 AM,98,62
10/2/2026,9:51:58 AM,98,62
10/2/2026,9:51:59 AM,98,62
10/2/2026,9:52:00 AM,98,61
10/2/2026,9:52:01 AM,98,61
10/2/2026,9:52:02 AM,98,62
10/2/2026,9:52:03 AM,98,61
10/2/2026,9:52:04 AM,98,61
10/2/2026,9:52:05 AM,98,61
10/2/2026,9:52:06 AM,98,61
10/2/2026,9:52:07 AM,98,61
10/2/2026,9:52:08 AM,98,61
10/2/2026,9:52:09 AM,98,61
10/2/2026,9:52:10 AM,97,61
10/2/2026,9:52:11 AM,97,61
10/2/2026,9:52:12 AM,97,61
10/2/2026,9:52:13 AM,97,61
10/2/2026,9:52:14 AM,97,60
10/2/2026,9:52:15 AM,97,61
10/2/2026,9:52:16 AM,97,61
10/2/2026,9:52:17 AM,97,61
10/2/2026,9:52:18 AM,98,61
10/2/2026,9:52:19 AM,98,61
10/2/2026,9:52:20 AM,98,61
10/2/2026,9:52:21 AM,98,61
10/2/2026,9:52:22 AM,98,61
10/2/2026,9:52:23 AM,98,60
10/2/2026,9:52:24 AM,98,60
10/2/2026,9:52:25 AM,98,60
10/2/2026,9:52:26 AM,99,60
10/2/2026,9:52:27 AM,99,60
10/2/2026,9:52:28 AM,99,60
10/2/2026,9:52:29 AM,99,60
10/2/2026,9:52:30 AM,99,60
10/2/2026,9:52:31 AM,99,60
10/2/2026,9:52:32 AM,99,60
10/2/2026,9:52:33 AM,99,59
10/2/2026,9:52:34 AM,99,59
10/2/2026,9:52:35 AM,99,59
10/2/2026,9:52:36 AM,98,60
10/2/2026,9:52:37 AM,98,60
10/2/2026,9:52:38 AM,98,60
10/2/2026,9:52:39 AM,98,60
10/2/2026,9:52:40 AM,98,59
10/2/2026,9:52:41 AM,98,59
10/2/2026,9:52:42 AM,98,59
10/2/2026,9:52:43 AM,98,59
10/2/2026,9:52:44 AM,99,59
10/2/2026,9:52:45 AM,99,59
10/2/2026,9:52:46 AM,99,59
10/2/2026,9:52:47 AM,98,59
10/2/2026,9:52:48 AM,98,59
10/2/2026,9:52:49 AM,98,59
10/2/2026,9:52:50 AM,98,59
10/2/2026,9:52:51 AM,98,59
10/2/2026,9:52:52 AM,98,59
10/2/2026,9:52:53 AM,99,59
10/2/2026,9:52:54 AM,99,60
10/2/2026,9:52:55 AM,99,60
10/2/2026,9:52:56 AM,99,60
10/2/2026,9:52:57 AM,99,60
10/2/2026,9:52:58 AM,99,60
10/2/2026,9:52:59 AM,99,60
10/2/2026,9:53:00 AM,99,60
10/2/2026,9:53:01 AM,99,61
10/2/2026,9:53:02 AM,99,61
10/2/2026,9:53:03 AM,99,61
10/2/2026,9:53:04 AM,99,61
10/2/2026,9:53:05 AM,99,61
10/2/2026,9:53:06 AM,99,61
10/2/2026,9:53:07 AM,99,61
10/2/2026,9:53:08 AM,99,61
10/2/2026,9:53:09 AM,98,61
10/2/2026,9:53:10 AM,98,61
10/2/2026,9:53:11 AM,98,61
10/2/2026,9:53:12 AM,98,61
10/2/2026,9:53:13 AM,98,60
10/2/2026,9:53:14 AM,98,60
10/2/2026,9:53:15 AM,98,60
10/2/2026,9:53:16 AM,97,60
10/2/2026,9:53:17 AM,97,60
10/2/2026,9:53:18 AM,97,59
10/2/2026,9:53:19 AM,97,59
10/2/2026,9:53:20 AM,97,59
10/2/2026,9:53:21 AM,97,59
10/2/2026,9:53:22 AM,98,59
10/2/2026,9:53:23 AM,98,59
10/2/2026,9:53:24 AM,98,59
10/2/2026,9:53:25 AM,98,59
10/2/2026,9:53:26 AM,98,59
10/2/2026,9:53:27 AM,98,59
10/2/2026,9:53:28 AM,99,59
10/2/2026,9:53:29 AM,99,60
10/2/2026,9:53:30 AM,99,60
10/2/2026,9:53:31 AM,99,60
10/2/2026,9:53:32 AM,99,60
10/2/2026,9:53:33 AM,99,60
10/2/2026,9:53:34 AM,99,60
10/2/2026,9:53:35 AM,99,61
10/2/2026,9:53:36 AM,99,61
10/2/2026,9:53:37 AM,99,61
10/2/2026,9:53:38 AM,99,61
10/2/2026,9:53:39 AM,99,61
10/2/2026,9:53:40 AM,99,61
10/2/2026,9:53:41 AM,99,61
10/2/2026,9:53:42 AM,99,61
10/2/2026,9:53:43 AM,99,61
10/2/2026,9:53:44 AM,99,60
10/2/2026,9:53:45 AM,99,60
10/2/2026,9:53:46 AM,99,60
10/2/2026,9:53:47 AM,99,60
10/2/2026,9:53:48 AM,99,60
10/2/2026,9:53:49 AM,99,60
10/2/2026,9:53:50 AM,98,60
10/2/2026,9:53:51 AM,98,60
10/2/2026,9:53:52 AM,98,60
10/2/2026,9:53:53 AM,98,60
10/2/2026,9:53:54 AM,98,61
10/2/2026,9:53:55 AM,98,61
10/2/2026,9:53:56 AM,98,61
10/2/2026,9:53:57 AM,98,61
10/2/2026,9:53:58 AM,98,61
10/2/2026,9:53:59 AM,98,62
10/2/2026,9:54:00 AM,98,62
10/2/2026,9:54:01 AM,98,62
10/2/2026,9:54:02 AM,98,62
10/2/2026,9:54:03 AM,98,62
10/2/2026,9:54:04 AM,98,62
10/2/2026,9:54:05 AM,98,62
10/2/2026,9:54:06 AM,98,62
10/2/2026,9:54:07 AM,98,62
10/2/2026,9:54:08 AM,98,62
10/2/2026,9:54:09 AM,98,62
10/2/2026,9:54:10 AM,98,62
10/2/2026,9:54:11 AM,97,62
10/2/2026,9:54:12 AM,97,62
10/2/2026,9:54:13 AM,97,62
10/2/2026,9:54:14 AM,97,62
10/2/2026,9:54:15 AM,98,62
10/2/2026,9:54:16 AM,98,62
10/2/2026,9:54:17 AM,98,62
10/2/2026,9:54:18 AM,98,62
10/2/2026,9:54:19 AM,98,62
10/2/2026,9:54:20 AM,98,62
10/2/2026,9:54:21 AM,98,62
10/2/2026,9:54:22 AM,98,63
10/2/2026,9:54:23 AM,99,63
10/2/2026,9:54:24 AM,99,63
10/2/2026,9:54:25 AM,99,64
10/2/2026,9:54:26 AM,99,64
10/2/2026,9:54:27 AM,99,64
10/2/2026,9:54:28 AM,99,63
10/2/2026,9:54:29 AM,99,63
10/2/2026,9:54:30 AM,99,63
10/2/2026,9:54:31 AM,99,62
10/2/2026,9:54:32 AM,99,62
10/2/2026,9:54:33 AM,99,62
10/2/2026,9:54:34 AM,99,61
10/2/2026,9:54:35 AM,99,60
10/2/2026,9:54:36 AM,99,60
10/2/2026,9:54:37 AM,99,60
10/2/2026,9:54:38 AM,99,59
10/2/2026,9:54:39 AM,99,59
10/2/2026,9:54:40 AM,99,59
10/2/2026,9:54:41 AM,99,59
10/2/2026,9:54:42 AM,99,59
10/2/2026,9:54:43 AM,99,59
10/2/2026,9:54:44 AM,99,59
10/2/2026,9:54:45 AM,99,60
10/2/2026,9:54:46 AM,99,60
10/2/2026,9:54:47 AM,99,60
10/2/2026,9:54:48 AM,99,60
10/2/2026,9:54:49 AM,99,60
10/2/2026,9:54:50 AM,98,60
10/2/2026,9:54:51 AM,98,60
10/2/2026,9:54:52 AM,98,60
10/2/2026,9:54:53 AM,98,60
10/2/2026,9:54:54 AM,98,60
10/2/2026,9:54:55 AM,98,60
10/2/2026,9:54:56 AM,98,60
10/2/2026,9:54:57 AM,98,60
10/2/2026,9:54:58 AM,98,60
10/2/2026,9:54:59 AM,98,61
10/2/2026,9:55:00 AM,98,61
10/2/2026,9:55:01 AM,98,61
10/2/2026,9:55:02 AM,98,61
10/2/2026,9:55:03 AM,98,61
10/2/2026,9:55:04 AM,98,61
10/2/2026,9:55:05 AM,97,61
10/2/2026,9:55:06 AM,97,61
10/2/2026,9:55:07 AM,97,61
10/2/2026,9:55:08 AM,97,61
10/2/2026,9:55:09 AM,97,61
10/2/2026,9:55:10 AM,97,61
10/2/2026,9:55:11 AM,97,61
10/2/2026,9:55:12 AM,97,61
10/2/2026,9:55:13 AM,97,61
10/2/2026,9:55:14 AM,97,61
10/2/2026,9:55:15 AM,97,61
10/2/2026,9:55:16 AM,97,61
10/2/2026,9:55:17 AM,97,61
10/2/2026,9:55:18 AM,97,61
10/2/2026,9:55:19 AM,97,61
10/2/2026,9:55:20 AM,97,61
10/2/2026,9:55:21 AM,97,61
10/2/2026,9:55:22 AM,97,61
10/2/2026,9:55:23 AM,98,61
10/2/2026,9:55:24 AM,98,61
10/2/2026,9:55:25 AM,98,61
10/2/2026,9:55:26 AM,98,61
10/2/2026,9:55:27 AM,98,61
10/2/2026,9:55:28 AM,98,61
10/2/2026,9:55:29 AM,98,61
10/2/2026,9:55:30 AM,98,61
10/2/2026,9:55:31 AM,98,61
10/2/2026,9:55:32 AM,98,61
10/2/2026,9:55:33 AM,98,61
10/2/2026,9:55:34 AM,98,61
10/2/2026,9:55:35 AM,98,61
10/2/2026,9:55:36 AM,98,61
10/2/2026,9:55:37 AM,99,61
10/2/2026,9:55:38 AM,99,61
10/2/2026,9:55:39 AM,99,61
10/2/2026,9:55:40 AM,99,61
10/2/2026,9:55:41 AM,99,61
10/2/2026,9:55:42 AM,99,60
10/2/2026,9:55:43 AM,99,60
10/2/2026,9:55:44 AM,99,60
10/2/2026,9:55:45 AM,99,60
10/2/2026,9:55:46 AM,99,61
10/2/2026,9:55:47 AM,99,61
10/2/2026,9:55:48 AM,99,61
10/2/2026,9:55:49 AM,99,61
10/2/2026,9:55:50 AM,99,61
10/2/2026,9:55:51 AM,99,61
10/2/2026,9:55:52 AM,99,61
10/2/2026,9:55:53 AM,99,61
10/2/2026,9:55:54 AM,99,61
10/2/2026,9:55:55 AM,99,61
10/2/2026,9:55:56 AM,99,61
10/2/2026,9:55:57 AM,99,61
10/2/2026,9:55:58 AM,99,61
10/2/2026,9:55:59 AM,99,61
10/2/2026,9:56:00 AM,98,62
10/2/2026,9:56:01 AM,98,62
10/2/2026,9:56:02 AM,98,62
10/2/2026,9:56:03 AM,98,62
10/2/2026,9:56:04 AM,98,62
10/2/2026,9:56:05 AM,98,62
10/2/2026,9:56:06 AM,98,62
10/2/2026,9:56:07 AM,98,61
10/2/2026,9:56:08 AM,98,62
10/2/2026,9:56:09 AM,98,62
10/2/2026,9:56:10 AM,98,62
10/2/2026,9:56:11 AM,98,62
10/2/2026,9:56:12 AM,98,62
10/2/2026,9:56:13 AM,98,62
10/2/2026,9:56:14 AM,98,62
10/2/2026,9:56:15 AM,98,62
10/2/2026,9:56:16 AM,98,62
10/2/2026,9:56:17 AM,98,62
10/2/2026,9:56:18 AM,98,62
10/2/2026,9:56:19 AM,97,62
10/2/2026,9:56:20 AM,97,62
10/2/2026,9:56:21 AM,97,62
10/2/2026,9:56:22 AM,97,62
10/2/2026,9:56:23 AM,97,62
10/2/2026,9:56:24 AM,97,61
10/2/2026,9:56:25 AM,97,61
10/2/2026,9:56:26 AM,97,61
10/2/2026,9:56:27 AM,97,61
10/2/2026,9:56:28 AM,97,61
10/2/2026,9:56:29 AM,97,61
10/2/2026,9:56:30 AM,96,61
10/2/2026,9:56:31 AM,96,60
10/2/2026,9:56:32 AM,96,60
10/2/2026,9:56:33 AM,96,60
10/2/2026,9:56:34 AM,96,60
10/2/2026,9:56:35 AM,96,60
10/2/2026,9:56:36 AM,96,60
10/2/2026,9:56:37 AM,97,60
10/2/2026,9:56:38 AM,97,60
10/2/2026,9:56:39 AM,97,60
10/2/2026,9:56:40 AM,97,60
10/2/2026,9:56:41 AM,98,60
10/2/2026,9:56:42 AM,98,60
10/2/2026,9:56:43 AM,98,60
10/2/2026,9:56:44 AM,99,60
10/2/2026,9:56:45 AM,99,60
10/2/2026,9:56:46 AM,99,60
10/2/2026,9:56:47 AM,99,60
10/2/2026,9:56:48 AM,99,60
10/2/2026,9:56:49 AM,99,60
10/2/2026,9:56:50 AM,99,60
10/2/2026,9:56:51 AM,99,60
10/2/2026,9:56:52 AM,99,60
10/2/2026,9:56:53 AM,99,60
10/2/2026,9:56:54 AM,99,60
10/2/2026,9:56:55 AM,99,60
10/2/2026,9:56:56 AM,99,60
10/2/2026,9:56:57 AM,99,60
10/2/2026,9:56:58 AM,99,60
10/2/2026,9:56:59 AM,99,60
10/2/2026,9:57:00 AM,99,60
10/2/2026,9:57:01 AM,99,60
10/2/2026,9:57:02 AM,99,60
10/2/2026,9:57:03 AM,99,61
10/2/2026,9:57:04 AM,99,61
10/2/2026,9:57:05 AM,99,61
10/2/2026,9:57:06 AM,99,61
10/2/2026,9:57:07 AM,99,61
10/2/2026,9:57:08 AM,98,61
10/2/2026,9:57:09 AM,98,61
10/2/2026,9:57:10 AM,98,61
10/2/2026,9:57:11 AM,98,61
10/2/2026,9:57:12 AM,98,61
10/2/2026,9:57:13 AM,98,61
10/2/2026,9:57:14 AM,98,61
10/2/2026,9:57:15 AM,98,61
10/2/2026,9:57:16 AM,98,61
10/2/2026,9:57:17 AM,98,61
10/2/2026,9:57:18 AM,97,61
10/2/2026,9:57:19 AM,97,61
10/2/2026,9:57:20 AM,97,61
10/2/2026,9:57:21 AM,97,61
10/2/2026,9:57:22 AM,96,61
10/2/2026,9:57:23 AM,96,61
10/2/2026,9:57:24 AM,96,61
10/2/2026,9:57:25 AM,96,61
10/2/2026,9:57:26 AM,96,62
10/2/2026,9:57:27 AM,96,62
10/2/2026,9:57:28 AM,96,62
10/2/2026,9:57:29 AM,96,62
10/2/2026,9:57:30 AM,96,62
10/2/2026,9:57:31 AM,96,62
10/2/2026,9:57:32 AM,96,62
10/2/2026,9:57:33 AM,96,62
10/2/2026,9:57:34 AM,96,61
10/2/2026,9:57:35 AM,96,61
10/2/2026,9:57:36 AM,96,60
10/2/2026,9:57:37 AM,96,60
10/2/2026,9:57:38 AM,96,59
10/2/2026,9:57:39 AM,96,59
10/2/2026,9:57:40 AM,96,59
10/2/2026,9:57:41 AM,96,58
10/2/2026,9:57:42 AM,96,58
10/2/2026,9:57:43 AM,96,58
10/2/2026,9:57:44 AM,96,58
10/2/2026,9:57:45 AM,96,58
10/2/2026,9:57:46 AM,96,58
10/2/2026,9:57:47 AM,96,59
10/2/2026,9:57:48 AM,96,59
10/2/2026,9:57:49 AM,96,59
10/2/2026,9:57:50 AM,96,59
10/2/2026,9:57:51 AM,96,59
10/2/2026,9:57:52 AM,97,59
10/2/2026,9:57:53 AM,97,59
10/2/2026,9:57:54 AM,97,59
10/2/2026,9:57:55 AM,98,60
10/2/2026,9:57:56 AM,98,59
10/2/2026,9:57:57 AM,99,59
10/2/2026,9:57:58 AM,99,60
10/2/2026,9:57:59 AM,99,60
10/2/2026,9:58:00 AM,99,60
10/2/2026,9:58:01 AM,99,60
10/2/2026,9:58:02 AM,99,60
10/2/2026,9:58:03 AM,99,60
10/2/2026,9:58:04 AM,99,60
10/2/2026,9:58:05 AM,99,60
10/2/2026,9:58:06 AM,99,60
10/2/2026,9:58:07 AM,99,60
10/2/2026,9:58:08 AM,99,60
10/2/2026,9:58:09 AM,99,60
10/2/2026,9:58:10 AM,99,60
10/2/2026,9:58:11 AM,99,60
10/2/2026,9:58:12 AM,99,60
10/2/2026,9:58:13 AM,99,60
10/2/2026,9:58:14 AM,99,60
10/2/2026,9:58:15 AM,99,60
10/2/2026,9:58:16 AM,98,61
10/2/2026,9:58:17 AM,98,61
10/2/2026,9:58:18 AM,98,61
10/2/2026,9:58:19 AM,98,62
10/2/2026,9:58:20 AM,98,62
10/2/2026,9:58:21 AM,98,63
10/2/2026,9:58:22 AM,98,63
10/2/2026,9:58:23 AM,97,63
10/2/2026,9:58:24 AM,97,63
10/2/2026,9:58:25 AM,97,63
10/2/2026,9:58:26 AM,97,63
10/2/2026,9:58:27 AM,97,63
10/2/2026,9:58:28 AM,96,63
10/2/2026,9:58:29 AM,96,63
10/2/2026,9:58:30 AM,96,63
10/2/2026,9:58:31 AM,96,63
10/2/2026,9:58:32 AM,96,63
10/2/2026,9:58:33 AM,96,62
10/2/2026,9:58:34 AM,96,63
10/2/2026,9:58:35 AM,96,62
10/2/2026,9:58:36 AM,96,62
10/2/2026,9:58:37 AM,96,62
10/2/2026,9:58:38 AM,96,62
10/2/2026,9:58:39 AM,97,62
10/2/2026,9:58:40 AM,96,61
10/2/2026,9:58:41 AM,97,61
10/2/2026,9:58:42 AM,97,61
10/2/2026,9:58:43 AM,97,61
10/2/2026,9:58:44 AM,97,61
10/2/2026,9:58:45 AM,97,61
10/2/2026,9:58:46 AM,98,60
10/2/2026,9:58:47 AM,98,60
10/2/2026,9:58:48 AM,98,60
10/2/2026,9:58:49 AM,98,61
10/2/2026,9:58:50 AM,98,61
10/2/2026,9:58:51 AM,98,61
10/2/2026,9:58:52 AM,98,61
10/2/2026,9:58:53 AM,98,61
10/2/2026,9:58:54 AM,98,61
10/2/2026,9:58:55 AM,98,61
10/2/2026,9:58:56 AM,98,60
10/2/2026,9:58:57 AM,98,60
10/2/2026,9:58:58 AM,98,59
10/2/2026,9:58:59 AM,98,59
10/2/2026,9:59:00 AM,98,58
10/2/2026,9:59:01 AM,98,58
10/2/2026,9:59:02 AM,98,58
10/2/2026,9:59:03 AM,98,58
10/2/2026,9:59:04 AM,98,58
10/2/2026,9:59:05 AM,99,58
10/2/2026,9:59:06 AM,99,58
10/2/2026,9:59:07 AM,99,57
10/2/2026,9:59:08 AM,99,57
10/2/2026,9:59:09 AM,99,58
10/2/2026,9:59:10 AM,99,57
10/2/2026,9:59:11 AM,99,57
10/2/2026,9:59:12 AM,99,57
10/2/2026,9:59:13 AM,99,57
10/2/2026,9:59:14 AM,99,57
10/2/2026,9:59:15 AM,99,58
10/2/2026,9:59:16 AM,99,58
10/2/2026,9:59:17 AM,99,58
10/2/2026,9:59:18 AM,99,58
10/2/2026,9:59:19 AM,99,58
10/2/2026,9:59:20 AM,99,58
10/2/2026,9:59:21 AM,99,59
10/2/2026,9:59:22 AM,99,59
10/2/2026,9:59:23 AM,99,59
10/2/2026,9:59:24 AM,99,59
10/2/2026,9:59:25 AM,99,60
10/2/2026,9:59:26 AM,99,60
10/2/2026,9:59:27 AM,99,60
10/2/2026,9:59:28 AM,99,60
10/2/2026,9:59:29 AM,98,61
10/2/2026,9:59:30 AM,98,61
10/2/2026,9:59:31 AM,98,61
10/2/2026,9:59:32 AM,98,61
10/2/2026,9:59:33 AM,98,61
10/2/2026,9:59:34 AM,98,61
10/2/2026,9:59:35 AM,98,61
10/2/2026,9:59:36 AM,98,61
10/2/2026,9:59:37 AM,98,61
10/2/2026,9:59:38 AM,98,61
10/2/2026,9:59:39 AM,98,62
10/2/2026,9:59:40 AM,98,62
10/2/2026,9:59:41 AM,98,62
10/2/2026,9:59:42 AM,98,62
10/2/2026,9:59:43 AM,98,62
10/2/2026,9:59:44 AM,98,62
10/2/2026,9:59:45 AM,98,62
10/2/2026,9:59:46 AM,98,62
10/2/2026,9:59:47 AM,98,62
10/2/2026,9:59:48 AM,98,62
10/2/2026,9:59:49 AM,98,62
10/2/2026,9:59:50 AM,98,62
10/2/2026,9:59:51 AM,97,62
10/2/2026,9:59:52 AM,97,62
10/2/2026,9:59:53 AM,96,62
10/2/2026,9:59:54 AM,96,63
10/2/2026,9:59:55 AM,96,63
10/2/2026,9:59:56 AM,95,64
10/2/2026,9:59:57 AM,95,63
10/2/2026,9:59:58 AM,95,63
10/2/2026,9:59:59 AM,96,63
10/2/2026,10:00:00 AM,96,63
10/2/2026,10:00:01 AM,96,62
10/2/2026,10:00:02 AM,97,62
10/2/2026,10:00:03 AM,97,61
10/2/2026,10:00:04 AM,97,61
10/2/2026,10:00:05 AM,98,60
10/2/2026,10:00:06 AM,98,59
10/2/2026,10:00:07 AM,98,59
10/2/2026,10:00:08 AM,98,59
10/2/2026,10:00:09 AM,98,58
10/2/2026,10:00:10 AM,98,58
10/2/2026,10:00:11 AM,98,58
10/2/2026,10:00:12 AM,98,58
10/2/2026,10:00:13 AM,98,58
10/2/2026,10:00:14 AM,98,58
10/2/2026,10:00:15 AM,98,58
10/2/2026,10:00:16 AM,98,58
10/2/2026,10:00:17 AM,98,57
10/2/2026,10:00:18 AM,99,57
10/2/2026,10:00:19 AM,99,57
10/2/2026,10:00:20 AM,99,57
10/2/2026,10:00:21 AM,99,57
10/2/2026,10:00:22 AM,99,57
10/2/2026,10:00:23 AM,99,57
10/2/2026,10:00:24 AM,99,57
10/2/2026,10:00:25 AM,99,57
10/2/2026,10:00:26 AM,99,57
10/2/2026,10:00:27 AM,99,57
10/2/2026,10:00:28 AM,99,57
10/2/2026,10:00:29 AM,99,57
10/2/2026,10:00:30 AM,99,57
10/2/2026,10:00:31 AM,99,57
10/2/2026,10:00:32 AM,99,57
10/2/2026,10:00:33 AM,99,57
10/2/2026,10:00:34 AM,99,57
10/2/2026,10:00:35 AM,99,57
10/2/2026,10:00:36 AM,99,57
10/2/2026,10:00:37 AM,99,57
10/2/2026,10:00:38 AM,98,57
10/2/2026,10:00:39 AM,98,57
10/2/2026,10:00:40 AM,98,57
10/2/2026,10:00:41 AM,98,57
10/2/2026,10:00:42 AM,98,57
10/2/2026,10:00:43 AM,98,57
10/2/2026,10:00:44 AM,98,57
10/2/2026,10:00:45 AM,98,57
10/2/2026,10:00:46 AM,98,57
10/2/2026,10:00:47 AM,98,57
10/2/2026,10:00:48 AM,98,58
10/2/2026,10:00:49 AM,98,58
10/2/2026,10:00:50 AM,98,59
10/2/2026,10:00:51 AM,97,59
10/2/2026,10:00:52 AM,97,60
10/2/2026,10:00:53 AM,97,60
10/2/2026,10:00:54 AM,97,61
10/2/2026,10:00:55 AM,97,61
10/2/2026,10:00:56 AM,97,61
10/2/2026,10:00:57 AM,97,62
10/2/2026,10:00:58 AM,97,62
10/2/2026,10:00:59 AM,97,63
10/2/2026,10:01:00 AM,97,64
10/2/2026,10:01:01 AM,97,64
10/2/2026,10:01:02 AM,97,64
10/2/2026,10:01:03 AM,97,64
10/2/2026,10:01:04 AM,97,64
10/2/2026,10:01:05 AM,97,64
10/2/2026,10:01:06 AM,97,65
10/2/2026,10:01:07 AM,97,65
10/2/2026,10:01:08 AM,97,65
10/2/2026,10:01:09 AM,96,65
10/2/2026,10:01:10 AM,96,64
10/2/2026,10:01:11 AM,96,64
10/2/2026,10:01:12 AM,96,64
10/2/2026,10:01:13 AM,96,64
10/2/2026,10:01:14 AM,96,64
10/2/2026,10:01:15 AM,96,64
10/2/2026,10:01:16 AM,96,64
10/2/2026,10:01:17 AM,96,64
10/2/2026,10:01:18 AM,96,63
10/2/2026,10:01:19 AM,96,63
10/2/2026,10:01:20 AM,96,62
10/2/2026,10:01:21 AM,96,61
10/2/2026,10:01:22 AM,96,60
10/2/2026,10:01:23 AM,96,60
10/2/2026,10:01:24 AM,97,59
10/2/2026,10:01:25 AM,97,59
10/2/2026,10:01:26 AM,97,58
10/2/2026,10:01:27 AM,97,58
10/2/2026,10:01:28 AM,97,58
10/2/2026,10:01:29 AM,97,58
10/2/2026,10:01:30 AM,97,58
10/2/2026,10:01:31 AM,97,58
10/2/2026,10:01:32 AM,97,58
10/2/2026,10:01:33 AM,97,58
10/2/2026,10:01:34 AM,97,58
10/2/2026,10:01:35 AM,97,57
10/2/2026,10:01:36 AM,98,57
10/2/2026,10:01:37 AM,98,57
10/2/2026,10:01:38 AM,98,57
10/2/2026,10:01:39 AM,99,57
10/2/2026,10:01:40 AM,99,57
10/2/2026,10:01:41 AM,99,57
10/2/2026,10:01:42 AM,99,58
10/2/2026,10:01:43 AM,99,58
10/2/2026,10:01:44 AM,99,58
10/2/2026,10:01:45 AM,99,58
10/2/2026,10:01:46 AM,99,58
10/2/2026,10:01:47 AM,99,58
10/2/2026,10:01:48 AM,99,59
10/2/2026,10:01:49 AM,99,59
10/2/2026,10:01:50 AM,99,59
10/2/2026,10:01:51 AM,99,59
10/2/2026,10:01:52 AM,99,59
10/2/2026,10:01:53 AM,99,59
10/2/2026,10:01:54 AM,99,60
10/2/2026,10:01:55 AM,99,60
10/2/2026,10:01:56 AM,98,60
10/2/2026,10:01:57 AM,98,61
10/2/2026,10:01:58 AM,98,61
10/2/2026,10:01:59 AM,98,61
10/2/2026,10:02:00 AM,98,62
10/2/2026,10:02:01 AM,98,62
10/2/2026,10:02:02 AM,98,62
10/2/2026,10:02:03 AM,98,62
10/2/2026,10:02:04 AM,98,62
10/2/2026,10:02:05 AM,98,62
10/2/2026,10:02:06 AM,97,62
10/2/2026,10:02:07 AM,97,62
10/2/2026,10:02:08 AM,97,62
10/2/2026,10:02:09 AM,97,62
10/2/2026,10:02:10 AM,97,62
10/2/2026,10:02:11 AM,97,62
10/2/2026,10:02:12 AM,97,62
10/2/2026,10:02:13 AM,97,62
10/2/2026,10:02:14 AM,97,62
10/2/2026,10:02:15 AM,97,61
10/2/2026,10:02:16 AM,97,61
10/2/2026,10:02:17 AM,97,61
10/2/2026,10:02:18 AM,97,61
10/2/2026,10:02:19 AM,97,61
10/2/2026,10:02:20 AM,97,61
10/2/2026,10:02:21 AM,97,61
10/2/2026,10:02:22 AM,96,61
10/2/2026,10:02:23 AM,96,60
10/2/2026,10:02:24 AM,96,60
10/2/2026,10:02:25 AM,96,60
10/2/2026,10:02:26 AM,96,60
10/2/2026,10:02:27 AM,96,61
10/2/2026,10:02:28 AM,96,61
10/2/2026,10:02:29 AM,96,61
10/2/2026,10:02:30 AM,95,61
10/2/2026,10:02:31 AM,95,61
10/2/2026,10:02:32 AM,95,62
10/2/2026,10:02:33 AM,95,62
10/2/2026,10:02:34 AM,95,62
10/2/2026,10:02:35 AM,95,62
10/2/2026,10:02:36 AM,95,62
10/2/2026,10:02:37 AM,95,62
10/2/2026,10:02:38 AM,96,62
10/2/2026,10:02:39 AM,96,62
10/2/2026,10:02:40 AM,96,62
10/2/2026,10:02:41 AM,96,62
10/2/2026,10:02:42 AM,97,62
10/2/2026,10:02:43 AM,97,61
10/2/2026,10:02:44 AM,97,61
10/2/2026,10:02:45 AM,97,62
10/2/2026,10:02:46 AM,97,62
10/2/2026,10:02:47 AM,98,61
10/2/2026,10:02:48 AM,98,61
10/2/2026,10:02:49 AM,98,61
10/2/2026,10:02:50 AM,98,61
10/2/2026,10:02:51 AM,98,61
10/2/2026,10:02:52 AM,98,61
10/2/2026,10:02:53 AM,98,61
10/2/2026,10:02:54 AM,98,61
10/2/2026,10:02:55 AM,98,61
10/2/2026,10:02:56 AM,98,61
10/2/2026,10:02:57 AM,98,61
10/2/2026,10:02:58 AM,98,61
10/2/2026,10:02:59 AM,98,61
10/2/2026,10:03:00 AM,98,61
10/2/2026,10:03:01 AM,98,61
10/2/2026,10:03:02 AM,98,62
10/2/2026,10:03:03 AM,98,62
10/2/2026,10:03:04 AM,98,62
10/2/2026,10:03:05 AM,97,62
10/2/2026,10:03:06 AM,97,62
10/2/2026,10:03:07 AM,97,62
10/2/2026,10:03:08 AM,97,63
10/2/2026,10:03:09 AM,97,62
10/2/2026,10:03:10 AM,96,62
10/2/2026,10:03:11 AM,96,62
10/2/2026,10:03:12 AM,96,62
10/2/2026,10:03:13 AM,96,62
10/2/2026,10:03:14 AM,96,63
10/2/2026,10:03:15 AM,96,63
10/2/2026,10:03:16 AM,96,62
10/2/2026,10:03:17 AM,96,62
10/2/2026,10:03:18 AM,96,61
10/2/2026,10:03:19 AM,96,61
10/2/2026,10:03:20 AM,96,61
10/2/2026,10:03:21 AM,96,61
10/2/2026,10:03:22 AM,96,60
10/2/2026,10:03:23 AM,96,60
10/2/2026,10:03:24 AM,96,60
10/2/2026,10:03:25 AM,96,60
10/2/2026,10:03:26 AM,96,60
10/2/2026,10:03:27 AM,96,60
10/2/2026,10:03:28 AM,96,60
10/2/2026,10:03:29 AM,96,60
10/2/2026,10:03:30 AM,96,60
10/2/2026,10:03:31 AM,96,60
10/2/2026,10:03:32 AM,96,60
10/2/2026,10:03:33 AM,96,60
10/2/2026,10:03:34 AM,97,60
10/2/2026,10:03:35 AM,97,60
10/2/2026,10:03:36 AM,97,60
10/2/2026,10:03:37 AM,97,60
10/2/2026,10:03:38 AM,98,60
10/2/2026,10:03:39 AM,98,60
10/2/2026,10:03:40 AM,98,59
10/2/2026,10:03:41 AM,98,59
10/2/2026,10:03:42 AM,98,59
10/2/2026,10:03:43 AM,98,59
10/2/2026,10:03:44 AM,98,59
10/2/2026,10:03:45 AM,98,59
10/2/2026,10:03:46 AM,98,60
10/2/2026,10:03:47 AM,98,60
10/2/2026,10:03:48 AM,98,60
10/2/2026,10:03:49 AM,98,60
10/2/2026,10:03:50 AM,98,60
10/2/2026,10:03:51 AM,98,60
10/2/2026,10:03:52 AM,98,60
10/2/2026,10:03:53 AM,98,61
10/2/2026,10:03:54 AM,98,61
10/2/2026,10:03:55 AM,98,61
10/2/2026,10:03:56 AM,97,61
10/2/2026,10:03:57 AM,97,61
10/2/2026,10:03:58 AM,97,61
10/2/2026,10:03:59 AM,97,61
10/2/2026,10:04:00 AM,97,61
10/2/2026,10:04:01 AM,97,61
10/2/2026,10:04:02 AM,97,61
10/2/2026,10:04:03 AM,97,61
10/2/2026,10:04:04 AM,97,61
10/2/2026,10:04:05 AM,97,61
10/2/2026,10:04:06 AM,97,61
10/2/2026,10:04:07 AM,97,61
10/2/2026,10:04:08 AM,97,61
10/2/2026,10:04:09 AM,97,61
10/2/2026,10:04:10 AM,97,61
10/2/2026,10:04:11 AM,97,61
10/2/2026,10:04:12 AM,97,60
10/2/2026,10:04:13 AM,97,60
10/2/2026,10:04:14 AM,97,59
10/2/2026,10:04:15 AM,97,59
10/2/2026,10:04:16 AM,97,59
10/2/2026,10:04:17 AM,97,59
10/2/2026,10:04:18 AM,97,59
10/2/2026,10:04:19 AM,97,58
10/2/2026,10:04:20 AM,97,58
10/2/2026,10:04:21 AM,97,58
10/2/2026,10:04:22 AM,97,58
10/2/2026,10:04:23 AM,96,59
10/2/2026,10:04:24 AM,96,59
10/2/2026,10:04:25 AM,96,59
10/2/2026,10:04:26 AM,96,59
10/2/2026,10:04:27 AM,95,60
10/2/2026,10:04:28 AM,95,60
10/2/2026,10:04:29 AM,95,60
10/2/2026,10:04:30 AM,95,60
10/2/2026,10:04:31 AM,95,60
10/2/2026,10:04:32 AM,95,60
10/2/2026,10:04:33 AM,95,61
10/2/2026,10:04:34 AM,95,60
10/2/2026,10:04:35 AM,95,60
10/2/2026,10:04:36 AM,95,61
10/2/2026,10:04:37 AM,95,61
10/2/2026,10:04:38 AM,95,61
10/2/2026,10:04:39 AM,95,61
10/2/2026,10:04:40 AM,95,60
10/2/2026,10:04:41 AM,95,61
10/2/2026,10:04:42 AM,95,61
10/2/2026,10:04:43 AM,96,61
10/2/2026,10:04:44 AM,96,60
10/2/2026,10:04:45 AM,96,60
10/2/2026,10:04:46 AM,96,60
10/2/2026,10:04:47 AM,96,60
10/2/2026,10:04:48 AM,97,60
10/2/2026,10:04:49 AM,97,60
10/2/2026,10:04:50 AM,97,60
10/2/2026,10:04:51 AM,97,60
10/2/2026,10:04:52 AM,97,59
10/2/2026,10:04:53 AM,98,59
10/2/2026,10:04:54 AM,98,59
10/2/2026,10:04:55 AM,98,59
10/2/2026,10:04:56 AM,98,58
10/2/2026,10:04:57 AM,98,58
10/2/2026,10:04:58 AM,99,58
10/2/2026,10:04:59 AM,99,58
10/2/2026,10:05:00 AM,99,58
10/2/2026,10:05:01 AM,99,58
10/2/2026,10:05:02 AM,99,58
10/2/2026,10:05:03 AM,99,58
10/2/2026,10:05:04 AM,99,58
10/2/2026,10:05:05 AM,99,58
10/2/2026,10:05:06 AM,99,58
10/2/2026,10:05:07 AM,99,58
10/2/2026,10:05:08 AM,99,59
10/2/2026,10:05:09 AM,99,59
10/2/2026,10:05:10 AM,98,59
10/2/2026,10:05:11 AM,98,59
10/2/2026,10:05:12 AM,98,59
10/2/2026,10:05:13 AM,98,59
10/2/2026,10:05:14 AM,97,59
10/2/2026,10:05:15 AM,97,59
10/2/2026,10:05:16 AM,97,59
10/2/2026,10:05:17 AM,97,60
10/2/2026,10:05:18 AM,97,60
10/2/2026,10:05:19 AM,97,60
10/2/2026,10:05:20 AM,97,60
10/2/2026,10:05:21 AM,97,60
10/2/2026,10:05:22 AM,97,60
10/2/2026,10:05:23 AM,97,61
10/2/2026,10:05:24 AM,97,61
10/2/2026,10:05:25 AM,97,61
10/2/2026,10:05:26 AM,97,61
10/2/2026,10:05:27 AM,96,61
10/2/2026,10:05:28 AM,96,61
10/2/2026,10:05:29 AM,96,61
10/2/2026,10:05:30 AM,96,60
10/2/2026,10:05:31 AM,96,60
10/2/2026,10:05:32 AM,96,60
10/2/2026,10:05:33 AM,96,60
10/2/2026,10:05:34 AM,96,60
10/2/2026,10:05:35 AM,96,60
10/2/2026,10:05:36 AM,96,60
10/2/2026,10:05:37 AM,96,60
10/2/2026,10:05:38 AM,96,60
10/2/2026,10:05:39 AM,96,60
10/2/2026,10:05:40 AM,97,60
10/2/2026,10:05:41 AM,97,60
10/2/2026,10:05:42 AM,97,60
10/2/2026,10:05:43 AM,97,60
10/2/2026,10:05:44 AM,97,60
10/2/2026,10:05:45 AM,98,60
10/2/2026,10:05:46 AM,98,60
10/2/2026,10:05:47 AM,98,60
10/2/2026,10:05:48 AM,98,61
10/2/2026,10:05:49 AM,98,61
10/2/2026,10:05:50 AM,98,61
10/2/2026,10:05:51 AM,98,61
10/2/2026,10:05:52 AM,98,61
10/2/2026,10:05:53 AM,98,61
10/2/2026,10:05:54 AM,98,61
10/2/2026,10:05:55 AM,98,61
10/2/2026,10:05:56 AM,98,62
10/2/2026,10:05:57 AM,98,62
10/2/2026,10:05:58 AM,99,62
10/2/2026,10:05:59 AM,99,62
10/2/2026,10:06:00 AM,99,62
10/2/2026,10:06:01 AM,99,62
10/2/2026,10:06:02 AM,99,62
10/2/2026,10:06:03 AM,99,63
10/2/2026,10:06:04 AM,99,63
10/2/2026,10:06:05 AM,99,63
10/2/2026,10:06:06 AM,99,64
10/2/2026,10:06:07 AM,99,64
10/2/2026,10:06:08 AM,99,64
10/2/2026,10:06:09 AM,99,64
10/2/2026,10:06:10 AM,99,64
10/2/2026,10:06:11 AM,98,64
10/2/2026,10:06:12 AM,98,64
10/2/2026,10:06:13 AM,98,64
10/2/2026,10:06:14 AM,98,64
10/2/2026,10:06:15 AM,98,64
10/2/2026,10:06:16 AM,98,64
10/2/2026,10:06:17 AM,98,63
10/2/2026,10:06:18 AM,98,63
10/2/2026,10:06:19 AM,98,63
10/2/2026,10:06:20 AM,98,63
10/2/2026,10:06:21 AM,98,62
10/2/2026,10:06:22 AM,98,62
10/2/2026,10:06:23 AM,98,61
10/2/2026,10:06:24 AM,98,61
10/2/2026,10:06:25 AM,98,61
10/2/2026,10:06:26 AM,98,61
10/2/2026,10:06:27 AM,98,60
10/2/2026,10:06:28 AM,98,60
10/2/2026,10:06:29 AM,98,60
10/2/2026,10:06:30 AM,98,60
10/2/2026,10:06:31 AM,98,60
10/2/2026,10:06:32 AM,98,60
10/2/2026,10:06:33 AM,98,60
10/2/2026,10:06:34 AM,98,60
10/2/2026,10:06:35 AM,98,60
10/2/2026,10:06:36 AM,98,60
10/2/2026,10:06:37 AM,98,60
10/2/2026,10:06:38 AM,98,60
10/2/2026,10:06:39 AM,98,60
10/2/2026,10:06:40 AM,98,59
10/2/2026,10:06:41 AM,98,59
10/2/2026,10:06:42 AM,98,59
10/2/2026,10:06:43 AM,98,59
10/2/2026,10:06:44 AM,98,59
10/2/2026,10:06:45 AM,97,59
10/2/2026,10:06:46 AM,97,60
10/2/2026,10:06:47 AM,97,60
10/2/2026,10:06:48 AM,97,60
10/2/2026,10:06:49 AM,96,60
10/2/2026,10:06:50 AM,96,61
10/2/2026,10:06:51 AM,96,61
10/2/2026,10:06:52 AM,96,61
10/2/2026,10:06:53 AM,96,61
10/2/2026,10:06:54 AM,96,62
10/2/2026,10:06:55 AM,96,61
10/2/2026,10:06:56 AM,96,61
10/2/2026,10:06:57 AM,97,61
10/2/2026,10:06:58 AM,97,61
10/2/2026,10:06:59 AM,97,61
10/2/2026,10:07:00 AM,97,61
10/2/2026,10:07:01 AM,97,61
10/2/2026,10:07:02 AM,97,61
10/2/2026,10:07:03 AM,97,61
10/2/2026,10:07:04 AM,97,62
10/2/2026,10:07:05 AM,97,62
10/2/2026,10:07:06 AM,97,63
10/2/2026,10:07:07 AM,97,63
10/2/2026,10:07:08 AM,97,63
10/2/2026,10:07:09 AM,98,63
10/2/2026,10:07:10 AM,98,63
10/2/2026,10:07:11 AM,98,63
10/2/2026,10:07:12 AM,98,63
10/2/2026,10:07:13 AM,98,63
10/2/2026,10:07:14 AM,99,63
10/2/2026,10:07:15 AM,99,62
10/2/2026,10:07:16 AM,99,62
10/2/2026,10:07:17 AM,99,62
10/2/2026,10:07:18 AM,99,62
10/2/2026,10:07:19 AM,99,62
10/2/2026,10:07:20 AM,99,62
10/2/2026,10:07:21 AM,99,62
10/2/2026,10:07:22 AM,99,61
10/2/2026,10:07:23 AM,99,61
10/2/2026,10:07:24 AM,99,62
10/2/2026,10:07:25 AM,99,62
10/2/2026,10:07:26 AM,99,62
10/2/2026,10:07:27 AM,99,62
10/2/2026,10:07:28 AM,99,62
10/2/2026,10:07:29 AM,99,63
10/2/2026,10:07:30 AM,99,63
10/2/2026,10:07:31 AM,99,62
10/2/2026,10:07:32 AM,98,62
10/2/2026,10:07:33 AM,98,62
10/2/2026,10:07:34 AM,98,63
10/2/2026,10:07:35 AM,98,63
10/2/2026,10:07:36 AM,98,63
10/2/2026,10:07:37 AM,97,63
10/2/2026,10:07:38 AM,97,63
10/2/2026,10:07:39 AM,97,63
10/2/2026,10:07:40 AM,97,63
10/2/2026,10:07:41 AM,97,63
10/2/2026,10:07:42 AM,97,63
10/2/2026,10:07:43 AM,97,63
10/2/2026,10:07:44 AM,97,63
10/2/2026,10:07:45 AM,97,63
10/2/2026,10:07:46 AM,97,63
10/2/2026,10:07:47 AM,97,63
10/2/2026,10:07:48 AM,97,63
10/2/2026,10:07:49 AM,97,63
10/2/2026,10:07:50 AM,97,63
10/2/2026,10:07:51 AM,97,63
10/2/2026,10:07:52 AM,97,63
10/2/2026,10:07:53 AM,97,63
10/2/2026,10:07:54 AM,97,63
10/2/2026,10:07:55 AM,98,63
10/2/2026,10:07:56 AM,98,63
10/2/2026,10:07:57 AM,98,63
10/2/2026,10:07:58 AM,98,63
10/2/2026,10:07:59 AM,98,63
10/2/2026,10:08:00 AM,98,63
10/2/2026,10:08:01 AM,98,63
10/2/2026,10:08:02 AM,98,62
10/2/2026,10:08:03 AM,98,61
10/2/2026,10:08:04 AM,98,61
10/2/2026,10:08:05 AM,98,61
10/2/2026,10:08:06 AM,98,61
10/2/2026,10:08:07 AM,98,61
10/2/2026,10:08:08 AM,98,61
10/2/2026,10:08:09 AM,98,61
10/2/2026,10:08:10 AM,98,60
10/2/2026,10:08:11 AM,98,59
10/2/2026,10:08:12 AM,99,59
10/2/2026,10:08:13 AM,99,58
10/2/2026,10:08:14 AM,99,58
10/2/2026,10:08:15 AM,99,58
10/2/2026,10:08:16 AM,99,58
10/2/2026,10:08:17 AM,99,58
10/2/2026,10:08:18 AM,99,58
10/2/2026,10:08:19 AM,99,57
10/2/2026,10:08:20 AM,99,58
10/2/2026,10:08:21 AM,99,58
10/2/2026,10:08:22 AM,99,58
10/2/2026,10:08:23 AM,99,58
10/2/2026,10:08:24 AM,99,58
10/2/2026,10:08:25 AM,99,59
10/2/2026,10:08:26 AM,99,59
10/2/2026,10:08:27 AM,99,59
10/2/2026,10:08:28 AM,99,59
10/2/2026,10:08:29 AM,99,59
10/2/2026,10:08:30 AM,99,59
10/2/2026,10:08:31 AM,99,59
10/2/2026,10:08:32 AM,99,59
10/2/2026,10:08:33 AM,99,59
10/2/2026,10:08:34 AM,99,59
10/2/2026,10:08:35 AM,99,59
10/2/2026,10:08:36 AM,99,60
10/2/2026,10:08:37 AM,98,60
10/2/2026,10:08:38 AM,98,60
10/2/2026,10:08:39 AM,98,60
10/2/2026,10:08:40 AM,98,61
10/2/2026,10:08:41 AM,98,61
10/2/2026,10:08:42 AM,98,61
10/2/2026,10:08:43 AM,98,62
10/2/2026,10:08:44 AM,98,62
10/2/2026,10:08:45 AM,98,61
10/2/2026,10:08:46 AM,98,61
10/2/2026,10:08:47 AM,98,61
10/2/2026,10:08:48 AM,98,61
10/2/2026,10:08:49 AM,98,61
10/2/2026,10:08:50 AM,98,61
10/2/2026,10:08:51 AM,98,62
10/2/2026,10:08:52 AM,98,61
10/2/2026,10:08:53 AM,98,61
10/2/2026,10:08:54 AM,98,61
10/2/2026,10:08:55 AM,98,61
10/2/2026,10:08:56 AM,98,61
10/2/2026,10:08:57 AM,98,61
10/2/2026,10:08:58 AM,98,61
10/2/2026,10:08:59 AM,98,61
10/2/2026,10:09:00 AM,99,61
10/2/2026,10:09:01 AM,99,61
10/2/2026,10:09:02 AM,99,61
10/2/2026,10:09:03 AM,99,61
10/2/2026,10:09:04 AM,99,60
10/2/2026,10:09:05 AM,99,60
10/2/2026,10:09:06 AM,99,60
10/2/2026,10:09:07 AM,99,59
10/2/2026,10:09:08 AM,99,59
10/2/2026,10:09:09 AM,99,59
10/2/2026,10:09:10 AM,99,59
10/2/2026,10:09:11 AM,98,59
10/2/2026,10:09:12 AM,98,59
10/2/2026,10:09:13 AM,98,60
10/2/2026,10:09:14 AM,98,60
10/2/2026,10:09:15 AM,98,61
10/2/2026,10:09:16 AM,98,61
10/2/2026,10:09:17 AM,98,61
10/2/2026,10:09:18 AM,98,61
10/2/2026,10:09:19 AM,98,61
10/2/2026,10:09:20 AM,98,61
10/2/2026,10:09:21 AM,98,61
10/2/2026,10:09:22 AM,98,60
10/2/2026,10:09:23 AM,98,60
10/2/2026,10:09:24 AM,98,60
10/2/2026,10:09:25 AM,98,60
10/2/2026,10:09:26 AM,98,59
10/2/2026,10:09:27 AM,98,59
10/2/2026,10:09:28 AM,98,59
10/2/2026,10:09:29 AM,98,59
10/2/2026,10:09:30 AM,98,59
10/2/2026,10:09:31 AM,98,59
10/2/2026,10:09:32 AM,98,59
10/2/2026,10:09:33 AM,98,59
10/2/2026,10:09:34 AM,98,59
10/2/2026,10:09:35 AM,98,59
10/2/2026,10:09:36 AM,98,59
10/2/2026,10:09:37 AM,98,60
10/2/2026,10:09:38 AM,98,60
10/2/2026,10:09:39 AM,98,60
10/2/2026,10:09:40 AM,98,60
10/2/2026,10:09:41 AM,98,60
10/2/2026,10:09:42 AM,98,60
10/2/2026,10:09:43 AM,98,60
10/2/2026,10:09:44 AM,98,61
10/2/2026,10:09:45 AM,98,61
10/2/2026,10:09:46 AM,98,61
10/2/2026,10:09:47 AM,98,61
10/2/2026,10:09:48 AM,98,61
10/2/2026,10:09:49 AM,98,61
10/2/2026,10:09:50 AM,97,61
10/2/2026,10:09:51 AM,97,61
10/2/2026,10:09:52 AM,97,61
10/2/2026,10:09:53 AM,97,61
10/2/2026,10:09:54 AM,97,60
10/2/2026,10:09:55 AM,97,60
10/2/2026,10:09:56 AM,97,60
10/2/2026,10:09:57 AM,97,60
10/2/2026,10:09:58 AM,97,60
10/2/2026,10:09:59 AM,97,60
10/2/2026,10:10:00 AM,97,60
10/2/2026,10:10:01 AM,97,60
10/2/2026,10:10:02 AM,97,60
10/2/2026,10:10:03 AM,97,60
10/2/2026,10:10:04 AM,97,60
10/2/2026,10:10:05 AM,97,60
10/2/2026,10:10:06 AM,97,60
10/2/2026,10:10:07 AM,97,60
10/2/2026,10:10:08 AM,97,60
10/2/2026,10:10:09 AM,97,60
10/2/2026,10:10:10 AM,97,60
10/2/2026,10:10:11 AM,97,60
10/2/2026,10:10:12 AM,97,60
10/2/2026,10:10:13 AM,97,60
10/2/2026,10:10:14 AM,97,60
10/2/2026,10:10:15 AM,97,60
10/2/2026,10:10:16 AM,97,60
10/2/2026,10:10:17 AM,97,60
10/2/2026,10:10:18 AM,97,60
10/2/2026,10:10:19 AM,97,60
10/2/2026,10:10:20 AM,97,60
10/2/2026,10:10:21 AM,97,61
10/2/2026,10:10:22 AM,96,61
10/2/2026,10:10:23 AM,96,61
10/2/2026,10:10:24 AM,96,60
10/2/2026,10:10:25 AM,96,60
10/2/2026,10:10:26 AM,96,60
10/2/2026,10:10:27 AM,97,60
10/2/2026,10:10:28 AM,97,60
10/2/2026,10:10:29 AM,97,59
10/2/2026,10:10:30 AM,97,59
10/2/2026,10:10:31 AM,98,59
10/2/2026,10:10:32 AM,98,58
10/2/2026,10:10:33 AM,98,58
10/2/2026,10:10:34 AM,98,58
10/2/2026,10:10:35 AM,98,58
10/2/2026,10:10:36 AM,99,58
10/2/2026,10:10:37 AM,99,57
10/2/2026,10:10:38 AM,99,57
10/2/2026,10:10:39 AM,99,57
10/2/2026,10:10:40 AM,99,57
10/2/2026,10:10:41 AM,99,57
10/2/2026,10:10:42 AM,99,57
10/2/2026,10:10:43 AM,99,57
10/2/2026,10:10:44 AM,99,57
10/2/2026,10:10:45 AM,99,57
10/2/2026,10:10:46 AM,99,57
10/2/2026,10:10:47 AM,99,57
10/2/2026,10:10:48 AM,99,57
10/2/2026,10:10:49 AM,99,57
10/2/2026,10:10:50 AM,99,57
10/2/2026,10:10:51 AM,99,57
10/2/2026,10:10:52 AM,99,57
10/2/2026,10:10:53 AM,99,57
10/2/2026,10:10:54 AM,99,57
10/2/2026,10:10:55 AM,99,57
10/2/2026,10:10:56 AM,99,57
10/2/2026,10:10:57 AM,99,56
10/2/2026,10:10:58 AM,99,56
10/2/2026,10:10:59 AM,99,56
10/2/2026,10:11:00 AM,99,56
10/2/2026,10:11:01 AM,99,56
10/2/2026,10:11:02 AM,99,56
10/2/2026,10:11:03 AM,98,56
10/2/2026,10:11:04 AM,98,56
10/2/2026,10:11:05 AM,98,56
10/2/2026,10:11:06 AM,98,56
10/2/2026,10:11:07 AM,98,56
10/2/2026,10:11:08 AM,98,56
10/2/2026,10:11:09 AM,98,56
10/2/2026,10:11:10 AM,98,56
10/2/2026,10:11:11 AM,98,56
10/2/2026,10:11:12 AM,98,56
10/2/2026,10:11:13 AM,98,56
10/2/2026,10:11:14 AM,98,56
10/2/2026,10:11:15 AM,98,56
10/2/2026,10:11:16 AM,98,56
10/2/2026,10:11:17 AM,98,56
10/2/2026,10:11:18 AM,98,56
10/2/2026,10:11:19 AM,98,56
10/2/2026,10:11:20 AM,97,56
10/2/2026,10:11:21 AM,97,57
10/2/2026,10:11:22 AM,97,57
10/2/2026,10:11:23 AM,97,58
10/2/2026,10:11:24 AM,97,59
10/2/2026,10:11:25 AM,97,59
10/2/2026,10:11:26 AM,97,59
10/2/2026,10:11:27 AM,97,59
10/2/2026,10:11:28 AM,97,59
10/2/2026,10:11:29 AM,97,59
10/2/2026,10:11:30 AM,97,59
10/2/2026,10:11:31 AM,97,59
10/2/2026,10:11:32 AM,97,58
10/2/2026,10:11:33 AM,97,58
10/2/2026,10:11:34 AM,97,58
10/2/2026,10:11:35 AM,98,57
10/2/2026,10:11:36 AM,98,57
10/2/2026,10:11:37 AM,98,57
10/2/2026,10:11:38 AM,98,57
10/2/2026,10:11:39 AM,98,57
10/2/2026,10:11:40 AM,99,57
10/2/2026,10:11:41 AM,99,57
10/2/2026,10:11:42 AM,99,57
10/2/2026,10:11:43 AM,99,57
10/2/2026,10:11:44 AM,99,57
10/2/2026,10:11:45 AM,99,57
10/2/2026,10:11:46 AM,99,57
10/2/2026,10:11:47 AM,99,57
10/2/2026,10:11:48 AM,99,57
10/2/2026,10:11:49 AM,99,57
10/2/2026,10:11:50 AM,99,57
10/2/2026,10:11:51 AM,99,57
10/2/2026,10:11:52 AM,99,57
10/2/2026,10:11:53 AM,99,57
10/2/2026,10:11:54 AM,99,57
10/2/2026,10:11:55 AM,99,57
10/2/2026,10:11:56 AM,99,58
10/2/2026,10:11:57 AM,99,58
10/2/2026,10:11:58 AM,99,58
10/2/2026,10:11:59 AM,99,59
10/2/2026,10:12:00 AM,98,59
10/2/2026,10:12:01 AM,98,59
10/2/2026,10:12:02 AM,98,60
10/2/2026,10:12:03 AM,98,60
10/2/2026,10:12:04 AM,98,60
10/2/2026,10:12:05 AM,98,61
10/2/2026,10:12:06 AM,98,61
10/2/2026,10:12:07 AM,98,61
10/2/2026,10:12:08 AM,98,61
10/2/2026,10:12:09 AM,98,62
10/2/2026,10:12:10 AM,98,62
10/2/2026,10:12:11 AM,98,62
10/2/2026,10:12:12 AM,98,62
10/2/2026,10:12:13 AM,98,62
10/2/2026,10:12:14 AM,97,62
10/2/2026,10:12:15 AM,97,62
10/2/2026,10:12:16 AM,97,62
10/2/2026,10:12:17 AM,97,62
10/2/2026,10:12:18 AM,96,62
10/2/2026,10:12:19 AM,96,62
10/2/2026,10:12:20 AM,96,62
10/2/2026,10:12:21 AM,96,62
10/2/2026,10:12:22 AM,96,62
10/2/2026,10:12:23 AM,96,61
10/2/2026,10:12:24 AM,96,61
10/2/2026,10:12:25 AM,97,61
10/2/2026,10:12:26 AM,97,61
10/2/2026,10:12:27 AM,97,61
10/2/2026,10:12:28 AM,97,61
10/2/2026,10:12:29 AM,97,61
10/2/2026,10:12:30 AM,97,61
10/2/2026,10:12:31 AM,97,61
10/2/2026,10:12:32 AM,97,61
10/2/2026,10:12:33 AM,97,61
10/2/2026,10:12:34 AM,97,60
10/2/2026,10:12:35 AM,97,61
10/2/2026,10:12:36 AM,97,61
10/2/2026,10:12:37 AM,97,61
10/2/2026,10:12:38 AM,97,60
10/2/2026,10:12:39 AM,97,60
10/2/2026,10:12:40 AM,97,59
10/2/2026,10:12:41 AM,97,59
10/2/2026,10:12:42 AM,97,58
10/2/2026,10:12:43 AM,97,58
10/2/2026,10:12:44 AM,97,58
10/2/2026,10:12:45 AM,97,58
10/2/2026,10:12:46 AM,98,58
10/2/2026,10:12:47 AM,98,58
10/2/2026,10:12:48 AM,98,58
10/2/2026,10:12:49 AM,98,58
10/2/2026,10:12:50 AM,99,58
10/2/2026,10:12:51 AM,99,58
10/2/2026,10:12:52 AM,99,58
10/2/2026,10:12:53 AM,99,59
10/2/2026,10:12:54 AM,99,58
10/2/2026,10:12:55 AM,99,59
10/2/2026,10:12:56 AM,99,59
10/2/2026,10:12:57 AM,99,59
10/2/2026,10:12:58 AM,99,59
10/2/2026,10:12:59 AM,99,59
10/2/2026,10:13:00 AM,99,59
10/2/2026,10:13:01 AM,98,59
10/2/2026,10:13:02 AM,98,59
10/2/2026,10:13:03 AM,98,59
10/2/2026,10:13:04 AM,98,59
10/2/2026,10:13:05 AM,98,59
10/2/2026,10:13:06 AM,98,59
10/2/2026,10:13:07 AM,98,59
10/2/2026,10:13:08 AM,98,59
10/2/2026,10:13:09 AM,97,59
10/2/2026,10:13:10 AM,97,59
10/2/2026,10:13:11 AM,97,59
10/2/2026,10:13:12 AM,97,58
10/2/2026,10:13:13 AM,97,57
10/2/2026,10:13:14 AM,97,57
10/2/2026,10:13:15 AM,97,57
10/2/2026,10:13:16 AM,97,56
10/2/2026,10:13:17 AM,96,56
10/2/2026,10:13:18 AM,96,55
10/2/2026,10:13:19 AM,96,55
10/2/2026,10:13:20 AM,97,55
10/2/2026,10:13:21 AM,97,54
10/2/2026,10:13:22 AM,97,54
10/2/2026,10:13:23 AM,97,54
10/2/2026,10:13:24 AM,97,54
10/2/2026,10:13:25 AM,97,54
10/2/2026,10:13:26 AM,96,54
10/2/2026,10:13:27 AM,96,54
10/2/2026,10:13:28 AM,96,54
10/2/2026,10:13:29 AM,96,54
10/2/2026,10:13:30 AM,96,55
10/2/2026,10:13:31 AM,96,55
10/2/2026,10:13:32 AM,96,55
10/2/2026,10:13:33 AM,96,55
10/2/2026,10:13:34 AM,96,55
10/2/2026,10:13:35 AM,96,55
10/2/2026,10:13:36 AM,96,55
10/2/2026,10:13:37 AM,96,55
10/2/2026,10:13:38 AM,96,55
10/2/2026,10:13:39 AM,96,55
10/2/2026,10:13:40 AM,96,55
10/2/2026,10:13:41 AM,96,55
10/2/2026,10:13:42 AM,96,55
10/2/2026,10:13:43 AM,96,55
10/2/2026,10:13:44 AM,96,55
10/2/2026,10:13:45 AM,96,55
10/2/2026,10:13:46 AM,96,55
10/2/2026,10:13:47 AM,96,55
10/2/2026,10:13:48 AM,96,55
10/2/2026,10:13:49 AM,96,55
10/2/2026,10:13:50 AM,96,55
10/2/2026,10:13:51 AM,96,55
10/2/2026,10:13:52 AM,96,55
10/2/2026,10:13:53 AM,96,55
10/2/2026,10:13:54 AM,96,55
10/2/2026,10:13:55 AM,96,55
10/2/2026,10:13:56 AM,96,55
10/2/2026,10:13:57 AM,96,55
10/2/2026,10:13:58 AM,96,55
10/2/2026,10:13:59 AM,96,55
10/2/2026,10:14:00 AM,96,55
10/2/2026,10:14:01 AM,96,55
10/2/2026,10:14:02 AM,96,55
10/2/2026,10:14:03 AM,96,56
10/2/2026,10:14:04 AM,96,56
10/2/2026,10:14:05 AM,96,56
10/2/2026,10:14:06 AM,96,56
10/2/2026,10:14:07 AM,96,56
10/2/2026,10:14:08 AM,96,56
10/2/2026,10:14:09 AM,97,56
10/2/2026,10:14:10 AM,97,56
10/2/2026,10:14:11 AM,97,56
10/2/2026,10:14:12 AM,97,56
10/2/2026,10:14:13 AM,97,56
10/2/2026,10:14:14 AM,97,56
10/2/2026,10:14:15 AM,97,57
10/2/2026,10:14:16 AM,97,57
10/2/2026,10:14:17 AM,97,57
10/2/2026,10:14:18 AM,96,57
10/2/2026,10:14:19 AM,96,57
10/2/2026,10:14:20 AM,96,57
10/2/2026,10:14:21 AM,95,57
10/2/2026,10:14:22 AM,95,57
10/2/2026,10:14:23 AM,95,57
10/2/2026,10:14:24 AM,96,57
10/2/2026,10:14:25 AM,96,57
10/2/2026,10:14:26 AM,97,57
10/2/2026,10:14:27 AM,98,57
10/2/2026,10:14:28 AM,98,57
10/2/2026,10:14:29 AM,99,57
10/2/2026,10:14:30 AM,99,57
10/2/2026,10:14:31 AM,99,57
10/2/2026,10:14:32 AM,99,57
10/2/2026,10:14:33 AM,99,57
10/2/2026,10:14:34 AM,99,57
10/2/2026,10:14:35 AM,99,57
10/2/2026,10:14:36 AM,99,57
10/2/2026,10:14:37 AM,99,57
10/2/2026,10:14:38 AM,99,57
10/2/2026,10:14:39 AM,99,56
10/2/2026,10:14:40 AM,99,56
10/2/2026,10:14:41 AM,99,56
10/2/2026,10:14:42 AM,99,56
10/2/2026,10:14:43 AM,99,56
10/2/2026,10:14:44 AM,99,56
10/2/2026,10:14:45 AM,99,56
10/2/2026,10:14:46 AM,99,56
10/2/2026,10:14:47 AM,99,56
10/2/2026,10:14:48 AM,99,56
10/2/2026,10:14:49 AM,99,56
10/2/2026,10:14:50 AM,99,56
10/2/2026,10:14:51 AM,98,56
10/2/2026,10:14:52 AM,98,56
10/2/2026,10:14:53 AM,98,56
10/2/2026,10:14:54 AM,98,56
10/2/2026,10:14:55 AM,98,56
10/2/2026,10:14:56 AM,97,56
10/2/2026,10:14:57 AM,97,56
10/2/2026,10:14:58 AM,97,56
10/2/2026,10:14:59 AM,97,56
10/2/2026,10:15:00 AM,97,56
10/2/2026,10:15:01 AM,97,56
10/2/2026,10:15:02 AM,97,57
10/2/2026,10:15:03 AM,97,57
10/2/2026,10:15:04 AM,97,57
10/2/2026,10:15:05 AM,97,57
10/2/2026,10:15:06 AM,97,57
10/2/2026,10:15:07 AM,97,57
10/2/2026,10:15:08 AM,97,57
10/2/2026,10:15:09 AM,97,58
10/2/2026,10:15:10 AM,97,58
10/2/2026,10:15:11 AM,97,58
10/2/2026,10:15:12 AM,97,58
10/2/2026,10:15:13 AM,97,58
10/2/2026,10:15:14 AM,97,58
10/2/2026,10:15:15 AM,96,58
10/2/2026,10:15:16 AM,96,58
10/2/2026,10:15:17 AM,96,59
10/2/2026,10:15:18 AM,96,59
10/2/2026,10:15:19 AM,96,59
10/2/2026,10:15:20 AM,96,59
10/2/2026,10:15:21 AM,96,59
10/2/2026,10:15:22 AM,96,58
10/2/2026,10:15:23 AM,96,59
10/2/2026,10:15:24 AM,97,59
10/2/2026,10:15:25 AM,97,59
10/2/2026,10:15:26 AM,97,59
10/2/2026,10:15:27 AM,98,59
10/2/2026,10:15:28 AM,98,59
10/2/2026,10:15:29 AM,98,59
10/2/2026,10:15:30 AM,98,59
10/2/2026,10:15:31 AM,98,59
10/2/2026,10:15:32 AM,98,60
10/2/2026,10:15:33 AM,98,60
10/2/2026,10:15:34 AM,98,60
10/2/2026,10:15:35 AM,98,60
10/2/2026,10:15:36 AM,98,60
10/2/2026,10:15:37 AM,98,60
10/2/2026,10:15:38 AM,98,60
10/2/2026,10:15:39 AM,98,60
10/2/2026,10:15:40 AM,98,60
10/2/2026,10:15:41 AM,98,61
10/2/2026,10:15:42 AM,98,61
10/2/2026,10:15:43 AM,97,61
10/2/2026,10:15:44 AM,97,61
10/2/2026,10:15:45 AM,97,61
10/2/2026,10:15:46 AM,97,61
10/2/2026,10:15:47 AM,97,61
10/2/2026,10:15:48 AM,97,61
10/2/2026,10:15:49 AM,97,61
10/2/2026,10:15:50 AM,97,61
10/2/2026,10:15:51 AM,97,61
10/2/2026,10:15:52 AM,97,61
10/2/2026,10:15:53 AM,97,61
10/2/2026,10:15:54 AM,97,61
10/2/2026,10:15:55 AM,97,61
10/2/2026,10:15:56 AM,97,61
10/2/2026,10:15:57 AM,97,61
10/2/2026,10:15:58 AM,97,61
10/2/2026,10:15:59 AM,97,61
10/2/2026,10:16:00 AM,97,61
10/2/2026,10:16:01 AM,97,61
10/2/2026,10:16:02 AM,97,61
10/2/2026,10:16:03 AM,97,61
10/2/2026,10:16:04 AM,97,61
10/2/2026,10:16:05 AM,97,61
10/2/2026,10:16:06 AM,97,61
10/2/2026,10:16:07 AM,97,61
10/2/2026,10:16:08 AM,97,61
10/2/2026,10:16:09 AM,97,61
10/2/2026,10:16:10 AM,97,61
10/2/2026,10:16:11 AM,97,61
10/2/2026,10:16:12 AM,97,61
10/2/2026,10:16:13 AM,97,61
10/2/2026,10:16:14 AM,97,61
10/2/2026,10:16:15 AM,96,61
10/2/2026,10:16:16 AM,96,61
10/2/2026,10:16:17 AM,96,61
10/2/2026,10:16:18 AM,95,62
10/2/2026,10:16:19 AM,95,62
10/2/2026,10:16:20 AM,95,62
10/2/2026,10:16:21 AM,94,63
10/2/2026,10:16:22 AM,94,63
10/2/2026,10:16:23 AM,94,64
10/2/2026,10:16:24 AM,94,64
10/2/2026,10:16:25 AM,94,64
10/2/2026,10:16:26 AM,93,64
10/2/2026,10:16:27 AM,93,64
10/2/2026,10:16:28 AM,93,64
10/2/2026,10:16:29 AM,93,64
10/2/2026,10:16:30 AM,93,64
10/2/2026,10:16:31 AM,93,64
10/2/2026,10:16:32 AM,93,64
10/2/2026,10:16:33 AM,93,64
10/2/2026,10:16:34 AM,93,64
10/2/2026,10:16:35 AM,93,64
10/2/2026,10:16:36 AM,93,64
10/2/2026,10:16:37 AM,93,64
10/2/2026,10:16:38 AM,93,64
10/2/2026,10:16:39 AM,93,64
10/2/2026,10:16:40 AM,93,64
10/2/2026,10:16:41 AM,93,64
10/2/2026,10:16:42 AM,93,64
10/2/2026,10:16:43 AM,93,64
10/2/2026,10:16:44 AM,93,64
10/2/2026,10:16:45 AM,93,64
10/2/2026,10:16:46 AM,93,64
10/2/2026,10:16:47 AM,93,64
10/2/2026,10:16:48 AM,93,64
10/2/2026,10:16:49 AM,93,64
10/2/2026,10:16:50 AM,93,64
10/2/2026,10:16:51 AM,93,64
10/2/2026,10:16:52 AM,93,64
10/2/2026,10:16:53 AM,,
10/2/2026,10:16:54 AM,,
10/2/2026,10:16:55 AM,,
10/2/2026,10:16:56 AM,,
10/2/2026,10:16:57 AM,,
10/2/2026,10:16:58 AM,,
10/2/2026,10:16:59 AM,,
10/2/2026,10:17:00 AM,,
10/2/2026,10:17:01 AM,,
10/2/2026,10:17:02 AM,,
10/2/2026,10:17:03 AM,,
10/2/2026,10:17:04 AM,,
10/2/2026,10:17:05 AM,,
10/2/2026,10:17:06 AM,,
10/2/2026,10:17:07 AM,,
10/2/2026,10:17:08 AM,,
10/2/2026,10:17:09 AM,,
10/2/2026,10:17:10 AM,,
10/2/2026,10:17:11 AM,,
10/2/2026,10:17:12 AM,,
10/2/2026,10:17:13 AM,,
10/2/2026,10:17:14 AM,,
10/2/2026,10:17:15 AM,,
10/2/2026,10:17:16 AM,,
10/2/2026,10:17:17 AM,,
10/2/2026,10:17:18 AM,,
10/2/2026,10:17:19 AM,,
10/2/2026,10:17:20 AM,,
10/2/2026,10:17:21 AM,,
10/2/2026,10:17:22 AM,,
10/2/2026,10:17:23 AM,99,57
10/2/2026,10:17:24 AM,99,57
10/2/2026,10:17:25 AM,99,57
10/2/2026,10:17:26 AM,99,57
10/2/2026,10:17:27 AM,99,57
10/2/2026,10:17:28 AM,99,57
10/2/2026,10:17:29 AM,99,58
10/2/2026,10:17:30 AM,99,58
10/2/2026,10:17:31 AM,99,58
10/2/2026,10:17:32 AM,99,58
10/2/2026,10:17:33 AM,99,58
10/2/2026,10:17:34 AM,99,58
10/2/2026,10:17:35 AM,99,58
10/2/2026,10:17:36 AM,99,58
10/2/2026,10:17:37 AM,99,58
10/2/2026,10:17:38 AM,99,59
10/2/2026,10:17:39 AM,99,59
10/2/2026,10:17:40 AM,99,59
10/2/2026,10:17:41 AM,99,59
10/2/2026,10:17:42 AM,99,59
10/2/2026,10:17:43 AM,99,59
10/2/2026,10:17:44 AM,99,59
10/2/2026,10:17:45 AM,99,59
10/2/2026,10:17:46 AM,99,59
10/2/2026,10:17:47 AM,99,59
10/2/2026,10:17:48 AM,99,59
10/2/2026,10:17:49 AM,99,59
10/2/2026,10:17:50 AM,99,59
10/2/2026,10:17:51 AM,99,59
10/2/2026,10:17:52 AM,99,59
10/2/2026,10:17:53 AM,99,59
10/2/2026,10:17:54 AM,99,59
10/2/2026,10:17:55 AM,99,59
10/2/2026,10:17:56 AM,99,59
10/2/2026,10:17:57 AM,99,59
10/2/2026,10:17:58 AM,99,59
10/2/2026,10:17:59 AM,99,59
10/2/2026,10:18:00 AM,99,59
10/2/2026,10:18:01 AM,99,59
10/2/2026,10:18:02 AM,99,59
10/2/2026,10:18:03 AM,99,59
10/2/2026,10:18:04 AM,99,59
10/2/2026,10:18:05 AM,99,59
10/2/2026,10:18:06 AM,99,59
10/2/2026,10:18:07 AM,99,59
10/2/2026,10:18:08 AM,99,59
10/2/2026,10:18:09 AM,99,59
10/2/2026,10:18:10 AM,99,59
10/2/2026,10:18:11 AM,99,59
10/2/2026,10:18:12 AM,99,59
10/2/2026,10:18:13 AM,99,59
10/2/2026,10:18:14 AM,99,59
10/2/2026,10:18:15 AM,99,59
10/2/2026,10:18:16 AM,99,59
10/2/2026,10:18:17 AM,99,59
10/2/2026,10:18:18 AM,99,59
10/2/2026,10:18:19 AM,99,59
10/2/2026,10:18:20 AM,99,59
10/2/2026,10:18:21 AM,99,59
10/2/2026,10:18:22 AM,99,59
10/2/2026,10:18:23 AM,99,58
10/2/2026,10:18:24 AM,99,58
10/2/2026,10:18:25 AM,99,58
10/2/2026,10:18:26 AM,99,58
10/2/2026,10:18:27 AM,99,58
10/2/2026,10:18:28 AM,99,58
10/2/2026,10:18:29 AM,99,58
10/2/2026,10:18:30 AM,99,58
10/2/2026,10:18:31 AM,99,57
10/2/2026,10:18:32 AM,99,57
10/2/2026,10:18:33 AM,99,57
10/2/2026,10:18:34 AM,99,56
10/2/2026,10:18:35 AM,99,56
10/2/2026,10:18:36 AM,99,56
10/2/2026,10:18:37 AM,99,56
10/2/2026,10:18:38 AM,99,56
10/2/2026,10:18:39 AM,99,56
10/2/2026,10:18:40 AM,99,56
10/2/2026,10:18:41 AM,99,56
10/2/2026,10:18:42 AM,99,55
10/2/2026,10:18:43 AM,99,55
10/2/2026,10:18:44 AM,99,54
10/2/2026,10:18:45 AM,99,54
10/2/2026,10:18:46 AM,99,53
10/2/2026,10:18:47 AM,99,53
10/2/2026,10:18:48 AM,99,53
10/2/2026,10:18:49 AM,99,53
10/2/2026,10:18:50 AM,99,53
10/2/2026,10:18:51 AM,99,53
10/2/2026,10:18:52 AM,99,53
10/2/2026,10:18:53 AM,99,52
10/2/2026,10:18:54 AM,99,52
10/2/2026,10:18:55 AM,99,52
10/2/2026,10:18:56 AM,99,52
10/2/2026,10:18:57 AM,99,53
10/2/2026,10:18:58 AM,99,53
10/2/2026,10:18:59 AM,99,53
10/2/2026,10:19:00 AM,99,53
10/2/2026,10:19:01 AM,99,53
10/2/2026,10:19:02 AM,99,53
10/2/2026,10:19:03 AM,99,53
10/2/2026,10:19:04 AM,99,53
10/2/2026,10:19:05 AM,99,53
10/2/2026,10:19:06 AM,99,53
10/2/2026,10:19:07 AM,99,53
10/2/2026,10:19:08 AM,99,54
10/2/2026,10:19:09 AM,99,54
10/2/2026,10:19:10 AM,99,54
10/2/2026,10:19:11 AM,99,54
10/2/2026,10:19:12 AM,99,54
10/2/2026,10:19:13 AM,99,54
10/2/2026,10:19:14 AM,99,54
10/2/2026,10:19:15 AM,99,55
10/2/2026,10:19:16 AM,99,55
10/2/2026,10:19:17 AM,99,55
10/2/2026,10:19:18 AM,99,55
10/2/2026,10:19:19 AM,99,55
10/2/2026,10:19:20 AM,99,55
10/2/2026,10:19:21 AM,99,55
10/2/2026,10:19:22 AM,99,55
10/2/2026,10:19:23 AM,99,55
10/2/2026,10:19:24 AM,99,55
10/2/2026,10:19:25 AM,99,55
10/2/2026,10:19:26 AM,99,56
10/2/2026,10:19:27 AM,99,56
10/2/2026,10:19:28 AM,99,56
10/2/2026,10:19:29 AM,99,56
10/2/2026,10:19:30 AM,99,56
10/2/2026,10:19:31 AM,99,56
10/2/2026,10:19:32 AM,99,56
10/2/2026,10:19:33 AM,99,56
10/2/2026,10:19:34 AM,99,56
10/2/2026,10:19:35 AM,99,56
10/2/2026,10:19:36 AM,99,56
10/2/2026,10:19:37 AM,99,56
10/2/2026,10:19:38 AM,99,56
10/2/2026,10:19:39 AM,99,56
10/2/2026,10:19:40 AM,99,56
10/2/2026,10:19:41 AM,99,56
10/2/2026,10:19:42 AM,99,56
10/2/2026,10:19:43 AM,99,56
10/2/2026,10:19:44 AM,99,56
10/2/2026,10:19:45 AM,99,56
10/2/2026,10:19:46 AM,99,56
10/2/2026,10:19:47 AM,99,56
10/2/2026,10:19:48 AM,99,56
10/2/2026,10:19:49 AM,99,56
10/2/2026,10:19:50 AM,99,56
10/2/2026,10:19:51 AM,99,56
10/2/2026,10:19:52 AM,99,56
10/2/2026,10:19:53 AM,99,56
10/2/2026,10:19:54 AM,99,56
10/2/2026,10:19:55 AM,99,56
10/2/2026,10:19:56 AM,99,56
10/2/2026,10:19:57 AM,99,56
10/2/2026,10:19:58 AM,99,56
10/2/2026,10:19:59 AM,99,56
10/2/2026,10:20:00 AM,99,56
10/2/2026,10:20:01 AM,99,56
10/2/2026,10:20:02 AM,99,56
10/2/2026,10:20:03 AM,99,56
10/2/2026,10:20:04 AM,99,56
10/2/2026,10:20:05 AM,99,56
10/2/2026,10:20:06 AM,99,56
10/2/2026,10:20:07 AM,99,56
10/2/2026,10:20:08 AM,99,56
10/2/2026,10:20:09 AM,99,56
10/2/2026,10:20:10 AM,99,56
10/2/2026,10:20:11 AM,99,56
10/2/2026,10:20:12 AM,99,56
10/2/2026,10:20:13 AM,99,56
10/2/2026,10:20:14 AM,99,56
10/2/2026,10:20:15 AM,99,56
10/2/2026,10:20:16 AM,99,56
10/2/2026,10:20:17 AM,99,56
10/2/2026,10:20:18 AM,99,56
10/2/2026,10:20:19 AM,99,56
10/2/2026,10:20:20 AM,99,57
10/2/2026,10:20:21 AM,99,57
10/2/2026,10:20:22 AM,99,57
10/2/2026,10:20:23 AM,99,57
10/2/2026,10:20:24 AM,99,57
10/2/2026,10:20:25 AM,99,57
10/2/2026,10:20:26 AM,99,57
10/2/2026,10:20:27 AM,99,57
10/2/2026,10:20:28 AM,99,57
10/2/2026,10:20:29 AM,99,57
10/2/2026,10:20:30 AM,99,57
10/2/2026,10:20:31 AM,99,57
10/2/2026,10:20:32 AM,99,57
10/2/2026,10:20:33 AM,99,57
10/2/2026,10:20:34 AM,99,57
10/2/2026,10:20:35 AM,99,57
10/2/2026,10:20:36 AM,99,57
10/2/2026,10:20:37 AM,99,57
10/2/2026,10:20:38 AM,99,57
10/2/2026,10:20:39 AM,99,57
10/2/2026,10:20:40 AM,99,57
10/2/2026,10:20:41 AM,99,57
10/2/2026,10:20:42 AM,99,57
10/2/2026,10:20:43 AM,99,57
10/2/2026,10:20:44 AM,99,57
10/2/2026,10:20:45 AM,99,57
10/2/2026,10:20:46 AM,99,57
10/2/2026,10:20:47 AM,99,57
10/2/2026,10:20:48 AM,99,57
10/2/2026,10:20:49 AM,99,57
10/2/2026,10:20:50 AM,99,57
10/2/2026,10:20:51 AM,99,57
10/2/2026,10:20:52 AM,99,57
10/2/2026,10:20:53 AM,99,57
10/2/2026,10:20:54 AM,99,57
10/2/2026,10:20:55 AM,99,57
10/2/2026,10:20:56 AM,99,57
10/2/2026,10:20:57 AM,99,57
10/2/2026,10:20:58 AM,99,57
10/2/2026,10:20:59 AM,99,56
10/2/2026,10:21:00 AM,99,56
10/2/2026,10:21:01 AM,99,56
10/2/2026,10:21:02 AM,99,56
10/2/2026,10:21:03 AM,99,56
10/2/2026,10:21:04 AM,99,56
10/2/2026,10:21:05 AM,99,56
10/2/2026,10:21:06 AM,99,56
10/2/2026,10:21:07 AM,99,56
10/2/2026,10:21:08 AM,99,55
10/2/2026,10:21:09 AM,99,55
10/2/2026,10:21:10 AM,99,55
10/2/2026,10:21:11 AM,99,55
10/2/2026,10:21:12 AM,99,55
10/2/2026,10:21:13 AM,99,55
10/2/2026,10:21:14 AM,99,55
10/2/2026,10:21:15 AM,99,55
10/2/2026,10:21:16 AM,99,55
10/2/2026,10:21:17 AM,99,55
10/2/2026,10:21:18 AM,99,55
10/2/2026,10:21:19 AM,99,55
10/2/2026,10:21:20 AM,99,55
10/2/2026,10:21:21 AM,99,55
10/2/2026,10:21:22 AM,99,55
10/2/2026,10:21:23 AM,99,55
10/2/2026,10:21:24 AM,99,55
10/2/2026,10:21:25 AM,99,55
10/2/2026,10:21:26 AM,99,55
10/2/2026,10:21:27 AM,99,56
10/2/2026,10:21:28 AM,99,56
10/2/2026,10:21:29 AM,99,56
10/2/2026,10:21:30 AM,99,56
10/2/2026,10:21:31 AM,99,56
10/2/2026,10:21:32 AM,99,56
10/2/2026,10:21:33 AM,99,57
10/2/2026,10:21:34 AM,99,57
10/2/2026,10:21:35 AM,99,57
10/2/2026,10:21:36 AM,99,57
10/2/2026,10:21:37 AM,99,57
10/2/2026,10:21:38 AM,99,58
10/2/2026,10:21:39 AM,99,58
10/2/2026,10:21:40 AM,99,58
10/2/2026,10:21:41 AM,99,58
10/2/2026,10:21:42 AM,99,58
10/2/2026,10:21:43 AM,99,58
10/2/2026,10:21:44 AM,99,58
10/2/2026,10:21:45 AM,99,58
10/2/2026,10:21:46 AM,99,58
10/2/2026,10:21:47 AM,99,58
10/2/2026,10:21:48 AM,99,58
10/2/2026,10:21:49 AM,99,58
10/2/2026,10:21:50 AM,99,58
10/2/2026,10:21:51 AM,99,59
10/2/2026,10:21:52 AM,99,59
10/2/2026,10:21:53 AM,99,59
10/2/2026,10:21:54 AM,99,59
10/2/2026,10:21:55 AM,99,59
10/2/2026,10:21:56 AM,99,59
10/2/2026,10:21:57 AM,99,59
10/2/2026,10:21:58 AM,99,59
10/2/2026,10:21:59 AM,99,59
10/2/2026,10:22:00 AM,99,59
10/2/2026,10:22:01 AM,99,59
10/2/2026,10:22:02 AM,99,59
10/2/2026,10:22:03 AM,99,59
10/2/2026,10:22:04 AM,99,59
10/2/2026,10:22:05 AM,99,59
10/2/2026,10:22:06 AM,99,59
10/2/2026,10:22:07 AM,99,59
10/2/2026,10:22:08 AM,99,59
10/2/2026,10:22:09 AM,99,59
10/2/2026,10:22:10 AM,99,59
10/2/2026,10:22:11 AM,99,59
10/2/2026,10:22:12 AM,99,59
10/2/2026,10:22:13 AM,99,59
10/2/2026,10:22:14 AM,99,59
10/2/2026,10:22:15 AM,99,59
10/2/2026,10:22:16 AM,99,59
10/2/2026,10:22:17 AM,99,59
10/2/2026,10:22:18 AM,99,59
10/2/2026,10:22:19 AM,99,59
10/2/2026,10:22:20 AM,99,59
10/2/2026,10:22:21 AM,99,59
10/2/2026,10:22:22 AM,99,59
10/2/2026,10:22:23 AM,99,59
10/2/2026,10:22:24 AM,99,59
10/2/2026,10:22:25 AM,99,59
10/2/2026,10:22:26 AM,99,60
10/2/2026,10:22:27 AM,99,61
10/2/2026,10:22:28 AM,99,61
10/2/2026,10:22:29 AM,99,61
10/2/2026,10:22:30 AM,99,61
10/2/2026,10:22:31 AM,99,61
10/2/2026,10:22:32 AM,99,62
10/2/2026,10:22:33 AM,99,62
10/2/2026,10:22:34 AM,99,64
10/2/2026,10:22:35 AM,99,64
10/2/2026,10:22:36 AM,99,64
10/2/2026,10:22:37 AM,99,64
10/2/2026,10:22:38 AM,99,64
10/2/2026,10:22:39 AM,99,64
10/2/2026,10:22:40 AM,99,64
10/2/2026,10:22:41 AM,99,64
10/2/2026,10:22:42 AM,99,64
10/2/2026,10:22:43 AM,99,64
10/2/2026,10:22:44 AM,99,64
10/2/2026,10:22:45 AM,99,64
10/2/2026,10:22:46 AM,99,64
10/2/2026,10:22:47 AM,99,64
10/2/2026,10:22:48 AM,99,64
10/2/2026,10:22:49 AM,99,64
10/2/2026,10:22:50 AM,99,64
10/2/2026,10:22:51 AM,99,64
10/2/2026,10:22:52 AM,99,64
10/2/2026,10:22:53 AM,99,64
10/2/2026,10:22:54 AM,99,64
10/2/2026,10:22:55 AM,99,64
10/2/2026,10:22:56 AM,99,64
10/2/2026,10:22:57 AM,99,64
10/2/2026,10:22:58 AM,99,64
10/2/2026,10:22:59 AM,99,64
10/2/2026,10:23:00 AM,99,64
10/2/2026,10:23:01 AM,99,63
10/2/2026,10:23:02 AM,99,63
10/2/2026,10:23:03 AM,99,62
10/2/2026,10:23:04 AM,99,61
10/2/2026,10:23:05 AM,99,61
10/2/2026,10:23:06 AM,99,61
10/2/2026,10:23:07 AM,99,61
10/2/2026,10:23:08 AM,99,61
10/2/2026,10:23:09 AM,99,61
10/2/2026,10:23:10 AM,99,61
10/2/2026,10:23:11 AM,99,61
10/2/2026,10:23:12 AM,99,61
10/2/2026,10:23:13 AM,,
10/2/2026,10:23:14 AM,,
10/2/2026,10:23:15 AM,,
10/2/2026,10:23:16 AM,,
10/2/2026,10:23:17 AM,,
10/2/2026,10:23:18 AM,,
10/2/2026,10:23:19 AM,,
10/2/2026,10:23:20 AM,,
10/2/2026,10:23:21 AM,,
10/2/2026,10:23:22 AM,,
10/2/2026,10:23:23 AM,,
10/2/2026,10:23:24 AM,,
10/2/2026,10:23:25 AM,,
10/2/2026,10:23:26 AM,,
10/2/2026,10:23:27 AM,,
10/2/2026,10:23:28 AM,,
10/2/2026,10:23:29 AM,,
10/2/2026,10:23:30 AM,,
10/2/2026,10:23:31 AM,,
10/2/2026,10:23:32 AM,,
10/2/2026,10:23:33 AM,,
10/2/2026,10:23:34 AM,,
10/2/2026,10:23:35 AM,,
10/2/2026,10:23:36 AM,,
10/2/2026,10:23:37 AM,,
10/2/2026,10:23:38 AM,,
10/2/2026,10:23:39 AM,,
10/2/2026,10:23:40 AM,,
10/2/2026,10:23:41 AM,97,61
10/2/2026,10:23:42 AM,97,61
10/2/2026,10:23:43 AM,97,60
10/2/2026,10:23:44 AM,96,60
10/2/2026,10:23:45 AM,96,60
10/2/2026,10:23:46 AM,96,60
10/2/2026,10:23:47 AM,96,60
10/2/2026,10:23:48 AM,96,60
10/2/2026,10:23:49 AM,96,60
10/2/2026,10:23:50 AM,96,60
10/2/2026,10:23:51 AM,96,60
10/2/2026,10:23:52 AM,96,60
10/2/2026,10:23:53 AM,96,60
10/2/2026,10:23:54 AM,96,59
10/2/2026,10:23:55 AM,96,58
10/2/2026,10:23:56 AM,96,58
10/2/2026,10:23:57 AM,96,57
10/2/2026,10:23:58 AM,96,57
10/2/2026,10:23:59 AM,97,56
10/2/2026,10:24:00 AM,97,56
10/2/2026,10:24:01 AM,97,56
10/2/2026,10:24:02 AM,97,57
10/2/2026,10:24:03 AM,97,57
10/2/2026,10:24:04 AM,97,58
10/2/2026,10:24:05 AM,97,59
10/2/2026,10:24:06 AM,97,59
10/2/2026,10:24:07 AM,97,59
10/2/2026,10:24:08 AM,96,59
10/2/2026,10:24:09 AM,96,59
10/2/2026,10:24:10 AM,96,59
10/2/2026,10:24:11 AM,96,59
10/2/2026,10:24:12 AM,96,59
10/2/2026,10:24:13 AM,96,59
10/2/2026,10:24:14 AM,96,58
10/2/2026,10:24:15 AM,96,57
10/2/2026,10:24:16 AM,96,56
10/2/2026,10:24:17 AM,96,56
10/2/2026,10:24:18 AM,96,56
10/2/2026,10:24:19 AM,96,55
10/2/2026,10:24:20 AM,96,54
10/2/2026,10:24:21 AM,96,53
10/2/2026,10:24:22 AM,96,53
10/2/2026,10:24:23 AM,96,53
10/2/2026,10:24:24 AM,96,53
10/2/2026,10:24:25 AM,96,53
10/2/2026,10:24:26 AM,96,53
10/2/2026,10:24:27 AM,96,53
10/2/2026,10:24:28 AM,96,53
10/2/2026,10:24:29 AM,97,53
10/2/2026,10:24:30 AM,97,53
10/2/2026,10:24:31 AM,97,53
10/2/2026,10:24:32 AM,97,53
10/2/2026,10:24:33 AM,97,53
10/2/2026,10:24:34 AM,97,53
10/2/2026,10:24:35 AM,97,53
10/2/2026,10:24:36 AM,97,53
10/2/2026,10:24:37 AM,97,53
10/2/2026,10:24:38 AM,97,53
10/2/2026,10:24:39 AM,97,53
10/2/2026,10:24:40 AM,97,53
10/2/2026,10:24:41 AM,97,53
10/2/2026,10:24:42 AM,97,53
10/2/2026,10:24:43 AM,97,52
10/2/2026,10:24:44 AM,97,52
10/2/2026,10:24:45 AM,97,53
10/2/2026,10:24:46 AM,97,53
10/2/2026,10:24:47 AM,97,53
10/2/2026,10:24:48 AM,97,53
10/2/2026,10:24:49 AM,97,53
10/2/2026,10:24:50 AM,97,54
10/2/2026,10:24:51 AM,97,54
10/2/2026,10:24:52 AM,97,54
10/2/2026,10:24:53 AM,97,55
10/2/2026,10:24:54 AM,97,56
10/2/2026,10:24:55 AM,97,56
10/2/2026,10:24:56 AM,97,56
10/2/2026,10:24:57 AM,97,57
10/2/2026,10:24:58 AM,97,57
10/2/2026,10:24:59 AM,97,58
10/2/2026,10:25:00 AM,97,59
10/2/2026,10:25:01 AM,97,60
10/2/2026,10:25:02 AM,97,61
10/2/2026,10:25:03 AM,97,61
10/2/2026,10:25:04 AM,97,61
10/2/2026,10:25:05 AM,97,61
10/2/2026,10:25:06 AM,97,61
10/2/2026,10:25:07 AM,97,61
10/2/2026,10:25:08 AM,97,61
10/2/2026,10:25:09 AM,97,61
10/2/2026,10:25:10 AM,97,61
10/2/2026,10:25:11 AM,97,61
10/2/2026,10:25:12 AM,97,61
10/2/2026,10:25:13 AM,97,61
10/2/2026,10:25:14 AM,97,60
10/2/2026,10:25:15 AM,97,59
10/2/2026,10:25:16 AM,97,58
10/2/2026,10:25:17 AM,97,57
10/2/2026,10:25:18 AM,97,57
10/2/2026,10:25:19 AM,97,57
10/2/2026,10:25:20 AM,97,57
10/2/2026,10:25:21 AM,96,56
10/2/2026,10:25:22 AM,96,56
10/2/2026,10:25:23 AM,96,56
10/2/2026,10:25:24 AM,96,56
10/2/2026,10:25:25 AM,97,55
10/2/2026,10:25:26 AM,97,55
10/2/2026,10:25:27 AM,97,54
10/2/2026,10:25:28 AM,97,54
10/2/2026,10:25:29 AM,97,55
10/2/2026,10:25:30 AM,97,55
10/2/2026,10:25:31 AM,98,55
10/2/2026,10:25:32 AM,98,55
10/2/2026,10:25:33 AM,98,55
10/2/2026,10:25:34 AM,98,55
10/2/2026,10:25:35 AM,98,55
10/2/2026,10:25:36 AM,98,55
10/2/2026,10:25:37 AM,98,55
10/2/2026,10:25:38 AM,98,55
10/2/2026,10:25:39 AM,98,55
10/2/2026,10:25:40 AM,98,55
10/2/2026,10:25:41 AM,98,55
10/2/2026,10:25:42 AM,98,55
10/2/2026,10:25:43 AM,98,55
10/2/2026,10:25:44 AM,98,55
10/2/2026,10:25:45 AM,98,55
10/2/2026,10:25:46 AM,98,55
10/2/2026,10:25:47 AM,98,55
10/2/2026,10:25:48 AM,98,54
10/2/2026,10:25:49 AM,98,54
10/2/2026,10:25:50 AM,97,54
10/2/2026,10:25:51 AM,97,54
10/2/2026,10:25:52 AM,97,54
10/2/2026,10:25:53 AM,97,54
10/2/2026,10:25:54 AM,96,54
10/2/2026,10:25:55 AM,96,54
10/2/2026,10:25:56 AM,96,54
10/2/2026,10:25:57 AM,96,54
10/2/2026,10:25:58 AM,96,55
10/2/2026,10:25:59 AM,96,55
10/2/2026,10:26:00 AM,96,55
10/2/2026,10:26:01 AM,96,55
10/2/2026,10:26:02 AM,97,55
10/2/2026,10:26:03 AM,97,56
10/2/2026,10:26:04 AM,97,56
10/2/2026,10:26:05 AM,97,56
10/2/2026,10:26:06 AM,97,56
10/2/2026,10:26:07 AM,97,56
10/2/2026,10:26:08 AM,97,57
10/2/2026,10:26:09 AM,98,57
10/2/2026,10:26:10 AM,98,57
10/2/2026,10:26:11 AM,98,58
10/2/2026,10:26:12 AM,98,58
10/2/2026,10:26:13 AM,98,58
10/2/2026,10:26:14 AM,98,58
10/2/2026,10:26:15 AM,98,58
10/2/2026,10:26:16 AM,98,58
10/2/2026,10:26:17 AM,98,58
10/2/2026,10:26:18 AM,98,59
10/2/2026,10:26:19 AM,98,59
10/2/2026,10:26:20 AM,98,60
10/2/2026,10:26:21 AM,98,60
10/2/2026,10:26:22 AM,98,60
10/2/2026,10:26:23 AM,98,60
10/2/2026,10:26:24 AM,98,61
10/2/2026,10:26:25 AM,98,61
10/2/2026,10:26:26 AM,98,61
10/2/2026,10:26:27 AM,98,61
10/2/2026,10:26:28 AM,98,61
10/2/2026,10:26:29 AM,98,61
10/2/2026,10:26:30 AM,98,61
10/2/2026,10:26:31 AM,98,60
10/2/2026,10:26:32 AM,98,59
10/2/2026,10:26:33 AM,98,59
10/2/2026,10:26:34 AM,98,59
10/2/2026,10:26:35 AM,98,59
10/2/2026,10:26:36 AM,98,58
10/2/2026,10:26:37 AM,98,57
10/2/2026,10:26:38 AM,98,57
10/2/2026,10:26:39 AM,98,56
10/2/2026,10:26:40 AM,98,56
10/2/2026,10:26:41 AM,98,56
10/2/2026,10:26:42 AM,98,56
10/2/2026,10:26:43 AM,98,55
10/2/2026,10:26:44 AM,98,54
10/2/2026,10:26:45 AM,98,54
10/2/2026,10:26:46 AM,98,54
10/2/2026,10:26:47 AM,98,54
10/2/2026,10:26:48 AM,98,54
10/2/2026,10:26:49 AM,98,54
10/2/2026,10:26:50 AM,98,54
10/2/2026,10:26:51 AM,98,54
10/2/2026,10:26:52 AM,98,54
10/2/2026,10:26:53 AM,98,54
10/2/2026,10:26:54 AM,98,54
10/2/2026,10:26:55 AM,98,54
10/2/2026,10:26:56 AM,98,54
10/2/2026,10:26:57 AM,98,55
10/2/2026,10:26:58 AM,98,55
10/2/2026,10:26:59 AM,98,55
10/2/2026,10:27:00 AM,98,55
10/2/2026,10:27:01 AM,98,55
10/2/2026,10:27:02 AM,98,55
10/2/2026,10:27:03 AM,98,55
10/2/2026,10:27:04 AM,98,55
10/2/2026,10:27:05 AM,98,55
10/2/2026,10:27:06 AM,98,55
10/2/2026,10:27:07 AM,98,55
10/2/2026,10:27:08 AM,98,55
10/2/2026,10:27:09 AM,98,56
10/2/2026,10:27:10 AM,98,55
10/2/2026,10:27:11 AM,98,56
10/2/2026,10:27:12 AM,98,56
10/2/2026,10:27:13 AM,98,56
10/2/2026,10:27:14 AM,98,56
10/2/2026,10:27:15 AM,98,56
10/2/2026,10:27:16 AM,98,56
10/2/2026,10:27:17 AM,98,56
10/2/2026,10:27:18 AM,98,56
10/2/2026,10:27:19 AM,98,56
10/2/2026,10:27:20 AM,98,56
10/2/2026,10:27:21 AM,98,56
10/2/2026,10:27:22 AM,98,56
10/2/2026,10:27:23 AM,98,56
10/2/2026,10:27:24 AM,98,56
10/2/2026,10:27:25 AM,98,56
10/2/2026,10:27:26 AM,97,56
10/2/2026,10:27:27 AM,97,56
10/2/2026,10:27:28 AM,97,56
10/2/2026,10:27:29 AM,97,56
10/2/2026,10:27:30 AM,97,56
10/2/2026,10:27:31 AM,96,56
10/2/2026,10:27:32 AM,96,56
10/2/2026,10:27:33 AM,96,56
10/2/2026,10:27:34 AM,96,57
10/2/2026,10:27:35 AM,96,57
10/2/2026,10:27:36 AM,96,57
10/2/2026,10:27:37 AM,96,57
10/2/2026,10:27:38 AM,96,58
10/2/2026,10:27:39 AM,96,58
10/2/2026,10:27:40 AM,96,58
10/2/2026,10:27:41 AM,96,58
10/2/2026,10:27:42 AM,96,58
10/2/2026,10:27:43 AM,96,58
10/2/2026,10:27:44 AM,96,58
10/2/2026,10:27:45 AM,96,58
10/2/2026,10:27:46 AM,97,58
10/2/2026,10:27:47 AM,97,58
10/2/2026,10:27:48 AM,97,59
10/2/2026,10:27:49 AM,97,59
10/2/2026,10:27:50 AM,97,59
10/2/2026,10:27:51 AM,97,59
10/2/2026,10:27:52 AM,97,59
10/2/2026,10:27:53 AM,97,59
10/2/2026,10:27:54 AM,97,59
10/2/2026,10:27:55 AM,97,59
10/2/2026,10:27:56 AM,97,59
10/2/2026,10:27:57 AM,97,59
10/2/2026,10:27:58 AM,97,59
10/2/2026,10:27:59 AM,97,59
10/2/2026,10:28:00 AM,97,59
10/2/2026,10:28:01 AM,97,59
10/2/2026,10:28:02 AM,97,59
10/2/2026,10:28:03 AM,97,59
10/2/2026,10:28:04 AM,97,60
10/2/2026,10:28:05 AM,97,62
10/2/2026,10:28:06 AM,97,64
10/2/2026,10:28:07 AM,97,65
10/2/2026,10:28:08 AM,98,65
10/2/2026,10:28:09 AM,98,65
10/2/2026,10:28:10 AM,98,66
10/2/2026,10:28:11 AM,98,66
10/2/2026,10:28:12 AM,98,66
10/2/2026,10:28:13 AM,98,66
10/2/2026,10:28:14 AM,98,66
10/2/2026,10:28:15 AM,98,66
10/2/2026,10:28:16 AM,98,66
10/2/2026,10:28:17 AM,98,65
10/2/2026,10:28:18 AM,98,64
10/2/2026,10:28:19 AM,98,63
10/2/2026,10:28:20 AM,98,63
10/2/2026,10:28:21 AM,98,62
10/2/2026,10:28:22 AM,98,62
10/2/2026,10:28:23 AM,99,62
10/2/2026,10:28:24 AM,99,62
10/2/2026,10:28:25 AM,99,62
10/2/2026,10:28:26 AM,99,62
10/2/2026,10:28:27 AM,99,62
10/2/2026,10:28:28 AM,99,61
10/2/2026,10:28:29 AM,99,60
10/2/2026,10:28:30 AM,99,60
10/2/2026,10:28:31 AM,99,60
10/2/2026,10:28:32 AM,99,60
10/2/2026,10:28:33 AM,99,60
10/2/2026,10:28:34 AM,99,60
10/2/2026,10:28:35 AM,99,60
10/2/2026,10:28:36 AM,99,59
10/2/2026,10:28:37 AM,99,59
10/2/2026,10:28:38 AM,99,58
10/2/2026,10:28:39 AM,99,58
10/2/2026,10:28:40 AM,99,58
10/2/2026,10:28:41 AM,99,58
10/2/2026,10:28:42 AM,99,58
10/2/2026,10:28:43 AM,98,58
10/2/2026,10:28:44 AM,98,58
10/2/2026,10:28:45 AM,98,58
10/2/2026,10:28:46 AM,98,58
10/2/2026,10:28:47 AM,97,57
10/2/2026,10:28:48 AM,97,57
10/2/2026,10:28:49 AM,97,57
10/2/2026,10:28:50 AM,96,57
10/2/2026,10:28:51 AM,96,57
10/2/2026,10:28:52 AM,96,57
10/2/2026,10:28:53 AM,96,57
10/2/2026,10:28:54 AM,96,57
10/2/2026,10:28:55 AM,96,57
10/2/2026,10:28:56 AM,96,57
10/2/2026,10:28:57 AM,97,57
10/2/2026,10:28:58 AM,97,57
10/2/2026,10:28:59 AM,97,57
10/2/2026,10:29:00 AM,98,57
10/2/2026,10:29:01 AM,98,56
10/2/2026,10:29:02 AM,98,56
10/2/2026,10:29:03 AM,98,56
10/2/2026,10:29:04 AM,98,55
10/2/2026,10:29:05 AM,98,55
10/2/2026,10:29:06 AM,98,55
10/2/2026,10:29:07 AM,98,55
10/2/2026,10:29:08 AM,98,55
10/2/2026,10:29:09 AM,98,55
10/2/2026,10:29:10 AM,98,55
10/2/2026,10:29:11 AM,98,55
10/2/2026,10:29:12 AM,99,55
10/2/2026,10:29:13 AM,99,55
10/2/2026,10:29:14 AM,99,55
10/2/2026,10:29:15 AM,99,55
10/2/2026,10:29:16 AM,99,55
10/2/2026,10:29:17 AM,99,56
10/2/2026,10:29:18 AM,99,56
10/2/2026,10:29:19 AM,99,56
10/2/2026,10:29:20 AM,99,56
10/2/2026,10:29:21 AM,99,56
10/2/2026,10:29:22 AM,99,56
10/2/2026,10:29:23 AM,99,56
10/2/2026,10:29:24 AM,99,56
10/2/2026,10:29:25 AM,98,56
10/2/2026,10:29:26 AM,98,56
10/2/2026,10:29:27 AM,98,56
10/2/2026,10:29:28 AM,98,56
10/2/2026,10:29:29 AM,98,56
10/2/2026,10:29:30 AM,98,56
10/2/2026,10:29:31 AM,98,56
10/2/2026,10:29:32 AM,98,56
10/2/2026,10:29:33 AM,98,57
10/2/2026,10:29:34 AM,98,57
10/2/2026,10:29:35 AM,99,57
10/2/2026,10:29:36 AM,99,57
10/2/2026,10:29:37 AM,99,58
10/2/2026,10:29:38 AM,99,58
10/2/2026,10:29:39 AM,99,58
10/2/2026,10:29:40 AM,99,58
10/2/2026,10:29:41 AM,99,58
10/2/2026,10:29:42 AM,99,59
10/2/2026,10:29:43 AM,99,59
10/2/2026,10:29:44 AM,99,59
10/2/2026,10:29:45 AM,99,59
10/2/2026,10:29:46 AM,99,59
10/2/2026,10:29:47 AM,99,59
10/2/2026,10:29:48 AM,99,59
10/2/2026,10:29:49 AM,99,59
10/2/2026,10:29:50 AM,99,59
10/2/2026,10:29:51 AM,99,59
10/2/2026,10:29:52 AM,99,59
10/2/2026,10:29:53 AM,99,59
10/2/2026,10:29:54 AM,99,59
10/2/2026,10:29:55 AM,99,60
10/2/2026,10:29:56 AM,99,60
10/2/2026,10:29:57 AM,99,60
10/2/2026,10:29:58 AM,99,60
10/2/2026,10:29:59 AM,99,60
10/2/2026,10:30:00 AM,99,60
10/2/2026,10:30:01 AM,99,61
10/2/2026,10:30:02 AM,98,61
10/2/2026,10:30:03 AM,99,61
10/2/2026,10:30:04 AM,99,61
10/2/2026,10:30:05 AM,99,61
10/2/2026,10:30:06 AM,99,61
10/2/2026,10:30:07 AM,99,61
10/2/2026,10:30:08 AM,99,61
10/2/2026,10:30:09 AM,99,61
10/2/2026,10:30:10 AM,99,61
10/2/2026,10:30:11 AM,99,61
10/2/2026,10:30:12 AM,99,61
10/2/2026,10:30:13 AM,99,61
10/2/2026,10:30:14 AM,99,61
10/2/2026,10:30:15 AM,99,61
10/2/2026,10:30:16 AM,99,61
10/2/2026,10:30:17 AM,98,61
10/2/2026,10:30:18 AM,98,61
10/2/2026,10:30:19 AM,98,61
10/2/2026,10:30:20 AM,98,62
10/2/2026,10:30:21 AM,98,63
10/2/2026,10:30:22 AM,98,63
10/2/2026,10:30:23 AM,98,63
10/2/2026,10:30:24 AM,97,63
10/2/2026,10:30:25 AM,97,63
10/2/2026,10:30:26 AM,98,63
10/2/2026,10:30:27 AM,97,63
10/2/2026,10:30:28 AM,97,64
10/2/2026,10:30:29 AM,97,64
10/2/2026,10:30:30 AM,97,64
10/2/2026,10:30:31 AM,97,64
10/2/2026,10:30:32 AM,97,64
10/2/2026,10:30:33 AM,97,64
10/2/2026,10:30:34 AM,97,64
10/2/2026,10:30:35 AM,97,64
10/2/2026,10:30:36 AM,97,64
10/2/2026,10:30:37 AM,97,64
10/2/2026,10:30:38 AM,98,64
10/2/2026,10:30:39 AM,98,63
10/2/2026,10:30:40 AM,98,63
10/2/2026,10:30:41 AM,98,61
10/2/2026,10:30:42 AM,98,61
10/2/2026,10:30:43 AM,99,60
10/2/2026,10:30:44 AM,99,60
10/2/2026,10:30:45 AM,99,60
10/2/2026,10:30:46 AM,99,60
10/2/2026,10:30:47 AM,99,59
10/2/2026,10:30:48 AM,99,59
10/2/2026,10:30:49 AM,99,59
10/2/2026,10:30:50 AM,99,59
10/2/2026,10:30:51 AM,99,59
10/2/2026,10:30:52 AM,99,58
10/2/2026,10:30:53 AM,99,58
10/2/2026,10:30:54 AM,99,58
10/2/2026,10:30:55 AM,99,57
10/2/2026,10:30:56 AM,99,57
10/2/2026,10:30:57 AM,98,56
10/2/2026,10:30:58 AM,97,56
10/2/2026,10:30:59 AM,96,55
10/2/2026,10:31:00 AM,96,55
10/2/2026,10:31:01 AM,95,55
10/2/2026,10:31:02 AM,95,55
10/2/2026,10:31:03 AM,95,55
10/2/2026,10:31:04 AM,95,55
10/2/2026,10:31:05 AM,95,55
10/2/2026,10:31:06 AM,95,55
10/2/2026,10:31:07 AM,95,55
10/2/2026,10:31:08 AM,95,55
10/2/2026,10:31:09 AM,95,55
10/2/2026,10:31:10 AM,95,55
10/2/2026,10:31:11 AM,97,55
10/2/2026,10:31:12 AM,98,55
10/2/2026,10:31:13 AM,99,55
10/2/2026,10:31:14 AM,99,55
10/2/2026,10:31:15 AM,99,55
10/2/2026,10:31:16 AM,99,55
10/2/2026,10:31:17 AM,99,55
10/2/2026,10:31:18 AM,99,55
10/2/2026,10:31:19 AM,99,55
10/2/2026,10:31:20 AM,99,55
10/2/2026,10:31:21 AM,99,55
10/2/2026,10:31:22 AM,99,55
10/2/2026,10:31:23 AM,99,55
10/2/2026,10:31:24 AM,99,55
10/2/2026,10:31:25 AM,99,55
10/2/2026,10:31:26 AM,99,55
10/2/2026,10:31:27 AM,99,55
10/2/2026,10:31:28 AM,99,55
10/2/2026,10:31:29 AM,99,55
10/2/2026,10:31:30 AM,99,56
10/2/2026,10:31:31 AM,99,56
10/2/2026,10:31:32 AM,99,57
10/2/2026,10:31:33 AM,99,58
10/2/2026,10:31:34 AM,99,59
10/2/2026,10:31:35 AM,99,60
10/2/2026,10:31:36 AM,99,60
10/2/2026,10:31:37 AM,99,60
10/2/2026,10:31:38 AM,99,61
10/2/2026,10:31:39 AM,99,61
10/2/2026,10:31:40 AM,99,61
10/2/2026,10:31:41 AM,99,61
10/2/2026,10:31:42 AM,99,61
10/2/2026,10:31:43 AM,99,61
10/2/2026,10:31:44 AM,99,61
10/2/2026,10:31:45 AM,99,61
10/2/2026,10:31:46 AM,99,61
10/2/2026,10:31:47 AM,99,61
10/2/2026,10:31:48 AM,99,61
10/2/2026,10:31:49 AM,99,61
10/2/2026,10:31:50 AM,99,60
10/2/2026,10:31:51 AM,99,60
10/2/2026,10:31:52 AM,99,60
10/2/2026,10:31:53 AM,99,60
10/2/2026,10:31:54 AM,99,60
10/2/2026,10:31:55 AM,99,59
10/2/2026,10:31:56 AM,99,58
10/2/2026,10:31:57 AM,99,57
10/2/2026,10:31:58 AM,99,57
10/2/2026,10:31:59 AM,99,57
10/2/2026,10:32:00 AM,99,56
10/2/2026,10:32:01 AM,99,56
10/2/2026,10:32:02 AM,99,56
10/2/2026,10:32:03 AM,99,56
10/2/2026,10:32:04 AM,99,56
10/2/2026,10:32:05 AM,99,56
10/2/2026,10:32:06 AM,99,56
10/2/2026,10:32:07 AM,99,56
10/2/2026,10:32:08 AM,99,57
10/2/2026,10:32:09 AM,99,58
10/2/2026,10:32:10 AM,99,59
10/2/2026,10:32:11 AM,99,60
10/2/2026,10:32:12 AM,99,61
10/2/2026,10:32:13 AM,99,61
10/2/2026,10:32:14 AM,99,62
10/2/2026,10:32:15 AM,99,62
10/2/2026,10:32:16 AM,99,62
10/2/2026,10:32:17 AM,99,62
10/2/2026,10:32:18 AM,99,62
10/2/2026,10:32:19 AM,99,62
10/2/2026,10:32:20 AM,99,62
10/2/2026,10:32:21 AM,99,61
10/2/2026,10:32:22 AM,99,61
10/2/2026,10:32:23 AM,99,60
10/2/2026,10:32:24 AM,99,60
10/2/2026,10:32:25 AM,99,59
10/2/2026,10:32:26 AM,99,59
10/2/2026,10:32:27 AM,99,58
10/2/2026,10:32:28 AM,99,58
10/2/2026,10:32:29 AM,99,58
10/2/2026,10:32:30 AM,99,58
10/2/2026,10:32:31 AM,98,58
10/2/2026,10:32:32 AM,98,58
10/2/2026,10:32:33 AM,98,58
10/2/2026,10:32:34 AM,98,58
10/2/2026,10:32:35 AM,98,58
10/2/2026,10:32:36 AM,98,58
10/2/2026,10:32:37 AM,98,59
10/2/2026,10:32:38 AM,98,59
10/2/2026,10:32:39 AM,98,59
10/2/2026,10:32:40 AM,98,59
10/2/2026,10:32:41 AM,98,59
10/2/2026,10:32:42 AM,98,59
10/2/2026,10:32:43 AM,98,59
10/2/2026,10:32:44 AM,98,59
10/2/2026,10:32:45 AM,98,59
10/2/2026,10:32:46 AM,98,59
10/2/2026,10:32:47 AM,98,59
10/2/2026,10:32:48 AM,98,59
10/2/2026,10:32:49 AM,98,59
10/2/2026,10:32:50 AM,98,58
10/2/2026,10:32:51 AM,98,58
10/2/2026,10:32:52 AM,98,57
10/2/2026,10:32:53 AM,98,57
10/2/2026,10:32:54 AM,98,56
10/2/2026,10:32:55 AM,99,56
10/2/2026,10:32:56 AM,99,56
10/2/2026,10:32:57 AM,99,56
10/2/2026,10:32:58 AM,99,56
10/2/2026,10:32:59 AM,99,56
10/2/2026,10:33:00 AM,99,56
10/2/2026,10:33:01 AM,99,56
10/2/2026,10:33:02 AM,99,56
10/2/2026,10:33:03 AM,99,56
10/2/2026,10:33:04 AM,99,56
10/2/2026,10:33:05 AM,99,56
10/2/2026,10:33:06 AM,99,56
10/2/2026,10:33:07 AM,99,56
10/2/2026,10:33:08 AM,99,56
10/2/2026,10:33:09 AM,99,56
10/2/2026,10:33:10 AM,99,55
10/2/2026,10:33:11 AM,99,55
10/2/2026,10:33:12 AM,99,55
10/2/2026,10:33:13 AM,99,55
10/2/2026,10:33:14 AM,99,55
10/2/2026,10:33:15 AM,99,55
10/2/2026,10:33:16 AM,99,55
10/2/2026,10:33:17 AM,99,55
10/2/2026,10:33:18 AM,99,55
10/2/2026,10:33:19 AM,99,55
10/2/2026,10:33:20 AM,98,55
10/2/2026,10:33:21 AM,98,55
10/2/2026,10:33:22 AM,98,55
10/2/2026,10:33:23 AM,98,55
10/2/2026,10:33:24 AM,98,55
10/2/2026,10:33:25 AM,98,56
10/2/2026,10:33:26 AM,98,56
10/2/2026,10:33:27 AM,97,57
10/2/2026,10:33:28 AM,97,58
10/2/2026,10:33:29 AM,97,59
10/2/2026,10:33:30 AM,97,60
10/2/2026,10:33:31 AM,97,61
10/2/2026,10:33:32 AM,96,61
10/2/2026,10:33:33 AM,96,61
10/2/2026,10:33:34 AM,96,61
10/2/2026,10:33:35 AM,96,62
10/2/2026,10:33:36 AM,96,62
10/2/2026,10:33:37 AM,96,63
10/2/2026,10:33:38 AM,96,63
10/2/2026,10:33:39 AM,96,64
10/2/2026,10:33:40 AM,96,64
10/2/2026,10:33:41 AM,96,64
10/2/2026,10:33:42 AM,96,64
10/2/2026,10:33:43 AM,96,64
10/2/2026,10:33:44 AM,96,64
10/2/2026,10:33:45 AM,96,64
10/2/2026,10:33:46 AM,96,63
10/2/2026,10:33:47 AM,96,63
10/2/2026,10:33:48 AM,96,63
10/2/2026,10:33:49 AM,96,63
10/2/2026,10:33:50 AM,97,62
10/2/2026,10:33:51 AM,97,62
10/2/2026,10:33:52 AM,97,62
10/2/2026,10:33:53 AM,97,62
10/2/2026,10:33:54 AM,97,62
10/2/2026,10:33:55 AM,97,62
10/2/2026,10:33:56 AM,97,62
10/2/2026,10:33:57 AM,98,62
10/2/2026,10:33:58 AM,98,62
10/2/2026,10:33:59 AM,98,62
10/2/2026,10:34:00 AM,98,61
10/2/2026,10:34:01 AM,98,61
10/2/2026,10:34:02 AM,98,60
10/2/2026,10:34:03 AM,98,59
10/2/2026,10:34:04 AM,99,58
10/2/2026,10:34:05 AM,99,58
10/2/2026,10:34:06 AM,99,58
10/2/2026,10:34:07 AM,99,57
10/2/2026,10:34:08 AM,99,56
10/2/2026,10:34:09 AM,99,55
10/2/2026,10:34:10 AM,99,55
10/2/2026,10:34:11 AM,99,55
10/2/2026,10:34:12 AM,99,55
10/2/2026,10:34:13 AM,99,55
10/2/2026,10:34:14 AM,99,55
10/2/2026,10:34:15 AM,99,55
10/2/2026,10:34:16 AM,99,55
10/2/2026,10:34:17 AM,99,55
10/2/2026,10:34:18 AM,99,56
10/2/2026,10:34:19 AM,99,56
10/2/2026,10:34:20 AM,99,56
10/2/2026,10:34:21 AM,99,56
10/2/2026,10:34:22 AM,99,56
10/2/2026,10:34:23 AM,99,56
10/2/2026,10:34:24 AM,99,57
10/2/2026,10:34:25 AM,99,57
10/2/2026,10:34:26 AM,99,57
10/2/2026,10:34:27 AM,99,57
10/2/2026,10:34:28 AM,99,57
10/2/2026,10:34:29 AM,99,57
10/2/2026,10:34:30 AM,99,56
10/2/2026,10:34:31 AM,99,56
10/2/2026,10:34:32 AM,99,56
10/2/2026,10:34:33 AM,98,56
10/2/2026,10:34:34 AM,98,56
10/2/2026,10:34:35 AM,98,56
10/2/2026,10:34:36 AM,98,56
10/2/2026,10:34:37 AM,98,56
10/2/2026,10:34:38 AM,98,56
10/2/2026,10:34:39 AM,98,56
10/2/2026,10:34:40 AM,98,56
10/2/2026,10:34:41 AM,98,56
10/2/2026,10:34:42 AM,98,57
10/2/2026,10:34:43 AM,98,58
10/2/2026,10:34:44 AM,98,59
10/2/2026,10:34:45 AM,98,60
10/2/2026,10:34:46 AM,98,61
10/2/2026,10:34:47 AM,98,64
10/2/2026,10:34:48 AM,98,65
10/2/2026,10:34:49 AM,98,65
10/2/2026,10:34:50 AM,98,65
10/2/2026,10:34:51 AM,98,65
10/2/2026,10:34:52 AM,98,65
10/2/2026,10:34:53 AM,98,65
10/2/2026,10:34:54 AM,98,65
10/2/2026,10:34:55 AM,98,65
10/2/2026,10:34:56 AM,98,65
10/2/2026,10:34:57 AM,98,65
10/2/2026,10:34:58 AM,98,65
10/2/2026,10:34:59 AM,98,65
10/2/2026,10:35:00 AM,98,65
10/2/2026,10:35:01 AM,98,65
10/2/2026,10:35:02 AM,98,65
10/2/2026,10:35:03 AM,98,65
10/2/2026,10:35:04 AM,98,63
10/2/2026,10:35:05 AM,98,62
10/2/2026,10:35:06 AM,98,62
10/2/2026,10:35:07 AM,98,62
10/2/2026,10:35:08 AM,98,62
10/2/2026,10:35:09 AM,98,62
10/2/2026,10:35:10 AM,98,62
10/2/2026,10:35:11 AM,98,61
10/2/2026,10:35:12 AM,99,60
10/2/2026,10:35:13 AM,99,59
10/2/2026,10:35:14 AM,99,58
10/2/2026,10:35:15 AM,99,58
10/2/2026,10:35:16 AM,99,58
10/2/2026,10:35:17 AM,99,57
10/2/2026,10:35:18 AM,99,57
10/2/2026,10:35:19 AM,99,57
10/2/2026,10:35:20 AM,99,57
10/2/2026,10:35:21 AM,99,57
10/2/2026,10:35:22 AM,99,57
10/2/2026,10:35:23 AM,99,57
10/2/2026,10:35:24 AM,99,57
10/2/2026,10:35:25 AM,99,57
10/2/2026,10:35:26 AM,99,57
10/2/2026,10:35:27 AM,99,57
10/2/2026,10:35:28 AM,99,57
10/2/2026,10:35:29 AM,99,57
10/2/2026,10:35:30 AM,99,57
10/2/2026,10:35:31 AM,99,57
10/2/2026,10:35:32 AM,99,57
10/2/2026,10:35:33 AM,99,57
10/2/2026,10:35:34 AM,99,57
10/2/2026,10:35:35 AM,99,57
10/2/2026,10:35:36 AM,99,57
10/2/2026,10:35:37 AM,99,57
10/2/2026,10:35:38 AM,99,57
10/2/2026,10:35:39 AM,99,57
10/2/2026,10:35:40 AM,99,57
10/2/2026,10:35:41 AM,99,57
10/2/2026,10:35:42 AM,99,57
10/2/2026,10:35:43 AM,99,57
10/2/2026,10:35:44 AM,99,57
10/2/2026,10:35:45 AM,99,57
10/2/2026,10:35:46 AM,99,57
10/2/2026,10:35:47 AM,99,58
10/2/2026,10:35:48 AM,99,58
10/2/2026,10:35:49 AM,99,59
10/2/2026,10:35:50 AM,99,59
10/2/2026,10:35:51 AM,99,59
10/2/2026,10:35:52 AM,98,59
10/2/2026,10:35:53 AM,98,59
10/2/2026,10:35:54 AM,98,59
10/2/2026,10:35:55 AM,98,59
10/2/2026,10:35:56 AM,98,58
10/2/2026,10:35:57 AM,98,58
10/2/2026,10:35:58 AM,98,58
10/2/2026,10:35:59 AM,98,58
10/2/2026,10:36:00 AM,98,57
10/2/2026,10:36:01 AM,98,57
10/2/2026,10:36:02 AM,98,57
10/2/2026,10:36:03 AM,98,57
10/2/2026,10:36:04 AM,98,57
10/2/2026,10:36:05 AM,98,56
10/2/2026,10:36:06 AM,98,56
10/2/2026,10:36:07 AM,99,56
10/2/2026,10:36:08 AM,98,56
10/2/2026,10:36:09 AM,98,57
10/2/2026,10:36:10 AM,98,57
10/2/2026,10:36:11 AM,98,57
10/2/2026,10:36:12 AM,98,57
10/2/2026,10:36:13 AM,99,57
10/2/2026,10:36:14 AM,99,57
10/2/2026,10:36:15 AM,99,57
10/2/2026,10:36:16 AM,99,58
10/2/2026,10:36:17 AM,99,58
10/2/2026,10:36:18 AM,99,58
10/2/2026,10:36:19 AM,99,59
10/2/2026,10:36:20 AM,99,60
10/2/2026,10:36:21 AM,99,60
10/2/2026,10:36:22 AM,99,61
10/2/2026,10:36:23 AM,98,62
10/2/2026,10:36:24 AM,98,62
10/2/2026,10:36:25 AM,98,63
10/2/2026,10:36:26 AM,98,63
10/2/2026,10:36:27 AM,98,65
10/2/2026,10:36:28 AM,98,66
10/2/2026,10:36:29 AM,98,66
10/2/2026,10:36:30 AM,98,67
10/2/2026,10:36:31 AM,98,67
10/2/2026,10:36:32 AM,98,67
10/2/2026,10:36:33 AM,99,67
10/2/2026,10:36:34 AM,99,67
10/2/2026,10:36:35 AM,99,67
10/2/2026,10:36:36 AM,99,67
10/2/2026,10:36:37 AM,99,67
10/2/2026,10:36:38 AM,99,67
10/2/2026,10:36:39 AM,99,67
10/2/2026,10:36:40 AM,99,66
10/2/2026,10:36:41 AM,99,66
10/2/2026,10:36:42 AM,99,66
10/2/2026,10:36:43 AM,99,66
10/2/2026,10:36:44 AM,99,65
10/2/2026,10:36:45 AM,99,64
10/2/2026,10:36:46 AM,99,64
10/2/2026,10:36:47 AM,99,63
10/2/2026,10:36:48 AM,99,63
10/2/2026,10:36:49 AM,99,63
10/2/2026,10:36:50 AM,98,63
10/2/2026,10:36:51 AM,98,63
10/2/2026,10:36:52 AM,99,63
10/2/2026,10:36:53 AM,99,62
10/2/2026,10:36:54 AM,99,61
10/2/2026,10:36:55 AM,99,61
10/2/2026,10:36:56 AM,99,60
10/2/2026,10:36:57 AM,99,60
10/2/2026,10:36:58 AM,99,59
10/2/2026,10:36:59 AM,99,59
10/2/2026,10:37:00 AM,99,59
10/2/2026,10:37:01 AM,99,59
10/2/2026,10:37:02 AM,99,59
10/2/2026,10:37:03 AM,99,59
10/2/2026,10:37:04 AM,99,58
10/2/2026,10:37:05 AM,99,58
10/2/2026,10:37:06 AM,99,58
10/2/2026,10:37:07 AM,99,58
10/2/2026,10:37:08 AM,99,58
10/2/2026,10:37:09 AM,99,58
10/2/2026,10:37:10 AM,99,58
10/2/2026,10:37:11 AM,99,57
10/2/2026,10:37:12 AM,99,57
10/2/2026,10:37:13 AM,99,57
10/2/2026,10:37:14 AM,99,57
10/2/2026,10:37:15 AM,99,56
10/2/2026,10:37:16 AM,99,56
10/2/2026,10:37:17 AM,99,56
10/2/2026,10:37:18 AM,99,56
10/2/2026,10:37:19 AM,99,55
10/2/2026,10:37:20 AM,99,55
10/2/2026,10:37:21 AM,99,55
10/2/2026,10:37:22 AM,99,55
10/2/2026,10:37:23 AM,99,56
10/2/2026,10:37:24 AM,99,56
10/2/2026,10:37:25 AM,99,56
10/2/2026,10:37:26 AM,99,56
10/2/2026,10:37:27 AM,99,57
10/2/2026,10:37:28 AM,99,57
10/2/2026,10:37:29 AM,99,57
10/2/2026,10:37:30 AM,99,57
10/2/2026,10:37:31 AM,99,57
10/2/2026,10:37:32 AM,99,56
10/2/2026,10:37:33 AM,98,56
10/2/2026,10:37:34 AM,98,56
10/2/2026,10:37:35 AM,98,56
10/2/2026,10:37:36 AM,98,55
10/2/2026,10:37:37 AM,98,55
10/2/2026,10:37:38 AM,98,55
10/2/2026,10:37:39 AM,98,55
10/2/2026,10:37:40 AM,98,55
10/2/2026,10:37:41 AM,98,55
10/2/2026,10:37:42 AM,98,55
10/2/2026,10:37:43 AM,98,55
10/2/2026,10:37:44 AM,98,55
10/2/2026,10:37:45 AM,98,55
10/2/2026,10:37:46 AM,99,55
10/2/2026,10:37:47 AM,99,55
10/2/2026,10:37:48 AM,99,56
10/2/2026,10:37:49 AM,99,56
10/2/2026,10:37:50 AM,99,56
10/2/2026,10:37:51 AM,99,56
10/2/2026,10:37:52 AM,99,57
10/2/2026,10:37:53 AM,99,57
10/2/2026,10:37:54 AM,99,57
10/2/2026,10:37:55 AM,99,57
10/2/2026,10:37:56 AM,99,57
10/2/2026,10:37:57 AM,99,57
10/2/2026,10:37:58 AM,99,57
10/2/2026,10:37:59 AM,99,58
10/2/2026,10:38:00 AM,99,59
10/2/2026,10:38:01 AM,98,60
10/2/2026,10:38:02 AM,98,62
10/2/2026,10:38:03 AM,98,63
10/2/2026,10:38:04 AM,98,64
10/2/2026,10:38:05 AM,98,65
10/2/2026,10:38:06 AM,98,66
10/2/2026,10:38:07 AM,98,67
10/2/2026,10:38:08 AM,98,67
10/2/2026,10:38:09 AM,98,67
10/2/2026,10:38:10 AM,98,68
10/2/2026,10:38:11 AM,98,68
10/2/2026,10:38:12 AM,98,68
10/2/2026,10:38:13 AM,98,68
10/2/2026,10:38:14 AM,98,67
10/2/2026,10:38:15 AM,98,67
10/2/2026,10:38:16 AM,99,67
10/2/2026,10:38:17 AM,99,67
10/2/2026,10:38:18 AM,99,66
10/2/2026,10:38:19 AM,99,66
10/2/2026,10:38:20 AM,99,65
10/2/2026,10:38:21 AM,99,65
10/2/2026,10:38:22 AM,98,65
10/2/2026,10:38:23 AM,99,65
10/2/2026,10:38:24 AM,99,65
10/2/2026,10:38:25 AM,99,64
10/2/2026,10:38:26 AM,99,64
10/2/2026,10:38:27 AM,99,64
10/2/2026,10:38:28 AM,99,64
10/2/2026,10:38:29 AM,99,64
10/2/2026,10:38:30 AM,99,64
10/2/2026,10:38:31 AM,99,64
10/2/2026,10:38:32 AM,99,64
10/2/2026,10:38:33 AM,99,64
10/2/2026,10:38:34 AM,99,64
10/2/2026,10:38:35 AM,99,64
10/2/2026,10:38:36 AM,99,63
10/2/2026,10:38:37 AM,99,62
10/2/2026,10:38:38 AM,99,62
10/2/2026,10:38:39 AM,99,62
10/2/2026,10:38:40 AM,99,62
10/2/2026,10:38:41 AM,99,62
10/2/2026,10:38:42 AM,99,62
10/2/2026,10:38:43 AM,99,61
10/2/2026,10:38:44 AM,99,60
10/2/2026,10:38:45 AM,99,59
10/2/2026,10:38:46 AM,99,58
10/2/2026,10:38:47 AM,99,57
10/2/2026,10:38:48 AM,99,57
10/2/2026,10:38:49 AM,99,57
10/2/2026,10:38:50 AM,99,57
10/2/2026,10:38:51 AM,99,57
10/2/2026,10:38:52 AM,99,57
10/2/2026,10:38:53 AM,99,57
10/2/2026,10:38:54 AM,99,56
10/2/2026,10:38:55 AM,99,56
10/2/2026,10:38:56 AM,99,56
10/2/2026,10:38:57 AM,99,56
10/2/2026,10:38:58 AM,99,56
10/2/2026,10:38:59 AM,99,56
10/2/2026,10:39:00 AM,99,56
10/2/2026,10:39:01 AM,99,56
10/2/2026,10:39:02 AM,99,56
10/2/2026,10:39:03 AM,99,56
10/2/2026,10:39:04 AM,99,56
10/2/2026,10:39:05 AM,99,57
10/2/2026,10:39:06 AM,99,57
10/2/2026,10:39:07 AM,99,57
10/2/2026,10:39:08 AM,99,58
10/2/2026,10:39:09 AM,99,58
10/2/2026,10:39:10 AM,99,58
10/2/2026,10:39:11 AM,99,58
10/2/2026,10:39:12 AM,99,58
10/2/2026,10:39:13 AM,99,57
10/2/2026,10:39:14 AM,99,57
10/2/2026,10:39:15 AM,99,57
10/2/2026,10:39:16 AM,99,57
10/2/2026,10:39:17 AM,99,57
10/2/2026,10:39:18 AM,99,57
10/2/2026,10:39:19 AM,99,57
10/2/2026,10:39:20 AM,99,57
10/2/2026,10:39:21 AM,99,57
10/2/2026,10:39:22 AM,99,57
10/2/2026,10:39:23 AM,99,57
10/2/2026,10:39:24 AM,99,57
10/2/2026,10:39:25 AM,99,58
10/2/2026,10:39:26 AM,99,59
10/2/2026,10:39:27 AM,99,59
10/2/2026,10:39:28 AM,99,60
10/2/2026,10:39:29 AM,99,60
10/2/2026,10:39:30 AM,99,61
10/2/2026,10:39:31 AM,99,61
10/2/2026,10:39:32 AM,98,61
10/2/2026,10:39:33 AM,98,62
10/2/2026,10:39:34 AM,98,62
10/2/2026,10:39:35 AM,98,63
10/2/2026,10:39:36 AM,98,64
10/2/2026,10:39:37 AM,98,64
10/2/2026,10:39:38 AM,98,65
10/2/2026,10:39:39 AM,98,66
10/2/2026,10:39:40 AM,98,66
10/2/2026,10:39:41 AM,98,66
10/2/2026,10:39:42 AM,98,66
10/2/2026,10:39:43 AM,98,66
10/2/2026,10:39:44 AM,98,66
10/2/2026,10:39:45 AM,98,66
10/2/2026,10:39:46 AM,98,65
10/2/2026,10:39:47 AM,98,66
10/2/2026,10:39:48 AM,98,65
10/2/2026,10:39:49 AM,98,65
10/2/2026,10:39:50 AM,98,64
10/2/2026,10:39:51 AM,98,64
10/2/2026,10:39:52 AM,98,64
10/2/2026,10:39:53 AM,98,64
10/2/2026,10:39:54 AM,98,64
10/2/2026,10:39:55 AM,98,64
10/2/2026,10:39:56 AM,98,64
10/2/2026,10:39:57 AM,98,64
10/2/2026,10:39:58 AM,98,63
10/2/2026,10:39:59 AM,98,62
10/2/2026,10:40:00 AM,98,61
10/2/2026,10:40:01 AM,98,61
10/2/2026,10:40:02 AM,99,61
10/2/2026,10:40:03 AM,99,61
10/2/2026,10:40:04 AM,99,61
10/2/2026,10:40:05 AM,99,61
10/2/2026,10:40:06 AM,99,61
10/2/2026,10:40:07 AM,99,61
10/2/2026,10:40:08 AM,99,61
10/2/2026,10:40:09 AM,99,59
10/2/2026,10:40:10 AM,99,59
10/2/2026,10:40:11 AM,99,59
10/2/2026,10:40:12 AM,99,59
10/2/2026,10:40:13 AM,99,59
10/2/2026,10:40:14 AM,99,59
10/2/2026,10:40:15 AM,99,59
10/2/2026,10:40:16 AM,99,59
10/2/2026,10:40:17 AM,99,59
10/2/2026,10:40:18 AM,99,57
10/2/2026,10:40:19 AM,99,57
10/2/2026,10:40:20 AM,99,57
10/2/2026,10:40:21 AM,99,57
10/2/2026,10:40:22 AM,99,57
10/2/2026,10:40:23 AM,99,57
10/2/2026,10:40:24 AM,99,57
10/2/2026,10:40:25 AM,99,58
10/2/2026,10:40:26 AM,99,58
10/2/2026,10:40:27 AM,99,58
10/2/2026,10:40:28 AM,99,58
10/2/2026,10:40:29 AM,99,58
10/2/2026,10:40:30 AM,99,58
10/2/2026,10:40:31 AM,99,58
10/2/2026,10:40:32 AM,99,59
10/2/2026,10:40:33 AM,99,59
10/2/2026,10:40:34 AM,99,60
10/2/2026,10:40:35 AM,98,61
10/2/2026,10:40:36 AM,98,61
10/2/2026,10:40:37 AM,98,62
10/2/2026,10:40:38 AM,98,63
10/2/2026,10:40:39 AM,98,64
10/2/2026,10:40:40 AM,97,64
10/2/2026,10:40:41 AM,97,65
10/2/2026,10:40:42 AM,97,65
10/2/2026,10:40:43 AM,97,66
10/2/2026,10:40:44 AM,97,66
10/2/2026,10:40:45 AM,97,65
10/2/2026,10:40:46 AM,97,65
10/2/2026,10:40:47 AM,97,65
10/2/2026,10:40:48 AM,97,65
10/2/2026,10:40:49 AM,97,65
10/2/2026,10:40:50 AM,97,65
10/2/2026,10:40:51 AM,97,65
10/2/2026,10:40:52 AM,98,64
10/2/2026,10:40:53 AM,98,64
10/2/2026,10:40:54 AM,98,64
10/2/2026,10:40:55 AM,98,64
10/2/2026,10:40:56 AM,98,64
10/2/2026,10:40:57 AM,98,64
10/2/2026,10:40:58 AM,98,64
10/2/2026,10:40:59 AM,98,64
10/2/2026,10:41:00 AM,98,64
10/2/2026,10:41:01 AM,98,63
10/2/2026,10:41:02 AM,98,63
10/2/2026,10:41:03 AM,98,63
10/2/2026,10:41:04 AM,98,63
10/2/2026,10:41:05 AM,98,63
10/2/2026,10:41:06 AM,98,63
10/2/2026,10:41:07 AM,99,62
10/2/2026,10:41:08 AM,99,61
10/2/2026,10:41:09 AM,99,61
10/2/2026,10:41:10 AM,99,60
10/2/2026,10:41:11 AM,99,59
10/2/2026,10:41:12 AM,99,58
10/2/2026,10:41:13 AM,99,58
10/2/2026,10:41:14 AM,99,58
10/2/2026,10:41:15 AM,99,58
10/2/2026,10:41:16 AM,99,59
10/2/2026,10:41:17 AM,99,60
10/2/2026,10:41:18 AM,99,60
10/2/2026,10:41:19 AM,99,61
10/2/2026,10:41:20 AM,99,61
10/2/2026,10:41:21 AM,99,62
10/2/2026,10:41:22 AM,99,62
10/2/2026,10:41:23 AM,99,62
10/2/2026,10:41:24 AM,99,62
10/2/2026,10:41:25 AM,99,62
10/2/2026,10:41:26 AM,99,62
10/2/2026,10:41:27 AM,99,61
10/2/2026,10:41:28 AM,99,61
10/2/2026,10:41:29 AM,99,61
10/2/2026,10:41:30 AM,99,60
10/2/2026,10:41:31 AM,99,60
10/2/2026,10:41:32 AM,99,59
10/2/2026,10:41:33 AM,99,58
10/2/2026,10:41:34 AM,99,58
10/2/2026,10:41:35 AM,99,57
10/2/2026,10:41:36 AM,99,57
10/2/2026,10:41:37 AM,99,57
10/2/2026,10:41:38 AM,98,57
10/2/2026,10:41:39 AM,98,57
10/2/2026,10:41:40 AM,98,58
10/2/2026,10:41:41 AM,97,58
10/2/2026,10:41:42 AM,97,59
10/2/2026,10:41:43 AM,97,60
10/2/2026,10:41:44 AM,97,61
10/2/2026,10:41:45 AM,97,61
10/2/2026,10:41:46 AM,97,62
10/2/2026,10:41:47 AM,97,62
10/2/2026,10:41:48 AM,96,62
10/2/2026,10:41:49 AM,96,63
10/2/2026,10:41:50 AM,96,63
10/2/2026,10:41:51 AM,96,63
10/2/2026,10:41:52 AM,96,63
10/2/2026,10:41:53 AM,96,62
10/2/2026,10:41:54 AM,96,63
10/2/2026,10:41:55 AM,96,62
10/2/2026,10:41:56 AM,96,62
10/2/2026,10:41:57 AM,96,62
10/2/2026,10:41:58 AM,97,62
10/2/2026,10:41:59 AM,97,62
10/2/2026,10:42:00 AM,97,62
10/2/2026,10:42:01 AM,97,62
10/2/2026,10:42:02 AM,97,62
10/2/2026,10:42:03 AM,97,62
10/2/2026,10:42:04 AM,97,62
10/2/2026,10:42:05 AM,97,63
10/2/2026,10:42:06 AM,97,63
10/2/2026,10:42:07 AM,97,63
10/2/2026,10:42:08 AM,97,64
10/2/2026,10:42:09 AM,97,64
10/2/2026,10:42:10 AM,97,65
10/2/2026,10:42:11 AM,97,65
10/2/2026,10:42:12 AM,97,65
10/2/2026,10:42:13 AM,97,65
10/2/2026,10:42:14 AM,97,65
10/2/2026,10:42:15 AM,97,65
10/2/2026,10:42:16 AM,97,65
10/2/2026,10:42:17 AM,97,65
10/2/2026,10:42:18 AM,97,65
10/2/2026,10:42:19 AM,97,64
10/2/2026,10:42:20 AM,97,63
10/2/2026,10:42:21 AM,98,63
10/2/2026,10:42:22 AM,98,63
10/2/2026,10:42:23 AM,98,62
10/2/2026,10:42:24 AM,98,62
10/2/2026,10:42:25 AM,98,62
10/2/2026,10:42:26 AM,99,62
10/2/2026,10:42:27 AM,99,62
10/2/2026,10:42:28 AM,99,62
10/2/2026,10:42:29 AM,99,61
10/2/2026,10:42:30 AM,99,61
10/2/2026,10:42:31 AM,99,60
10/2/2026,10:42:32 AM,99,60
10/2/2026,10:42:33 AM,99,59
10/2/2026,10:42:34 AM,99,59
10/2/2026,10:42:35 AM,99,60
10/2/2026,10:42:36 AM,99,60
10/2/2026,10:42:37 AM,99,60
10/2/2026,10:42:38 AM,99,60
10/2/2026,10:42:39 AM,99,60
10/2/2026,10:42:40 AM,99,60
10/2/2026,10:42:41 AM,99,60
10/2/2026,10:42:42 AM,99,60
10/2/2026,10:42:43 AM,99,60
10/2/2026,10:42:44 AM,99,59
10/2/2026,10:42:45 AM,99,59
10/2/2026,10:42:46 AM,99,59
10/2/2026,10:42:47 AM,99,59
10/2/2026,10:42:48 AM,99,58
10/2/2026,10:42:49 AM,99,58
10/2/2026,10:42:50 AM,99,58
10/2/2026,10:42:51 AM,99,58
10/2/2026,10:42:52 AM,99,58
10/2/2026,10:42:53 AM,99,58
10/2/2026,10:42:54 AM,99,59
10/2/2026,10:42:55 AM,99,59
10/2/2026,10:42:56 AM,99,60
10/2/2026,10:42:57 AM,99,61
10/2/2026,10:42:58 AM,99,62
10/2/2026,10:42:59 AM,99,62
10/2/2026,10:43:00 AM,99,63
10/2/2026,10:43:01 AM,99,63
10/2/2026,10:43:02 AM,99,63
10/2/2026,10:43:03 AM,99,63
10/2/2026,10:43:04 AM,98,63
10/2/2026,10:43:05 AM,98,62
10/2/2026,10:43:06 AM,98,62
10/2/2026,10:43:07 AM,98,62
10/2/2026,10:43:08 AM,98,62
10/2/2026,10:43:09 AM,97,61
10/2/2026,10:43:10 AM,97,61
10/2/2026,10:43:11 AM,97,61
10/2/2026,10:43:12 AM,97,61
10/2/2026,10:43:13 AM,97,61
10/2/2026,10:43:14 AM,97,61
10/2/2026,10:43:15 AM,97,61
10/2/2026,10:43:16 AM,97,61
10/2/2026,10:43:17 AM,97,61
10/2/2026,10:43:18 AM,98,62
10/2/2026,10:43:19 AM,98,62
10/2/2026,10:43:20 AM,98,62
10/2/2026,10:43:21 AM,98,63
10/2/2026,10:43:22 AM,98,63
10/2/2026,10:43:23 AM,98,64
10/2/2026,10:43:24 AM,98,64
10/2/2026,10:43:25 AM,98,64
10/2/2026,10:43:26 AM,98,64
10/2/2026,10:43:27 AM,99,64
10/2/2026,10:43:28 AM,98,64
10/2/2026,10:43:29 AM,98,64
10/2/2026,10:43:30 AM,98,64
10/2/2026,10:43:31 AM,98,63
10/2/2026,10:43:32 AM,98,63
10/2/2026,10:43:33 AM,98,62
10/2/2026,10:43:34 AM,98,61
10/2/2026,10:43:35 AM,98,60
10/2/2026,10:43:36 AM,98,60
10/2/2026,10:43:37 AM,98,59
10/2/2026,10:43:38 AM,98,59
10/2/2026,10:43:39 AM,98,58
10/2/2026,10:43:40 AM,98,58
10/2/2026,10:43:41 AM,99,58
10/2/2026,10:43:42 AM,99,58
10/2/2026,10:43:43 AM,99,58
10/2/2026,10:43:44 AM,99,58
10/2/2026,10:43:45 AM,99,59
10/2/2026,10:43:46 AM,99,59
10/2/2026,10:43:47 AM,99,59
10/2/2026,10:43:48 AM,99,59
10/2/2026,10:43:49 AM,99,59
10/2/2026,10:43:50 AM,99,59
10/2/2026,10:43:51 AM,99,60
10/2/2026,10:43:52 AM,99,60
10/2/2026,10:43:53 AM,99,60
10/2/2026,10:43:54 AM,99,59
10/2/2026,10:43:55 AM,99,59
10/2/2026,10:43:56 AM,99,59
10/2/2026,10:43:57 AM,99,59
10/2/2026,10:43:58 AM,99,59
10/2/2026,10:43:59 AM,99,59
10/2/2026,10:44:00 AM,99,59
10/2/2026,10:44:01 AM,99,59
10/2/2026,10:44:02 AM,99,59
10/2/2026,10:44:03 AM,99,58
10/2/2026,10:44:04 AM,99,58
10/2/2026,10:44:05 AM,99,58
10/2/2026,10:44:06 AM,99,58
10/2/2026,10:44:07 AM,99,58
10/2/2026,10:44:08 AM,99,58
10/2/2026,10:44:09 AM,99,58
10/2/2026,10:44:10 AM,99,58
10/2/2026,10:44:11 AM,99,58
10/2/2026,10:44:12 AM,99,59
10/2/2026,10:44:13 AM,99,59
10/2/2026,10:44:14 AM,99,59
10/2/2026,10:44:15 AM,99,61
10/2/2026,10:44:16 AM,99,62
10/2/2026,10:44:17 AM,99,62
10/2/2026,10:44:18 AM,99,63
10/2/2026,10:44:19 AM,99,63
10/2/2026,10:44:20 AM,99,64
10/2/2026,10:44:21 AM,99,64
10/2/2026,10:44:22 AM,99,64
10/2/2026,10:44:23 AM,99,64
10/2/2026,10:44:24 AM,99,64
10/2/2026,10:44:25 AM,99,64
10/2/2026,10:44:26 AM,99,63
10/2/2026,10:44:27 AM,99,63
10/2/2026,10:44:28 AM,98,63
10/2/2026,10:44:29 AM,98,63
10/2/2026,10:44:30 AM,98,63
10/2/2026,10:44:31 AM,98,62
10/2/2026,10:44:32 AM,98,62
10/2/2026,10:44:33 AM,98,62
10/2/2026,10:44:34 AM,98,62
10/2/2026,10:44:35 AM,98,62
10/2/2026,10:44:36 AM,98,62
10/2/2026,10:44:37 AM,98,62
10/2/2026,10:44:38 AM,98,62
10/2/2026,10:44:39 AM,98,62
10/2/2026,10:44:40 AM,98,61
10/2/2026,10:44:41 AM,98,61
10/2/2026,10:44:42 AM,98,61
10/2/2026,10:44:43 AM,98,61
10/2/2026,10:44:44 AM,98,62
10/2/2026,10:44:45 AM,98,62
10/2/2026,10:44:46 AM,98,62
10/2/2026,10:44:47 AM,98,62
10/2/2026,10:44:48 AM,98,62
10/2/2026,10:44:49 AM,98,62
10/2/2026,10:44:50 AM,98,62
10/2/2026,10:44:51 AM,98,62
10/2/2026,10:44:52 AM,98,62
10/2/2026,10:44:53 AM,98,61
10/2/2026,10:44:54 AM,98,61
10/2/2026,10:44:55 AM,98,60
10/2/2026,10:44:56 AM,98,60
10/2/2026,10:44:57 AM,99,60
10/2/2026,10:44:58 AM,99,60
10/2/2026,10:44:59 AM,99,60
10/2/2026,10:45:00 AM,99,60
10/2/2026,10:45:01 AM,99,60
10/2/2026,10:45:02 AM,99,60
10/2/2026,10:45:03 AM,99,60
10/2/2026,10:45:04 AM,99,60
10/2/2026,10:45:05 AM,99,60
10/2/2026,10:45:06 AM,99,60
10/2/2026,10:45:07 AM,99,59
10/2/2026,10:45:08 AM,99,58
10/2/2026,10:45:09 AM,99,58
10/2/2026,10:45:10 AM,99,58
10/2/2026,10:45:11 AM,99,58
10/2/2026,10:45:12 AM,99,58
10/2/2026,10:45:13 AM,99,58
10/2/2026,10:45:14 AM,99,58
10/2/2026,10:45:15 AM,99,58
10/2/2026,10:45:16 AM,99,58
10/2/2026,10:45:17 AM,99,59
10/2/2026,10:45:18 AM,99,60
10/2/2026,10:45:19 AM,99,61
10/2/2026,10:45:20 AM,99,62
10/2/2026,10:45:21 AM,99,62
10/2/2026,10:45:22 AM,99,62
10/2/2026,10:45:23 AM,99,62
10/2/2026,10:45:24 AM,99,62
10/2/2026,10:45:25 AM,99,62
10/2/2026,10:45:26 AM,99,62
10/2/2026,10:45:27 AM,99,62
10/2/2026,10:45:28 AM,99,63
10/2/2026,10:45:29 AM,99,63
10/2/2026,10:45:30 AM,99,63
10/2/2026,10:45:31 AM,99,63
10/2/2026,10:45:32 AM,99,63
10/2/2026,10:45:33 AM,99,63
10/2/2026,10:45:34 AM,99,63
10/2/2026,10:45:35 AM,99,63
10/2/2026,10:45:36 AM,99,63
10/2/2026,10:45:37 AM,98,63
10/2/2026,10:45:38 AM,98,63
10/2/2026,10:45:39 AM,98,63
10/2/2026,10:45:40 AM,98,64
10/2/2026,10:45:41 AM,98,64
10/2/2026,10:45:42 AM,98,64
10/2/2026,10:45:43 AM,98,64
10/2/2026,10:45:44 AM,98,64
10/2/2026,10:45:45 AM,98,63
10/2/2026,10:45:46 AM,98,63
10/2/2026,10:45:47 AM,98,63
10/2/2026,10:45:48 AM,98,64
10/2/2026,10:45:49 AM,98,64
10/2/2026,10:45:50 AM,98,64
10/2/2026,10:45:51 AM,98,63
10/2/2026,10:45:52 AM,98,63
10/2/2026,10:45:53 AM,98,63
10/2/2026,10:45:54 AM,98,63
10/2/2026,10:45:55 AM,98,63
10/2/2026,10:45:56 AM,98,63
10/2/2026,10:45:57 AM,98,63
10/2/2026,10:45:58 AM,98,63
10/2/2026,10:45:59 AM,98,63
10/2/2026,10:46:00 AM,98,62
10/2/2026,10:46:01 AM,98,62
10/2/2026,10:46:02 AM,98,61
10/2/2026,10:46:03 AM,98,61
10/2/2026,10:46:04 AM,98,61
10/2/2026,10:46:05 AM,98,60
10/2/2026,10:46:06 AM,98,59
10/2/2026,10:46:07 AM,98,59
10/2/2026,10:46:08 AM,98,58
10/2/2026,10:46:09 AM,98,58
10/2/2026,10:46:10 AM,98,58
10/2/2026,10:46:11 AM,98,58
10/2/2026,10:46:12 AM,98,57
10/2/2026,10:46:13 AM,99,57
10/2/2026,10:46:14 AM,99,57
10/2/2026,10:46:15 AM,99,57
10/2/2026,10:46:16 AM,99,57
10/2/2026,10:46:17 AM,99,57
10/2/2026,10:46:18 AM,99,58
10/2/2026,10:46:19 AM,99,58
10/2/2026,10:46:20 AM,99,58
10/2/2026,10:46:21 AM,99,58
10/2/2026,10:46:22 AM,99,58
10/2/2026,10:46:23 AM,99,59
10/2/2026,10:46:24 AM,99,59
10/2/2026,10:46:25 AM,99,59
10/2/2026,10:46:26 AM,99,59
10/2/2026,10:46:27 AM,99,60
10/2/2026,10:46:28 AM,99,60
10/2/2026,10:46:29 AM,99,59
10/2/2026,10:46:30 AM,99,59
10/2/2026,10:46:31 AM,99,59
10/2/2026,10:46:32 AM,98,59
10/2/2026,10:46:33 AM,98,59
10/2/2026,10:46:34 AM,98,59
10/2/2026,10:46:35 AM,98,59
10/2/2026,10:46:36 AM,98,59
10/2/2026,10:46:37 AM,98,59
10/2/2026,10:46:38 AM,99,59
10/2/2026,10:46:39 AM,99,59
10/2/2026,10:46:40 AM,99,59
10/2/2026,10:46:41 AM,99,59
10/2/2026,10:46:42 AM,99,59
10/2/2026,10:46:43 AM,99,59
10/2/2026,10:46:44 AM,99,60
10/2/2026,10:46:45 AM,99,60
10/2/2026,10:46:46 AM,99,60
10/2/2026,10:46:47 AM,99,60
10/2/2026,10:46:48 AM,99,60
10/2/2026,10:46:49 AM,99,60
10/2/2026,10:46:50 AM,99,60
10/2/2026,10:46:51 AM,99,60
10/2/2026,10:46:52 AM,99,61
10/2/2026,10:46:53 AM,99,61
10/2/2026,10:46:54 AM,99,61
10/2/2026,10:46:55 AM,99,61
10/2/2026,10:46:56 AM,99,61
10/2/2026,10:46:57 AM,99,61
10/2/2026,10:46:58 AM,99,61
10/2/2026,10:46:59 AM,99,61
10/2/2026,10:47:00 AM,99,61
10/2/2026,10:47:01 AM,99,62
10/2/2026,10:47:02 AM,99,62
10/2/2026,10:47:03 AM,99,63
10/2/2026,10:47:04 AM,99,63
10/2/2026,10:47:05 AM,99,63
10/2/2026,10:47:06 AM,99,63
10/2/2026,10:47:07 AM,99,63
10/2/2026,10:47:08 AM,99,63
10/2/2026,10:47:09 AM,99,63
10/2/2026,10:47:10 AM,99,63
10/2/2026,10:47:11 AM,99,63
10/2/2026,10:47:12 AM,99,63
10/2/2026,10:47:13 AM,99,63
10/2/2026,10:47:14 AM,99,63
10/2/2026,10:47:15 AM,99,62
10/2/2026,10:47:16 AM,99,62
10/2/2026,10:47:17 AM,99,62
10/2/2026,10:47:18 AM,99,62
10/2/2026,10:47:19 AM,99,62
10/2/2026,10:47:20 AM,99,62
10/2/2026,10:47:21 AM,99,62
10/2/2026,10:47:22 AM,99,62
10/2/2026,10:47:23 AM,99,62
10/2/2026,10:47:24 AM,99,61
10/2/2026,10:47:25 AM,99,61
10/2/2026,10:47:26 AM,99,62
10/2/2026,10:47:27 AM,99,62
10/2/2026,10:47:28 AM,99,61
10/2/2026,10:47:29 AM,99,61
10/2/2026,10:47:30 AM,99,62
10/2/2026,10:47:31 AM,99,62
10/2/2026,10:47:32 AM,99,62
10/2/2026,10:47:33 AM,99,62
10/2/2026,10:47:34 AM,99,62
10/2/2026,10:47:35 AM,99,62
10/2/2026,10:47:36 AM,99,63
10/2/2026,10:47:37 AM,99,63
10/2/2026,10:47:38 AM,98,64
10/2/2026,10:47:39 AM,98,64
10/2/2026,10:47:40 AM,98,64
10/2/2026,10:47:41 AM,97,65
10/2/2026,10:47:42 AM,97,65
10/2/2026,10:47:43 AM,97,65
10/2/2026,10:47:44 AM,96,65
10/2/2026,10:47:45 AM,96,65
10/2/2026,10:47:46 AM,95,65
10/2/2026,10:47:47 AM,95,65
10/2/2026,10:47:48 AM,95,65
10/2/2026,10:47:49 AM,95,65
10/2/2026,10:47:50 AM,95,65
10/2/2026,10:47:51 AM,95,65
10/2/2026,10:47:52 AM,95,65
10/2/2026,10:47:53 AM,95,65
10/2/2026,10:47:54 AM,95,65
10/2/2026,10:47:55 AM,95,65
10/2/2026,10:47:56 AM,95,65
