Date,Time,SpO2(%),PR(bpm)
10/3/2026,3:00:02 AM,95,83
10/3/2026,3:00:03 AM,95,83
10/3/2026,3:00:04 AM,96,80
10/3/2026,3:00:05 AM,96,77
10/3/2026,3:00:06 AM,96,77
10/3/2026,3:00:07 AM,96,76
10/3/2026,3:00:08 AM,97,76
10/3/2026,3:00:09 AM,97,76
10/3/2026,3:00:10 AM,97,75
10/3/2026,3:00:11 AM,98,75
10/3/2026,3:00:12 AM,98,75
10/3/2026,3:00:13 AM,98,75
10/3/2026,3:00:14 AM,98,75
10/3/2026,3:00:15 AM,98,74
10/3/2026,3:00:16 AM,98,74
10/3/2026,3:00:17 AM,98,74
10/3/2026,3:00:18 AM,98,74
10/3/2026,3:00:19 AM,98,74
10/3/2026,3:00:20 AM,98,74
10/3/2026,3:00:21 AM,98,73
10/3/2026,3:00:22 AM,98,73
10/3/2026,3:00:23 AM,98,72
10/3/2026,3:00:24 AM,98,72
10/3/2026,3:00:25 AM,98,72
10/3/2026,3:00:26 AM,98,72
10/3/2026,3:00:27 AM,97,71
10/3/2026,3:00:28 AM,97,71
10/3/2026,3:00:29 AM,97,71
10/3/2026,3:00:30 AM,97,71
10/3/2026,3:00:31 AM,97,71
10/3/2026,3:00:32 AM,97,71
10/3/2026,3:00:33 AM,97,71
10/3/2026,3:00:34 AM,97,71
10/3/2026,3:00:35 AM,97,71
10/3/2026,3:00:36 AM,97,71
10/3/2026,3:00:37 AM,97,71
10/3/2026,3:00:38 AM,97,71
10/3/2026,3:00:39 AM,96,71
10/3/2026,3:00:40 AM,96,71
10/3/2026,3:00:41 AM,96,71
10/3/2026,3:00:42 AM,96,71
10/3/2026,3:00:43 AM,96,71
10/3/2026,3:00:44 AM,96,71
10/3/2026,3:00:45 AM,96,71
10/3/2026,3:00:46 AM,96,71
10/3/2026,3:00:47 AM,96,70
10/3/2026,3:00:48 AM,96,70
10/3/2026,3:00:49 AM,96,70
10/3/2026,3:00:50 AM,96,70
10/3/2026,3:00:51 AM,96,70
10/3/2026,3:00:52 AM,96,70
10/3/2026,3:00:53 AM,96,70
10/3/2026,3:00:54 AM,96,70
10/3/2026,3:00:55 AM,96,70
10/3/2026,3:00:56 AM,96,70
10/3/2026,3:00:57 AM,96,70
10/3/2026,3:00:58 AM,95,69
10/3/2026,3:00:59 AM,95,69
10/3/2026,3:01:00 AM,95,69
10/3/2026,3:01:01 AM,95,69
10/3/2026,3:01:02 AM,95,69
10/3/2026,3:01:03 AM,95,69
10/3/2026,3:01:04 AM,95,69
10/3/2026,3:01:05 AM,95,70
10/3/2026,3:01:06 AM,95,70
10/3/2026,3:01:07 AM,94,71
10/3/2026,3:01:08 AM,94,71
10/3/2026,3:01:09 AM,95,72
10/3/2026,3:01:10 AM,94,72
10/3/2026,3:01:11 AM,94,73
10/3/2026,3:01:12 AM,94,72
10/3/2026,3:01:13 AM,95,72
10/3/2026,3:01:14 AM,95,72
10/3/2026,3:01:15 AM,95,72
10/3/2026,3:01:16 AM,95,72
10/3/2026,3:01:17 AM,95,72
10/3/2026,3:01:18 AM,96,72
10/3/2026,3:01:19 AM,96,72
10/3/2026,3:01:20 AM,96,72
10/3/2026,3:01:21 AM,96,72
10/3/2026,3:01:22 AM,96,71
10/3/2026,3:01:23 AM,96,70
10/3/2026,3:01:24 AM,96,70
10/3/2026,3:01:25 AM,96,70
10/3/2026,3:01:26 AM,96,70
10/3/2026,3:01:27 AM,96,70
10/3/2026,3:01:28 AM,96,69
10/3/2026,3:01:29 AM,96,69
10/3/2026,3:01:30 AM,96,69
10/3/2026,3:01:31 AM,96,69
10/3/2026,3:01:32 AM,96,69
10/3/2026,3:01:33 AM,96,68
10/3/2026,3:01:34 AM,96,68
10/3/2026,3:01:35 AM,96,68
10/3/2026,3:01:36 AM,96,68
10/3/2026,3:01:37 AM,96,68
10/3/2026,3:01:38 AM,96,68
10/3/2026,3:01:39 AM,96,69
10/3/2026,3:01:40 AM,96,69
10/3/2026,3:01:41 AM,96,69
10/3/2026,3:01:42 AM,96,69
10/3/2026,3:01:43 AM,96,69
10/3/2026,3:01:44 AM,96,69
10/3/2026,3:01:45 AM,97,69
10/3/2026,3:01:46 AM,97,69
10/3/2026,3:01:47 AM,97,69
10/3/2026,3:01:48 AM,97,69
10/3/2026,3:01:49 AM,97,69
10/3/2026,3:01:50 AM,97,69
10/3/2026,3:01:51 AM,97,69
10/3/2026,3:01:52 AM,97,69
10/3/2026,3:01:53 AM,97,70
10/3/2026,3:01:54 AM,97,70
10/3/2026,3:01:55 AM,97,70
10/3/2026,3:01:56 AM,97,70
10/3/2026,3:01:57 AM,97,70
10/3/2026,3:01:58 AM,97,70
10/3/2026,3:01:59 AM,97,70
10/3/2026,3:02:00 AM,97,70
10/3/2026,3:02:01 AM,97,70
10/3/2026,3:02:02 AM,97,69
10/3/2026,3:02:03 AM,97,69
10/3/2026,3:02:04 AM,97,69
10/3/2026,3:02:05 AM,97,69
10/3/2026,3:02:06 AM,97,69
10/3/2026,3:02:07 AM,97,69
10/3/2026,3:02:08 AM,97,69
10/3/2026,3:02:09 AM,97,69
10/3/2026,3:02:10 AM,97,69
10/3/2026,3:02:11 AM,97,69
10/3/2026,3:02:12 AM,97,69
10/3/2026,3:02:13 AM,97,69
10/3/2026,3:02:14 AM,97,69
10/3/2026,3:02:15 AM,97,69
10/3/2026,3:02:16 AM,97,69
10/3/2026,3:02:17 AM,97,69
10/3/2026,3:02:18 AM,97,69
10/3/2026,3:02:19 AM,97,69
10/3/2026,3:02:20 AM,97,69
10/3/2026,3:02:21 AM,96,69
10/3/2026,3:02:22 AM,96,69
10/3/2026,3:02:23 AM,96,69
10/3/2026,3:02:24 AM,96,70
10/3/2026,3:02:25 AM,96,70
10/3/2026,3:02:26 AM,96,70
10/3/2026,3:02:27 AM,96,70
10/3/2026,3:02:28 AM,96,69
10/3/2026,3:02:29 AM,96,69
10/3/2026,3:02:30 AM,96,69
10/3/2026,3:02:31 AM,96,68
10/3/2026,3:02:32 AM,96,68
10/3/2026,3:02:33 AM,97,67
10/3/2026,3:02:34 AM,97,67
10/3/2026,3:02:35 AM,97,67
10/3/2026,3:02:36 AM,97,67
10/3/2026,3:02:37 AM,97,67
10/3/2026,3:02:38 AM,97,67
10/3/2026,3:02:39 AM,97,67
10/3/2026,3:02:40 AM,97,68
10/3/2026,3:02:41 AM,97,68
10/3/2026,3:02:42 AM,97,68
10/3/2026,3:02:43 AM,97,68
10/3/2026,3:02:44 AM,98,68
10/3/2026,3:02:45 AM,98,69
10/3/2026,3:02:46 AM,98,69
10/3/2026,3:02:47 AM,98,69
10/3/2026,3:02:48 AM,98,69
10/3/2026,3:02:49 AM,98,69
10/3/2026,3:02:50 AM,98,69
10/3/2026,3:02:51 AM,98,69
10/3/2026,3:02:52 AM,98,70
10/3/2026,3:02:53 AM,97,70
10/3/2026,3:02:54 AM,97,70
10/3/2026,3:02:55 AM,97,71
10/3/2026,3:02:56 AM,97,71
10/3/2026,3:02:57 AM,96,71
10/3/2026,3:02:58 AM,96,71
10/3/2026,3:02:59 AM,96,71
10/3/2026,3:03:00 AM,97,70
10/3/2026,3:03:01 AM,97,70
10/3/2026,3:03:02 AM,97,70
10/3/2026,3:03:03 AM,97,69
10/3/2026,3:03:04 AM,97,68
10/3/2026,3:03:05 AM,97,68
10/3/2026,3:03:06 AM,97,67
10/3/2026,3:03:07 AM,98,67
10/3/2026,3:03:08 AM,98,67
10/3/2026,3:03:09 AM,98,67
10/3/2026,3:03:10 AM,98,67
10/3/2026,3:03:11 AM,98,67
10/3/2026,3:03:12 AM,98,67
10/3/2026,3:03:13 AM,98,68
10/3/2026,3:03:14 AM,98,68
10/3/2026,3:03:15 AM,98,68
10/3/2026,3:03:16 AM,98,68
10/3/2026,3:03:17 AM,98,68
10/3/2026,3:03:18 AM,98,68
10/3/2026,3:03:19 AM,98,68
10/3/2026,3:03:20 AM,98,69
10/3/2026,3:03:21 AM,97,69
10/3/2026,3:03:22 AM,97,69
10/3/2026,3:03:23 AM,97,69
10/3/2026,3:03:24 AM,97,68
10/3/2026,3:03:25 AM,97,68
10/3/2026,3:03:26 AM,97,69
10/3/2026,3:03:27 AM,97,69
10/3/2026,3:03:28 AM,97,69
10/3/2026,3:03:29 AM,97,69
10/3/2026,3:03:30 AM,97,69
10/3/2026,3:03:31 AM,97,69
10/3/2026,3:03:32 AM,97,69
10/3/2026,3:03:33 AM,97,69
10/3/2026,3:03:34 AM,98,69
10/3/2026,3:03:35 AM,98,69
10/3/2026,3:03:36 AM,97,69
10/3/2026,3:03:37 AM,97,69
10/3/2026,3:03:38 AM,97,69
10/3/2026,3:03:39 AM,97,69
10/3/2026,3:03:40 AM,97,69
10/3/2026,3:03:41 AM,97,68
10/3/2026,3:03:42 AM,97,68
10/3/2026,3:03:43 AM,97,68
10/3/2026,3:03:44 AM,97,68
10/3/2026,3:03:45 AM,97,67
10/3/2026,3:03:46 AM,97,67
10/3/2026,3:03:47 AM,97,67
10/3/2026,3:03:48 AM,97,67
10/3/2026,3:03:49 AM,97,67
10/3/2026,3:03:50 AM,97,67
10/3/2026,3:03:51 AM,97,67
10/3/2026,3:03:52 AM,97,67
10/3/2026,3:03:53 AM,97,67
10/3/2026,3:03:54 AM,97,67
10/3/2026,3:03:55 AM,97,67
10/3/2026,3:03:56 AM,97,67
10/3/2026,3:03:57 AM,97,67
10/3/2026,3:03:58 AM,97,67
10/3/2026,3:03:59 AM,96,67
10/3/2026,3:04:00 AM,96,67
10/3/2026,3:04:01 AM,96,67
10/3/2026,3:04:02 AM,96,67
10/3/2026,3:04:03 AM,96,67
10/3/2026,3:04:04 AM,96,67
10/3/2026,3:04:05 AM,96,67
10/3/2026,3:04:06 AM,96,67
10/3/2026,3:04:07 AM,97,67
10/3/2026,3:04:08 AM,97,68
10/3/2026,3:04:09 AM,97,67
10/3/2026,3:04:10 AM,97,67
10/3/2026,3:04:11 AM,97,68
10/3/2026,3:04:12 AM,97,68
10/3/2026,3:04:13 AM,97,68
10/3/2026,3:04:14 AM,97,68
10/3/2026,3:04:15 AM,97,68
10/3/2026,3:04:16 AM,97,68
10/3/2026,3:04:17 AM,97,68
10/3/2026,3:04:18 AM,97,68
10/3/2026,3:04:19 AM,97,68
10/3/2026,3:04:20 AM,97,68
10/3/2026,3:04:21 AM,97,68
10/3/2026,3:04:22 AM,97,68
10/3/2026,3:04:23 AM,97,68
10/3/2026,3:04:24 AM,97,67
10/3/2026,3:04:25 AM,97,67
10/3/2026,3:04:26 AM,97,67
10/3/2026,3:04:27 AM,97,67
10/3/2026,3:04:28 AM,97,67
10/3/2026,3:04:29 AM,97,67
10/3/2026,3:04:30 AM,97,67
10/3/2026,3:04:31 AM,97,67
10/3/2026,3:04:32 AM,97,67
10/3/2026,3:04:33 AM,97,67
10/3/2026,3:04:34 AM,97,67
10/3/2026,3:04:35 AM,97,67
10/3/2026,3:04:36 AM,97,67
10/3/2026,3:04:37 AM,97,67
10/3/2026,3:04:38 AM,97,67
10/3/2026,3:04:39 AM,97,67
10/3/2026,3:04:40 AM,97,68
10/3/2026,3:04:41 AM,97,68
10/3/2026,3:04:42 AM,97,68
10/3/2026,3:04:43 AM,97,68
10/3/2026,3:04:44 AM,97,68
10/3/2026,3:04:45 AM,97,68
10/3/2026,3:04:46 AM,97,68
10/3/2026,3:04:47 AM,97,68
10/3/2026,3:04:48 AM,97,68
10/3/2026,3:04:49 AM,97,68
10/3/2026,3:04:50 AM,97,68
10/3/2026,3:04:51 AM,97,68
10/3/2026,3:04:52 AM,97,68
10/3/2026,3:04:53 AM,97,69
10/3/2026,3:04:54 AM,97,68
10/3/2026,3:04:55 AM,97,68
10/3/2026,3:04:56 AM,97,68
10/3/2026,3:04:57 AM,97,68
10/3/2026,3:04:58 AM,97,68
10/3/2026,3:04:59 AM,97,68
10/3/2026,3:05:00 AM,97,68
10/3/2026,3:05:01 AM,97,68
10/3/2026,3:05:02 AM,97,68
10/3/2026,3:05:03 AM,97,68
10/3/2026,3:05:04 AM,97,68
10/3/2026,3:05:05 AM,97,68
10/3/2026,3:05:06 AM,96,68
10/3/2026,3:05:07 AM,96,68
10/3/2026,3:05:08 AM,96,68
10/3/2026,3:05:09 AM,96,68
10/3/2026,3:05:10 AM,96,68
10/3/2026,3:05:11 AM,96,68
10/3/2026,3:05:12 AM,96,67
10/3/2026,3:05:13 AM,96,67
10/3/2026,3:05:14 AM,96,67
10/3/2026,3:05:15 AM,96,67
10/3/2026,3:05:16 AM,96,67
10/3/2026,3:05:17 AM,96,67
10/3/2026,3:05:18 AM,96,67
10/3/2026,3:05:19 AM,96,67
10/3/2026,3:05:20 AM,96,67
10/3/2026,3:05:21 AM,96,67
10/3/2026,3:05:22 AM,96,67
10/3/2026,3:05:23 AM,96,67
10/3/2026,3:05:24 AM,96,67
10/3/2026,3:05:25 AM,96,67
10/3/2026,3:05:26 AM,96,67
10/3/2026,3:05:27 AM,96,67
10/3/2026,3:05:28 AM,97,67
10/3/2026,3:05:29 AM,97,67
10/3/2026,3:05:30 AM,97,68
10/3/2026,3:05:31 AM,97,68
10/3/2026,3:05:32 AM,97,67
10/3/2026,3:05:33 AM,97,67
10/3/2026,3:05:34 AM,97,67
10/3/2026,3:05:35 AM,98,68
10/3/2026,3:05:36 AM,98,68
10/3/2026,3:05:37 AM,98,68
10/3/2026,3:05:38 AM,98,68
10/3/2026,3:05:39 AM,98,68
10/3/2026,3:05:40 AM,98,68
10/3/2026,3:05:41 AM,98,68
10/3/2026,3:05:42 AM,98,68
10/3/2026,3:05:43 AM,98,68
10/3/2026,3:05:44 AM,98,68
10/3/2026,3:05:45 AM,98,68
10/3/2026,3:05:46 AM,98,68
10/3/2026,3:05:47 AM,98,68
10/3/2026,3:05:48 AM,98,68
10/3/2026,3:05:49 AM,98,68
10/3/2026,3:05:50 AM,98,69
10/3/2026,3:05:51 AM,98,69
10/3/2026,3:05:52 AM,98,69
10/3/2026,3:05:53 AM,98,69
10/3/2026,3:05:54 AM,98,69
10/3/2026,3:05:55 AM,97,69
10/3/2026,3:05:56 AM,97,69
10/3/2026,3:05:57 AM,97,69
10/3/2026,3:05:58 AM,97,69
10/3/2026,3:05:59 AM,97,69
10/3/2026,3:06:00 AM,97,69
10/3/2026,3:06:01 AM,97,69
10/3/2026,3:06:02 AM,97,69
10/3/2026,3:06:03 AM,96,69
10/3/2026,3:06:04 AM,96,69
10/3/2026,3:06:05 AM,96,69
10/3/2026,3:06:06 AM,96,69
10/3/2026,3:06:07 AM,96,69
10/3/2026,3:06:08 AM,96,69
10/3/2026,3:06:09 AM,96,69
10/3/2026,3:06:10 AM,96,69
10/3/2026,3:06:11 AM,97,68
10/3/2026,3:06:12 AM,97,68
10/3/2026,3:06:13 AM,97,67
10/3/2026,3:06:14 AM,97,67
10/3/2026,3:06:15 AM,97,67
10/3/2026,3:06:16 AM,97,67
10/3/2026,3:06:17 AM,97,66
10/3/2026,3:06:18 AM,97,66
10/3/2026,3:06:19 AM,97,66
10/3/2026,3:06:20 AM,97,66
10/3/2026,3:06:21 AM,97,66
10/3/2026,3:06:22 AM,97,66
10/3/2026,3:06:23 AM,97,66
10/3/2026,3:06:24 AM,97,66
10/3/2026,3:06:25 AM,97,66
10/3/2026,3:06:26 AM,97,67
10/3/2026,3:06:27 AM,97,67
10/3/2026,3:06:28 AM,97,67
10/3/2026,3:06:29 AM,97,67
10/3/2026,3:06:30 AM,97,67
10/3/2026,3:06:31 AM,97,67
10/3/2026,3:06:32 AM,97,67
10/3/2026,3:06:33 AM,97,68
10/3/2026,3:06:34 AM,97,68
10/3/2026,3:06:35 AM,97,68
10/3/2026,3:06:36 AM,96,68
10/3/2026,3:06:37 AM,96,68
10/3/2026,3:06:38 AM,96,67
10/3/2026,3:06:39 AM,96,67
10/3/2026,3:06:40 AM,96,67
10/3/2026,3:06:41 AM,96,67
10/3/2026,3:06:42 AM,96,67
10/3/2026,3:06:43 AM,96,67
10/3/2026,3:06:44 AM,96,67
10/3/2026,3:06:45 AM,96,67
10/3/2026,3:06:46 AM,96,67
10/3/2026,3:06:47 AM,96,68
10/3/2026,3:06:48 AM,96,68
10/3/2026,3:06:49 AM,96,68
10/3/2026,3:06:50 AM,96,68
10/3/2026,3:06:51 AM,96,68
10/3/2026,3:06:52 AM,96,68
10/3/2026,3:06:53 AM,96,68
10/3/2026,3:06:54 AM,96,68
10/3/2026,3:06:55 AM,96,68
10/3/2026,3:06:56 AM,96,68
10/3/2026,3:06:57 AM,96,68
10/3/2026,3:06:58 AM,96,68
10/3/2026,3:06:59 AM,96,68
10/3/2026,3:07:00 AM,96,68
10/3/2026,3:07:01 AM,96,68
10/3/2026,3:07:02 AM,96,67
10/3/2026,3:07:03 AM,96,67
10/3/2026,3:07:04 AM,96,67
10/3/2026,3:07:05 AM,96,67
10/3/2026,3:07:06 AM,96,67
10/3/2026,3:07:07 AM,96,67
10/3/2026,3:07:08 AM,96,67
10/3/2026,3:07:09 AM,96,67
10/3/2026,3:07:10 AM,96,67
10/3/2026,3:07:11 AM,96,67
10/3/2026,3:07:12 AM,96,67
10/3/2026,3:07:13 AM,95,67
10/3/2026,3:07:14 AM,95,67
10/3/2026,3:07:15 AM,95,67
10/3/2026,3:07:16 AM,95,67
10/3/2026,3:07:17 AM,95,67
10/3/2026,3:07:18 AM,95,67
10/3/2026,3:07:19 AM,95,66
10/3/2026,3:07:20 AM,96,66
10/3/2026,3:07:21 AM,96,66
10/3/2026,3:07:22 AM,96,66
10/3/2026,3:07:23 AM,96,66
10/3/2026,3:07:24 AM,96,66
10/3/2026,3:07:25 AM,95,66
10/3/2026,3:07:26 AM,95,66
10/3/2026,3:07:27 AM,95,66
10/3/2026,3:07:28 AM,95,65
10/3/2026,3:07:29 AM,95,65
10/3/2026,3:07:30 AM,95,65
10/3/2026,3:07:31 AM,95,65
10/3/2026,3:07:32 AM,95,65
10/3/2026,3:07:33 AM,95,65
10/3/2026,3:07:34 AM,95,65
10/3/2026,3:07:35 AM,95,65
10/3/2026,3:07:36 AM,95,66
10/3/2026,3:07:37 AM,95,66
10/3/2026,3:07:38 AM,95,66
10/3/2026,3:07:39 AM,95,66
10/3/2026,3:07:40 AM,95,66
10/3/2026,3:07:41 AM,95,66
10/3/2026,3:07:42 AM,95,66
10/3/2026,3:07:43 AM,95,67
10/3/2026,3:07:44 AM,95,67
10/3/2026,3:07:45 AM,95,67
10/3/2026,3:07:46 AM,94,67
10/3/2026,3:07:47 AM,94,67
10/3/2026,3:07:48 AM,94,67
10/3/2026,3:07:49 AM,94,67
10/3/2026,3:07:50 AM,94,67
10/3/2026,3:07:51 AM,94,67
10/3/2026,3:07:52 AM,94,67
10/3/2026,3:07:53 AM,94,67
10/3/2026,3:07:54 AM,94,67
10/3/2026,3:07:55 AM,94,67
10/3/2026,3:07:56 AM,94,67
10/3/2026,3:07:57 AM,94,67
10/3/2026,3:07:58 AM,94,67
10/3/2026,3:07:59 AM,94,67
10/3/2026,3:08:00 AM,94,67
10/3/2026,3:08:01 AM,94,67
10/3/2026,3:08:02 AM,93,67
10/3/2026,3:08:03 AM,93,67
10/3/2026,3:08:04 AM,93,66
10/3/2026,3:08:05 AM,93,66
10/3/2026,3:08:06 AM,93,66
10/3/2026,3:08:07 AM,93,67
10/3/2026,3:08:08 AM,93,67
10/3/2026,3:08:09 AM,93,67
10/3/2026,3:08:10 AM,93,67
10/3/2026,3:08:11 AM,93,67
10/3/2026,3:08:12 AM,93,67
10/3/2026,3:08:13 AM,93,66
10/3/2026,3:08:14 AM,93,66
10/3/2026,3:08:15 AM,93,66
10/3/2026,3:08:16 AM,93,67
10/3/2026,3:08:17 AM,93,67
10/3/2026,3:08:18 AM,93,67
10/3/2026,3:08:19 AM,93,67
10/3/2026,3:08:20 AM,93,67
10/3/2026,3:08:21 AM,93,67
10/3/2026,3:08:22 AM,93,67
10/3/2026,3:08:23 AM,93,67
10/3/2026,3:08:24 AM,93,67
10/3/2026,3:08:25 AM,93,67
10/3/2026,3:08:26 AM,93,67
10/3/2026,3:08:27 AM,93,67
10/3/2026,3:08:28 AM,94,67
10/3/2026,3:08:29 AM,94,67
10/3/2026,3:08:30 AM,94,67
10/3/2026,3:08:31 AM,94,67
10/3/2026,3:08:32 AM,94,67
10/3/2026,3:08:33 AM,94,67
10/3/2026,3:08:34 AM,94,67
10/3/2026,3:08:35 AM,95,67
10/3/2026,3:08:36 AM,94,66
10/3/2026,3:08:37 AM,94,66
10/3/2026,3:08:38 AM,94,66
10/3/2026,3:08:39 AM,94,66
10/3/2026,3:08:40 AM,94,66
10/3/2026,3:08:41 AM,94,66
10/3/2026,3:08:42 AM,94,66
10/3/2026,3:08:43 AM,94,66
10/3/2026,3:08:44 AM,94,66
10/3/2026,3:08:45 AM,94,66
10/3/2026,3:08:46 AM,94,66
10/3/2026,3:08:47 AM,94,66
10/3/2026,3:08:48 AM,94,66
10/3/2026,3:08:49 AM,94,66
10/3/2026,3:08:50 AM,93,66
10/3/2026,3:08:51 AM,93,66
10/3/2026,3:08:52 AM,93,66
10/3/2026,3:08:53 AM,93,66
10/3/2026,3:08:54 AM,93,66
10/3/2026,3:08:55 AM,93,66
10/3/2026,3:08:56 AM,93,66
10/3/2026,3:08:57 AM,93,66
10/3/2026,3:08:58 AM,92,66
10/3/2026,3:08:59 AM,92,66
10/3/2026,3:09:00 AM,92,66
10/3/2026,3:09:01 AM,92,66
10/3/2026,3:09:02 AM,92,66
10/3/2026,3:09:03 AM,92,65
10/3/2026,3:09:04 AM,92,65
10/3/2026,3:09:05 AM,92,65
10/3/2026,3:09:06 AM,92,65
10/3/2026,3:09:07 AM,92,65
10/3/2026,3:09:08 AM,92,65
10/3/2026,3:09:09 AM,93,65
10/3/2026,3:09:10 AM,93,65
10/3/2026,3:09:11 AM,93,65
10/3/2026,3:09:12 AM,93,65
10/3/2026,3:09:13 AM,93,65
10/3/2026,3:09:14 AM,93,65
10/3/2026,3:09:15 AM,93,65
10/3/2026,3:09:16 AM,93,65
10/3/2026,3:09:17 AM,93,64
10/3/2026,3:09:18 AM,93,64
10/3/2026,3:09:19 AM,93,64
10/3/2026,3:09:20 AM,93,64
10/3/2026,3:09:21 AM,93,64
10/3/2026,3:09:22 AM,92,64
10/3/2026,3:09:23 AM,92,64
10/3/2026,3:09:24 AM,92,64
10/3/2026,3:09:25 AM,92,64
10/3/2026,3:09:26 AM,92,64
10/3/2026,3:09:27 AM,92,64
10/3/2026,3:09:28 AM,92,64
10/3/2026,3:09:29 AM,92,64
10/3/2026,3:09:30 AM,92,64
10/3/2026,3:09:31 AM,92,64
10/3/2026,3:09:32 AM,92,64
10/3/2026,3:09:33 AM,92,64
10/3/2026,3:09:34 AM,92,64
10/3/2026,3:09:35 AM,92,64
10/3/2026,3:09:36 AM,93,64
10/3/2026,3:09:37 AM,93,64
10/3/2026,3:09:38 AM,94,64
10/3/2026,3:09:39 AM,94,64
10/3/2026,3:09:40 AM,94,64
10/3/2026,3:09:41 AM,94,64
10/3/2026,3:09:42 AM,95,64
10/3/2026,3:09:43 AM,95,64
10/3/2026,3:09:44 AM,95,64
10/3/2026,3:09:45 AM,95,64
10/3/2026,3:09:46 AM,95,64
10/3/2026,3:09:47 AM,95,64
10/3/2026,3:09:48 AM,95,64
10/3/2026,3:09:49 AM,95,64
10/3/2026,3:09:50 AM,96,64
10/3/2026,3:09:51 AM,96,64
10/3/2026,3:09:52 AM,96,64
10/3/2026,3:09:53 AM,96,64
10/3/2026,3:09:54 AM,96,64
10/3/2026,3:09:55 AM,96,64
10/3/2026,3:09:56 AM,96,64
10/3/2026,3:09:57 AM,96,64
10/3/2026,3:09:58 AM,96,64
10/3/2026,3:09:59 AM,96,64
10/3/2026,3:10:00 AM,96,64
10/3/2026,3:10:01 AM,96,64
10/3/2026,3:10:02 AM,96,64
10/3/2026,3:10:03 AM,96,64
10/3/2026,3:10:04 AM,95,65
10/3/2026,3:10:05 AM,95,64
10/3/2026,3:10:06 AM,95,65
10/3/2026,3:10:07 AM,95,65
10/3/2026,3:10:08 AM,95,65
10/3/2026,3:10:09 AM,95,65
10/3/2026,3:10:10 AM,95,65
10/3/2026,3:10:11 AM,95,65
10/3/2026,3:10:12 AM,94,65
10/3/2026,3:10:13 AM,94,65
10/3/2026,3:10:14 AM,94,65
10/3/2026,3:10:15 AM,94,65
10/3/2026,3:10:16 AM,93,65
10/3/2026,3:10:17 AM,93,65
10/3/2026,3:10:18 AM,93,65
10/3/2026,3:10:19 AM,93,65
10/3/2026,3:10:20 AM,93,66
10/3/2026,3:10:21 AM,93,66
10/3/2026,3:10:22 AM,93,66
10/3/2026,3:10:23 AM,93,66
10/3/2026,3:10:24 AM,93,66
10/3/2026,3:10:25 AM,93,66
10/3/2026,3:10:26 AM,93,66
10/3/2026,3:10:27 AM,93,66
10/3/2026,3:10:28 AM,93,66
10/3/2026,3:10:29 AM,93,66
10/3/2026,3:10:30 AM,93,66
10/3/2026,3:10:31 AM,92,66
10/3/2026,3:10:32 AM,92,66
10/3/2026,3:10:33 AM,92,67
10/3/2026,3:10:34 AM,92,67
10/3/2026,3:10:35 AM,92,67
10/3/2026,3:10:36 AM,92,67
10/3/2026,3:10:37 AM,93,67
10/3/2026,3:10:38 AM,93,67
10/3/2026,3:10:39 AM,93,66
10/3/2026,3:10:40 AM,93,66
10/3/2026,3:10:41 AM,93,66
10/3/2026,3:10:42 AM,93,66
10/3/2026,3:10:43 AM,93,66
10/3/2026,3:10:44 AM,93,66
10/3/2026,3:10:45 AM,93,65
10/3/2026,3:10:46 AM,93,66
10/3/2026,3:10:47 AM,93,66
10/3/2026,3:10:48 AM,93,66
10/3/2026,3:10:49 AM,93,66
10/3/2026,3:10:50 AM,93,66
10/3/2026,3:10:51 AM,93,66
10/3/2026,3:10:52 AM,93,65
10/3/2026,3:10:53 AM,93,65
10/3/2026,3:10:54 AM,93,65
10/3/2026,3:10:55 AM,93,65
10/3/2026,3:10:56 AM,93,65
10/3/2026,3:10:57 AM,93,65
10/3/2026,3:10:58 AM,93,65
10/3/2026,3:10:59 AM,93,65
10/3/2026,3:11:00 AM,93,65
10/3/2026,3:11:01 AM,93,65
10/3/2026,3:11:02 AM,93,65
10/3/2026,3:11:03 AM,93,65
10/3/2026,3:11:04 AM,94,65
10/3/2026,3:11:05 AM,94,65
10/3/2026,3:11:06 AM,94,65
10/3/2026,3:11:07 AM,94,65
10/3/2026,3:11:08 AM,94,65
10/3/2026,3:11:09 AM,94,65
10/3/2026,3:11:10 AM,93,65
10/3/2026,3:11:11 AM,93,65
10/3/2026,3:11:12 AM,93,65
10/3/2026,3:11:13 AM,93,65
10/3/2026,3:11:14 AM,93,65
10/3/2026,3:11:15 AM,93,65
10/3/2026,3:11:16 AM,92,65
10/3/2026,3:11:17 AM,92,65
10/3/2026,3:11:18 AM,92,65
10/3/2026,3:11:19 AM,92,65
10/3/2026,3:11:20 AM,92,65
10/3/2026,3:11:21 AM,92,65
10/3/2026,3:11:22 AM,92,65
10/3/2026,3:11:23 AM,92,66
10/3/2026,3:11:24 AM,92,66
10/3/2026,3:11:25 AM,91,66
10/3/2026,3:11:26 AM,91,66
10/3/2026,3:11:27 AM,91,66
10/3/2026,3:11:28 AM,91,66
10/3/2026,3:11:29 AM,91,66
10/3/2026,3:11:30 AM,91,66
10/3/2026,3:11:31 AM,92,67
10/3/2026,3:11:32 AM,92,66
10/3/2026,3:11:33 AM,93,66
10/3/2026,3:11:34 AM,93,66
10/3/2026,3:11:35 AM,93,66
10/3/2026,3:11:36 AM,94,66
10/3/2026,3:11:37 AM,94,66
10/3/2026,3:11:38 AM,94,66
10/3/2026,3:11:39 AM,94,65
10/3/2026,3:11:40 AM,95,65
10/3/2026,3:11:41 AM,95,65
10/3/2026,3:11:42 AM,95,65
10/3/2026,3:11:43 AM,95,65
10/3/2026,3:11:44 AM,95,65
10/3/2026,3:11:45 AM,95,65
10/3/2026,3:11:46 AM,96,64
10/3/2026,3:11:47 AM,96,64
10/3/2026,3:11:48 AM,96,64
10/3/2026,3:11:49 AM,96,64
10/3/2026,3:11:50 AM,96,64
10/3/2026,3:11:51 AM,95,64
10/3/2026,3:11:52 AM,95,64
10/3/2026,3:11:53 AM,95,64
10/3/2026,3:11:54 AM,95,64
10/3/2026,3:11:55 AM,95,64
10/3/2026,3:11:56 AM,95,64
10/3/2026,3:11:57 AM,95,64
10/3/2026,3:11:58 AM,95,63
10/3/2026,3:11:59 AM,95,63
10/3/2026,3:12:00 AM,95,64
10/3/2026,3:12:01 AM,95,64
10/3/2026,3:12:02 AM,95,64
10/3/2026,3:12:03 AM,95,64
10/3/2026,3:12:04 AM,95,64
10/3/2026,3:12:05 AM,95,64
10/3/2026,3:12:06 AM,95,64
10/3/2026,3:12:07 AM,95,64
10/3/2026,3:12:08 AM,94,64
10/3/2026,3:12:09 AM,94,64
10/3/2026,3:12:10 AM,94,65
10/3/2026,3:12:11 AM,94,65
10/3/2026,3:12:12 AM,94,65
10/3/2026,3:12:13 AM,94,65
10/3/2026,3:12:14 AM,94,65
10/3/2026,3:12:15 AM,93,65
10/3/2026,3:12:16 AM,93,65
10/3/2026,3:12:17 AM,92,65
10/3/2026,3:12:18 AM,92,65
10/3/2026,3:12:19 AM,92,65
10/3/2026,3:12:20 AM,92,65
10/3/2026,3:12:21 AM,92,65
10/3/2026,3:12:22 AM,92,65
10/3/2026,3:12:23 AM,92,65
10/3/2026,3:12:24 AM,92,65
10/3/2026,3:12:25 AM,92,65
10/3/2026,3:12:26 AM,93,64
10/3/2026,3:12:27 AM,93,64
10/3/2026,3:12:28 AM,93,64
10/3/2026,3:12:29 AM,93,63
10/3/2026,3:12:30 AM,94,63
10/3/2026,3:12:31 AM,94,63
10/3/2026,3:12:32 AM,95,63
10/3/2026,3:12:33 AM,95,63
10/3/2026,3:12:34 AM,95,63
10/3/2026,3:12:35 AM,96,63
10/3/2026,3:12:36 AM,96,63
10/3/2026,3:12:37 AM,96,62
10/3/2026,3:12:38 AM,96,62
10/3/2026,3:12:39 AM,96,62
10/3/2026,3:12:40 AM,96,62
10/3/2026,3:12:41 AM,96,62
10/3/2026,3:12:42 AM,96,62
10/3/2026,3:12:43 AM,96,62
10/3/2026,3:12:44 AM,96,62
10/3/2026,3:12:45 AM,96,62
10/3/2026,3:12:46 AM,96,62
10/3/2026,3:12:47 AM,96,62
10/3/2026,3:12:48 AM,96,62
10/3/2026,3:12:49 AM,96,62
10/3/2026,3:12:50 AM,96,62
10/3/2026,3:12:51 AM,96,62
10/3/2026,3:12:52 AM,96,62
10/3/2026,3:12:53 AM,96,62
10/3/2026,3:12:54 AM,96,62
10/3/2026,3:12:55 AM,96,62
10/3/2026,3:12:56 AM,95,62
10/3/2026,3:12:57 AM,95,62
10/3/2026,3:12:58 AM,95,62
10/3/2026,3:12:59 AM,95,62
10/3/2026,3:13:00 AM,95,62
10/3/2026,3:13:01 AM,95,62
10/3/2026,3:13:02 AM,95,62
10/3/2026,3:13:03 AM,95,62
10/3/2026,3:13:04 AM,95,62
10/3/2026,3:13:05 AM,95,62
10/3/2026,3:13:06 AM,95,62
10/3/2026,3:13:07 AM,95,62
10/3/2026,3:13:08 AM,95,62
10/3/2026,3:13:09 AM,95,62
10/3/2026,3:13:10 AM,96,62
10/3/2026,3:13:11 AM,96,62
10/3/2026,3:13:12 AM,96,62
10/3/2026,3:13:13 AM,96,62
10/3/2026,3:13:14 AM,96,62
10/3/2026,3:13:15 AM,96,62
10/3/2026,3:13:16 AM,96,62
10/3/2026,3:13:17 AM,96,62
10/3/2026,3:13:18 AM,96,62
10/3/2026,3:13:19 AM,96,62
10/3/2026,3:13:20 AM,96,62
10/3/2026,3:13:21 AM,96,62
10/3/2026,3:13:22 AM,96,62
10/3/2026,3:13:23 AM,96,62
10/3/2026,3:13:24 AM,96,62
10/3/2026,3:13:25 AM,96,62
10/3/2026,3:13:26 AM,96,62
10/3/2026,3:13:27 AM,96,62
10/3/2026,3:13:28 AM,96,62
10/3/2026,3:13:29 AM,96,62
10/3/2026,3:13:30 AM,96,62
10/3/2026,3:13:31 AM,96,62
10/3/2026,3:13:32 AM,96,62
10/3/2026,3:13:33 AM,96,62
10/3/2026,3:13:34 AM,96,62
10/3/2026,3:13:35 AM,96,62
10/3/2026,3:13:36 AM,96,62
10/3/2026,3:13:37 AM,96,62
10/3/2026,3:13:38 AM,96,62
10/3/2026,3:13:39 AM,95,62
10/3/2026,3:13:40 AM,95,62
10/3/2026,3:13:41 AM,95,62
10/3/2026,3:13:42 AM,95,62
10/3/2026,3:13:43 AM,95,62
10/3/2026,3:13:44 AM,95,62
10/3/2026,3:13:45 AM,95,62
10/3/2026,3:13:46 AM,95,62
10/3/2026,3:13:47 AM,95,62
10/3/2026,3:13:48 AM,95,62
10/3/2026,3:13:49 AM,95,62
10/3/2026,3:13:50 AM,95,62
10/3/2026,3:13:51 AM,95,62
10/3/2026,3:13:52 AM,95,62
10/3/2026,3:13:53 AM,95,62
10/3/2026,3:13:54 AM,95,62
10/3/2026,3:13:55 AM,95,62
10/3/2026,3:13:56 AM,95,62
10/3/2026,3:13:57 AM,96,62
10/3/2026,3:13:58 AM,96,62
10/3/2026,3:13:59 AM,96,62
10/3/2026,3:14:00 AM,96,61
10/3/2026,3:14:01 AM,96,61
10/3/2026,3:14:02 AM,96,61
10/3/2026,3:14:03 AM,96,61
10/3/2026,3:14:04 AM,95,61
10/3/2026,3:14:05 AM,95,62
10/3/2026,3:14:06 AM,95,62
10/3/2026,3:14:07 AM,95,62
10/3/2026,3:14:08 AM,95,62
10/3/2026,3:14:09 AM,95,62
10/3/2026,3:14:10 AM,95,62
10/3/2026,3:14:11 AM,94,62
10/3/2026,3:14:12 AM,94,62
10/3/2026,3:14:13 AM,94,62
10/3/2026,3:14:14 AM,94,62
10/3/2026,3:14:15 AM,94,62
10/3/2026,3:14:16 AM,94,63
10/3/2026,3:14:17 AM,94,62
10/3/2026,3:14:18 AM,94,63
10/3/2026,3:14:19 AM,94,62
10/3/2026,3:14:20 AM,94,62
10/3/2026,3:14:21 AM,94,62
10/3/2026,3:14:22 AM,94,61
10/3/2026,3:14:23 AM,94,61
10/3/2026,3:14:24 AM,94,61
10/3/2026,3:14:25 AM,94,61
10/3/2026,3:14:26 AM,94,60
10/3/2026,3:14:27 AM,94,60
10/3/2026,3:14:28 AM,94,60
10/3/2026,3:14:29 AM,94,60
10/3/2026,3:14:30 AM,94,60
10/3/2026,3:14:31 AM,94,60
10/3/2026,3:14:32 AM,94,61
10/3/2026,3:14:33 AM,94,61
10/3/2026,3:14:34 AM,94,60
10/3/2026,3:14:35 AM,94,60
10/3/2026,3:14:36 AM,94,61
10/3/2026,3:14:37 AM,94,60
10/3/2026,3:14:38 AM,94,61
10/3/2026,3:14:39 AM,94,61
10/3/2026,3:14:40 AM,94,61
10/3/2026,3:14:41 AM,95,61
10/3/2026,3:14:42 AM,95,61
10/3/2026,3:14:43 AM,95,61
10/3/2026,3:14:44 AM,95,61
10/3/2026,3:14:45 AM,95,61
10/3/2026,3:14:46 AM,96,61
10/3/2026,3:14:47 AM,96,61
10/3/2026,3:14:48 AM,96,61
10/3/2026,3:14:49 AM,97,61
10/3/2026,3:14:50 AM,97,61
10/3/2026,3:14:51 AM,97,62
10/3/2026,3:14:52 AM,97,62
10/3/2026,3:14:53 AM,97,62
10/3/2026,3:14:54 AM,97,62
10/3/2026,3:14:55 AM,97,62
10/3/2026,3:14:56 AM,97,62
10/3/2026,3:14:57 AM,97,62
10/3/2026,3:14:58 AM,96,62
10/3/2026,3:14:59 AM,96,62
10/3/2026,3:15:00 AM,96,62
10/3/2026,3:15:01 AM,96,62
10/3/2026,3:15:02 AM,96,62
10/3/2026,3:15:03 AM,96,62
10/3/2026,3:15:04 AM,96,62
10/3/2026,3:15:05 AM,96,62
10/3/2026,3:15:06 AM,96,62
10/3/2026,3:15:07 AM,96,62
10/3/2026,3:15:08 AM,96,62
10/3/2026,3:15:09 AM,96,62
10/3/2026,3:15:10 AM,95,62
10/3/2026,3:15:11 AM,95,62
10/3/2026,3:15:12 AM,95,62
10/3/2026,3:15:13 AM,95,62
10/3/2026,3:15:14 AM,95,62
10/3/2026,3:15:15 AM,95,62
10/3/2026,3:15:16 AM,95,62
10/3/2026,3:15:17 AM,95,62
10/3/2026,3:15:18 AM,95,62
10/3/2026,3:15:19 AM,95,62
10/3/2026,3:15:20 AM,94,62
10/3/2026,3:15:21 AM,94,62
10/3/2026,3:15:22 AM,94,62
10/3/2026,3:15:23 AM,94,63
10/3/2026,3:15:24 AM,94,63
10/3/2026,3:15:25 AM,94,63
10/3/2026,3:15:26 AM,94,63
10/3/2026,3:15:27 AM,93,63
10/3/2026,3:15:28 AM,93,63
10/3/2026,3:15:29 AM,93,63
10/3/2026,3:15:30 AM,93,64
10/3/2026,3:15:31 AM,93,64
10/3/2026,3:15:32 AM,93,64
10/3/2026,3:15:33 AM,93,64
10/3/2026,3:15:34 AM,94,64
10/3/2026,3:15:35 AM,94,64
10/3/2026,3:15:36 AM,94,64
10/3/2026,3:15:37 AM,94,64
10/3/2026,3:15:38 AM,95,64
10/3/2026,3:15:39 AM,95,65
10/3/2026,3:15:40 AM,95,65
10/3/2026,3:15:41 AM,96,65
10/3/2026,3:15:42 AM,96,65
10/3/2026,3:15:43 AM,96,65
10/3/2026,3:15:44 AM,96,65
10/3/2026,3:15:45 AM,96,65
10/3/2026,3:15:46 AM,96,65
10/3/2026,3:15:47 AM,96,65
10/3/2026,3:15:48 AM,96,65
10/3/2026,3:15:49 AM,96,65
10/3/2026,3:15:50 AM,96,65
10/3/2026,3:15:51 AM,96,64
10/3/2026,3:15:52 AM,96,64
10/3/2026,3:15:53 AM,96,64
10/3/2026,3:15:54 AM,96,64
10/3/2026,3:15:55 AM,96,64
10/3/2026,3:15:56 AM,96,64
10/3/2026,3:15:57 AM,96,64
10/3/2026,3:15:58 AM,95,63
10/3/2026,3:15:59 AM,95,63
10/3/2026,3:16:00 AM,95,63
10/3/2026,3:16:01 AM,95,63
10/3/2026,3:16:02 AM,95,63
10/3/2026,3:16:03 AM,95,63
10/3/2026,3:16:04 AM,95,63
10/3/2026,3:16:05 AM,95,63
10/3/2026,3:16:06 AM,95,63
10/3/2026,3:16:07 AM,95,63
10/3/2026,3:16:08 AM,95,63
10/3/2026,3:16:09 AM,95,63
10/3/2026,3:16:10 AM,94,63
10/3/2026,3:16:11 AM,94,63
10/3/2026,3:16:12 AM,94,63
10/3/2026,3:16:13 AM,94,63
10/3/2026,3:16:14 AM,94,63
10/3/2026,3:16:15 AM,94,63
10/3/2026,3:16:16 AM,93,63
10/3/2026,3:16:17 AM,93,63
10/3/2026,3:16:18 AM,93,63
10/3/2026,3:16:19 AM,93,63
10/3/2026,3:16:20 AM,93,63
10/3/2026,3:16:21 AM,93,63
10/3/2026,3:16:22 AM,93,63
10/3/2026,3:16:23 AM,93,63
10/3/2026,3:16:24 AM,93,63
10/3/2026,3:16:25 AM,94,63
10/3/2026,3:16:26 AM,94,63
10/3/2026,3:16:27 AM,94,63
10/3/2026,3:16:28 AM,94,63
10/3/2026,3:16:29 AM,95,63
10/3/2026,3:16:30 AM,95,63
10/3/2026,3:16:31 AM,95,63
10/3/2026,3:16:32 AM,95,63
10/3/2026,3:16:33 AM,95,63
10/3/2026,3:16:34 AM,95,63
10/3/2026,3:16:35 AM,95,63
10/3/2026,3:16:36 AM,94,63
10/3/2026,3:16:37 AM,94,63
10/3/2026,3:16:38 AM,94,63
10/3/2026,3:16:39 AM,94,63
10/3/2026,3:16:40 AM,94,62
10/3/2026,3:16:41 AM,94,62
10/3/2026,3:16:42 AM,94,62
10/3/2026,3:16:43 AM,94,62
10/3/2026,3:16:44 AM,94,62
10/3/2026,3:16:45 AM,94,62
10/3/2026,3:16:46 AM,94,62
10/3/2026,3:16:47 AM,94,62
10/3/2026,3:16:48 AM,94,62
10/3/2026,3:16:49 AM,94,62
10/3/2026,3:16:50 AM,94,62
10/3/2026,3:16:51 AM,94,62
10/3/2026,3:16:52 AM,94,62
10/3/2026,3:16:53 AM,93,62
10/3/2026,3:16:54 AM,93,62
10/3/2026,3:16:55 AM,93,62
10/3/2026,3:16:56 AM,93,62
10/3/2026,3:16:57 AM,93,63
10/3/2026,3:16:58 AM,93,63
10/3/2026,3:16:59 AM,94,63
10/3/2026,3:17:00 AM,94,63
10/3/2026,3:17:01 AM,94,63
10/3/2026,3:17:02 AM,94,63
10/3/2026,3:17:03 AM,94,63
10/3/2026,3:17:04 AM,94,63
10/3/2026,3:17:05 AM,94,63
10/3/2026,3:17:06 AM,94,63
10/3/2026,3:17:07 AM,94,63
10/3/2026,3:17:08 AM,94,63
10/3/2026,3:17:09 AM,94,63
10/3/2026,3:17:10 AM,94,63
10/3/2026,3:17:11 AM,94,63
10/3/2026,3:17:12 AM,94,63
10/3/2026,3:17:13 AM,94,63
10/3/2026,3:17:14 AM,94,63
10/3/2026,3:17:15 AM,94,63
10/3/2026,3:17:16 AM,94,63
10/3/2026,3:17:17 AM,94,63
10/3/2026,3:17:18 AM,94,63
10/3/2026,3:17:19 AM,94,63
10/3/2026,3:17:20 AM,94,63
10/3/2026,3:17:21 AM,94,63
10/3/2026,3:17:22 AM,94,63
10/3/2026,3:17:23 AM,94,63
10/3/2026,3:17:24 AM,94,63
10/3/2026,3:17:25 AM,94,63
10/3/2026,3:17:26 AM,94,63
10/3/2026,3:17:27 AM,94,63
10/3/2026,3:17:28 AM,94,63
10/3/2026,3:17:29 AM,94,63
10/3/2026,3:17:30 AM,94,63
10/3/2026,3:17:31 AM,94,62
10/3/2026,3:17:32 AM,94,62
10/3/2026,3:17:33 AM,94,62
10/3/2026,3:17:34 AM,94,62
10/3/2026,3:17:35 AM,94,62
10/3/2026,3:17:36 AM,94,62
10/3/2026,3:17:37 AM,94,62
10/3/2026,3:17:38 AM,94,62
10/3/2026,3:17:39 AM,94,62
10/3/2026,3:17:40 AM,94,62
10/3/2026,3:17:41 AM,94,62
10/3/2026,3:17:42 AM,94,62
10/3/2026,3:17:43 AM,94,62
10/3/2026,3:17:44 AM,94,62
10/3/2026,3:17:45 AM,94,62
10/3/2026,3:17:46 AM,94,62
10/3/2026,3:17:47 AM,94,62
10/3/2026,3:17:48 AM,94,62
10/3/2026,3:17:49 AM,94,62
10/3/2026,3:17:50 AM,94,62
10/3/2026,3:17:51 AM,94,62
10/3/2026,3:17:52 AM,94,62
10/3/2026,3:17:53 AM,94,62
10/3/2026,3:17:54 AM,94,63
10/3/2026,3:17:55 AM,94,63
10/3/2026,3:17:56 AM,94,63
10/3/2026,3:17:57 AM,94,63
10/3/2026,3:17:58 AM,94,63
10/3/2026,3:17:59 AM,94,63
10/3/2026,3:18:00 AM,94,63
10/3/2026,3:18:01 AM,94,63
10/3/2026,3:18:02 AM,94,63
10/3/2026,3:18:03 AM,94,62
10/3/2026,3:18:04 AM,94,62
10/3/2026,3:18:05 AM,94,62
10/3/2026,3:18:06 AM,94,62
10/3/2026,3:18:07 AM,94,62
10/3/2026,3:18:08 AM,94,62
10/3/2026,3:18:09 AM,94,62
10/3/2026,3:18:10 AM,94,62
10/3/2026,3:18:11 AM,94,62
10/3/2026,3:18:12 AM,94,62
10/3/2026,3:18:13 AM,94,62
10/3/2026,3:18:14 AM,94,62
10/3/2026,3:18:15 AM,94,62
10/3/2026,3:18:16 AM,94,62
10/3/2026,3:18:17 AM,94,62
10/3/2026,3:18:18 AM,95,62
10/3/2026,3:18:19 AM,95,62
10/3/2026,3:18:20 AM,95,62
10/3/2026,3:18:21 AM,95,63
10/3/2026,3:18:22 AM,95,63
10/3/2026,3:18:23 AM,95,63
10/3/2026,3:18:24 AM,95,62
10/3/2026,3:18:25 AM,95,62
10/3/2026,3:18:26 AM,95,62
10/3/2026,3:18:27 AM,95,62
10/3/2026,3:18:28 AM,95,62
10/3/2026,3:18:29 AM,95,62
10/3/2026,3:18:30 AM,95,62
10/3/2026,3:18:31 AM,95,62
10/3/2026,3:18:32 AM,95,62
10/3/2026,3:18:33 AM,95,62
10/3/2026,3:18:34 AM,95,62
10/3/2026,3:18:35 AM,95,62
10/3/2026,3:18:36 AM,95,62
10/3/2026,3:18:37 AM,95,62
10/3/2026,3:18:38 AM,95,62
10/3/2026,3:18:39 AM,95,63
10/3/2026,3:18:40 AM,95,63
10/3/2026,3:18:41 AM,95,63
10/3/2026,3:18:42 AM,95,63
10/3/2026,3:18:43 AM,95,63
10/3/2026,3:18:44 AM,95,63
10/3/2026,3:18:45 AM,95,63
10/3/2026,3:18:46 AM,95,62
10/3/2026,3:18:47 AM,95,63
10/3/2026,3:18:48 AM,95,62
10/3/2026,3:18:49 AM,95,62
10/3/2026,3:18:50 AM,95,62
10/3/2026,3:18:51 AM,95,62
10/3/2026,3:18:52 AM,95,62
10/3/2026,3:18:53 AM,95,62
10/3/2026,3:18:54 AM,95,62
10/3/2026,3:18:55 AM,95,62
10/3/2026,3:18:56 AM,95,62
10/3/2026,3:18:57 AM,95,62
10/3/2026,3:18:58 AM,95,62
10/3/2026,3:18:59 AM,95,62
10/3/2026,3:19:00 AM,95,61
10/3/2026,3:19:01 AM,96,61
10/3/2026,3:19:02 AM,96,61
10/3/2026,3:19:03 AM,96,61
10/3/2026,3:19:04 AM,96,61
10/3/2026,3:19:05 AM,96,61
10/3/2026,3:19:06 AM,96,61
10/3/2026,3:19:07 AM,96,61
10/3/2026,3:19:08 AM,96,61
10/3/2026,3:19:09 AM,96,61
10/3/2026,3:19:10 AM,96,61
10/3/2026,3:19:11 AM,96,61
10/3/2026,3:19:12 AM,96,61
10/3/2026,3:19:13 AM,96,61
10/3/2026,3:19:14 AM,96,61
10/3/2026,3:19:15 AM,96,61
10/3/2026,3:19:16 AM,96,61
10/3/2026,3:19:17 AM,96,61
10/3/2026,3:19:18 AM,96,61
10/3/2026,3:19:19 AM,96,61
10/3/2026,3:19:20 AM,96,61
10/3/2026,3:19:21 AM,96,61
10/3/2026,3:19:22 AM,96,61
10/3/2026,3:19:23 AM,96,61
10/3/2026,3:19:24 AM,96,61
10/3/2026,3:19:25 AM,96,61
10/3/2026,3:19:26 AM,96,61
10/3/2026,3:19:27 AM,96,61
10/3/2026,3:19:28 AM,96,61
10/3/2026,3:19:29 AM,96,61
10/3/2026,3:19:30 AM,95,61
10/3/2026,3:19:31 AM,95,61
10/3/2026,3:19:32 AM,95,61
10/3/2026,3:19:33 AM,95,61
10/3/2026,3:19:34 AM,95,61
10/3/2026,3:19:35 AM,95,61
10/3/2026,3:19:36 AM,95,61
10/3/2026,3:19:37 AM,95,61
10/3/2026,3:19:38 AM,95,61
10/3/2026,3:19:39 AM,95,61
10/3/2026,3:19:40 AM,95,61
10/3/2026,3:19:41 AM,95,61
10/3/2026,3:19:42 AM,95,61
10/3/2026,3:19:43 AM,95,61
10/3/2026,3:19:44 AM,95,61
10/3/2026,3:19:45 AM,95,61
10/3/2026,3:19:46 AM,95,61
10/3/2026,3:19:47 AM,95,61
10/3/2026,3:19:48 AM,95,61
10/3/2026,3:19:49 AM,95,62
10/3/2026,3:19:50 AM,95,62
10/3/2026,3:19:51 AM,95,62
10/3/2026,3:19:52 AM,95,62
10/3/2026,3:19:53 AM,95,62
10/3/2026,3:19:54 AM,95,62
10/3/2026,3:19:55 AM,95,62
10/3/2026,3:19:56 AM,95,62
10/3/2026,3:19:57 AM,95,62
10/3/2026,3:19:58 AM,96,62
10/3/2026,3:19:59 AM,96,62
10/3/2026,3:20:00 AM,96,62
10/3/2026,3:20:01 AM,96,62
10/3/2026,3:20:02 AM,96,62
10/3/2026,3:20:03 AM,96,62
10/3/2026,3:20:04 AM,96,62
10/3/2026,3:20:05 AM,96,62
10/3/2026,3:20:06 AM,96,62
10/3/2026,3:20:07 AM,96,62
10/3/2026,3:20:08 AM,96,62
10/3/2026,3:20:09 AM,96,62
10/3/2026,3:20:10 AM,96,62
10/3/2026,3:20:11 AM,96,62
10/3/2026,3:20:12 AM,96,62
10/3/2026,3:20:13 AM,96,63
10/3/2026,3:20:14 AM,96,63
10/3/2026,3:20:15 AM,96,63
10/3/2026,3:20:16 AM,96,63
10/3/2026,3:20:17 AM,96,63
10/3/2026,3:20:18 AM,96,62
10/3/2026,3:20:19 AM,96,63
10/3/2026,3:20:20 AM,96,62
10/3/2026,3:20:21 AM,96,62
10/3/2026,3:20:22 AM,96,62
10/3/2026,3:20:23 AM,96,62
10/3/2026,3:20:24 AM,96,62
10/3/2026,3:20:25 AM,96,62
10/3/2026,3:20:26 AM,95,62
10/3/2026,3:20:27 AM,95,62
10/3/2026,3:20:28 AM,95,62
10/3/2026,3:20:29 AM,95,62
10/3/2026,3:20:30 AM,95,62
10/3/2026,3:20:31 AM,95,62
10/3/2026,3:20:32 AM,95,62
10/3/2026,3:20:33 AM,95,62
10/3/2026,3:20:34 AM,95,62
10/3/2026,3:20:35 AM,95,62
10/3/2026,3:20:36 AM,95,62
10/3/2026,3:20:37 AM,95,62
10/3/2026,3:20:38 AM,95,62
10/3/2026,3:20:39 AM,95,62
10/3/2026,3:20:40 AM,95,62
10/3/2026,3:20:41 AM,95,62
10/3/2026,3:20:42 AM,95,62
10/3/2026,3:20:43 AM,95,62
10/3/2026,3:20:44 AM,95,62
10/3/2026,3:20:45 AM,95,62
10/3/2026,3:20:46 AM,95,62
10/3/2026,3:20:47 AM,95,62
10/3/2026,3:20:48 AM,95,63
10/3/2026,3:20:49 AM,95,63
10/3/2026,3:20:50 AM,95,63
10/3/2026,3:20:51 AM,95,63
10/3/2026,3:20:52 AM,95,63
10/3/2026,3:20:53 AM,95,64
10/3/2026,3:20:54 AM,95,64
10/3/2026,3:20:55 AM,95,64
10/3/2026,3:20:56 AM,95,64
10/3/2026,3:20:57 AM,95,64
10/3/2026,3:20:58 AM,95,64
10/3/2026,3:20:59 AM,95,64
10/3/2026,3:21:00 AM,95,64
10/3/2026,3:21:01 AM,96,64
10/3/2026,3:21:02 AM,96,64
10/3/2026,3:21:03 AM,96,63
10/3/2026,3:21:04 AM,96,63
10/3/2026,3:21:05 AM,96,63
10/3/2026,3:21:06 AM,96,63
10/3/2026,3:21:07 AM,96,63
10/3/2026,3:21:08 AM,96,63
10/3/2026,3:21:09 AM,96,63
10/3/2026,3:21:10 AM,96,62
10/3/2026,3:21:11 AM,96,63
10/3/2026,3:21:12 AM,96,63
10/3/2026,3:21:13 AM,96,63
10/3/2026,3:21:14 AM,96,63
10/3/2026,3:21:15 AM,96,63
10/3/2026,3:21:16 AM,96,63
10/3/2026,3:21:17 AM,96,63
10/3/2026,3:21:18 AM,96,62
10/3/2026,3:21:19 AM,96,62
10/3/2026,3:21:20 AM,96,62
10/3/2026,3:21:21 AM,96,62
10/3/2026,3:21:22 AM,96,62
10/3/2026,3:21:23 AM,96,62
10/3/2026,3:21:24 AM,96,62
10/3/2026,3:21:25 AM,96,62
10/3/2026,3:21:26 AM,96,62
10/3/2026,3:21:27 AM,96,62
10/3/2026,3:21:28 AM,96,62
10/3/2026,3:21:29 AM,96,62
10/3/2026,3:21:30 AM,96,61
10/3/2026,3:21:31 AM,96,61
10/3/2026,3:21:32 AM,96,61
10/3/2026,3:21:33 AM,96,61
10/3/2026,3:21:34 AM,96,61
10/3/2026,3:21:35 AM,96,62
10/3/2026,3:21:36 AM,96,62
10/3/2026,3:21:37 AM,96,62
10/3/2026,3:21:38 AM,96,62
10/3/2026,3:21:39 AM,96,62
10/3/2026,3:21:40 AM,96,62
10/3/2026,3:21:41 AM,96,62
10/3/2026,3:21:42 AM,95,62
10/3/2026,3:21:43 AM,95,62
10/3/2026,3:21:44 AM,95,62
10/3/2026,3:21:45 AM,95,62
10/3/2026,3:21:46 AM,95,62
10/3/2026,3:21:47 AM,95,62
10/3/2026,3:21:48 AM,95,62
10/3/2026,3:21:49 AM,95,62
10/3/2026,3:21:50 AM,95,62
10/3/2026,3:21:51 AM,95,62
10/3/2026,3:21:52 AM,95,62
10/3/2026,3:21:53 AM,95,62
10/3/2026,3:21:54 AM,95,62
10/3/2026,3:21:55 AM,95,62
10/3/2026,3:21:56 AM,95,62
10/3/2026,3:21:57 AM,95,62
10/3/2026,3:21:58 AM,95,62
10/3/2026,3:21:59 AM,95,63
10/3/2026,3:22:00 AM,95,63
10/3/2026,3:22:01 AM,95,63
10/3/2026,3:22:02 AM,95,63
10/3/2026,3:22:03 AM,95,63
10/3/2026,3:22:04 AM,95,63
10/3/2026,3:22:05 AM,95,63
10/3/2026,3:22:06 AM,95,63
10/3/2026,3:22:07 AM,95,63
10/3/2026,3:22:08 AM,95,63
10/3/2026,3:22:09 AM,95,63
10/3/2026,3:22:10 AM,95,63
10/3/2026,3:22:11 AM,95,63
10/3/2026,3:22:12 AM,95,63
10/3/2026,3:22:13 AM,96,63
10/3/2026,3:22:14 AM,96,63
10/3/2026,3:22:15 AM,96,63
10/3/2026,3:22:16 AM,96,63
10/3/2026,3:22:17 AM,96,63
10/3/2026,3:22:18 AM,96,63
10/3/2026,3:22:19 AM,96,63
10/3/2026,3:22:20 AM,96,63
10/3/2026,3:22:21 AM,96,63
10/3/2026,3:22:22 AM,96,64
10/3/2026,3:22:23 AM,96,64
10/3/2026,3:22:24 AM,96,64
10/3/2026,3:22:25 AM,96,64
10/3/2026,3:22:26 AM,96,64
10/3/2026,3:22:27 AM,96,64
10/3/2026,3:22:28 AM,96,63
10/3/2026,3:22:29 AM,96,64
10/3/2026,3:22:30 AM,96,64
10/3/2026,3:22:31 AM,96,64
10/3/2026,3:22:32 AM,96,64
10/3/2026,3:22:33 AM,95,64
10/3/2026,3:22:34 AM,95,64
10/3/2026,3:22:35 AM,95,64
10/3/2026,3:22:36 AM,95,64
10/3/2026,3:22:37 AM,95,64
10/3/2026,3:22:38 AM,95,64
10/3/2026,3:22:39 AM,95,65
10/3/2026,3:22:40 AM,95,65
10/3/2026,3:22:41 AM,95,65
10/3/2026,3:22:42 AM,95,65
10/3/2026,3:22:43 AM,95,65
10/3/2026,3:22:44 AM,95,64
10/3/2026,3:22:45 AM,95,64
10/3/2026,3:22:46 AM,95,64
10/3/2026,3:22:47 AM,95,63
10/3/2026,3:22:48 AM,95,63
10/3/2026,3:22:49 AM,95,63
10/3/2026,3:22:50 AM,95,63
10/3/2026,3:22:51 AM,95,63
10/3/2026,3:22:52 AM,95,62
10/3/2026,3:22:53 AM,95,62
10/3/2026,3:22:54 AM,95,62
10/3/2026,3:22:55 AM,95,62
10/3/2026,3:22:56 AM,95,63
10/3/2026,3:22:57 AM,95,63
10/3/2026,3:22:58 AM,95,63
10/3/2026,3:22:59 AM,95,63
10/3/2026,3:23:00 AM,95,63
10/3/2026,3:23:01 AM,95,63
10/3/2026,3:23:02 AM,95,63
10/3/2026,3:23:03 AM,96,63
10/3/2026,3:23:04 AM,96,63
10/3/2026,3:23:05 AM,96,63
10/3/2026,3:23:06 AM,96,63
10/3/2026,3:23:07 AM,96,63
10/3/2026,3:23:08 AM,96,62
10/3/2026,3:23:09 AM,96,62
10/3/2026,3:23:10 AM,96,62
10/3/2026,3:23:11 AM,96,62
10/3/2026,3:23:12 AM,96,62
10/3/2026,3:23:13 AM,96,62
10/3/2026,3:23:14 AM,96,62
10/3/2026,3:23:15 AM,96,62
10/3/2026,3:23:16 AM,96,62
10/3/2026,3:23:17 AM,96,62
10/3/2026,3:23:18 AM,96,62
10/3/2026,3:23:19 AM,96,62
10/3/2026,3:23:20 AM,96,62
10/3/2026,3:23:21 AM,96,62
10/3/2026,3:23:22 AM,96,62
10/3/2026,3:23:23 AM,96,62
10/3/2026,3:23:24 AM,96,62
10/3/2026,3:23:25 AM,96,62
10/3/2026,3:23:26 AM,96,62
10/3/2026,3:23:27 AM,96,62
10/3/2026,3:23:28 AM,96,62
10/3/2026,3:23:29 AM,96,62
10/3/2026,3:23:30 AM,96,62
10/3/2026,3:23:31 AM,95,62
10/3/2026,3:23:32 AM,95,62
10/3/2026,3:23:33 AM,95,62
10/3/2026,3:23:34 AM,95,62
10/3/2026,3:23:35 AM,95,62
10/3/2026,3:23:36 AM,95,62
10/3/2026,3:23:37 AM,95,62
10/3/2026,3:23:38 AM,95,62
10/3/2026,3:23:39 AM,95,62
10/3/2026,3:23:40 AM,95,62
10/3/2026,3:23:41 AM,95,62
10/3/2026,3:23:42 AM,95,63
10/3/2026,3:23:43 AM,95,63
10/3/2026,3:23:44 AM,95,63
10/3/2026,3:23:45 AM,95,63
10/3/2026,3:23:46 AM,95,63
10/3/2026,3:23:47 AM,95,63
10/3/2026,3:23:48 AM,95,63
10/3/2026,3:23:49 AM,95,63
10/3/2026,3:23:50 AM,95,63
10/3/2026,3:23:51 AM,95,63
10/3/2026,3:23:52 AM,95,63
10/3/2026,3:23:53 AM,95,63
10/3/2026,3:23:54 AM,95,63
10/3/2026,3:23:55 AM,95,63
10/3/2026,3:23:56 AM,95,63
10/3/2026,3:23:57 AM,95,63
10/3/2026,3:23:58 AM,95,63
10/3/2026,3:23:59 AM,95,62
10/3/2026,3:24:00 AM,95,62
10/3/2026,3:24:01 AM,95,62
10/3/2026,3:24:02 AM,95,62
10/3/2026,3:24:03 AM,95,62
10/3/2026,3:24:04 AM,95,63
10/3/2026,3:24:05 AM,95,63
10/3/2026,3:24:06 AM,95,63
10/3/2026,3:24:07 AM,95,63
10/3/2026,3:24:08 AM,95,63
10/3/2026,3:24:09 AM,95,63
10/3/2026,3:24:10 AM,95,63
10/3/2026,3:24:11 AM,95,64
10/3/2026,3:24:12 AM,95,64
10/3/2026,3:24:13 AM,95,64
10/3/2026,3:24:14 AM,96,64
10/3/2026,3:24:15 AM,95,64
10/3/2026,3:24:16 AM,96,64
10/3/2026,3:24:17 AM,96,64
10/3/2026,3:24:18 AM,96,64
10/3/2026,3:24:19 AM,96,64
10/3/2026,3:24:20 AM,96,63
10/3/2026,3:24:21 AM,96,63
10/3/2026,3:24:22 AM,96,63
10/3/2026,3:24:23 AM,96,63
10/3/2026,3:24:24 AM,96,63
10/3/2026,3:24:25 AM,96,63
10/3/2026,3:24:26 AM,96,63
10/3/2026,3:24:27 AM,96,63
10/3/2026,3:24:28 AM,96,63
10/3/2026,3:24:29 AM,96,63
10/3/2026,3:24:30 AM,96,63
10/3/2026,3:24:31 AM,96,63
10/3/2026,3:24:32 AM,96,63
10/3/2026,3:24:33 AM,96,63
10/3/2026,3:24:34 AM,96,63
10/3/2026,3:24:35 AM,96,63
10/3/2026,3:24:36 AM,96,63
10/3/2026,3:24:37 AM,95,63
10/3/2026,3:24:38 AM,95,63
10/3/2026,3:24:39 AM,95,63
10/3/2026,3:24:40 AM,95,63
10/3/2026,3:24:41 AM,95,63
10/3/2026,3:24:42 AM,95,63
10/3/2026,3:24:43 AM,95,64
10/3/2026,3:24:44 AM,95,64
10/3/2026,3:24:45 AM,95,64
10/3/2026,3:24:46 AM,95,63
10/3/2026,3:24:47 AM,95,63
10/3/2026,3:24:48 AM,95,63
10/3/2026,3:24:49 AM,95,63
10/3/2026,3:24:50 AM,95,63
10/3/2026,3:24:51 AM,95,63
10/3/2026,3:24:52 AM,95,63
10/3/2026,3:24:53 AM,95,63
10/3/2026,3:24:54 AM,94,63
10/3/2026,3:24:55 AM,94,63
10/3/2026,3:24:56 AM,94,63
10/3/2026,3:24:57 AM,94,63
10/3/2026,3:24:58 AM,94,63
10/3/2026,3:24:59 AM,94,63
10/3/2026,3:25:00 AM,94,63
10/3/2026,3:25:01 AM,94,63
10/3/2026,3:25:02 AM,94,62
10/3/2026,3:25:03 AM,94,62
10/3/2026,3:25:04 AM,95,62
10/3/2026,3:25:05 AM,95,63
10/3/2026,3:25:06 AM,94,63
10/3/2026,3:25:07 AM,95,63
10/3/2026,3:25:08 AM,94,63
10/3/2026,3:25:09 AM,95,63
10/3/2026,3:25:10 AM,95,62
10/3/2026,3:25:11 AM,95,63
10/3/2026,3:25:12 AM,95,63
10/3/2026,3:25:13 AM,95,62
10/3/2026,3:25:14 AM,95,62
10/3/2026,3:25:15 AM,95,62
10/3/2026,3:25:16 AM,96,62
10/3/2026,3:25:17 AM,96,62
10/3/2026,3:25:18 AM,96,62
10/3/2026,3:25:19 AM,96,62
10/3/2026,3:25:20 AM,96,63
10/3/2026,3:25:21 AM,96,63
10/3/2026,3:25:22 AM,96,63
10/3/2026,3:25:23 AM,96,63
10/3/2026,3:25:24 AM,97,63
10/3/2026,3:25:25 AM,97,62
10/3/2026,3:25:26 AM,96,62
10/3/2026,3:25:27 AM,96,62
10/3/2026,3:25:28 AM,96,62
10/3/2026,3:25:29 AM,96,62
10/3/2026,3:25:30 AM,96,62
10/3/2026,3:25:31 AM,96,62
10/3/2026,3:25:32 AM,96,62
10/3/2026,3:25:33 AM,96,62
10/3/2026,3:25:34 AM,96,62
10/3/2026,3:25:35 AM,96,62
10/3/2026,3:25:36 AM,96,62
10/3/2026,3:25:37 AM,96,62
10/3/2026,3:25:38 AM,96,62
10/3/2026,3:25:39 AM,96,62
10/3/2026,3:25:40 AM,96,62
10/3/2026,3:25:41 AM,96,62
10/3/2026,3:25:42 AM,96,62
10/3/2026,3:25:43 AM,95,62
10/3/2026,3:25:44 AM,95,62
10/3/2026,3:25:45 AM,95,62
10/3/2026,3:25:46 AM,95,62
10/3/2026,3:25:47 AM,95,62
10/3/2026,3:25:48 AM,95,62
10/3/2026,3:25:49 AM,95,62
10/3/2026,3:25:50 AM,95,63
10/3/2026,3:25:51 AM,95,63
10/3/2026,3:25:52 AM,95,63
10/3/2026,3:25:53 AM,95,63
10/3/2026,3:25:54 AM,95,63
10/3/2026,3:25:55 AM,94,63
10/3/2026,3:25:56 AM,94,63
10/3/2026,3:25:57 AM,94,63
10/3/2026,3:25:58 AM,94,63
10/3/2026,3:25:59 AM,94,63
10/3/2026,3:26:00 AM,94,63
10/3/2026,3:26:01 AM,94,63
10/3/2026,3:26:02 AM,94,63
10/3/2026,3:26:03 AM,95,63
10/3/2026,3:26:04 AM,95,63
10/3/2026,3:26:05 AM,95,63
10/3/2026,3:26:06 AM,95,64
10/3/2026,3:26:07 AM,95,64
10/3/2026,3:26:08 AM,95,64
10/3/2026,3:26:09 AM,95,64
10/3/2026,3:26:10 AM,95,64
10/3/2026,3:26:11 AM,96,65
10/3/2026,3:26:12 AM,96,65
10/3/2026,3:26:13 AM,96,65
10/3/2026,3:26:14 AM,96,65
10/3/2026,3:26:15 AM,96,65
10/3/2026,3:26:16 AM,95,65
10/3/2026,3:26:17 AM,95,65
10/3/2026,3:26:18 AM,95,65
10/3/2026,3:26:19 AM,95,65
10/3/2026,3:26:20 AM,95,65
10/3/2026,3:26:21 AM,94,65
10/3/2026,3:26:22 AM,94,64
10/3/2026,3:26:23 AM,94,64
10/3/2026,3:26:24 AM,95,64
10/3/2026,3:26:25 AM,95,63
10/3/2026,3:26:26 AM,95,63
10/3/2026,3:26:27 AM,95,63
10/3/2026,3:26:28 AM,95,63
10/3/2026,3:26:29 AM,95,62
10/3/2026,3:26:30 AM,95,62
10/3/2026,3:26:31 AM,95,62
10/3/2026,3:26:32 AM,95,61
10/3/2026,3:26:33 AM,95,62
10/3/2026,3:26:34 AM,95,61
10/3/2026,3:26:35 AM,95,61
10/3/2026,3:26:36 AM,95,61
10/3/2026,3:26:37 AM,95,62
10/3/2026,3:26:38 AM,95,62
10/3/2026,3:26:39 AM,96,62
10/3/2026,3:26:40 AM,96,62
10/3/2026,3:26:41 AM,96,62
10/3/2026,3:26:42 AM,96,62
10/3/2026,3:26:43 AM,97,62
10/3/2026,3:26:44 AM,97,62
10/3/2026,3:26:45 AM,97,62
10/3/2026,3:26:46 AM,97,62
10/3/2026,3:26:47 AM,97,62
10/3/2026,3:26:48 AM,97,62
10/3/2026,3:26:49 AM,97,62
10/3/2026,3:26:50 AM,97,62
10/3/2026,3:26:51 AM,97,62
10/3/2026,3:26:52 AM,97,62
10/3/2026,3:26:53 AM,97,62
10/3/2026,3:26:54 AM,96,62
10/3/2026,3:26:55 AM,96,62
10/3/2026,3:26:56 AM,96,62
10/3/2026,3:26:57 AM,96,62
10/3/2026,3:26:58 AM,96,62
10/3/2026,3:26:59 AM,96,61
10/3/2026,3:27:00 AM,96,61
10/3/2026,3:27:01 AM,96,61
10/3/2026,3:27:02 AM,96,61
10/3/2026,3:27:03 AM,95,62
10/3/2026,3:27:04 AM,95,62
10/3/2026,3:27:05 AM,95,62
10/3/2026,3:27:06 AM,95,62
10/3/2026,3:27:07 AM,95,62
10/3/2026,3:27:08 AM,95,62
10/3/2026,3:27:09 AM,95,63
10/3/2026,3:27:10 AM,95,63
10/3/2026,3:27:11 AM,95,63
10/3/2026,3:27:12 AM,95,63
10/3/2026,3:27:13 AM,95,63
10/3/2026,3:27:14 AM,95,63
10/3/2026,3:27:15 AM,95,63
10/3/2026,3:27:16 AM,95,63
10/3/2026,3:27:17 AM,95,63
10/3/2026,3:27:18 AM,95,63
10/3/2026,3:27:19 AM,95,63
10/3/2026,3:27:20 AM,95,63
10/3/2026,3:27:21 AM,96,63
10/3/2026,3:27:22 AM,95,63
10/3/2026,3:27:23 AM,96,63
10/3/2026,3:27:24 AM,96,63
10/3/2026,3:27:25 AM,96,63
10/3/2026,3:27:26 AM,96,63
10/3/2026,3:27:27 AM,96,63
10/3/2026,3:27:28 AM,96,63
10/3/2026,3:27:29 AM,96,63
10/3/2026,3:27:30 AM,96,63
10/3/2026,3:27:31 AM,96,63
10/3/2026,3:27:32 AM,96,63
10/3/2026,3:27:33 AM,96,63
10/3/2026,3:27:34 AM,96,63
10/3/2026,3:27:35 AM,96,63
10/3/2026,3:27:36 AM,96,63
10/3/2026,3:27:37 AM,96,63
10/3/2026,3:27:38 AM,96,63
10/3/2026,3:27:39 AM,96,63
10/3/2026,3:27:40 AM,96,63
10/3/2026,3:27:41 AM,96,63
10/3/2026,3:27:42 AM,96,63
10/3/2026,3:27:43 AM,95,63
10/3/2026,3:27:44 AM,95,63
10/3/2026,3:27:45 AM,95,63
10/3/2026,3:27:46 AM,95,63
10/3/2026,3:27:47 AM,95,63
10/3/2026,3:27:48 AM,95,63
10/3/2026,3:27:49 AM,95,63
10/3/2026,3:27:50 AM,95,63
10/3/2026,3:27:51 AM,95,63
10/3/2026,3:27:52 AM,95,63
10/3/2026,3:27:53 AM,95,63
10/3/2026,3:27:54 AM,95,63
10/3/2026,3:27:55 AM,95,63
10/3/2026,3:27:56 AM,95,63
10/3/2026,3:27:57 AM,94,63
10/3/2026,3:27:58 AM,94,63
10/3/2026,3:27:59 AM,94,63
10/3/2026,3:28:00 AM,94,63
10/3/2026,3:28:01 AM,94,63
10/3/2026,3:28:02 AM,94,63
10/3/2026,3:28:03 AM,94,63
10/3/2026,3:28:04 AM,94,64
10/3/2026,3:28:05 AM,94,64
10/3/2026,3:28:06 AM,94,64
10/3/2026,3:28:07 AM,94,64
10/3/2026,3:28:08 AM,94,64
10/3/2026,3:28:09 AM,94,64
10/3/2026,3:28:10 AM,94,64
10/3/2026,3:28:11 AM,94,63
10/3/2026,3:28:12 AM,94,64
10/3/2026,3:28:13 AM,94,63
10/3/2026,3:28:14 AM,94,63
10/3/2026,3:28:15 AM,94,63
10/3/2026,3:28:16 AM,94,63
10/3/2026,3:28:17 AM,94,63
10/3/2026,3:28:18 AM,94,63
10/3/2026,3:28:19 AM,94,63
10/3/2026,3:28:20 AM,94,63
10/3/2026,3:28:21 AM,94,63
10/3/2026,3:28:22 AM,95,63
10/3/2026,3:28:23 AM,95,63
10/3/2026,3:28:24 AM,95,63
10/3/2026,3:28:25 AM,95,63
10/3/2026,3:28:26 AM,95,63
10/3/2026,3:28:27 AM,95,63
10/3/2026,3:28:28 AM,95,63
10/3/2026,3:28:29 AM,95,63
10/3/2026,3:28:30 AM,95,63
10/3/2026,3:28:31 AM,95,63
10/3/2026,3:28:32 AM,95,63
10/3/2026,3:28:33 AM,95,63
10/3/2026,3:28:34 AM,95,63
10/3/2026,3:28:35 AM,95,63
10/3/2026,3:28:36 AM,95,63
10/3/2026,3:28:37 AM,95,63
10/3/2026,3:28:38 AM,95,62
10/3/2026,3:28:39 AM,95,62
10/3/2026,3:28:40 AM,95,62
10/3/2026,3:28:41 AM,95,62
10/3/2026,3:28:42 AM,95,62
10/3/2026,3:28:43 AM,95,62
10/3/2026,3:28:44 AM,95,62
10/3/2026,3:28:45 AM,95,62
10/3/2026,3:28:46 AM,95,62
10/3/2026,3:28:47 AM,95,62
10/3/2026,3:28:48 AM,95,62
10/3/2026,3:28:49 AM,95,62
10/3/2026,3:28:50 AM,95,62
10/3/2026,3:28:51 AM,95,62
10/3/2026,3:28:52 AM,95,62
10/3/2026,3:28:53 AM,94,62
10/3/2026,3:28:54 AM,94,62
10/3/2026,3:28:55 AM,94,62
10/3/2026,3:28:56 AM,94,62
10/3/2026,3:28:57 AM,94,62
10/3/2026,3:28:58 AM,94,63
10/3/2026,3:28:59 AM,94,63
10/3/2026,3:29:00 AM,94,63
10/3/2026,3:29:01 AM,95,63
10/3/2026,3:29:02 AM,95,63
10/3/2026,3:29:03 AM,95,63
10/3/2026,3:29:04 AM,95,63
10/3/2026,3:29:05 AM,95,63
10/3/2026,3:29:06 AM,95,63
10/3/2026,3:29:07 AM,95,63
10/3/2026,3:29:08 AM,95,63
10/3/2026,3:29:09 AM,95,63
10/3/2026,3:29:10 AM,95,63
10/3/2026,3:29:11 AM,95,63
10/3/2026,3:29:12 AM,95,63
10/3/2026,3:29:13 AM,94,63
10/3/2026,3:29:14 AM,94,63
10/3/2026,3:29:15 AM,94,63
10/3/2026,3:29:16 AM,94,64
10/3/2026,3:29:17 AM,94,63
10/3/2026,3:29:18 AM,94,64
10/3/2026,3:29:19 AM,94,64
10/3/2026,3:29:20 AM,94,63
10/3/2026,3:29:21 AM,94,64
10/3/2026,3:29:22 AM,94,63
10/3/2026,3:29:23 AM,94,63
10/3/2026,3:29:24 AM,94,63
10/3/2026,3:29:25 AM,94,63
10/3/2026,3:29:26 AM,94,63
10/3/2026,3:29:27 AM,94,63
10/3/2026,3:29:28 AM,94,63
10/3/2026,3:29:29 AM,94,63
10/3/2026,3:29:30 AM,94,63
10/3/2026,3:29:31 AM,94,63
10/3/2026,3:29:32 AM,94,63
10/3/2026,3:29:33 AM,94,63
10/3/2026,3:29:34 AM,95,63
10/3/2026,3:29:35 AM,95,63
10/3/2026,3:29:36 AM,95,63
10/3/2026,3:29:37 AM,95,63
10/3/2026,3:29:38 AM,95,63
10/3/2026,3:29:39 AM,95,63
10/3/2026,3:29:40 AM,95,63
10/3/2026,3:29:41 AM,95,63
10/3/2026,3:29:42 AM,95,63
10/3/2026,3:29:43 AM,95,63
10/3/2026,3:29:44 AM,95,63
10/3/2026,3:29:45 AM,95,63
10/3/2026,3:29:46 AM,95,63
10/3/2026,3:29:47 AM,95,63
10/3/2026,3:29:48 AM,95,63
10/3/2026,3:29:49 AM,95,63
10/3/2026,3:29:50 AM,95,63
10/3/2026,3:29:51 AM,95,63
10/3/2026,3:29:52 AM,95,63
10/3/2026,3:29:53 AM,95,63
10/3/2026,3:29:54 AM,95,63
10/3/2026,3:29:55 AM,95,63
10/3/2026,3:29:56 AM,95,63
10/3/2026,3:29:57 AM,95,63
10/3/2026,3:29:58 AM,95,64
10/3/2026,3:29:59 AM,95,64
10/3/2026,3:30:00 AM,95,64
10/3/2026,3:30:01 AM,95,64
10/3/2026,3:30:02 AM,95,63
10/3/2026,3:30:03 AM,95,63
10/3/2026,3:30:04 AM,95,63
10/3/2026,3:30:05 AM,95,63
10/3/2026,3:30:06 AM,95,63
10/3/2026,3:30:07 AM,95,63
10/3/2026,3:30:08 AM,95,63
10/3/2026,3:30:09 AM,95,63
10/3/2026,3:30:10 AM,95,63
10/3/2026,3:30:11 AM,95,63
10/3/2026,3:30:12 AM,95,63
10/3/2026,3:30:13 AM,95,63
10/3/2026,3:30:14 AM,95,63
10/3/2026,3:30:15 AM,95,63
10/3/2026,3:30:16 AM,95,63
10/3/2026,3:30:17 AM,95,63
10/3/2026,3:30:18 AM,95,62
10/3/2026,3:30:19 AM,95,62
10/3/2026,3:30:20 AM,95,62
10/3/2026,3:30:21 AM,95,62
10/3/2026,3:30:22 AM,95,62
10/3/2026,3:30:23 AM,95,62
10/3/2026,3:30:24 AM,95,62
10/3/2026,3:30:25 AM,95,62
10/3/2026,3:30:26 AM,95,62
10/3/2026,3:30:27 AM,95,62
10/3/2026,3:30:28 AM,95,62
10/3/2026,3:30:29 AM,95,62
10/3/2026,3:30:30 AM,95,62
10/3/2026,3:30:31 AM,95,62
10/3/2026,3:30:32 AM,95,62
10/3/2026,3:30:33 AM,95,62
10/3/2026,3:30:34 AM,95,63
10/3/2026,3:30:35 AM,95,63
10/3/2026,3:30:36 AM,95,63
10/3/2026,3:30:37 AM,95,63
10/3/2026,3:30:38 AM,95,63
10/3/2026,3:30:39 AM,95,63
10/3/2026,3:30:40 AM,95,64
10/3/2026,3:30:41 AM,95,63
10/3/2026,3:30:42 AM,95,63
10/3/2026,3:30:43 AM,95,63
10/3/2026,3:30:44 AM,95,63
10/3/2026,3:30:45 AM,95,63
10/3/2026,3:30:46 AM,95,63
10/3/2026,3:30:47 AM,95,62
10/3/2026,3:30:48 AM,95,63
10/3/2026,3:30:49 AM,95,62
10/3/2026,3:30:50 AM,95,62
10/3/2026,3:30:51 AM,95,63
10/3/2026,3:30:52 AM,95,62
10/3/2026,3:30:53 AM,95,62
10/3/2026,3:30:54 AM,95,62
10/3/2026,3:30:55 AM,95,62
10/3/2026,3:30:56 AM,95,62
10/3/2026,3:30:57 AM,96,62
10/3/2026,3:30:58 AM,96,62
10/3/2026,3:30:59 AM,96,62
10/3/2026,3:31:00 AM,96,62
10/3/2026,3:31:01 AM,96,62
10/3/2026,3:31:02 AM,96,62
10/3/2026,3:31:03 AM,96,62
10/3/2026,3:31:04 AM,96,62
10/3/2026,3:31:05 AM,96,62
10/3/2026,3:31:06 AM,96,62
10/3/2026,3:31:07 AM,96,62
10/3/2026,3:31:08 AM,96,62
10/3/2026,3:31:09 AM,96,62
10/3/2026,3:31:10 AM,96,62
10/3/2026,3:31:11 AM,96,62
10/3/2026,3:31:12 AM,96,63
10/3/2026,3:31:13 AM,96,63
10/3/2026,3:31:14 AM,96,63
10/3/2026,3:31:15 AM,96,63
10/3/2026,3:31:16 AM,95,63
10/3/2026,3:31:17 AM,95,63
10/3/2026,3:31:18 AM,95,63
10/3/2026,3:31:19 AM,95,63
10/3/2026,3:31:20 AM,95,63
10/3/2026,3:31:21 AM,95,63
10/3/2026,3:31:22 AM,95,63
10/3/2026,3:31:23 AM,95,63
10/3/2026,3:31:24 AM,95,63
10/3/2026,3:31:25 AM,95,63
10/3/2026,3:31:26 AM,95,63
10/3/2026,3:31:27 AM,95,63
10/3/2026,3:31:28 AM,95,63
10/3/2026,3:31:29 AM,95,63
10/3/2026,3:31:30 AM,95,64
10/3/2026,3:31:31 AM,95,64
10/3/2026,3:31:32 AM,94,64
10/3/2026,3:31:33 AM,94,65
10/3/2026,3:31:34 AM,94,65
10/3/2026,3:31:35 AM,94,65
10/3/2026,3:31:36 AM,94,65
10/3/2026,3:31:37 AM,94,65
10/3/2026,3:31:38 AM,94,65
10/3/2026,3:31:39 AM,94,65
10/3/2026,3:31:40 AM,94,64
10/3/2026,3:31:41 AM,94,64
10/3/2026,3:31:42 AM,94,64
10/3/2026,3:31:43 AM,94,63
10/3/2026,3:31:44 AM,94,63
10/3/2026,3:31:45 AM,95,63
10/3/2026,3:31:46 AM,94,62
10/3/2026,3:31:47 AM,95,62
10/3/2026,3:31:48 AM,95,62
10/3/2026,3:31:49 AM,95,62
10/3/2026,3:31:50 AM,95,62
10/3/2026,3:31:51 AM,95,62
10/3/2026,3:31:52 AM,95,62
10/3/2026,3:31:53 AM,95,62
10/3/2026,3:31:54 AM,95,62
10/3/2026,3:31:55 AM,96,62
10/3/2026,3:31:56 AM,96,62
10/3/2026,3:31:57 AM,96,62
10/3/2026,3:31:58 AM,96,62
10/3/2026,3:31:59 AM,97,62
10/3/2026,3:32:00 AM,97,63
10/3/2026,3:32:01 AM,97,63
10/3/2026,3:32:02 AM,97,63
10/3/2026,3:32:03 AM,97,63
10/3/2026,3:32:04 AM,97,63
10/3/2026,3:32:05 AM,97,63
10/3/2026,3:32:06 AM,97,63
10/3/2026,3:32:07 AM,96,63
10/3/2026,3:32:08 AM,96,63
10/3/2026,3:32:09 AM,96,63
10/3/2026,3:32:10 AM,96,63
10/3/2026,3:32:11 AM,96,63
10/3/2026,3:32:12 AM,96,63
10/3/2026,3:32:13 AM,96,63
10/3/2026,3:32:14 AM,96,63
10/3/2026,3:32:15 AM,96,63
10/3/2026,3:32:16 AM,96,63
10/3/2026,3:32:17 AM,96,62
10/3/2026,3:32:18 AM,96,62
10/3/2026,3:32:19 AM,96,62
10/3/2026,3:32:20 AM,96,62
10/3/2026,3:32:21 AM,95,62
10/3/2026,3:32:22 AM,95,62
10/3/2026,3:32:23 AM,95,62
10/3/2026,3:32:24 AM,95,62
10/3/2026,3:32:25 AM,95,62
10/3/2026,3:32:26 AM,95,62
10/3/2026,3:32:27 AM,95,62
10/3/2026,3:32:28 AM,95,62
10/3/2026,3:32:29 AM,95,62
10/3/2026,3:32:30 AM,95,62
10/3/2026,3:32:31 AM,95,62
10/3/2026,3:32:32 AM,95,62
10/3/2026,3:32:33 AM,95,62
10/3/2026,3:32:34 AM,94,62
10/3/2026,3:32:35 AM,94,63
10/3/2026,3:32:36 AM,94,63
10/3/2026,3:32:37 AM,94,63
10/3/2026,3:32:38 AM,94,64
10/3/2026,3:32:39 AM,94,64
10/3/2026,3:32:40 AM,94,64
10/3/2026,3:32:41 AM,94,64
10/3/2026,3:32:42 AM,94,64
10/3/2026,3:32:43 AM,94,64
10/3/2026,3:32:44 AM,94,64
10/3/2026,3:32:45 AM,94,64
10/3/2026,3:32:46 AM,94,64
10/3/2026,3:32:47 AM,94,63
10/3/2026,3:32:48 AM,94,63
10/3/2026,3:32:49 AM,94,63
10/3/2026,3:32:50 AM,94,63
10/3/2026,3:32:51 AM,94,63
10/3/2026,3:32:52 AM,94,63
10/3/2026,3:32:53 AM,94,63
10/3/2026,3:32:54 AM,94,63
10/3/2026,3:32:55 AM,94,63
10/3/2026,3:32:56 AM,95,63
10/3/2026,3:32:57 AM,95,63
10/3/2026,3:32:58 AM,95,63
10/3/2026,3:32:59 AM,95,63
10/3/2026,3:33:00 AM,96,63
10/3/2026,3:33:01 AM,96,63
10/3/2026,3:33:02 AM,96,63
10/3/2026,3:33:03 AM,96,63
10/3/2026,3:33:04 AM,97,62
10/3/2026,3:33:05 AM,97,62
10/3/2026,3:33:06 AM,97,62
10/3/2026,3:33:07 AM,97,62
10/3/2026,3:33:08 AM,97,62
10/3/2026,3:33:09 AM,97,61
10/3/2026,3:33:10 AM,97,61
10/3/2026,3:33:11 AM,97,61
10/3/2026,3:33:12 AM,96,61
10/3/2026,3:33:13 AM,96,61
10/3/2026,3:33:14 AM,96,61
10/3/2026,3:33:15 AM,96,61
10/3/2026,3:33:16 AM,96,61
10/3/2026,3:33:17 AM,96,61
10/3/2026,3:33:18 AM,96,62
10/3/2026,3:33:19 AM,96,62
10/3/2026,3:33:20 AM,96,62
10/3/2026,3:33:21 AM,96,62
10/3/2026,3:33:22 AM,96,62
10/3/2026,3:33:23 AM,96,62
10/3/2026,3:33:24 AM,96,62
10/3/2026,3:33:25 AM,96,62
10/3/2026,3:33:26 AM,96,63
10/3/2026,3:33:27 AM,96,63
10/3/2026,3:33:28 AM,96,63
10/3/2026,3:33:29 AM,96,63
10/3/2026,3:33:30 AM,96,63
10/3/2026,3:33:31 AM,96,63
10/3/2026,3:33:32 AM,96,63
10/3/2026,3:33:33 AM,96,63
10/3/2026,3:33:34 AM,95,62
10/3/2026,3:33:35 AM,95,62
10/3/2026,3:33:36 AM,95,62
10/3/2026,3:33:37 AM,95,62
10/3/2026,3:33:38 AM,95,62
10/3/2026,3:33:39 AM,95,62
10/3/2026,3:33:40 AM,95,62
10/3/2026,3:33:41 AM,95,61
10/3/2026,3:33:42 AM,95,61
10/3/2026,3:33:43 AM,95,61
10/3/2026,3:33:44 AM,95,61
10/3/2026,3:33:45 AM,95,61
10/3/2026,3:33:46 AM,95,61
10/3/2026,3:33:47 AM,95,61
10/3/2026,3:33:48 AM,95,61
10/3/2026,3:33:49 AM,95,62
10/3/2026,3:33:50 AM,95,62
10/3/2026,3:33:51 AM,95,62
10/3/2026,3:33:52 AM,95,62
10/3/2026,3:33:53 AM,95,63
10/3/2026,3:33:54 AM,95,64
10/3/2026,3:33:55 AM,95,65
10/3/2026,3:33:56 AM,95,65
10/3/2026,3:33:57 AM,95,66
10/3/2026,3:33:58 AM,95,66
10/3/2026,3:33:59 AM,95,66
10/3/2026,3:34:00 AM,94,66
10/3/2026,3:34:01 AM,94,66
10/3/2026,3:34:02 AM,94,65
10/3/2026,3:34:03 AM,94,65
10/3/2026,3:34:04 AM,94,65
10/3/2026,3:34:05 AM,94,65
10/3/2026,3:34:06 AM,95,65
10/3/2026,3:34:07 AM,95,65
10/3/2026,3:34:08 AM,95,65
10/3/2026,3:34:09 AM,95,65
10/3/2026,3:34:10 AM,95,65
10/3/2026,3:34:11 AM,94,64
10/3/2026,3:34:12 AM,94,64
10/3/2026,3:34:13 AM,94,64
10/3/2026,3:34:14 AM,94,64
10/3/2026,3:34:15 AM,94,64
10/3/2026,3:34:16 AM,94,64
10/3/2026,3:34:17 AM,94,64
10/3/2026,3:34:18 AM,94,64
10/3/2026,3:34:19 AM,94,64
10/3/2026,3:34:20 AM,94,64
10/3/2026,3:34:21 AM,94,64
10/3/2026,3:34:22 AM,94,64
10/3/2026,3:34:23 AM,94,63
10/3/2026,3:34:24 AM,94,63
10/3/2026,3:34:25 AM,94,63
10/3/2026,3:34:26 AM,94,63
10/3/2026,3:34:27 AM,94,62
10/3/2026,3:34:28 AM,94,62
10/3/2026,3:34:29 AM,94,61
10/3/2026,3:34:30 AM,94,61
10/3/2026,3:34:31 AM,94,61
10/3/2026,3:34:32 AM,95,60
10/3/2026,3:34:33 AM,95,60
10/3/2026,3:34:34 AM,95,60
10/3/2026,3:34:35 AM,96,60
10/3/2026,3:34:36 AM,96,60
10/3/2026,3:34:37 AM,97,60
10/3/2026,3:34:38 AM,97,60
10/3/2026,3:34:39 AM,97,60
10/3/2026,3:34:40 AM,97,60
10/3/2026,3:34:41 AM,98,60
10/3/2026,3:34:42 AM,98,60
10/3/2026,3:34:43 AM,98,60
10/3/2026,3:34:44 AM,98,60
10/3/2026,3:34:45 AM,98,60
10/3/2026,3:34:46 AM,97,60
10/3/2026,3:34:47 AM,97,60
10/3/2026,3:34:48 AM,97,60
10/3/2026,3:34:49 AM,97,61
10/3/2026,3:34:50 AM,97,61
10/3/2026,3:34:51 AM,96,61
10/3/2026,3:34:52 AM,96,61
10/3/2026,3:34:53 AM,96,62
10/3/2026,3:34:54 AM,96,62
10/3/2026,3:34:55 AM,96,62
10/3/2026,3:34:56 AM,95,62
10/3/2026,3:34:57 AM,95,63
10/3/2026,3:34:58 AM,95,63
10/3/2026,3:34:59 AM,95,63
10/3/2026,3:35:00 AM,95,63
10/3/2026,3:35:01 AM,95,63
10/3/2026,3:35:02 AM,95,63
10/3/2026,3:35:03 AM,95,63
10/3/2026,3:35:04 AM,95,63
10/3/2026,3:35:05 AM,95,63
10/3/2026,3:35:06 AM,95,63
10/3/2026,3:35:07 AM,95,63
10/3/2026,3:35:08 AM,95,62
10/3/2026,3:35:09 AM,95,62
10/3/2026,3:35:10 AM,95,62
10/3/2026,3:35:11 AM,95,62
10/3/2026,3:35:12 AM,96,62
10/3/2026,3:35:13 AM,96,62
10/3/2026,3:35:14 AM,96,62
10/3/2026,3:35:15 AM,96,62
10/3/2026,3:35:16 AM,96,62
10/3/2026,3:35:17 AM,96,62
10/3/2026,3:35:18 AM,96,62
10/3/2026,3:35:19 AM,96,62
10/3/2026,3:35:20 AM,96,62
10/3/2026,3:35:21 AM,96,62
10/3/2026,3:35:22 AM,96,62
10/3/2026,3:35:23 AM,96,62
10/3/2026,3:35:24 AM,96,62
10/3/2026,3:35:25 AM,96,62
10/3/2026,3:35:26 AM,96,62
10/3/2026,3:35:27 AM,96,62
10/3/2026,3:35:28 AM,96,62
10/3/2026,3:35:29 AM,96,62
10/3/2026,3:35:30 AM,96,62
10/3/2026,3:35:31 AM,96,62
10/3/2026,3:35:32 AM,96,61
10/3/2026,3:35:33 AM,96,61
10/3/2026,3:35:34 AM,96,61
10/3/2026,3:35:35 AM,96,61
10/3/2026,3:35:36 AM,96,61
10/3/2026,3:35:37 AM,96,61
10/3/2026,3:35:38 AM,96,61
10/3/2026,3:35:39 AM,96,61
10/3/2026,3:35:40 AM,96,62
10/3/2026,3:35:41 AM,96,62
10/3/2026,3:35:42 AM,95,62
10/3/2026,3:35:43 AM,95,62
10/3/2026,3:35:44 AM,95,62
10/3/2026,3:35:45 AM,95,62
10/3/2026,3:35:46 AM,95,62
10/3/2026,3:35:47 AM,95,62
10/3/2026,3:35:48 AM,95,62
10/3/2026,3:35:49 AM,95,62
10/3/2026,3:35:50 AM,95,62
10/3/2026,3:35:51 AM,95,62
10/3/2026,3:35:52 AM,95,62
10/3/2026,3:35:53 AM,94,61
10/3/2026,3:35:54 AM,94,61
10/3/2026,3:35:55 AM,94,61
10/3/2026,3:35:56 AM,94,61
10/3/2026,3:35:57 AM,94,61
10/3/2026,3:35:58 AM,94,61
10/3/2026,3:35:59 AM,94,61
10/3/2026,3:36:00 AM,94,61
10/3/2026,3:36:01 AM,94,62
10/3/2026,3:36:02 AM,93,62
10/3/2026,3:36:03 AM,93,62
10/3/2026,3:36:04 AM,93,62
10/3/2026,3:36:05 AM,93,62
10/3/2026,3:36:06 AM,93,62
10/3/2026,3:36:07 AM,93,62
10/3/2026,3:36:08 AM,93,62
10/3/2026,3:36:09 AM,93,62
10/3/2026,3:36:10 AM,93,62
10/3/2026,3:36:11 AM,93,62
10/3/2026,3:36:12 AM,93,62
10/3/2026,3:36:13 AM,93,62
10/3/2026,3:36:14 AM,93,62
10/3/2026,3:36:15 AM,93,62
10/3/2026,3:36:16 AM,93,62
10/3/2026,3:36:17 AM,93,62
10/3/2026,3:36:18 AM,93,62
10/3/2026,3:36:19 AM,93,62
10/3/2026,3:36:20 AM,93,62
10/3/2026,3:36:21 AM,93,62
10/3/2026,3:36:22 AM,93,62
10/3/2026,3:36:23 AM,93,62
10/3/2026,3:36:24 AM,93,62
10/3/2026,3:36:25 AM,93,62
10/3/2026,3:36:26 AM,93,62
10/3/2026,3:36:27 AM,93,63
10/3/2026,3:36:28 AM,93,63
10/3/2026,3:36:29 AM,93,63
10/3/2026,3:36:30 AM,93,63
10/3/2026,3:36:31 AM,93,64
10/3/2026,3:36:32 AM,93,64
10/3/2026,3:36:33 AM,93,64
10/3/2026,3:36:34 AM,93,64
10/3/2026,3:36:35 AM,93,64
10/3/2026,3:36:36 AM,93,63
10/3/2026,3:36:37 AM,94,63
10/3/2026,3:36:38 AM,94,63
10/3/2026,3:36:39 AM,95,63
10/3/2026,3:36:40 AM,95,62
10/3/2026,3:36:41 AM,97,62
10/3/2026,3:36:42 AM,97,62
10/3/2026,3:36:43 AM,98,62
10/3/2026,3:36:44 AM,98,62
10/3/2026,3:36:45 AM,98,62
10/3/2026,3:36:46 AM,98,62
10/3/2026,3:36:47 AM,98,62
10/3/2026,3:36:48 AM,98,62
10/3/2026,3:36:49 AM,98,62
10/3/2026,3:36:50 AM,98,62
10/3/2026,3:36:51 AM,98,62
10/3/2026,3:36:52 AM,98,62
10/3/2026,3:36:53 AM,98,62
10/3/2026,3:36:54 AM,98,62
10/3/2026,3:36:55 AM,98,62
10/3/2026,3:36:56 AM,97,62
10/3/2026,3:36:57 AM,97,62
10/3/2026,3:36:58 AM,97,62
10/3/2026,3:36:59 AM,97,62
10/3/2026,3:37:00 AM,97,62
10/3/2026,3:37:01 AM,97,62
10/3/2026,3:37:02 AM,97,62
10/3/2026,3:37:03 AM,97,62
10/3/2026,3:37:04 AM,97,62
10/3/2026,3:37:05 AM,97,62
10/3/2026,3:37:06 AM,97,62
10/3/2026,3:37:07 AM,97,62
10/3/2026,3:37:08 AM,97,62
10/3/2026,3:37:09 AM,97,62
10/3/2026,3:37:10 AM,97,62
10/3/2026,3:37:11 AM,97,62
10/3/2026,3:37:12 AM,97,62
10/3/2026,3:37:13 AM,96,62
10/3/2026,3:37:14 AM,96,62
10/3/2026,3:37:15 AM,96,62
10/3/2026,3:37:16 AM,96,62
10/3/2026,3:37:17 AM,96,62
10/3/2026,3:37:18 AM,96,62
10/3/2026,3:37:19 AM,96,62
10/3/2026,3:37:20 AM,96,62
10/3/2026,3:37:21 AM,96,62
10/3/2026,3:37:22 AM,95,62
10/3/2026,3:37:23 AM,95,61
10/3/2026,3:37:24 AM,95,61
10/3/2026,3:37:25 AM,95,61
10/3/2026,3:37:26 AM,95,61
10/3/2026,3:37:27 AM,95,61
10/3/2026,3:37:28 AM,95,61
10/3/2026,3:37:29 AM,95,61
10/3/2026,3:37:30 AM,95,61
10/3/2026,3:37:31 AM,95,61
10/3/2026,3:37:32 AM,95,61
10/3/2026,3:37:33 AM,95,61
10/3/2026,3:37:34 AM,95,61
10/3/2026,3:37:35 AM,94,61
10/3/2026,3:37:36 AM,94,61
10/3/2026,3:37:37 AM,94,61
10/3/2026,3:37:38 AM,94,61
10/3/2026,3:37:39 AM,94,61
10/3/2026,3:37:40 AM,94,62
10/3/2026,3:37:41 AM,94,62
10/3/2026,3:37:42 AM,94,62
10/3/2026,3:37:43 AM,94,62
10/3/2026,3:37:44 AM,94,61
10/3/2026,3:37:45 AM,94,61
10/3/2026,3:37:46 AM,94,61
10/3/2026,3:37:47 AM,94,61
10/3/2026,3:37:48 AM,95,61
10/3/2026,3:37:49 AM,95,61
10/3/2026,3:37:50 AM,96,61
10/3/2026,3:37:51 AM,96,61
10/3/2026,3:37:52 AM,96,61
10/3/2026,3:37:53 AM,96,61
10/3/2026,3:37:54 AM,96,61
10/3/2026,3:37:55 AM,96,61
10/3/2026,3:37:56 AM,95,61
10/3/2026,3:37:57 AM,95,61
10/3/2026,3:37:58 AM,95,61
10/3/2026,3:37:59 AM,95,61
10/3/2026,3:38:00 AM,95,61
10/3/2026,3:38:01 AM,95,61
10/3/2026,3:38:02 AM,95,61
10/3/2026,3:38:03 AM,95,62
10/3/2026,3:38:04 AM,95,62
10/3/2026,3:38:05 AM,94,62
10/3/2026,3:38:06 AM,94,62
10/3/2026,3:38:07 AM,94,62
10/3/2026,3:38:08 AM,94,62
10/3/2026,3:38:09 AM,94,63
10/3/2026,3:38:10 AM,94,63
10/3/2026,3:38:11 AM,94,63
10/3/2026,3:38:12 AM,94,63
10/3/2026,3:38:13 AM,94,63
10/3/2026,3:38:14 AM,94,63
10/3/2026,3:38:15 AM,94,63
10/3/2026,3:38:16 AM,94,63
10/3/2026,3:38:17 AM,94,63
10/3/2026,3:38:18 AM,94,63
10/3/2026,3:38:19 AM,94,63
10/3/2026,3:38:20 AM,94,63
10/3/2026,3:38:21 AM,93,64
10/3/2026,3:38:22 AM,93,64
10/3/2026,3:38:23 AM,93,64
10/3/2026,3:38:24 AM,93,64
10/3/2026,3:38:25 AM,93,64
10/3/2026,3:38:26 AM,93,64
10/3/2026,3:38:27 AM,93,64
10/3/2026,3:38:28 AM,93,64
10/3/2026,3:38:29 AM,93,64
10/3/2026,3:38:30 AM,93,64
10/3/2026,3:38:31 AM,93,64
10/3/2026,3:38:32 AM,93,64
10/3/2026,3:38:33 AM,93,64
10/3/2026,3:38:34 AM,94,64
10/3/2026,3:38:35 AM,94,64
10/3/2026,3:38:36 AM,94,64
10/3/2026,3:38:37 AM,94,64
10/3/2026,3:38:38 AM,94,64
10/3/2026,3:38:39 AM,94,64
10/3/2026,3:38:40 AM,94,64
10/3/2026,3:38:41 AM,94,64
10/3/2026,3:38:42 AM,95,64
10/3/2026,3:38:43 AM,95,64
10/3/2026,3:38:44 AM,95,64
10/3/2026,3:38:45 AM,95,64
10/3/2026,3:38:46 AM,95,63
10/3/2026,3:38:47 AM,94,64
10/3/2026,3:38:48 AM,94,64
10/3/2026,3:38:49 AM,94,64
10/3/2026,3:38:50 AM,94,64
10/3/2026,3:38:51 AM,94,64
10/3/2026,3:38:52 AM,94,64
10/3/2026,3:38:53 AM,94,64
10/3/2026,3:38:54 AM,94,64
10/3/2026,3:38:55 AM,94,64
10/3/2026,3:38:56 AM,94,64
10/3/2026,3:38:57 AM,94,64
10/3/2026,3:38:58 AM,94,64
10/3/2026,3:38:59 AM,94,64
10/3/2026,3:39:00 AM,94,63
10/3/2026,3:39:01 AM,94,63
10/3/2026,3:39:02 AM,93,63
10/3/2026,3:39:03 AM,93,63
10/3/2026,3:39:04 AM,93,62
10/3/2026,3:39:05 AM,93,62
10/3/2026,3:39:06 AM,93,62
10/3/2026,3:39:07 AM,93,62
10/3/2026,3:39:08 AM,93,62
10/3/2026,3:39:09 AM,93,62
10/3/2026,3:39:10 AM,93,62
10/3/2026,3:39:11 AM,92,62
10/3/2026,3:39:12 AM,92,62
10/3/2026,3:39:13 AM,92,62
10/3/2026,3:39:14 AM,92,61
10/3/2026,3:39:15 AM,92,61
10/3/2026,3:39:16 AM,92,61
10/3/2026,3:39:17 AM,92,61
10/3/2026,3:39:18 AM,92,61
10/3/2026,3:39:19 AM,92,61
10/3/2026,3:39:20 AM,92,61
10/3/2026,3:39:21 AM,92,61
10/3/2026,3:39:22 AM,92,61
10/3/2026,3:39:23 AM,92,61
10/3/2026,3:39:24 AM,91,62
10/3/2026,3:39:25 AM,91,62
10/3/2026,3:39:26 AM,91,62
10/3/2026,3:39:27 AM,91,62
10/3/2026,3:39:28 AM,91,63
10/3/2026,3:39:29 AM,91,63
10/3/2026,3:39:30 AM,91,63
10/3/2026,3:39:31 AM,91,63
10/3/2026,3:39:32 AM,91,63
10/3/2026,3:39:33 AM,91,63
10/3/2026,3:39:34 AM,91,63
10/3/2026,3:39:35 AM,91,63
10/3/2026,3:39:36 AM,91,63
10/3/2026,3:39:37 AM,91,63
10/3/2026,3:39:38 AM,91,63
10/3/2026,3:39:39 AM,91,63
10/3/2026,3:39:40 AM,91,63
10/3/2026,3:39:41 AM,91,63
10/3/2026,3:39:42 AM,91,63
10/3/2026,3:39:43 AM,91,63
10/3/2026,3:39:44 AM,91,63
10/3/2026,3:39:45 AM,91,63
10/3/2026,3:39:46 AM,92,63
10/3/2026,3:39:47 AM,92,63
10/3/2026,3:39:48 AM,92,63
10/3/2026,3:39:49 AM,92,63
10/3/2026,3:39:50 AM,92,63
10/3/2026,3:39:51 AM,93,63
10/3/2026,3:39:52 AM,93,63
10/3/2026,3:39:53 AM,93,63
10/3/2026,3:39:54 AM,93,63
10/3/2026,3:39:55 AM,93,63
10/3/2026,3:39:56 AM,93,63
10/3/2026,3:39:57 AM,93,63
10/3/2026,3:39:58 AM,93,63
10/3/2026,3:39:59 AM,93,63
10/3/2026,3:40:00 AM,93,63
10/3/2026,3:40:01 AM,93,63
10/3/2026,3:40:02 AM,93,63
10/3/2026,3:40:03 AM,93,63
10/3/2026,3:40:04 AM,93,62
10/3/2026,3:40:05 AM,93,62
10/3/2026,3:40:06 AM,93,62
10/3/2026,3:40:07 AM,93,62
10/3/2026,3:40:08 AM,93,62
10/3/2026,3:40:09 AM,93,62
10/3/2026,3:40:10 AM,93,62
10/3/2026,3:40:11 AM,93,62
10/3/2026,3:40:12 AM,93,62
10/3/2026,3:40:13 AM,93,62
10/3/2026,3:40:14 AM,93,62
10/3/2026,3:40:15 AM,93,62
10/3/2026,3:40:16 AM,93,62
10/3/2026,3:40:17 AM,92,62
10/3/2026,3:40:18 AM,92,62
10/3/2026,3:40:19 AM,92,62
10/3/2026,3:40:20 AM,92,62
10/3/2026,3:40:21 AM,92,62
10/3/2026,3:40:22 AM,92,62
10/3/2026,3:40:23 AM,92,62
10/3/2026,3:40:24 AM,92,62
10/3/2026,3:40:25 AM,92,62
10/3/2026,3:40:26 AM,92,63
10/3/2026,3:40:27 AM,92,63
10/3/2026,3:40:28 AM,92,63
10/3/2026,3:40:29 AM,92,63
10/3/2026,3:40:30 AM,92,63
10/3/2026,3:40:31 AM,92,64
10/3/2026,3:40:32 AM,92,64
10/3/2026,3:40:33 AM,92,64
10/3/2026,3:40:34 AM,92,64
10/3/2026,3:40:35 AM,92,64
10/3/2026,3:40:36 AM,92,65
10/3/2026,3:40:37 AM,92,65
10/3/2026,3:40:38 AM,92,65
10/3/2026,3:40:39 AM,92,65
10/3/2026,3:40:40 AM,92,65
10/3/2026,3:40:41 AM,92,65
10/3/2026,3:40:42 AM,92,65
10/3/2026,3:40:43 AM,92,65
10/3/2026,3:40:44 AM,92,65
10/3/2026,3:40:45 AM,92,65
10/3/2026,3:40:46 AM,92,65
10/3/2026,3:40:47 AM,92,64
10/3/2026,3:40:48 AM,92,64
10/3/2026,3:40:49 AM,92,63
10/3/2026,3:40:50 AM,93,63
10/3/2026,3:40:51 AM,93,63
10/3/2026,3:40:52 AM,93,62
10/3/2026,3:40:53 AM,93,62
10/3/2026,3:40:54 AM,93,62
10/3/2026,3:40:55 AM,94,61
10/3/2026,3:40:56 AM,94,61
10/3/2026,3:40:57 AM,94,61
10/3/2026,3:40:58 AM,94,61
10/3/2026,3:40:59 AM,94,61
10/3/2026,3:41:00 AM,94,61
10/3/2026,3:41:01 AM,94,61
10/3/2026,3:41:02 AM,94,61
10/3/2026,3:41:03 AM,94,61
10/3/2026,3:41:04 AM,94,61
10/3/2026,3:41:05 AM,94,62
10/3/2026,3:41:06 AM,94,62
10/3/2026,3:41:07 AM,94,62
10/3/2026,3:41:08 AM,93,62
10/3/2026,3:41:09 AM,93,62
10/3/2026,3:41:10 AM,93,62
10/3/2026,3:41:11 AM,93,62
10/3/2026,3:41:12 AM,93,63
10/3/2026,3:41:13 AM,93,63
10/3/2026,3:41:14 AM,93,63
10/3/2026,3:41:15 AM,93,63
10/3/2026,3:41:16 AM,93,63
10/3/2026,3:41:17 AM,92,63
10/3/2026,3:41:18 AM,92,63
10/3/2026,3:41:19 AM,92,64
10/3/2026,3:41:20 AM,92,64
10/3/2026,3:41:21 AM,92,64
10/3/2026,3:41:22 AM,92,64
10/3/2026,3:41:23 AM,92,64
10/3/2026,3:41:24 AM,92,64
10/3/2026,3:41:25 AM,92,64
10/3/2026,3:41:26 AM,91,64
10/3/2026,3:41:27 AM,91,64
10/3/2026,3:41:28 AM,91,64
10/3/2026,3:41:29 AM,91,64
10/3/2026,3:41:30 AM,91,64
10/3/2026,3:41:31 AM,91,63
10/3/2026,3:41:32 AM,91,63
10/3/2026,3:41:33 AM,91,63
10/3/2026,3:41:34 AM,91,63
10/3/2026,3:41:35 AM,91,64
10/3/2026,3:41:36 AM,91,64
10/3/2026,3:41:37 AM,91,64
10/3/2026,3:41:38 AM,91,64
10/3/2026,3:41:39 AM,91,64
10/3/2026,3:41:40 AM,91,64
10/3/2026,3:41:41 AM,91,64
10/3/2026,3:41:42 AM,91,64
10/3/2026,3:41:43 AM,91,64
10/3/2026,3:41:44 AM,91,64
10/3/2026,3:41:45 AM,91,64
10/3/2026,3:41:46 AM,91,64
10/3/2026,3:41:47 AM,91,64
10/3/2026,3:41:48 AM,91,64
10/3/2026,3:41:49 AM,92,64
10/3/2026,3:41:50 AM,92,65
10/3/2026,3:41:51 AM,92,65
10/3/2026,3:41:52 AM,92,65
10/3/2026,3:41:53 AM,92,66
10/3/2026,3:41:54 AM,92,66
10/3/2026,3:41:55 AM,92,66
10/3/2026,3:41:56 AM,92,67
10/3/2026,3:41:57 AM,92,67
10/3/2026,3:41:58 AM,92,67
10/3/2026,3:41:59 AM,92,67
10/3/2026,3:42:00 AM,92,67
10/3/2026,3:42:01 AM,92,67
10/3/2026,3:42:02 AM,92,67
10/3/2026,3:42:03 AM,92,67
10/3/2026,3:42:04 AM,92,67
10/3/2026,3:42:05 AM,92,67
10/3/2026,3:42:06 AM,92,67
10/3/2026,3:42:07 AM,92,67
10/3/2026,3:42:08 AM,92,67
10/3/2026,3:42:09 AM,92,67
10/3/2026,3:42:10 AM,92,67
10/3/2026,3:42:11 AM,92,68
10/3/2026,3:42:12 AM,93,68
10/3/2026,3:42:13 AM,95,68
10/3/2026,3:42:14 AM,95,68
10/3/2026,3:42:15 AM,96,67
10/3/2026,3:42:16 AM,97,67
10/3/2026,3:42:17 AM,97,66
10/3/2026,3:42:18 AM,97,65
10/3/2026,3:42:19 AM,97,65
10/3/2026,3:42:20 AM,97,64
10/3/2026,3:42:21 AM,97,64
10/3/2026,3:42:22 AM,97,63
10/3/2026,3:42:23 AM,97,63
10/3/2026,3:42:24 AM,97,62
10/3/2026,3:42:25 AM,97,62
10/3/2026,3:42:26 AM,97,62
10/3/2026,3:42:27 AM,97,62
10/3/2026,3:42:28 AM,97,62
10/3/2026,3:42:29 AM,97,61
10/3/2026,3:42:30 AM,96,61
10/3/2026,3:42:31 AM,96,61
10/3/2026,3:42:32 AM,96,61
10/3/2026,3:42:33 AM,96,61
10/3/2026,3:42:34 AM,96,61
10/3/2026,3:42:35 AM,96,61
10/3/2026,3:42:36 AM,96,62
10/3/2026,3:42:37 AM,96,62
10/3/2026,3:42:38 AM,96,62
10/3/2026,3:42:39 AM,96,62
10/3/2026,3:42:40 AM,95,62
10/3/2026,3:42:41 AM,95,62
10/3/2026,3:42:42 AM,95,62
10/3/2026,3:42:43 AM,95,63
10/3/2026,3:42:44 AM,95,63
10/3/2026,3:42:45 AM,95,62
10/3/2026,3:42:46 AM,95,63
10/3/2026,3:42:47 AM,95,63
10/3/2026,3:42:48 AM,95,63
10/3/2026,3:42:49 AM,95,63
10/3/2026,3:42:50 AM,94,63
10/3/2026,3:42:51 AM,94,63
10/3/2026,3:42:52 AM,94,63
10/3/2026,3:42:53 AM,94,63
10/3/2026,3:42:54 AM,94,63
10/3/2026,3:42:55 AM,94,63
10/3/2026,3:42:56 AM,94,63
10/3/2026,3:42:57 AM,94,63
10/3/2026,3:42:58 AM,94,63
10/3/2026,3:42:59 AM,94,63
10/3/2026,3:43:00 AM,94,63
10/3/2026,3:43:01 AM,94,63
10/3/2026,3:43:02 AM,94,64
10/3/2026,3:43:03 AM,94,64
10/3/2026,3:43:04 AM,94,64
10/3/2026,3:43:05 AM,94,64
10/3/2026,3:43:06 AM,94,64
10/3/2026,3:43:07 AM,94,63
10/3/2026,3:43:08 AM,94,63
10/3/2026,3:43:09 AM,94,63
10/3/2026,3:43:10 AM,94,62
10/3/2026,3:43:11 AM,94,62
10/3/2026,3:43:12 AM,95,62
10/3/2026,3:43:13 AM,95,62
10/3/2026,3:43:14 AM,95,61
10/3/2026,3:43:15 AM,96,61
10/3/2026,3:43:16 AM,96,61
10/3/2026,3:43:17 AM,96,62
10/3/2026,3:43:18 AM,97,62
10/3/2026,3:43:19 AM,97,62
10/3/2026,3:43:20 AM,97,62
10/3/2026,3:43:21 AM,97,62
10/3/2026,3:43:22 AM,97,62
10/3/2026,3:43:23 AM,97,62
10/3/2026,3:43:24 AM,97,62
10/3/2026,3:43:25 AM,97,62
10/3/2026,3:43:26 AM,97,62
10/3/2026,3:43:27 AM,97,62
10/3/2026,3:43:28 AM,97,62
10/3/2026,3:43:29 AM,97,62
10/3/2026,3:43:30 AM,97,62
10/3/2026,3:43:31 AM,97,62
10/3/2026,3:43:32 AM,97,62
10/3/2026,3:43:33 AM,96,62
10/3/2026,3:43:34 AM,96,62
10/3/2026,3:43:35 AM,96,62
10/3/2026,3:43:36 AM,96,62
10/3/2026,3:43:37 AM,96,62
10/3/2026,3:43:38 AM,96,62
10/3/2026,3:43:39 AM,96,62
10/3/2026,3:43:40 AM,96,62
10/3/2026,3:43:41 AM,96,62
10/3/2026,3:43:42 AM,96,62
10/3/2026,3:43:43 AM,95,62
10/3/2026,3:43:44 AM,95,63
10/3/2026,3:43:45 AM,95,63
10/3/2026,3:43:46 AM,95,63
10/3/2026,3:43:47 AM,95,63
10/3/2026,3:43:48 AM,95,63
10/3/2026,3:43:49 AM,95,63
10/3/2026,3:43:50 AM,95,63
10/3/2026,3:43:51 AM,95,63
10/3/2026,3:43:52 AM,95,62
10/3/2026,3:43:53 AM,95,62
10/3/2026,3:43:54 AM,95,62
10/3/2026,3:43:55 AM,94,62
10/3/2026,3:43:56 AM,94,61
10/3/2026,3:43:57 AM,94,61
10/3/2026,3:43:58 AM,94,61
10/3/2026,3:43:59 AM,94,61
10/3/2026,3:44:00 AM,93,62
10/3/2026,3:44:01 AM,93,62
10/3/2026,3:44:02 AM,93,62
10/3/2026,3:44:03 AM,93,62
10/3/2026,3:44:04 AM,93,62
10/3/2026,3:44:05 AM,93,63
10/3/2026,3:44:06 AM,93,63
10/3/2026,3:44:07 AM,93,63
10/3/2026,3:44:08 AM,93,63
10/3/2026,3:44:09 AM,93,63
10/3/2026,3:44:10 AM,93,63
10/3/2026,3:44:11 AM,93,63
10/3/2026,3:44:12 AM,93,63
10/3/2026,3:44:13 AM,93,63
10/3/2026,3:44:14 AM,93,63
10/3/2026,3:44:15 AM,92,63
10/3/2026,3:44:16 AM,92,63
10/3/2026,3:44:17 AM,92,64
10/3/2026,3:44:18 AM,92,64
10/3/2026,3:44:19 AM,92,64
10/3/2026,3:44:20 AM,92,65
10/3/2026,3:44:21 AM,92,65
10/3/2026,3:44:22 AM,92,65
10/3/2026,3:44:23 AM,92,65
10/3/2026,3:44:24 AM,92,65
10/3/2026,3:44:25 AM,92,64
10/3/2026,3:44:26 AM,92,64
10/3/2026,3:44:27 AM,92,64
10/3/2026,3:44:28 AM,92,63
10/3/2026,3:44:29 AM,92,63
10/3/2026,3:44:30 AM,93,62
10/3/2026,3:44:31 AM,93,62
10/3/2026,3:44:32 AM,93,61
10/3/2026,3:44:33 AM,94,61
10/3/2026,3:44:34 AM,94,61
10/3/2026,3:44:35 AM,94,61
10/3/2026,3:44:36 AM,95,61
10/3/2026,3:44:37 AM,95,61
10/3/2026,3:44:38 AM,96,61
10/3/2026,3:44:39 AM,96,61
10/3/2026,3:44:40 AM,97,60
10/3/2026,3:44:41 AM,97,60
10/3/2026,3:44:42 AM,97,60
10/3/2026,3:44:43 AM,97,60
10/3/2026,3:44:44 AM,97,60
10/3/2026,3:44:45 AM,97,60
10/3/2026,3:44:46 AM,97,60
10/3/2026,3:44:47 AM,97,60
10/3/2026,3:44:48 AM,96,60
10/3/2026,3:44:49 AM,96,60
10/3/2026,3:44:50 AM,96,60
10/3/2026,3:44:51 AM,96,60
10/3/2026,3:44:52 AM,96,60
10/3/2026,3:44:53 AM,96,60
10/3/2026,3:44:54 AM,96,60
10/3/2026,3:44:55 AM,96,60
10/3/2026,3:44:56 AM,96,61
10/3/2026,3:44:57 AM,95,61
10/3/2026,3:44:58 AM,95,61
10/3/2026,3:44:59 AM,95,62
10/3/2026,3:45:00 AM,95,62
10/3/2026,3:45:01 AM,95,62
10/3/2026,3:45:02 AM,95,62
10/3/2026,3:45:03 AM,95,62
10/3/2026,3:45:04 AM,95,62
10/3/2026,3:45:05 AM,95,62
10/3/2026,3:45:06 AM,94,62
10/3/2026,3:45:07 AM,94,62
10/3/2026,3:45:08 AM,94,62
10/3/2026,3:45:09 AM,94,62
10/3/2026,3:45:10 AM,94,62
10/3/2026,3:45:11 AM,94,62
10/3/2026,3:45:12 AM,94,62
10/3/2026,3:45:13 AM,94,62
10/3/2026,3:45:14 AM,94,62
10/3/2026,3:45:15 AM,94,63
10/3/2026,3:45:16 AM,94,63
10/3/2026,3:45:17 AM,94,62
10/3/2026,3:45:18 AM,94,62
10/3/2026,3:45:19 AM,94,62
10/3/2026,3:45:20 AM,94,62
10/3/2026,3:45:21 AM,94,62
10/3/2026,3:45:22 AM,94,62
10/3/2026,3:45:23 AM,94,62
10/3/2026,3:45:24 AM,94,62
10/3/2026,3:45:25 AM,94,62
10/3/2026,3:45:26 AM,94,62
10/3/2026,3:45:27 AM,94,63
10/3/2026,3:45:28 AM,94,63
10/3/2026,3:45:29 AM,94,63
10/3/2026,3:45:30 AM,94,63
10/3/2026,3:45:31 AM,94,63
10/3/2026,3:45:32 AM,94,63
10/3/2026,3:45:33 AM,94,62
10/3/2026,3:45:34 AM,94,62
10/3/2026,3:45:35 AM,94,62
10/3/2026,3:45:36 AM,94,62
10/3/2026,3:45:37 AM,94,62
10/3/2026,3:45:38 AM,94,62
10/3/2026,3:45:39 AM,94,62
10/3/2026,3:45:40 AM,94,62
10/3/2026,3:45:41 AM,94,62
10/3/2026,3:45:42 AM,94,62
10/3/2026,3:45:43 AM,94,62
10/3/2026,3:45:44 AM,94,62
10/3/2026,3:45:45 AM,94,62
10/3/2026,3:45:46 AM,94,62
10/3/2026,3:45:47 AM,94,62
10/3/2026,3:45:48 AM,94,62
10/3/2026,3:45:49 AM,94,62
10/3/2026,3:45:50 AM,94,62
10/3/2026,3:45:51 AM,94,62
10/3/2026,3:45:52 AM,94,62
10/3/2026,3:45:53 AM,94,62
10/3/2026,3:45:54 AM,94,62
10/3/2026,3:45:55 AM,94,62
10/3/2026,3:45:56 AM,94,62
10/3/2026,3:45:57 AM,94,62
10/3/2026,3:45:58 AM,94,62
10/3/2026,3:45:59 AM,94,62
10/3/2026,3:46:00 AM,94,63
10/3/2026,3:46:01 AM,94,63
10/3/2026,3:46:02 AM,94,63
10/3/2026,3:46:03 AM,94,63
10/3/2026,3:46:04 AM,94,63
10/3/2026,3:46:05 AM,93,63
10/3/2026,3:46:06 AM,93,63
10/3/2026,3:46:07 AM,93,63
10/3/2026,3:46:08 AM,93,63
10/3/2026,3:46:09 AM,93,63
10/3/2026,3:46:10 AM,93,62
10/3/2026,3:46:11 AM,93,62
10/3/2026,3:46:12 AM,93,62
10/3/2026,3:46:13 AM,93,62
10/3/2026,3:46:14 AM,93,62
10/3/2026,3:46:15 AM,93,62
10/3/2026,3:46:16 AM,93,62
10/3/2026,3:46:17 AM,93,62
10/3/2026,3:46:18 AM,93,62
10/3/2026,3:46:19 AM,93,62
10/3/2026,3:46:20 AM,93,62
10/3/2026,3:46:21 AM,93,62
10/3/2026,3:46:22 AM,93,62
10/3/2026,3:46:23 AM,93,62
10/3/2026,3:46:24 AM,93,62
10/3/2026,3:46:25 AM,93,62
10/3/2026,3:46:26 AM,93,62
10/3/2026,3:46:27 AM,93,62
10/3/2026,3:46:28 AM,93,63
10/3/2026,3:46:29 AM,93,63
10/3/2026,3:46:30 AM,93,63
10/3/2026,3:46:31 AM,93,63
10/3/2026,3:46:32 AM,93,63
10/3/2026,3:46:33 AM,93,63
10/3/2026,3:46:34 AM,93,62
10/3/2026,3:46:35 AM,93,62
10/3/2026,3:46:36 AM,93,62
10/3/2026,3:46:37 AM,93,62
10/3/2026,3:46:38 AM,94,62
10/3/2026,3:46:39 AM,94,62
10/3/2026,3:46:40 AM,94,62
10/3/2026,3:46:41 AM,94,62
10/3/2026,3:46:42 AM,94,62
10/3/2026,3:46:43 AM,94,62
10/3/2026,3:46:44 AM,94,62
10/3/2026,3:46:45 AM,94,62
10/3/2026,3:46:46 AM,94,62
10/3/2026,3:46:47 AM,94,62
10/3/2026,3:46:48 AM,94,62
10/3/2026,3:46:49 AM,94,62
10/3/2026,3:46:50 AM,94,62
10/3/2026,3:46:51 AM,94,62
10/3/2026,3:46:52 AM,94,62
10/3/2026,3:46:53 AM,94,63
10/3/2026,3:46:54 AM,94,63
10/3/2026,3:46:55 AM,94,63
10/3/2026,3:46:56 AM,94,63
10/3/2026,3:46:57 AM,94,63
10/3/2026,3:46:58 AM,94,63
10/3/2026,3:46:59 AM,94,63
10/3/2026,3:47:00 AM,94,63
10/3/2026,3:47:01 AM,94,63
10/3/2026,3:47:02 AM,94,63
10/3/2026,3:47:03 AM,94,63
10/3/2026,3:47:04 AM,94,63
10/3/2026,3:47:05 AM,94,63
10/3/2026,3:47:06 AM,94,63
10/3/2026,3:47:07 AM,94,63
10/3/2026,3:47:08 AM,94,63
10/3/2026,3:47:09 AM,94,63
10/3/2026,3:47:10 AM,94,62
10/3/2026,3:47:11 AM,94,62
10/3/2026,3:47:12 AM,94,62
10/3/2026,3:47:13 AM,94,62
10/3/2026,3:47:14 AM,94,62
10/3/2026,3:47:15 AM,94,62
10/3/2026,3:47:16 AM,94,62
10/3/2026,3:47:17 AM,94,62
10/3/2026,3:47:18 AM,94,62
10/3/2026,3:47:19 AM,94,63
10/3/2026,3:47:20 AM,94,63
10/3/2026,3:47:21 AM,94,63
10/3/2026,3:47:22 AM,94,63
10/3/2026,3:47:23 AM,94,63
10/3/2026,3:47:24 AM,94,63
10/3/2026,3:47:25 AM,94,63
10/3/2026,3:47:26 AM,94,63
10/3/2026,3:47:27 AM,94,63
10/3/2026,3:47:28 AM,94,63
10/3/2026,3:47:29 AM,94,63
10/3/2026,3:47:30 AM,94,63
10/3/2026,3:47:31 AM,94,63
10/3/2026,3:47:32 AM,94,63
10/3/2026,3:47:33 AM,94,63
10/3/2026,3:47:34 AM,94,63
10/3/2026,3:47:35 AM,94,62
10/3/2026,3:47:36 AM,95,62
10/3/2026,3:47:37 AM,95,62
10/3/2026,3:47:38 AM,95,62
10/3/2026,3:47:39 AM,95,62
10/3/2026,3:47:40 AM,95,62
10/3/2026,3:47:41 AM,95,62
10/3/2026,3:47:42 AM,95,62
10/3/2026,3:47:43 AM,95,63
10/3/2026,3:47:44 AM,95,63
10/3/2026,3:47:45 AM,95,63
10/3/2026,3:47:46 AM,95,63
10/3/2026,3:47:47 AM,95,63
10/3/2026,3:47:48 AM,95,63
10/3/2026,3:47:49 AM,95,63
10/3/2026,3:47:50 AM,95,63
10/3/2026,3:47:51 AM,95,63
10/3/2026,3:47:52 AM,95,63
10/3/2026,3:47:53 AM,95,63
10/3/2026,3:47:54 AM,95,63
10/3/2026,3:47:55 AM,95,63
10/3/2026,3:47:56 AM,95,63
10/3/2026,3:47:57 AM,95,63
10/3/2026,3:47:58 AM,95,64
10/3/2026,3:47:59 AM,95,64
10/3/2026,3:48:00 AM,95,64
10/3/2026,3:48:01 AM,95,64
10/3/2026,3:48:02 AM,95,64
10/3/2026,3:48:03 AM,95,64
10/3/2026,3:48:04 AM,95,64
10/3/2026,3:48:05 AM,95,64
10/3/2026,3:48:06 AM,95,64
10/3/2026,3:48:07 AM,95,64
10/3/2026,3:48:08 AM,95,64
10/3/2026,3:48:09 AM,95,64
10/3/2026,3:48:10 AM,95,64
10/3/2026,3:48:11 AM,95,64
10/3/2026,3:48:12 AM,95,64
10/3/2026,3:48:13 AM,95,63
10/3/2026,3:48:14 AM,95,63
10/3/2026,3:48:15 AM,95,63
10/3/2026,3:48:16 AM,95,63
10/3/2026,3:48:17 AM,95,63
10/3/2026,3:48:18 AM,95,63
10/3/2026,3:48:19 AM,95,63
10/3/2026,3:48:20 AM,95,63
10/3/2026,3:48:21 AM,95,63
10/3/2026,3:48:22 AM,95,63
10/3/2026,3:48:23 AM,95,63
10/3/2026,3:48:24 AM,95,63
10/3/2026,3:48:25 AM,95,63
10/3/2026,3:48:26 AM,95,64
10/3/2026,3:48:27 AM,95,63
10/3/2026,3:48:28 AM,95,63
10/3/2026,3:48:29 AM,95,63
10/3/2026,3:48:30 AM,95,63
10/3/2026,3:48:31 AM,95,64
10/3/2026,3:48:32 AM,95,64
10/3/2026,3:48:33 AM,95,64
10/3/2026,3:48:34 AM,95,64
10/3/2026,3:48:35 AM,95,64
10/3/2026,3:48:36 AM,95,64
10/3/2026,3:48:37 AM,95,64
10/3/2026,3:48:38 AM,95,64
10/3/2026,3:48:39 AM,95,64
10/3/2026,3:48:40 AM,95,64
10/3/2026,3:48:41 AM,95,64
10/3/2026,3:48:42 AM,95,64
10/3/2026,3:48:43 AM,95,64
10/3/2026,3:48:44 AM,95,64
10/3/2026,3:48:45 AM,95,64
10/3/2026,3:48:46 AM,95,64
10/3/2026,3:48:47 AM,95,64
10/3/2026,3:48:48 AM,95,63
10/3/2026,3:48:49 AM,95,63
10/3/2026,3:48:50 AM,95,63
10/3/2026,3:48:51 AM,95,63
10/3/2026,3:48:52 AM,95,63
10/3/2026,3:48:53 AM,95,63
10/3/2026,3:48:54 AM,95,63
10/3/2026,3:48:55 AM,95,63
10/3/2026,3:48:56 AM,95,63
10/3/2026,3:48:57 AM,95,64
10/3/2026,3:48:58 AM,95,64
10/3/2026,3:48:59 AM,95,64
10/3/2026,3:49:00 AM,95,64
10/3/2026,3:49:01 AM,95,64
10/3/2026,3:49:02 AM,95,64
10/3/2026,3:49:03 AM,95,64
10/3/2026,3:49:04 AM,95,64
10/3/2026,3:49:05 AM,95,64
10/3/2026,3:49:06 AM,95,64
10/3/2026,3:49:07 AM,95,64
10/3/2026,3:49:08 AM,95,64
10/3/2026,3:49:09 AM,95,64
10/3/2026,3:49:10 AM,95,65
10/3/2026,3:49:11 AM,95,65
10/3/2026,3:49:12 AM,95,65
10/3/2026,3:49:13 AM,95,65
10/3/2026,3:49:14 AM,95,65
10/3/2026,3:49:15 AM,95,65
10/3/2026,3:49:16 AM,95,66
10/3/2026,3:49:17 AM,95,66
10/3/2026,3:49:18 AM,95,66
10/3/2026,3:49:19 AM,95,66
10/3/2026,3:49:20 AM,95,66
10/3/2026,3:49:21 AM,95,66
10/3/2026,3:49:22 AM,95,66
10/3/2026,3:49:23 AM,95,66
10/3/2026,3:49:24 AM,95,66
10/3/2026,3:49:25 AM,95,65
10/3/2026,3:49:26 AM,95,65
10/3/2026,3:49:27 AM,95,65
10/3/2026,3:49:28 AM,95,65
10/3/2026,3:49:29 AM,95,65
10/3/2026,3:49:30 AM,95,65
10/3/2026,3:49:31 AM,95,65
10/3/2026,3:49:32 AM,95,65
10/3/2026,3:49:33 AM,95,65
10/3/2026,3:49:34 AM,95,64
10/3/2026,3:49:35 AM,95,64
10/3/2026,3:49:36 AM,95,64
10/3/2026,3:49:37 AM,95,64
10/3/2026,3:49:38 AM,95,64
10/3/2026,3:49:39 AM,95,64
10/3/2026,3:49:40 AM,95,64
10/3/2026,3:49:41 AM,95,64
10/3/2026,3:49:42 AM,95,64
10/3/2026,3:49:43 AM,95,64
10/3/2026,3:49:44 AM,95,64
10/3/2026,3:49:45 AM,95,64
10/3/2026,3:49:46 AM,95,64
10/3/2026,3:49:47 AM,95,64
10/3/2026,3:49:48 AM,95,64
10/3/2026,3:49:49 AM,95,64
10/3/2026,3:49:50 AM,95,64
10/3/2026,3:49:51 AM,95,64
10/3/2026,3:49:52 AM,95,64
10/3/2026,3:49:53 AM,95,64
10/3/2026,3:49:54 AM,95,64
10/3/2026,3:49:55 AM,95,64
10/3/2026,3:49:56 AM,95,65
10/3/2026,3:49:57 AM,95,65
10/3/2026,3:49:58 AM,95,65
10/3/2026,3:49:59 AM,95,65
10/3/2026,3:50:00 AM,95,65
10/3/2026,3:50:01 AM,95,65
10/3/2026,3:50:02 AM,95,65
10/3/2026,3:50:03 AM,95,65
10/3/2026,3:50:04 AM,95,65
10/3/2026,3:50:05 AM,95,65
10/3/2026,3:50:06 AM,95,65
10/3/2026,3:50:07 AM,95,65
10/3/2026,3:50:08 AM,95,65
10/3/2026,3:50:09 AM,95,65
10/3/2026,3:50:10 AM,95,65
10/3/2026,3:50:11 AM,95,65
10/3/2026,3:50:12 AM,95,65
10/3/2026,3:50:13 AM,95,65
10/3/2026,3:50:14 AM,95,65
10/3/2026,3:50:15 AM,95,65
10/3/2026,3:50:16 AM,95,65
10/3/2026,3:50:17 AM,95,65
10/3/2026,3:50:18 AM,95,65
10/3/2026,3:50:19 AM,95,65
10/3/2026,3:50:20 AM,95,65
10/3/2026,3:50:21 AM,95,65
10/3/2026,3:50:22 AM,95,65
10/3/2026,3:50:23 AM,95,65
10/3/2026,3:50:24 AM,95,65
10/3/2026,3:50:25 AM,95,65
10/3/2026,3:50:26 AM,95,65
10/3/2026,3:50:27 AM,95,65
10/3/2026,3:50:28 AM,95,65
10/3/2026,3:50:29 AM,95,65
10/3/2026,3:50:30 AM,95,65
10/3/2026,3:50:31 AM,95,65
10/3/2026,3:50:32 AM,95,64
10/3/2026,3:50:33 AM,95,64
10/3/2026,3:50:34 AM,95,65
10/3/2026,3:50:35 AM,95,65
10/3/2026,3:50:36 AM,95,65
10/3/2026,3:50:37 AM,95,65
10/3/2026,3:50:38 AM,95,65
10/3/2026,3:50:39 AM,95,65
10/3/2026,3:50:40 AM,95,65
10/3/2026,3:50:41 AM,95,65
10/3/2026,3:50:42 AM,96,65
10/3/2026,3:50:43 AM,96,65
10/3/2026,3:50:44 AM,96,65
10/3/2026,3:50:45 AM,96,65
10/3/2026,3:50:46 AM,96,65
10/3/2026,3:50:47 AM,96,65
10/3/2026,3:50:48 AM,96,65
10/3/2026,3:50:49 AM,96,65
10/3/2026,3:50:50 AM,96,66
10/3/2026,3:50:51 AM,96,66
10/3/2026,3:50:52 AM,96,66
10/3/2026,3:50:53 AM,96,67
10/3/2026,3:50:54 AM,96,67
10/3/2026,3:50:55 AM,96,67
10/3/2026,3:50:56 AM,96,68
10/3/2026,3:50:57 AM,96,68
10/3/2026,3:50:58 AM,96,68
10/3/2026,3:50:59 AM,95,68
10/3/2026,3:51:00 AM,95,67
10/3/2026,3:51:01 AM,95,67
10/3/2026,3:51:02 AM,96,66
10/3/2026,3:51:03 AM,96,66
10/3/2026,3:51:04 AM,96,65
10/3/2026,3:51:05 AM,96,65
10/3/2026,3:51:06 AM,96,65
10/3/2026,3:51:07 AM,96,65
10/3/2026,3:51:08 AM,96,64
10/3/2026,3:51:09 AM,96,64
10/3/2026,3:51:10 AM,96,64
10/3/2026,3:51:11 AM,96,64
10/3/2026,3:51:12 AM,96,64
10/3/2026,3:51:13 AM,96,64
10/3/2026,3:51:14 AM,96,64
10/3/2026,3:51:15 AM,96,64
10/3/2026,3:51:16 AM,96,64
10/3/2026,3:51:17 AM,96,65
10/3/2026,3:51:18 AM,96,65
10/3/2026,3:51:19 AM,96,65
10/3/2026,3:51:20 AM,96,65
10/3/2026,3:51:21 AM,96,65
10/3/2026,3:51:22 AM,95,65
10/3/2026,3:51:23 AM,95,65
10/3/2026,3:51:24 AM,95,65
10/3/2026,3:51:25 AM,95,65
10/3/2026,3:51:26 AM,95,65
10/3/2026,3:51:27 AM,95,65
10/3/2026,3:51:28 AM,95,65
10/3/2026,3:51:29 AM,95,65
10/3/2026,3:51:30 AM,95,65
10/3/2026,3:51:31 AM,95,65
10/3/2026,3:51:32 AM,95,65
10/3/2026,3:51:33 AM,95,65
10/3/2026,3:51:34 AM,95,65
10/3/2026,3:51:35 AM,95,65
10/3/2026,3:51:36 AM,95,65
10/3/2026,3:51:37 AM,95,65
10/3/2026,3:51:38 AM,95,65
10/3/2026,3:51:39 AM,95,65
10/3/2026,3:51:40 AM,95,65
10/3/2026,3:51:41 AM,95,65
10/3/2026,3:51:42 AM,95,65
10/3/2026,3:51:43 AM,95,66
10/3/2026,3:51:44 AM,95,66
10/3/2026,3:51:45 AM,95,67
10/3/2026,3:51:46 AM,95,67
10/3/2026,3:51:47 AM,95,67
10/3/2026,3:51:48 AM,95,68
10/3/2026,3:51:49 AM,95,68
10/3/2026,3:51:50 AM,94,68
10/3/2026,3:51:51 AM,95,67
10/3/2026,3:51:52 AM,95,67
10/3/2026,3:51:53 AM,95,67
10/3/2026,3:51:54 AM,95,66
10/3/2026,3:51:55 AM,95,66
10/3/2026,3:51:56 AM,95,66
10/3/2026,3:51:57 AM,95,66
10/3/2026,3:51:58 AM,95,65
10/3/2026,3:51:59 AM,95,65
10/3/2026,3:52:00 AM,95,65
10/3/2026,3:52:01 AM,95,65
10/3/2026,3:52:02 AM,95,65
10/3/2026,3:52:03 AM,95,65
10/3/2026,3:52:04 AM,95,65
10/3/2026,3:52:05 AM,95,65
10/3/2026,3:52:06 AM,95,65
10/3/2026,3:52:07 AM,96,65
10/3/2026,3:52:08 AM,96,65
10/3/2026,3:52:09 AM,96,65
10/3/2026,3:52:10 AM,96,65
10/3/2026,3:52:11 AM,96,65
10/3/2026,3:52:12 AM,96,65
10/3/2026,3:52:13 AM,96,65
10/3/2026,3:52:14 AM,96,65
10/3/2026,3:52:15 AM,95,65
10/3/2026,3:52:16 AM,95,65
10/3/2026,3:52:17 AM,95,65
10/3/2026,3:52:18 AM,95,65
10/3/2026,3:52:19 AM,95,65
10/3/2026,3:52:20 AM,95,65
10/3/2026,3:52:21 AM,95,65
10/3/2026,3:52:22 AM,95,65
10/3/2026,3:52:23 AM,95,65
10/3/2026,3:52:24 AM,95,65
10/3/2026,3:52:25 AM,95,65
10/3/2026,3:52:26 AM,95,65
10/3/2026,3:52:27 AM,95,65
10/3/2026,3:52:28 AM,95,65
10/3/2026,3:52:29 AM,95,65
10/3/2026,3:52:30 AM,95,65
10/3/2026,3:52:31 AM,95,65
10/3/2026,3:52:32 AM,95,65
10/3/2026,3:52:33 AM,95,65
10/3/2026,3:52:34 AM,95,65
10/3/2026,3:52:35 AM,95,66
10/3/2026,3:52:36 AM,95,66
10/3/2026,3:52:37 AM,95,66
10/3/2026,3:52:38 AM,95,66
10/3/2026,3:52:39 AM,95,67
10/3/2026,3:52:40 AM,95,67
10/3/2026,3:52:41 AM,95,67
10/3/2026,3:52:42 AM,95,67
10/3/2026,3:52:43 AM,95,67
10/3/2026,3:52:44 AM,95,67
10/3/2026,3:52:45 AM,95,67
10/3/2026,3:52:46 AM,95,67
10/3/2026,3:52:47 AM,95,67
10/3/2026,3:52:48 AM,95,67
10/3/2026,3:52:49 AM,95,67
10/3/2026,3:52:50 AM,95,67
10/3/2026,3:52:51 AM,95,66
10/3/2026,3:52:52 AM,95,66
10/3/2026,3:52:53 AM,95,66
10/3/2026,3:52:54 AM,95,66
10/3/2026,3:52:55 AM,95,66
10/3/2026,3:52:56 AM,95,66
10/3/2026,3:52:57 AM,95,66
10/3/2026,3:52:58 AM,95,66
10/3/2026,3:52:59 AM,95,67
10/3/2026,3:53:00 AM,95,66
10/3/2026,3:53:01 AM,95,66
10/3/2026,3:53:02 AM,95,66
10/3/2026,3:53:03 AM,95,66
10/3/2026,3:53:04 AM,95,66
10/3/2026,3:53:05 AM,95,66
10/3/2026,3:53:06 AM,95,66
10/3/2026,3:53:07 AM,95,66
10/3/2026,3:53:08 AM,95,66
10/3/2026,3:53:09 AM,95,66
10/3/2026,3:53:10 AM,95,66
10/3/2026,3:53:11 AM,95,65
10/3/2026,3:53:12 AM,95,66
10/3/2026,3:53:13 AM,95,65
10/3/2026,3:53:14 AM,95,65
10/3/2026,3:53:15 AM,95,66
10/3/2026,3:53:16 AM,95,66
10/3/2026,3:53:17 AM,95,66
10/3/2026,3:53:18 AM,95,66
10/3/2026,3:53:19 AM,95,66
10/3/2026,3:53:20 AM,95,66
10/3/2026,3:53:21 AM,95,66
10/3/2026,3:53:22 AM,95,66
10/3/2026,3:53:23 AM,95,66
10/3/2026,3:53:24 AM,95,66
10/3/2026,3:53:25 AM,95,66
10/3/2026,3:53:26 AM,95,66
10/3/2026,3:53:27 AM,95,65
10/3/2026,3:53:28 AM,95,65
10/3/2026,3:53:29 AM,95,65
10/3/2026,3:53:30 AM,95,65
10/3/2026,3:53:31 AM,95,65
10/3/2026,3:53:32 AM,95,65
10/3/2026,3:53:33 AM,95,66
10/3/2026,3:53:34 AM,95,66
10/3/2026,3:53:35 AM,95,66
10/3/2026,3:53:36 AM,95,66
10/3/2026,3:53:37 AM,95,66
10/3/2026,3:53:38 AM,95,66
10/3/2026,3:53:39 AM,95,66
10/3/2026,3:53:40 AM,95,66
10/3/2026,3:53:41 AM,95,66
10/3/2026,3:53:42 AM,95,66
10/3/2026,3:53:43 AM,95,66
10/3/2026,3:53:44 AM,95,66
10/3/2026,3:53:45 AM,95,66
10/3/2026,3:53:46 AM,95,66
10/3/2026,3:53:47 AM,95,66
10/3/2026,3:53:48 AM,95,66
10/3/2026,3:53:49 AM,95,66
10/3/2026,3:53:50 AM,95,66
10/3/2026,3:53:51 AM,95,66
10/3/2026,3:53:52 AM,95,66
10/3/2026,3:53:53 AM,95,66
10/3/2026,3:53:54 AM,95,66
10/3/2026,3:53:55 AM,95,65
10/3/2026,3:53:56 AM,95,65
10/3/2026,3:53:57 AM,95,65
10/3/2026,3:53:58 AM,95,65
10/3/2026,3:53:59 AM,95,65
10/3/2026,3:54:00 AM,95,65
10/3/2026,3:54:01 AM,95,65
10/3/2026,3:54:02 AM,95,65
10/3/2026,3:54:03 AM,95,65
10/3/2026,3:54:04 AM,95,65
10/3/2026,3:54:05 AM,95,66
10/3/2026,3:54:06 AM,95,66
10/3/2026,3:54:07 AM,95,66
10/3/2026,3:54:08 AM,95,66
10/3/2026,3:54:09 AM,95,66
10/3/2026,3:54:10 AM,95,66
10/3/2026,3:54:11 AM,95,66
10/3/2026,3:54:12 AM,95,66
10/3/2026,3:54:13 AM,95,66
10/3/2026,3:54:14 AM,95,66
10/3/2026,3:54:15 AM,95,66
10/3/2026,3:54:16 AM,95,66
10/3/2026,3:54:17 AM,95,66
10/3/2026,3:54:18 AM,95,66
10/3/2026,3:54:19 AM,95,66
10/3/2026,3:54:20 AM,95,66
10/3/2026,3:54:21 AM,95,66
10/3/2026,3:54:22 AM,95,66
10/3/2026,3:54:23 AM,95,66
10/3/2026,3:54:24 AM,95,66
10/3/2026,3:54:25 AM,95,66
10/3/2026,3:54:26 AM,95,66
10/3/2026,3:54:27 AM,95,66
10/3/2026,3:54:28 AM,95,66
10/3/2026,3:54:29 AM,95,65
10/3/2026,3:54:30 AM,95,66
10/3/2026,3:54:31 AM,95,66
10/3/2026,3:54:32 AM,95,66
10/3/2026,3:54:33 AM,95,66
10/3/2026,3:54:34 AM,95,66
10/3/2026,3:54:35 AM,95,66
10/3/2026,3:54:36 AM,95,66
10/3/2026,3:54:37 AM,95,66
10/3/2026,3:54:38 AM,95,66
10/3/2026,3:54:39 AM,95,66
10/3/2026,3:54:40 AM,95,66
10/3/2026,3:54:41 AM,95,66
10/3/2026,3:54:42 AM,95,66
10/3/2026,3:54:43 AM,95,66
10/3/2026,3:54:44 AM,95,66
10/3/2026,3:54:45 AM,95,66
10/3/2026,3:54:46 AM,95,66
10/3/2026,3:54:47 AM,95,66
10/3/2026,3:54:48 AM,95,66
10/3/2026,3:54:49 AM,95,66
10/3/2026,3:54:50 AM,95,66
10/3/2026,3:54:51 AM,95,66
10/3/2026,3:54:52 AM,95,66
10/3/2026,3:54:53 AM,95,66
10/3/2026,3:54:54 AM,95,66
10/3/2026,3:54:55 AM,95,66
10/3/2026,3:54:56 AM,95,67
10/3/2026,3:54:57 AM,95,67
10/3/2026,3:54:58 AM,95,67
10/3/2026,3:54:59 AM,95,68
10/3/2026,3:55:00 AM,95,68
10/3/2026,3:55:01 AM,95,68
10/3/2026,3:55:02 AM,95,68
10/3/2026,3:55:03 AM,95,68
10/3/2026,3:55:04 AM,95,67
10/3/2026,3:55:05 AM,95,67
10/3/2026,3:55:06 AM,95,66
10/3/2026,3:55:07 AM,95,66
10/3/2026,3:55:08 AM,95,66
10/3/2026,3:55:09 AM,95,66
10/3/2026,3:55:10 AM,95,66
10/3/2026,3:55:11 AM,95,66
10/3/2026,3:55:12 AM,95,66
10/3/2026,3:55:13 AM,95,66
10/3/2026,3:55:14 AM,95,66
10/3/2026,3:55:15 AM,95,66
10/3/2026,3:55:16 AM,95,67
10/3/2026,3:55:17 AM,95,67
10/3/2026,3:55:18 AM,95,67
10/3/2026,3:55:19 AM,95,67
10/3/2026,3:55:20 AM,95,67
10/3/2026,3:55:21 AM,95,67
10/3/2026,3:55:22 AM,95,66
10/3/2026,3:55:23 AM,95,66
10/3/2026,3:55:24 AM,95,66
10/3/2026,3:55:25 AM,96,66
10/3/2026,3:55:26 AM,96,66
10/3/2026,3:55:27 AM,96,66
10/3/2026,3:55:28 AM,96,66
10/3/2026,3:55:29 AM,95,66
10/3/2026,3:55:30 AM,95,66
10/3/2026,3:55:31 AM,95,66
10/3/2026,3:55:32 AM,95,66
10/3/2026,3:55:33 AM,95,66
10/3/2026,3:55:34 AM,95,66
10/3/2026,3:55:35 AM,95,66
10/3/2026,3:55:36 AM,95,66
10/3/2026,3:55:37 AM,95,66
10/3/2026,3:55:38 AM,95,66
10/3/2026,3:55:39 AM,95,66
10/3/2026,3:55:40 AM,95,66
10/3/2026,3:55:41 AM,95,66
10/3/2026,3:55:42 AM,95,66
10/3/2026,3:55:43 AM,95,66
10/3/2026,3:55:44 AM,95,66
10/3/2026,3:55:45 AM,95,66
10/3/2026,3:55:46 AM,95,66
10/3/2026,3:55:47 AM,95,66
10/3/2026,3:55:48 AM,95,66
10/3/2026,3:55:49 AM,95,66
10/3/2026,3:55:50 AM,95,66
10/3/2026,3:55:51 AM,95,66
10/3/2026,3:55:52 AM,95,66
10/3/2026,3:55:53 AM,95,66
10/3/2026,3:55:54 AM,95,66
10/3/2026,3:55:55 AM,95,66
10/3/2026,3:55:56 AM,95,66
10/3/2026,3:55:57 AM,95,66
10/3/2026,3:55:58 AM,95,66
10/3/2026,3:55:59 AM,95,66
10/3/2026,3:56:00 AM,95,66
10/3/2026,3:56:01 AM,95,66
10/3/2026,3:56:02 AM,95,66
10/3/2026,3:56:03 AM,95,66
10/3/2026,3:56:04 AM,95,66
10/3/2026,3:56:05 AM,95,67
10/3/2026,3:56:06 AM,95,67
10/3/2026,3:56:07 AM,95,67
10/3/2026,3:56:08 AM,95,67
10/3/2026,3:56:09 AM,95,67
10/3/2026,3:56:10 AM,95,67
10/3/2026,3:56:11 AM,95,67
10/3/2026,3:56:12 AM,95,67
10/3/2026,3:56:13 AM,95,68
10/3/2026,3:56:14 AM,95,68
10/3/2026,3:56:15 AM,95,67
10/3/2026,3:56:16 AM,95,67
10/3/2026,3:56:17 AM,95,67
10/3/2026,3:56:18 AM,95,67
10/3/2026,3:56:19 AM,95,67
10/3/2026,3:56:20 AM,95,67
10/3/2026,3:56:21 AM,95,66
10/3/2026,3:56:22 AM,95,66
10/3/2026,3:56:23 AM,95,66
10/3/2026,3:56:24 AM,95,66
10/3/2026,3:56:25 AM,95,66
10/3/2026,3:56:26 AM,95,66
10/3/2026,3:56:27 AM,95,66
10/3/2026,3:56:28 AM,95,65
10/3/2026,3:56:29 AM,95,65
10/3/2026,3:56:30 AM,95,65
10/3/2026,3:56:31 AM,95,65
10/3/2026,3:56:32 AM,95,65
10/3/2026,3:56:33 AM,95,65
10/3/2026,3:56:34 AM,95,65
10/3/2026,3:56:35 AM,95,65
10/3/2026,3:56:36 AM,95,65
10/3/2026,3:56:37 AM,95,65
10/3/2026,3:56:38 AM,95,65
10/3/2026,3:56:39 AM,95,66
10/3/2026,3:56:40 AM,95,66
10/3/2026,3:56:41 AM,95,66
10/3/2026,3:56:42 AM,95,66
10/3/2026,3:56:43 AM,95,66
10/3/2026,3:56:44 AM,95,66
10/3/2026,3:56:45 AM,95,66
10/3/2026,3:56:46 AM,95,66
10/3/2026,3:56:47 AM,95,66
10/3/2026,3:56:48 AM,95,66
10/3/2026,3:56:49 AM,95,66
10/3/2026,3:56:50 AM,95,66
10/3/2026,3:56:51 AM,95,66
10/3/2026,3:56:52 AM,95,66
10/3/2026,3:56:53 AM,95,66
10/3/2026,3:56:54 AM,95,66
10/3/2026,3:56:55 AM,95,66
10/3/2026,3:56:56 AM,95,66
10/3/2026,3:56:57 AM,95,66
10/3/2026,3:56:58 AM,95,66
10/3/2026,3:56:59 AM,95,66
10/3/2026,3:57:00 AM,95,66
10/3/2026,3:57:01 AM,95,66
10/3/2026,3:57:02 AM,95,66
10/3/2026,3:57:03 AM,95,66
10/3/2026,3:57:04 AM,95,66
10/3/2026,3:57:05 AM,95,66
10/3/2026,3:57:06 AM,95,66
10/3/2026,3:57:07 AM,95,66
10/3/2026,3:57:08 AM,95,67
10/3/2026,3:57:09 AM,95,67
10/3/2026,3:57:10 AM,95,67
10/3/2026,3:57:11 AM,95,67
10/3/2026,3:57:12 AM,95,67
10/3/2026,3:57:13 AM,95,67
10/3/2026,3:57:14 AM,95,67
10/3/2026,3:57:15 AM,95,67
10/3/2026,3:57:16 AM,95,67
10/3/2026,3:57:17 AM,95,67
10/3/2026,3:57:18 AM,95,67
10/3/2026,3:57:19 AM,95,66
10/3/2026,3:57:20 AM,95,66
10/3/2026,3:57:21 AM,95,66
10/3/2026,3:57:22 AM,95,66
10/3/2026,3:57:23 AM,95,66
10/3/2026,3:57:24 AM,95,66
10/3/2026,3:57:25 AM,95,66
10/3/2026,3:57:26 AM,95,66
10/3/2026,3:57:27 AM,95,66
10/3/2026,3:57:28 AM,95,66
10/3/2026,3:57:29 AM,95,66
10/3/2026,3:57:30 AM,95,66
10/3/2026,3:57:31 AM,95,66
10/3/2026,3:57:32 AM,95,66
10/3/2026,3:57:33 AM,95,66
10/3/2026,3:57:34 AM,95,66
10/3/2026,3:57:35 AM,95,66
10/3/2026,3:57:36 AM,95,66
10/3/2026,3:57:37 AM,95,67
10/3/2026,3:57:38 AM,95,67
10/3/2026,3:57:39 AM,95,67
10/3/2026,3:57:40 AM,95,67
10/3/2026,3:57:41 AM,95,68
10/3/2026,3:57:42 AM,95,68
10/3/2026,3:57:43 AM,95,68
10/3/2026,3:57:44 AM,95,68
10/3/2026,3:57:45 AM,95,67
10/3/2026,3:57:46 AM,95,67
10/3/2026,3:57:47 AM,95,67
10/3/2026,3:57:48 AM,95,67
10/3/2026,3:57:49 AM,95,67
10/3/2026,3:57:50 AM,95,66
10/3/2026,3:57:51 AM,95,66
10/3/2026,3:57:52 AM,95,66
10/3/2026,3:57:53 AM,96,66
10/3/2026,3:57:54 AM,96,66
10/3/2026,3:57:55 AM,96,65
10/3/2026,3:57:56 AM,96,65
10/3/2026,3:57:57 AM,96,65
10/3/2026,3:57:58 AM,96,65
10/3/2026,3:57:59 AM,96,65
10/3/2026,3:58:00 AM,96,65
10/3/2026,3:58:01 AM,96,65
10/3/2026,3:58:02 AM,96,65
10/3/2026,3:58:03 AM,96,65
10/3/2026,3:58:04 AM,96,65
10/3/2026,3:58:05 AM,96,65
10/3/2026,3:58:06 AM,96,65
10/3/2026,3:58:07 AM,96,65
10/3/2026,3:58:08 AM,96,65
10/3/2026,3:58:09 AM,96,65
10/3/2026,3:58:10 AM,96,66
10/3/2026,3:58:11 AM,96,66
10/3/2026,3:58:12 AM,96,66
10/3/2026,3:58:13 AM,96,66
10/3/2026,3:58:14 AM,96,66
10/3/2026,3:58:15 AM,96,66
10/3/2026,3:58:16 AM,96,66
10/3/2026,3:58:17 AM,96,66
10/3/2026,3:58:18 AM,96,66
10/3/2026,3:58:19 AM,95,66
10/3/2026,3:58:20 AM,95,66
10/3/2026,3:58:21 AM,95,67
10/3/2026,3:58:22 AM,95,66
10/3/2026,3:58:23 AM,95,66
10/3/2026,3:58:24 AM,95,66
10/3/2026,3:58:25 AM,96,66
10/3/2026,3:58:26 AM,96,66
10/3/2026,3:58:27 AM,96,66
10/3/2026,3:58:28 AM,96,66
10/3/2026,3:58:29 AM,96,66
10/3/2026,3:58:30 AM,96,66
10/3/2026,3:58:31 AM,96,66
10/3/2026,3:58:32 AM,96,66
10/3/2026,3:58:33 AM,96,66
10/3/2026,3:58:34 AM,96,66
10/3/2026,3:58:35 AM,96,66
10/3/2026,3:58:36 AM,96,66
10/3/2026,3:58:37 AM,96,66
10/3/2026,3:58:38 AM,96,66
10/3/2026,3:58:39 AM,96,66
10/3/2026,3:58:40 AM,96,66
10/3/2026,3:58:41 AM,96,66
10/3/2026,3:58:42 AM,96,66
10/3/2026,3:58:43 AM,96,66
10/3/2026,3:58:44 AM,96,66
10/3/2026,3:58:45 AM,96,66
10/3/2026,3:58:46 AM,96,66
10/3/2026,3:58:47 AM,96,66
10/3/2026,3:58:48 AM,96,66
10/3/2026,3:58:49 AM,96,66
10/3/2026,3:58:50 AM,96,65
10/3/2026,3:58:51 AM,96,65
10/3/2026,3:58:52 AM,96,65
10/3/2026,3:58:53 AM,96,65
10/3/2026,3:58:54 AM,96,65
10/3/2026,3:58:55 AM,96,65
10/3/2026,3:58:56 AM,96,65
10/3/2026,3:58:57 AM,96,65
10/3/2026,3:58:58 AM,96,65
10/3/2026,3:58:59 AM,96,65
10/3/2026,3:59:00 AM,96,65
10/3/2026,3:59:01 AM,96,65
10/3/2026,3:59:02 AM,96,65
10/3/2026,3:59:03 AM,96,66
10/3/2026,3:59:04 AM,96,66
10/3/2026,3:59:05 AM,96,66
10/3/2026,3:59:06 AM,96,66
10/3/2026,3:59:07 AM,96,66
10/3/2026,3:59:08 AM,96,67
10/3/2026,3:59:09 AM,96,67
10/3/2026,3:59:10 AM,96,67
10/3/2026,3:59:11 AM,96,67
10/3/2026,3:59:12 AM,96,67
10/3/2026,3:59:13 AM,96,67
10/3/2026,3:59:14 AM,96,68
10/3/2026,3:59:15 AM,96,68
10/3/2026,3:59:16 AM,96,69
10/3/2026,3:59:17 AM,95,69
10/3/2026,3:59:18 AM,95,69
10/3/2026,3:59:19 AM,95,69
10/3/2026,3:59:20 AM,95,69
10/3/2026,3:59:21 AM,95,68
10/3/2026,3:59:22 AM,95,68
10/3/2026,3:59:23 AM,95,67
10/3/2026,3:59:24 AM,95,66
10/3/2026,3:59:25 AM,95,66
10/3/2026,3:59:26 AM,95,65
10/3/2026,3:59:27 AM,95,65
10/3/2026,3:59:28 AM,95,65
10/3/2026,3:59:29 AM,95,65
10/3/2026,3:59:30 AM,95,65
10/3/2026,3:59:31 AM,96,65
10/3/2026,3:59:32 AM,96,64
10/3/2026,3:59:33 AM,96,64
10/3/2026,3:59:34 AM,96,64
10/3/2026,3:59:35 AM,96,64
10/3/2026,3:59:36 AM,96,64
10/3/2026,3:59:37 AM,96,64
10/3/2026,3:59:38 AM,96,64
10/3/2026,3:59:39 AM,96,64
10/3/2026,3:59:40 AM,96,64
10/3/2026,3:59:41 AM,96,64
10/3/2026,3:59:42 AM,96,64
10/3/2026,3:59:43 AM,96,64
10/3/2026,3:59:44 AM,96,64
10/3/2026,3:59:45 AM,96,63
10/3/2026,3:59:46 AM,96,63
10/3/2026,3:59:47 AM,95,63
10/3/2026,3:59:48 AM,95,63
10/3/2026,3:59:49 AM,95,63
10/3/2026,3:59:50 AM,95,63
10/3/2026,3:59:51 AM,95,63
10/3/2026,3:59:52 AM,95,63
10/3/2026,3:59:53 AM,95,63
10/3/2026,3:59:54 AM,95,63
10/3/2026,3:59:55 AM,95,63
10/3/2026,3:59:56 AM,95,63
10/3/2026,3:59:57 AM,95,63
10/3/2026,3:59:58 AM,95,63
10/3/2026,3:59:59 AM,95,63
10/3/2026,4:00:00 AM,95,63
10/3/2026,4:00:01 AM,95,63
10/3/2026,4:00:02 AM,95,63
10/3/2026,4:00:03 AM,95,63
10/3/2026,4:00:04 AM,95,63
10/3/2026,4:00:05 AM,95,63
10/3/2026,4:00:06 AM,95,63
10/3/2026,4:00:07 AM,95,63
10/3/2026,4:00:08 AM,95,64
10/3/2026,4:00:09 AM,95,64
10/3/2026,4:00:10 AM,95,64
10/3/2026,4:00:11 AM,95,64
10/3/2026,4:00:12 AM,95,64
10/3/2026,4:00:13 AM,95,64
10/3/2026,4:00:14 AM,95,64
10/3/2026,4:00:15 AM,95,64
10/3/2026,4:00:16 AM,95,63
10/3/2026,4:00:17 AM,96,63
10/3/2026,4:00:18 AM,95,63
10/3/2026,4:00:19 AM,95,63
10/3/2026,4:00:20 AM,96,62
10/3/2026,4:00:21 AM,96,62
10/3/2026,4:00:22 AM,96,62
10/3/2026,4:00:23 AM,96,62
10/3/2026,4:00:24 AM,96,63
10/3/2026,4:00:25 AM,96,63
10/3/2026,4:00:26 AM,96,64
10/3/2026,4:00:27 AM,96,64
10/3/2026,4:00:28 AM,96,65
10/3/2026,4:00:29 AM,96,66
10/3/2026,4:00:30 AM,96,67
10/3/2026,4:00:31 AM,96,68
10/3/2026,4:00:32 AM,96,69
10/3/2026,4:00:33 AM,96,69
10/3/2026,4:00:34 AM,96,70
10/3/2026,4:00:35 AM,96,70
10/3/2026,4:00:36 AM,96,69
10/3/2026,4:00:37 AM,96,69
10/3/2026,4:00:38 AM,96,69
10/3/2026,4:00:39 AM,96,67
10/3/2026,4:00:40 AM,96,67
10/3/2026,4:00:41 AM,96,67
10/3/2026,4:00:42 AM,96,67
10/3/2026,4:00:43 AM,96,66
10/3/2026,4:00:44 AM,96,66
10/3/2026,4:00:45 AM,96,67
10/3/2026,4:00:46 AM,96,67
10/3/2026,4:00:47 AM,96,67
10/3/2026,4:00:48 AM,96,67
10/3/2026,4:00:49 AM,96,67
10/3/2026,4:00:50 AM,96,67
10/3/2026,4:00:51 AM,96,67
10/3/2026,4:00:52 AM,96,67
10/3/2026,4:00:53 AM,96,67
10/3/2026,4:00:54 AM,96,67
10/3/2026,4:00:55 AM,96,67
10/3/2026,4:00:56 AM,96,67
10/3/2026,4:00:57 AM,96,67
10/3/2026,4:00:58 AM,96,67
10/3/2026,4:00:59 AM,96,67
10/3/2026,4:01:00 AM,96,67
10/3/2026,4:01:01 AM,96,67
10/3/2026,4:01:02 AM,96,67
10/3/2026,4:01:03 AM,96,67
10/3/2026,4:01:04 AM,96,67
10/3/2026,4:01:05 AM,96,67
10/3/2026,4:01:06 AM,96,67
10/3/2026,4:01:07 AM,96,67
10/3/2026,4:01:08 AM,96,67
10/3/2026,4:01:09 AM,96,67
10/3/2026,4:01:10 AM,96,67
10/3/2026,4:01:11 AM,96,67
10/3/2026,4:01:12 AM,96,67
10/3/2026,4:01:13 AM,96,67
10/3/2026,4:01:14 AM,96,67
10/3/2026,4:01:15 AM,96,67
10/3/2026,4:01:16 AM,96,67
10/3/2026,4:01:17 AM,96,67
10/3/2026,4:01:18 AM,96,67
10/3/2026,4:01:19 AM,96,67
10/3/2026,4:01:20 AM,96,68
10/3/2026,4:01:21 AM,96,68
10/3/2026,4:01:22 AM,96,68
10/3/2026,4:01:23 AM,96,68
10/3/2026,4:01:24 AM,96,68
10/3/2026,4:01:25 AM,96,68
10/3/2026,4:01:26 AM,96,68
10/3/2026,4:01:27 AM,97,68
10/3/2026,4:01:28 AM,97,68
10/3/2026,4:01:29 AM,97,68
10/3/2026,4:01:30 AM,98,68
10/3/2026,4:01:31 AM,98,68
10/3/2026,4:01:32 AM,98,67
10/3/2026,4:01:33 AM,98,67
10/3/2026,4:01:34 AM,98,67
10/3/2026,4:01:35 AM,98,66
10/3/2026,4:01:36 AM,98,66
10/3/2026,4:01:37 AM,98,65
10/3/2026,4:01:38 AM,98,65
10/3/2026,4:01:39 AM,98,65
10/3/2026,4:01:40 AM,98,65
10/3/2026,4:01:41 AM,98,64
10/3/2026,4:01:42 AM,98,64
10/3/2026,4:01:43 AM,98,64
10/3/2026,4:01:44 AM,98,64
10/3/2026,4:01:45 AM,98,65
10/3/2026,4:01:46 AM,98,64
10/3/2026,4:01:47 AM,97,65
10/3/2026,4:01:48 AM,97,65
10/3/2026,4:01:49 AM,97,65
10/3/2026,4:01:50 AM,97,65
10/3/2026,4:01:51 AM,97,65
10/3/2026,4:01:52 AM,97,65
10/3/2026,4:01:53 AM,97,65
10/3/2026,4:01:54 AM,97,65
10/3/2026,4:01:55 AM,96,65
10/3/2026,4:01:56 AM,96,65
10/3/2026,4:01:57 AM,96,65
10/3/2026,4:01:58 AM,96,64
10/3/2026,4:01:59 AM,96,64
10/3/2026,4:02:00 AM,96,64
10/3/2026,4:02:01 AM,96,64
10/3/2026,4:02:02 AM,96,63
10/3/2026,4:02:03 AM,96,63
10/3/2026,4:02:04 AM,96,64
10/3/2026,4:02:05 AM,97,63
10/3/2026,4:02:06 AM,97,64
10/3/2026,4:02:07 AM,97,64
10/3/2026,4:02:08 AM,97,64
10/3/2026,4:02:09 AM,97,65
10/3/2026,4:02:10 AM,97,65
10/3/2026,4:02:11 AM,97,65
10/3/2026,4:02:12 AM,97,65
10/3/2026,4:02:13 AM,97,65
10/3/2026,4:02:14 AM,97,66
10/3/2026,4:02:15 AM,97,66
10/3/2026,4:02:16 AM,97,65
10/3/2026,4:02:17 AM,97,65
10/3/2026,4:02:18 AM,97,65
10/3/2026,4:02:19 AM,97,65
10/3/2026,4:02:20 AM,97,65
10/3/2026,4:02:21 AM,97,65
10/3/2026,4:02:22 AM,97,64
10/3/2026,4:02:23 AM,97,64
10/3/2026,4:02:24 AM,97,63
10/3/2026,4:02:25 AM,97,63
10/3/2026,4:02:26 AM,96,62
10/3/2026,4:02:27 AM,96,62
10/3/2026,4:02:28 AM,96,62
10/3/2026,4:02:29 AM,96,62
10/3/2026,4:02:30 AM,96,61
10/3/2026,4:02:31 AM,96,61
10/3/2026,4:02:32 AM,96,61
10/3/2026,4:02:33 AM,96,61
10/3/2026,4:02:34 AM,96,61
10/3/2026,4:02:35 AM,96,60
10/3/2026,4:02:36 AM,96,60
10/3/2026,4:02:37 AM,96,60
10/3/2026,4:02:38 AM,96,60
10/3/2026,4:02:39 AM,96,60
10/3/2026,4:02:40 AM,96,60
10/3/2026,4:02:41 AM,95,60
10/3/2026,4:02:42 AM,95,60
10/3/2026,4:02:43 AM,95,60
10/3/2026,4:02:44 AM,95,60
10/3/2026,4:02:45 AM,95,60
10/3/2026,4:02:46 AM,95,60
10/3/2026,4:02:47 AM,95,60
10/3/2026,4:02:48 AM,95,60
10/3/2026,4:02:49 AM,95,60
10/3/2026,4:02:50 AM,95,60
10/3/2026,4:02:51 AM,94,60
10/3/2026,4:02:52 AM,94,60
10/3/2026,4:02:53 AM,94,60
10/3/2026,4:02:54 AM,94,60
10/3/2026,4:02:55 AM,94,59
10/3/2026,4:02:56 AM,95,59
10/3/2026,4:02:57 AM,95,59
10/3/2026,4:02:58 AM,95,59
10/3/2026,4:02:59 AM,95,59
10/3/2026,4:03:00 AM,95,59
10/3/2026,4:03:01 AM,95,59
10/3/2026,4:03:02 AM,95,59
10/3/2026,4:03:03 AM,95,59
10/3/2026,4:03:04 AM,95,59
10/3/2026,4:03:05 AM,95,59
10/3/2026,4:03:06 AM,95,59
10/3/2026,4:03:07 AM,95,59
10/3/2026,4:03:08 AM,95,60
10/3/2026,4:03:09 AM,95,60
10/3/2026,4:03:10 AM,95,60
10/3/2026,4:03:11 AM,95,60
10/3/2026,4:03:12 AM,95,61
10/3/2026,4:03:13 AM,95,61
10/3/2026,4:03:14 AM,95,61
10/3/2026,4:03:15 AM,95,61
10/3/2026,4:03:16 AM,95,63
10/3/2026,4:03:17 AM,95,63
10/3/2026,4:03:18 AM,95,63
10/3/2026,4:03:19 AM,95,63
10/3/2026,4:03:20 AM,95,63
10/3/2026,4:03:21 AM,95,63
10/3/2026,4:03:22 AM,95,63
10/3/2026,4:03:23 AM,95,63
10/3/2026,4:03:24 AM,95,64
10/3/2026,4:03:25 AM,94,64
10/3/2026,4:03:26 AM,94,64
10/3/2026,4:03:27 AM,94,63
10/3/2026,4:03:28 AM,94,62
10/3/2026,4:03:29 AM,94,62
10/3/2026,4:03:30 AM,94,62
10/3/2026,4:03:31 AM,94,62
10/3/2026,4:03:32 AM,94,62
10/3/2026,4:03:33 AM,94,62
10/3/2026,4:03:34 AM,95,62
10/3/2026,4:03:35 AM,95,61
10/3/2026,4:03:36 AM,96,61
10/3/2026,4:03:37 AM,96,61
10/3/2026,4:03:38 AM,97,61
10/3/2026,4:03:39 AM,97,61
10/3/2026,4:03:40 AM,98,61
10/3/2026,4:03:41 AM,98,61
10/3/2026,4:03:42 AM,98,61
10/3/2026,4:03:43 AM,98,60
10/3/2026,4:03:44 AM,98,60
10/3/2026,4:03:45 AM,98,60
10/3/2026,4:03:46 AM,97,60
10/3/2026,4:03:47 AM,97,60
10/3/2026,4:03:48 AM,97,60
10/3/2026,4:03:49 AM,97,60
10/3/2026,4:03:50 AM,97,60
10/3/2026,4:03:51 AM,97,60
10/3/2026,4:03:52 AM,97,60
10/3/2026,4:03:53 AM,97,59
10/3/2026,4:03:54 AM,97,59
10/3/2026,4:03:55 AM,97,59
10/3/2026,4:03:56 AM,97,59
10/3/2026,4:03:57 AM,97,59
10/3/2026,4:03:58 AM,97,59
10/3/2026,4:03:59 AM,97,59
10/3/2026,4:04:00 AM,97,59
10/3/2026,4:04:01 AM,97,59
10/3/2026,4:04:02 AM,97,59
10/3/2026,4:04:03 AM,96,59
10/3/2026,4:04:04 AM,96,59
10/3/2026,4:04:05 AM,96,59
10/3/2026,4:04:06 AM,96,59
10/3/2026,4:04:07 AM,96,59
10/3/2026,4:04:08 AM,96,59
10/3/2026,4:04:09 AM,96,59
10/3/2026,4:04:10 AM,96,59
10/3/2026,4:04:11 AM,96,59
10/3/2026,4:04:12 AM,96,59
10/3/2026,4:04:13 AM,95,59
10/3/2026,4:04:14 AM,95,59
10/3/2026,4:04:15 AM,95,59
10/3/2026,4:04:16 AM,95,60
10/3/2026,4:04:17 AM,95,60
10/3/2026,4:04:18 AM,95,60
10/3/2026,4:04:19 AM,95,60
10/3/2026,4:04:20 AM,95,60
10/3/2026,4:04:21 AM,95,60
10/3/2026,4:04:22 AM,94,60
10/3/2026,4:04:23 AM,94,60
10/3/2026,4:04:24 AM,94,60
10/3/2026,4:04:25 AM,94,60
10/3/2026,4:04:26 AM,94,60
10/3/2026,4:04:27 AM,94,61
10/3/2026,4:04:28 AM,94,61
10/3/2026,4:04:29 AM,94,61
10/3/2026,4:04:30 AM,94,61
10/3/2026,4:04:31 AM,94,61
10/3/2026,4:04:32 AM,94,60
10/3/2026,4:04:33 AM,94,61
10/3/2026,4:04:34 AM,94,61
10/3/2026,4:04:35 AM,94,61
10/3/2026,4:04:36 AM,94,61
10/3/2026,4:04:37 AM,94,61
10/3/2026,4:04:38 AM,94,61
10/3/2026,4:04:39 AM,93,61
10/3/2026,4:04:40 AM,93,61
10/3/2026,4:04:41 AM,93,60
10/3/2026,4:04:42 AM,93,61
10/3/2026,4:04:43 AM,93,61
10/3/2026,4:04:44 AM,93,61
10/3/2026,4:04:45 AM,92,61
10/3/2026,4:04:46 AM,92,61
10/3/2026,4:04:47 AM,92,61
10/3/2026,4:04:48 AM,92,61
10/3/2026,4:04:49 AM,92,61
10/3/2026,4:04:50 AM,92,62
10/3/2026,4:04:51 AM,92,62
10/3/2026,4:04:52 AM,92,62
10/3/2026,4:04:53 AM,92,62
10/3/2026,4:04:54 AM,92,62
10/3/2026,4:04:55 AM,91,62
10/3/2026,4:04:56 AM,91,62
10/3/2026,4:04:57 AM,91,62
10/3/2026,4:04:58 AM,91,62
10/3/2026,4:04:59 AM,91,63
10/3/2026,4:05:00 AM,91,63
10/3/2026,4:05:01 AM,91,63
10/3/2026,4:05:02 AM,91,63
10/3/2026,4:05:03 AM,91,63
10/3/2026,4:05:04 AM,90,63
10/3/2026,4:05:05 AM,90,63
10/3/2026,4:05:06 AM,90,63
10/3/2026,4:05:07 AM,90,64
10/3/2026,4:05:08 AM,90,64
10/3/2026,4:05:09 AM,90,64
10/3/2026,4:05:10 AM,90,64
10/3/2026,4:05:11 AM,90,64
10/3/2026,4:05:12 AM,90,64
10/3/2026,4:05:13 AM,89,64
10/3/2026,4:05:14 AM,89,64
10/3/2026,4:05:15 AM,89,64
10/3/2026,4:05:16 AM,89,64
10/3/2026,4:05:17 AM,89,64
10/3/2026,4:05:18 AM,89,64
10/3/2026,4:05:19 AM,89,64
10/3/2026,4:05:20 AM,89,64
10/3/2026,4:05:21 AM,88,64
10/3/2026,4:05:22 AM,88,64
10/3/2026,4:05:23 AM,88,64
10/3/2026,4:05:24 AM,88,64
10/3/2026,4:05:25 AM,88,64
10/3/2026,4:05:26 AM,88,64
10/3/2026,4:05:27 AM,87,65
10/3/2026,4:05:28 AM,87,65
10/3/2026,4:05:29 AM,87,65
10/3/2026,4:05:30 AM,87,65
10/3/2026,4:05:31 AM,87,65
10/3/2026,4:05:32 AM,87,65
10/3/2026,4:05:33 AM,87,65
10/3/2026,4:05:34 AM,87,65
10/3/2026,4:05:35 AM,87,65
10/3/2026,4:05:36 AM,87,65
10/3/2026,4:05:37 AM,87,65
10/3/2026,4:05:38 AM,87,65
10/3/2026,4:05:39 AM,87,65
10/3/2026,4:05:40 AM,87,65
10/3/2026,4:05:41 AM,87,65
10/3/2026,4:05:42 AM,87,65
10/3/2026,4:05:43 AM,87,65
10/3/2026,4:05:44 AM,87,65
10/3/2026,4:05:45 AM,87,65
10/3/2026,4:05:46 AM,87,65
10/3/2026,4:05:47 AM,87,65
10/3/2026,4:05:48 AM,87,65
10/3/2026,4:05:49 AM,87,65
10/3/2026,4:05:50 AM,87,65
10/3/2026,4:05:51 AM,87,65
10/3/2026,4:05:52 AM,87,65
10/3/2026,4:05:53 AM,87,65
10/3/2026,4:05:54 AM,86,65
10/3/2026,4:05:55 AM,87,65
10/3/2026,4:05:56 AM,87,67
10/3/2026,4:05:57 AM,88,73
10/3/2026,4:05:58 AM,88,73
10/3/2026,4:05:59 AM,88,73
10/3/2026,4:06:00 AM,88,73
10/3/2026,4:06:01 AM,88,73
10/3/2026,4:06:02 AM,89,73
10/3/2026,4:06:03 AM,89,73
10/3/2026,4:06:04 AM,89,73
10/3/2026,4:06:05 AM,89,73
10/3/2026,4:06:06 AM,89,73
10/3/2026,4:06:07 AM,89,73
10/3/2026,4:06:08 AM,90,73
10/3/2026,4:06:09 AM,91,73
10/3/2026,4:06:10 AM,91,73
10/3/2026,4:06:11 AM,91,81
10/3/2026,4:06:12 AM,91,81
10/3/2026,4:06:13 AM,91,81
10/3/2026,4:06:14 AM,91,81
10/3/2026,4:06:15 AM,91,81
10/3/2026,4:06:16 AM,91,81
10/3/2026,4:06:17 AM,91,81
10/3/2026,4:06:18 AM,91,81
10/3/2026,4:06:19 AM,91,81
10/3/2026,4:06:20 AM,91,81
10/3/2026,4:06:21 AM,91,81
10/3/2026,4:06:22 AM,91,81
10/3/2026,4:06:23 AM,91,81
10/3/2026,4:06:24 AM,91,81
10/3/2026,4:06:25 AM,91,81
10/3/2026,4:06:26 AM,91,81
10/3/2026,4:06:27 AM,91,81
10/3/2026,4:06:28 AM,91,81
10/3/2026,4:06:29 AM,91,81
10/3/2026,4:06:30 AM,91,81
10/3/2026,4:06:31 AM,91,81
10/3/2026,4:06:32 AM,91,81
10/3/2026,4:06:33 AM,91,81
10/3/2026,4:06:34 AM,91,81
10/3/2026,4:06:35 AM,91,81
10/3/2026,4:06:36 AM,94,82
10/3/2026,4:06:37 AM,95,82
10/3/2026,4:06:38 AM,97,82
10/3/2026,4:06:39 AM,98,83
10/3/2026,4:06:40 AM,98,83
10/3/2026,4:06:41 AM,98,81
10/3/2026,4:06:42 AM,98,81
10/3/2026,4:06:43 AM,99,81
10/3/2026,4:06:44 AM,99,76
10/3/2026,4:06:45 AM,99,74
10/3/2026,4:06:46 AM,99,69
10/3/2026,4:06:47 AM,98,69
10/3/2026,4:06:48 AM,98,70
10/3/2026,4:06:49 AM,98,70
10/3/2026,4:06:50 AM,98,70
10/3/2026,4:06:51 AM,98,70
10/3/2026,4:06:52 AM,98,70
10/3/2026,4:06:53 AM,98,70
10/3/2026,4:06:54 AM,98,70
10/3/2026,4:06:55 AM,98,70
10/3/2026,4:06:56 AM,98,70
10/3/2026,4:06:57 AM,98,70
10/3/2026,4:06:58 AM,98,70
10/3/2026,4:06:59 AM,98,70
10/3/2026,4:07:00 AM,98,70
10/3/2026,4:07:01 AM,98,70
10/3/2026,4:07:02 AM,98,70
10/3/2026,4:07:03 AM,98,70
10/3/2026,4:07:04 AM,98,69
10/3/2026,4:07:05 AM,98,69
10/3/2026,4:07:06 AM,98,69
10/3/2026,4:07:07 AM,98,69
10/3/2026,4:07:08 AM,98,69
10/3/2026,4:07:09 AM,98,69
10/3/2026,4:07:10 AM,98,69
10/3/2026,4:07:11 AM,98,69
10/3/2026,4:07:12 AM,98,69
10/3/2026,4:07:13 AM,98,69
10/3/2026,4:07:14 AM,98,69
10/3/2026,4:07:15 AM,98,69
10/3/2026,4:07:16 AM,98,69
10/3/2026,4:07:17 AM,98,69
10/3/2026,4:07:18 AM,98,69
10/3/2026,4:07:19 AM,98,69
10/3/2026,4:07:20 AM,98,69
10/3/2026,4:07:21 AM,98,69
10/3/2026,4:07:22 AM,98,69
10/3/2026,4:07:23 AM,98,69
10/3/2026,4:07:24 AM,98,69
10/3/2026,4:07:25 AM,98,69
10/3/2026,4:07:26 AM,98,69
10/3/2026,4:07:27 AM,98,69
10/3/2026,4:07:28 AM,98,69
10/3/2026,4:07:29 AM,98,69
10/3/2026,4:07:30 AM,98,68
10/3/2026,4:07:31 AM,98,67
10/3/2026,4:07:32 AM,98,67
10/3/2026,4:07:33 AM,98,66
10/3/2026,4:07:34 AM,98,65
10/3/2026,4:07:35 AM,98,65
10/3/2026,4:07:36 AM,98,64
10/3/2026,4:07:37 AM,98,64
10/3/2026,4:07:38 AM,98,64
10/3/2026,4:07:39 AM,98,64
10/3/2026,4:07:40 AM,98,64
10/3/2026,4:07:41 AM,97,64
10/3/2026,4:07:42 AM,97,64
10/3/2026,4:07:43 AM,97,64
10/3/2026,4:07:44 AM,97,64
10/3/2026,4:07:45 AM,97,64
10/3/2026,4:07:46 AM,97,64
10/3/2026,4:07:47 AM,97,64
10/3/2026,4:07:48 AM,97,64
10/3/2026,4:07:49 AM,97,64
10/3/2026,4:07:50 AM,97,64
10/3/2026,4:07:51 AM,97,64
10/3/2026,4:07:52 AM,97,64
10/3/2026,4:07:53 AM,97,64
10/3/2026,4:07:54 AM,97,64
10/3/2026,4:07:55 AM,96,64
10/3/2026,4:07:56 AM,96,63
10/3/2026,4:07:57 AM,96,63
10/3/2026,4:07:58 AM,96,63
10/3/2026,4:07:59 AM,96,63
10/3/2026,4:08:00 AM,96,63
10/3/2026,4:08:01 AM,96,63
10/3/2026,4:08:02 AM,96,63
10/3/2026,4:08:03 AM,96,63
10/3/2026,4:08:04 AM,96,64
10/3/2026,4:08:05 AM,96,64
10/3/2026,4:08:06 AM,96,64
10/3/2026,4:08:07 AM,96,64
10/3/2026,4:08:08 AM,96,64
10/3/2026,4:08:09 AM,96,64
10/3/2026,4:08:10 AM,97,63
10/3/2026,4:08:11 AM,97,63
10/3/2026,4:08:12 AM,97,63
10/3/2026,4:08:13 AM,97,63
10/3/2026,4:08:14 AM,97,63
10/3/2026,4:08:15 AM,97,63
10/3/2026,4:08:16 AM,97,63
10/3/2026,4:08:17 AM,97,63
10/3/2026,4:08:18 AM,97,63
10/3/2026,4:08:19 AM,96,62
10/3/2026,4:08:20 AM,96,62
10/3/2026,4:08:21 AM,96,62
10/3/2026,4:08:22 AM,96,62
10/3/2026,4:08:23 AM,96,62
10/3/2026,4:08:24 AM,96,62
10/3/2026,4:08:25 AM,96,62
10/3/2026,4:08:26 AM,96,62
10/3/2026,4:08:27 AM,96,62
10/3/2026,4:08:28 AM,96,62
10/3/2026,4:08:29 AM,96,62
10/3/2026,4:08:30 AM,96,62
10/3/2026,4:08:31 AM,96,62
10/3/2026,4:08:32 AM,96,62
10/3/2026,4:08:33 AM,96,62
10/3/2026,4:08:34 AM,96,62
10/3/2026,4:08:35 AM,96,62
10/3/2026,4:08:36 AM,96,62
10/3/2026,4:08:37 AM,96,62
10/3/2026,4:08:38 AM,96,62
10/3/2026,4:08:39 AM,96,62
10/3/2026,4:08:40 AM,96,62
10/3/2026,4:08:41 AM,96,62
10/3/2026,4:08:42 AM,96,61
10/3/2026,4:08:43 AM,96,61
10/3/2026,4:08:44 AM,96,61
10/3/2026,4:08:45 AM,96,61
10/3/2026,4:08:46 AM,96,61
10/3/2026,4:08:47 AM,96,61
10/3/2026,4:08:48 AM,96,61
10/3/2026,4:08:49 AM,96,61
10/3/2026,4:08:50 AM,96,61
10/3/2026,4:08:51 AM,96,61
10/3/2026,4:08:52 AM,96,62
10/3/2026,4:08:53 AM,96,62
10/3/2026,4:08:54 AM,96,62
10/3/2026,4:08:55 AM,96,62
10/3/2026,4:08:56 AM,96,62
10/3/2026,4:08:57 AM,96,62
10/3/2026,4:08:58 AM,96,62
10/3/2026,4:08:59 AM,96,62
10/3/2026,4:09:00 AM,96,62
10/3/2026,4:09:01 AM,96,62
10/3/2026,4:09:02 AM,95,62
10/3/2026,4:09:03 AM,95,62
10/3/2026,4:09:04 AM,95,62
10/3/2026,4:09:05 AM,95,62
10/3/2026,4:09:06 AM,95,62
10/3/2026,4:09:07 AM,95,62
10/3/2026,4:09:08 AM,95,62
10/3/2026,4:09:09 AM,95,61
10/3/2026,4:09:10 AM,95,61
10/3/2026,4:09:11 AM,95,61
10/3/2026,4:09:12 AM,95,61
10/3/2026,4:09:13 AM,95,61
10/3/2026,4:09:14 AM,95,61
10/3/2026,4:09:15 AM,95,62
10/3/2026,4:09:16 AM,94,62
10/3/2026,4:09:17 AM,94,62
10/3/2026,4:09:18 AM,95,62
10/3/2026,4:09:19 AM,94,62
10/3/2026,4:09:20 AM,94,62
10/3/2026,4:09:21 AM,94,62
10/3/2026,4:09:22 AM,94,62
10/3/2026,4:09:23 AM,94,62
10/3/2026,4:09:24 AM,94,62
10/3/2026,4:09:25 AM,94,62
10/3/2026,4:09:26 AM,94,62
10/3/2026,4:09:27 AM,94,62
10/3/2026,4:09:28 AM,94,62
10/3/2026,4:09:29 AM,94,62
10/3/2026,4:09:30 AM,94,62
10/3/2026,4:09:31 AM,94,62
10/3/2026,4:09:32 AM,94,61
10/3/2026,4:09:33 AM,95,61
10/3/2026,4:09:34 AM,95,61
10/3/2026,4:09:35 AM,95,61
10/3/2026,4:09:36 AM,95,60
10/3/2026,4:09:37 AM,96,60
10/3/2026,4:09:38 AM,96,60
10/3/2026,4:09:39 AM,96,60
10/3/2026,4:09:40 AM,96,60
10/3/2026,4:09:41 AM,96,60
10/3/2026,4:09:42 AM,96,60
10/3/2026,4:09:43 AM,96,60
10/3/2026,4:09:44 AM,96,60
10/3/2026,4:09:45 AM,96,60
10/3/2026,4:09:46 AM,96,60
10/3/2026,4:09:47 AM,96,60
10/3/2026,4:09:48 AM,96,60
10/3/2026,4:09:49 AM,96,60
10/3/2026,4:09:50 AM,96,60
10/3/2026,4:09:51 AM,96,60
10/3/2026,4:09:52 AM,96,59
10/3/2026,4:09:53 AM,96,59
10/3/2026,4:09:54 AM,95,59
10/3/2026,4:09:55 AM,95,58
10/3/2026,4:09:56 AM,95,58
10/3/2026,4:09:57 AM,95,58
10/3/2026,4:09:58 AM,95,58
10/3/2026,4:09:59 AM,95,58
10/3/2026,4:10:00 AM,94,58
10/3/2026,4:10:01 AM,94,58
10/3/2026,4:10:02 AM,94,58
10/3/2026,4:10:03 AM,94,58
10/3/2026,4:10:04 AM,94,58
10/3/2026,4:10:05 AM,94,58
10/3/2026,4:10:06 AM,94,58
10/3/2026,4:10:07 AM,94,58
10/3/2026,4:10:08 AM,93,58
10/3/2026,4:10:09 AM,93,58
10/3/2026,4:10:10 AM,93,58
10/3/2026,4:10:11 AM,93,58
10/3/2026,4:10:12 AM,93,58
10/3/2026,4:10:13 AM,93,57
10/3/2026,4:10:14 AM,93,57
10/3/2026,4:10:15 AM,93,57
10/3/2026,4:10:16 AM,93,57
10/3/2026,4:10:17 AM,93,56
10/3/2026,4:10:18 AM,93,56
10/3/2026,4:10:19 AM,93,56
10/3/2026,4:10:20 AM,93,56
10/3/2026,4:10:21 AM,93,56
10/3/2026,4:10:22 AM,93,56
10/3/2026,4:10:23 AM,93,56
10/3/2026,4:10:24 AM,93,56
10/3/2026,4:10:25 AM,93,55
10/3/2026,4:10:26 AM,92,55
10/3/2026,4:10:27 AM,92,55
10/3/2026,4:10:28 AM,92,55
10/3/2026,4:10:29 AM,92,55
10/3/2026,4:10:30 AM,92,55
10/3/2026,4:10:31 AM,92,56
10/3/2026,4:10:32 AM,92,56
10/3/2026,4:10:33 AM,92,56
10/3/2026,4:10:34 AM,92,56
10/3/2026,4:10:35 AM,92,56
10/3/2026,4:10:36 AM,92,57
10/3/2026,4:10:37 AM,92,57
10/3/2026,4:10:38 AM,92,57
10/3/2026,4:10:39 AM,92,57
10/3/2026,4:10:40 AM,92,57
10/3/2026,4:10:41 AM,91,57
10/3/2026,4:10:42 AM,91,57
10/3/2026,4:10:43 AM,91,58
10/3/2026,4:10:44 AM,91,58
10/3/2026,4:10:45 AM,91,58
10/3/2026,4:10:46 AM,91,58
10/3/2026,4:10:47 AM,91,58
10/3/2026,4:10:48 AM,91,58
10/3/2026,4:10:49 AM,91,58
10/3/2026,4:10:50 AM,91,58
10/3/2026,4:10:51 AM,91,58
10/3/2026,4:10:52 AM,91,58
10/3/2026,4:10:53 AM,91,58
10/3/2026,4:10:54 AM,91,58
10/3/2026,4:10:55 AM,91,58
10/3/2026,4:10:56 AM,91,58
10/3/2026,4:10:57 AM,91,58
10/3/2026,4:10:58 AM,91,58
10/3/2026,4:10:59 AM,91,58
10/3/2026,4:11:00 AM,91,58
10/3/2026,4:11:01 AM,91,58
10/3/2026,4:11:02 AM,91,58
10/3/2026,4:11:03 AM,91,58
10/3/2026,4:11:04 AM,91,58
10/3/2026,4:11:05 AM,91,58
10/3/2026,4:11:06 AM,91,58
10/3/2026,4:11:07 AM,91,58
10/3/2026,4:11:08 AM,91,58
10/3/2026,4:11:09 AM,91,58
10/3/2026,4:11:10 AM,91,58
10/3/2026,4:11:11 AM,91,58
10/3/2026,4:11:12 AM,90,58
10/3/2026,4:11:13 AM,90,58
10/3/2026,4:11:14 AM,90,58
10/3/2026,4:11:15 AM,90,58
10/3/2026,4:11:16 AM,90,60
10/3/2026,4:11:17 AM,90,62
10/3/2026,4:11:18 AM,90,63
10/3/2026,4:11:19 AM,90,64
10/3/2026,4:11:20 AM,90,66
10/3/2026,4:11:21 AM,90,67
10/3/2026,4:11:22 AM,90,69
10/3/2026,4:11:23 AM,89,69
10/3/2026,4:11:24 AM,89,69
10/3/2026,4:11:25 AM,89,69
10/3/2026,4:11:26 AM,89,69
10/3/2026,4:11:27 AM,89,69
10/3/2026,4:11:28 AM,89,69
10/3/2026,4:11:29 AM,89,69
10/3/2026,4:11:30 AM,89,70
10/3/2026,4:11:31 AM,89,70
10/3/2026,4:11:32 AM,89,70
10/3/2026,4:11:33 AM,89,70
10/3/2026,4:11:34 AM,91,70
10/3/2026,4:11:35 AM,94,70
10/3/2026,4:11:36 AM,96,70
10/3/2026,4:11:37 AM,98,70
10/3/2026,4:11:38 AM,98,70
10/3/2026,4:11:39 AM,98,70
10/3/2026,4:11:40 AM,98,70
10/3/2026,4:11:41 AM,98,70
10/3/2026,4:11:42 AM,99,69
10/3/2026,4:11:43 AM,99,69
10/3/2026,4:11:44 AM,99,69
10/3/2026,4:11:45 AM,99,69
10/3/2026,4:11:46 AM,99,69
10/3/2026,4:11:47 AM,99,69
10/3/2026,4:11:48 AM,99,69
10/3/2026,4:11:49 AM,99,69
10/3/2026,4:11:50 AM,99,69
10/3/2026,4:11:51 AM,99,69
10/3/2026,4:11:52 AM,99,69
10/3/2026,4:11:53 AM,99,68
10/3/2026,4:11:54 AM,99,68
10/3/2026,4:11:55 AM,99,68
10/3/2026,4:11:56 AM,99,68
10/3/2026,4:11:57 AM,99,68
10/3/2026,4:11:58 AM,99,68
10/3/2026,4:11:59 AM,99,68
10/3/2026,4:12:00 AM,99,68
10/3/2026,4:12:01 AM,99,68
10/3/2026,4:12:02 AM,99,67
10/3/2026,4:12:03 AM,99,67
10/3/2026,4:12:04 AM,99,67
10/3/2026,4:12:05 AM,99,67
10/3/2026,4:12:06 AM,99,67
10/3/2026,4:12:07 AM,99,67
10/3/2026,4:12:08 AM,99,67
10/3/2026,4:12:09 AM,99,67
10/3/2026,4:12:10 AM,99,67
10/3/2026,4:12:11 AM,99,67
10/3/2026,4:12:12 AM,99,67
10/3/2026,4:12:13 AM,99,67
10/3/2026,4:12:14 AM,98,66
10/3/2026,4:12:15 AM,98,66
10/3/2026,4:12:16 AM,98,66
10/3/2026,4:12:17 AM,98,66
10/3/2026,4:12:18 AM,98,66
10/3/2026,4:12:19 AM,98,66
10/3/2026,4:12:20 AM,98,66
10/3/2026,4:12:21 AM,98,66
10/3/2026,4:12:22 AM,98,66
10/3/2026,4:12:23 AM,98,66
10/3/2026,4:12:24 AM,98,66
10/3/2026,4:12:25 AM,98,67
10/3/2026,4:12:26 AM,98,66
10/3/2026,4:12:27 AM,98,66
10/3/2026,4:12:28 AM,98,66
10/3/2026,4:12:29 AM,98,66
10/3/2026,4:12:30 AM,98,66
10/3/2026,4:12:31 AM,98,66
10/3/2026,4:12:32 AM,98,66
10/3/2026,4:12:33 AM,98,66
10/3/2026,4:12:34 AM,98,66
10/3/2026,4:12:35 AM,98,66
10/3/2026,4:12:36 AM,98,66
10/3/2026,4:12:37 AM,98,66
10/3/2026,4:12:38 AM,98,66
10/3/2026,4:12:39 AM,98,66
10/3/2026,4:12:40 AM,98,65
10/3/2026,4:12:41 AM,98,65
10/3/2026,4:12:42 AM,98,65
10/3/2026,4:12:43 AM,98,65
10/3/2026,4:12:44 AM,98,65
10/3/2026,4:12:45 AM,98,65
10/3/2026,4:12:46 AM,98,65
10/3/2026,4:12:47 AM,98,65
10/3/2026,4:12:48 AM,97,65
10/3/2026,4:12:49 AM,97,65
10/3/2026,4:12:50 AM,97,65
10/3/2026,4:12:51 AM,97,65
10/3/2026,4:12:52 AM,97,66
10/3/2026,4:12:53 AM,97,66
10/3/2026,4:12:54 AM,97,66
10/3/2026,4:12:55 AM,97,66
10/3/2026,4:12:56 AM,97,66
10/3/2026,4:12:57 AM,97,65
10/3/2026,4:12:58 AM,97,65
10/3/2026,4:12:59 AM,97,65
10/3/2026,4:13:00 AM,97,65
10/3/2026,4:13:01 AM,97,65
10/3/2026,4:13:02 AM,97,64
10/3/2026,4:13:03 AM,97,64
10/3/2026,4:13:04 AM,97,63
10/3/2026,4:13:05 AM,97,63
10/3/2026,4:13:06 AM,97,63
10/3/2026,4:13:07 AM,97,63
10/3/2026,4:13:08 AM,97,63
10/3/2026,4:13:09 AM,97,63
10/3/2026,4:13:10 AM,97,63
10/3/2026,4:13:11 AM,97,64
10/3/2026,4:13:12 AM,97,64
10/3/2026,4:13:13 AM,98,64
10/3/2026,4:13:14 AM,98,64
10/3/2026,4:13:15 AM,98,64
10/3/2026,4:13:16 AM,98,64
10/3/2026,4:13:17 AM,98,64
10/3/2026,4:13:18 AM,98,64
10/3/2026,4:13:19 AM,98,64
10/3/2026,4:13:20 AM,98,64
10/3/2026,4:13:21 AM,97,64
10/3/2026,4:13:22 AM,97,64
10/3/2026,4:13:23 AM,97,64
10/3/2026,4:13:24 AM,97,64
10/3/2026,4:13:25 AM,97,63
10/3/2026,4:13:26 AM,97,63
10/3/2026,4:13:27 AM,98,63
10/3/2026,4:13:28 AM,98,63
10/3/2026,4:13:29 AM,98,63
10/3/2026,4:13:30 AM,98,63
10/3/2026,4:13:31 AM,98,63
10/3/2026,4:13:32 AM,98,63
10/3/2026,4:13:33 AM,98,63
10/3/2026,4:13:34 AM,98,63
10/3/2026,4:13:35 AM,98,63
10/3/2026,4:13:36 AM,97,63
10/3/2026,4:13:37 AM,97,64
10/3/2026,4:13:38 AM,97,64
10/3/2026,4:13:39 AM,97,64
10/3/2026,4:13:40 AM,97,64
10/3/2026,4:13:41 AM,97,64
10/3/2026,4:13:42 AM,97,64
10/3/2026,4:13:43 AM,97,64
10/3/2026,4:13:44 AM,97,63
10/3/2026,4:13:45 AM,97,63
10/3/2026,4:13:46 AM,97,63
10/3/2026,4:13:47 AM,97,63
10/3/2026,4:13:48 AM,97,62
10/3/2026,4:13:49 AM,97,62
10/3/2026,4:13:50 AM,97,62
10/3/2026,4:13:51 AM,97,62
10/3/2026,4:13:52 AM,97,62
10/3/2026,4:13:53 AM,97,62
10/3/2026,4:13:54 AM,97,62
10/3/2026,4:13:55 AM,97,62
10/3/2026,4:13:56 AM,97,62
10/3/2026,4:13:57 AM,97,62
10/3/2026,4:13:58 AM,97,62
10/3/2026,4:13:59 AM,97,62
10/3/2026,4:14:00 AM,96,63
10/3/2026,4:14:01 AM,96,63
10/3/2026,4:14:02 AM,96,63
10/3/2026,4:14:03 AM,96,63
10/3/2026,4:14:04 AM,96,64
10/3/2026,4:14:05 AM,96,64
10/3/2026,4:14:06 AM,96,64
10/3/2026,4:14:07 AM,96,64
10/3/2026,4:14:08 AM,96,65
10/3/2026,4:14:09 AM,96,64
10/3/2026,4:14:10 AM,96,64
10/3/2026,4:14:11 AM,96,64
10/3/2026,4:14:12 AM,96,64
10/3/2026,4:14:13 AM,96,64
10/3/2026,4:14:14 AM,96,64
10/3/2026,4:14:15 AM,96,64
10/3/2026,4:14:16 AM,96,64
10/3/2026,4:14:17 AM,96,64
10/3/2026,4:14:18 AM,96,64
10/3/2026,4:14:19 AM,96,64
10/3/2026,4:14:20 AM,96,64
10/3/2026,4:14:21 AM,96,64
10/3/2026,4:14:22 AM,96,64
10/3/2026,4:14:23 AM,96,64
10/3/2026,4:14:24 AM,96,64
10/3/2026,4:14:25 AM,96,64
10/3/2026,4:14:26 AM,96,64
10/3/2026,4:14:27 AM,96,64
10/3/2026,4:14:28 AM,96,64
10/3/2026,4:14:29 AM,96,64
10/3/2026,4:14:30 AM,96,63
10/3/2026,4:14:31 AM,96,64
10/3/2026,4:14:32 AM,96,63
10/3/2026,4:14:33 AM,96,63
10/3/2026,4:14:34 AM,96,63
10/3/2026,4:14:35 AM,96,63
10/3/2026,4:14:36 AM,96,63
10/3/2026,4:14:37 AM,96,63
10/3/2026,4:14:38 AM,96,63
10/3/2026,4:14:39 AM,96,63
10/3/2026,4:14:40 AM,96,63
10/3/2026,4:14:41 AM,96,63
10/3/2026,4:14:42 AM,96,63
10/3/2026,4:14:43 AM,96,63
10/3/2026,4:14:44 AM,96,63
10/3/2026,4:14:45 AM,96,63
10/3/2026,4:14:46 AM,96,63
10/3/2026,4:14:47 AM,96,63
10/3/2026,4:14:48 AM,96,63
10/3/2026,4:14:49 AM,96,63
10/3/2026,4:14:50 AM,96,63
10/3/2026,4:14:51 AM,96,63
10/3/2026,4:14:52 AM,96,63
10/3/2026,4:14:53 AM,95,63
10/3/2026,4:14:54 AM,95,63
10/3/2026,4:14:55 AM,95,63
10/3/2026,4:14:56 AM,95,62
10/3/2026,4:14:57 AM,95,63
10/3/2026,4:14:58 AM,95,63
10/3/2026,4:14:59 AM,94,63
10/3/2026,4:15:00 AM,94,63
10/3/2026,4:15:01 AM,94,63
10/3/2026,4:15:02 AM,94,63
10/3/2026,4:15:03 AM,94,62
10/3/2026,4:15:04 AM,94,62
10/3/2026,4:15:05 AM,94,62
10/3/2026,4:15:06 AM,94,62
10/3/2026,4:15:07 AM,94,62
10/3/2026,4:15:08 AM,94,62
10/3/2026,4:15:09 AM,94,62
10/3/2026,4:15:10 AM,94,62
10/3/2026,4:15:11 AM,94,62
10/3/2026,4:15:12 AM,94,62
10/3/2026,4:15:13 AM,94,62
10/3/2026,4:15:14 AM,94,63
10/3/2026,4:15:15 AM,94,63
10/3/2026,4:15:16 AM,94,63
10/3/2026,4:15:17 AM,94,63
10/3/2026,4:15:18 AM,94,63
10/3/2026,4:15:19 AM,94,63
10/3/2026,4:15:20 AM,94,64
10/3/2026,4:15:21 AM,94,64
10/3/2026,4:15:22 AM,94,64
10/3/2026,4:15:23 AM,94,64
10/3/2026,4:15:24 AM,94,64
10/3/2026,4:15:25 AM,94,64
10/3/2026,4:15:26 AM,94,64
10/3/2026,4:15:27 AM,94,64
10/3/2026,4:15:28 AM,94,65
10/3/2026,4:15:29 AM,94,65
10/3/2026,4:15:30 AM,94,64
10/3/2026,4:15:31 AM,94,64
10/3/2026,4:15:32 AM,94,64
10/3/2026,4:15:33 AM,94,64
10/3/2026,4:15:34 AM,94,64
10/3/2026,4:15:35 AM,94,64
10/3/2026,4:15:36 AM,94,64
10/3/2026,4:15:37 AM,94,63
10/3/2026,4:15:38 AM,94,63
10/3/2026,4:15:39 AM,94,63
10/3/2026,4:15:40 AM,94,63
10/3/2026,4:15:41 AM,94,63
10/3/2026,4:15:42 AM,95,64
10/3/2026,4:15:43 AM,95,64
10/3/2026,4:15:44 AM,95,64
10/3/2026,4:15:45 AM,95,64
10/3/2026,4:15:46 AM,95,64
10/3/2026,4:15:47 AM,95,64
10/3/2026,4:15:48 AM,95,64
10/3/2026,4:15:49 AM,95,64
10/3/2026,4:15:50 AM,95,64
10/3/2026,4:15:51 AM,95,64
10/3/2026,4:15:52 AM,94,64
10/3/2026,4:15:53 AM,94,64
10/3/2026,4:15:54 AM,94,64
10/3/2026,4:15:55 AM,94,64
10/3/2026,4:15:56 AM,94,64
10/3/2026,4:15:57 AM,94,64
10/3/2026,4:15:58 AM,93,64
10/3/2026,4:15:59 AM,93,64
10/3/2026,4:16:00 AM,93,64
10/3/2026,4:16:01 AM,93,64
10/3/2026,4:16:02 AM,93,64
10/3/2026,4:16:03 AM,93,64
10/3/2026,4:16:04 AM,93,65
10/3/2026,4:16:05 AM,93,65
10/3/2026,4:16:06 AM,92,65
10/3/2026,4:16:07 AM,92,65
10/3/2026,4:16:08 AM,92,66
10/3/2026,4:16:09 AM,92,66
10/3/2026,4:16:10 AM,92,66
10/3/2026,4:16:11 AM,92,66
10/3/2026,4:16:12 AM,92,66
10/3/2026,4:16:13 AM,91,66
10/3/2026,4:16:14 AM,91,66
10/3/2026,4:16:15 AM,91,66
10/3/2026,4:16:16 AM,91,66
10/3/2026,4:16:17 AM,91,66
10/3/2026,4:16:18 AM,91,66
10/3/2026,4:16:19 AM,91,65
10/3/2026,4:16:20 AM,91,65
10/3/2026,4:16:21 AM,91,64
10/3/2026,4:16:22 AM,92,64
10/3/2026,4:16:23 AM,92,64
10/3/2026,4:16:24 AM,93,64
10/3/2026,4:16:25 AM,94,64
10/3/2026,4:16:26 AM,94,63
10/3/2026,4:16:27 AM,95,63
10/3/2026,4:16:28 AM,95,63
10/3/2026,4:16:29 AM,96,63
10/3/2026,4:16:30 AM,96,63
10/3/2026,4:16:31 AM,96,63
10/3/2026,4:16:32 AM,96,63
10/3/2026,4:16:33 AM,96,63
10/3/2026,4:16:34 AM,97,63
10/3/2026,4:16:35 AM,96,63
10/3/2026,4:16:36 AM,96,63
10/3/2026,4:16:37 AM,96,63
10/3/2026,4:16:38 AM,96,63
10/3/2026,4:16:39 AM,96,63
10/3/2026,4:16:40 AM,96,63
10/3/2026,4:16:41 AM,96,63
10/3/2026,4:16:42 AM,96,63
10/3/2026,4:16:43 AM,96,63
10/3/2026,4:16:44 AM,96,63
10/3/2026,4:16:45 AM,95,63
10/3/2026,4:16:46 AM,95,63
10/3/2026,4:16:47 AM,95,63
10/3/2026,4:16:48 AM,95,63
10/3/2026,4:16:49 AM,95,63
10/3/2026,4:16:50 AM,95,63
10/3/2026,4:16:51 AM,94,63
10/3/2026,4:16:52 AM,94,63
10/3/2026,4:16:53 AM,94,63
10/3/2026,4:16:54 AM,94,63
10/3/2026,4:16:55 AM,94,63
10/3/2026,4:16:56 AM,94,63
10/3/2026,4:16:57 AM,94,63
10/3/2026,4:16:58 AM,94,63
10/3/2026,4:16:59 AM,93,63
10/3/2026,4:17:00 AM,93,63
10/3/2026,4:17:01 AM,93,63
10/3/2026,4:17:02 AM,93,63
10/3/2026,4:17:03 AM,93,62
10/3/2026,4:17:04 AM,92,62
10/3/2026,4:17:05 AM,92,62
10/3/2026,4:17:06 AM,92,62
10/3/2026,4:17:07 AM,92,62
10/3/2026,4:17:08 AM,92,62
10/3/2026,4:17:09 AM,92,62
10/3/2026,4:17:10 AM,92,63
10/3/2026,4:17:11 AM,92,63
10/3/2026,4:17:12 AM,93,64
10/3/2026,4:17:13 AM,93,64
10/3/2026,4:17:14 AM,93,64
10/3/2026,4:17:15 AM,93,65
10/3/2026,4:17:16 AM,94,65
10/3/2026,4:17:17 AM,94,65
10/3/2026,4:17:18 AM,94,65
10/3/2026,4:17:19 AM,94,65
10/3/2026,4:17:20 AM,94,65
10/3/2026,4:17:21 AM,94,65
10/3/2026,4:17:22 AM,94,64
10/3/2026,4:17:23 AM,95,64
10/3/2026,4:17:24 AM,95,64
10/3/2026,4:17:25 AM,95,64
10/3/2026,4:17:26 AM,95,63
10/3/2026,4:17:27 AM,95,63
10/3/2026,4:17:28 AM,95,63
10/3/2026,4:17:29 AM,95,63
10/3/2026,4:17:30 AM,95,63
10/3/2026,4:17:31 AM,95,63
10/3/2026,4:17:32 AM,95,63
10/3/2026,4:17:33 AM,95,63
10/3/2026,4:17:34 AM,95,63
10/3/2026,4:17:35 AM,95,63
10/3/2026,4:17:36 AM,95,63
10/3/2026,4:17:37 AM,95,63
10/3/2026,4:17:38 AM,95,63
10/3/2026,4:17:39 AM,95,63
10/3/2026,4:17:40 AM,95,63
10/3/2026,4:17:41 AM,94,63
10/3/2026,4:17:42 AM,94,63
10/3/2026,4:17:43 AM,94,63
10/3/2026,4:17:44 AM,94,63
10/3/2026,4:17:45 AM,94,63
10/3/2026,4:17:46 AM,94,63
10/3/2026,4:17:47 AM,94,62
10/3/2026,4:17:48 AM,94,62
10/3/2026,4:17:49 AM,94,63
10/3/2026,4:17:50 AM,94,63
10/3/2026,4:17:51 AM,93,63
10/3/2026,4:17:52 AM,93,63
10/3/2026,4:17:53 AM,93,63
10/3/2026,4:17:54 AM,93,63
10/3/2026,4:17:55 AM,93,63
10/3/2026,4:17:56 AM,93,63
10/3/2026,4:17:57 AM,93,63
10/3/2026,4:17:58 AM,92,64
10/3/2026,4:17:59 AM,92,64
10/3/2026,4:18:00 AM,92,64
10/3/2026,4:18:01 AM,92,64
10/3/2026,4:18:02 AM,92,64
10/3/2026,4:18:03 AM,92,64
10/3/2026,4:18:04 AM,92,64
10/3/2026,4:18:05 AM,92,64
10/3/2026,4:18:06 AM,92,64
10/3/2026,4:18:07 AM,91,64
10/3/2026,4:18:08 AM,91,64
10/3/2026,4:18:09 AM,91,64
10/3/2026,4:18:10 AM,91,63
10/3/2026,4:18:11 AM,91,63
10/3/2026,4:18:12 AM,91,64
10/3/2026,4:18:13 AM,91,63
10/3/2026,4:18:14 AM,91,64
10/3/2026,4:18:15 AM,91,63
10/3/2026,4:18:16 AM,92,63
10/3/2026,4:18:17 AM,92,63
10/3/2026,4:18:18 AM,93,63
10/3/2026,4:18:19 AM,94,63
10/3/2026,4:18:20 AM,95,63
10/3/2026,4:18:21 AM,95,63
10/3/2026,4:18:22 AM,96,63
10/3/2026,4:18:23 AM,96,63
10/3/2026,4:18:24 AM,96,63
10/3/2026,4:18:25 AM,96,63
10/3/2026,4:18:26 AM,96,62
10/3/2026,4:18:27 AM,96,62
10/3/2026,4:18:28 AM,96,62
10/3/2026,4:18:29 AM,96,62
10/3/2026,4:18:30 AM,96,62
10/3/2026,4:18:31 AM,96,62
10/3/2026,4:18:32 AM,96,62
10/3/2026,4:18:33 AM,95,62
10/3/2026,4:18:34 AM,95,62
10/3/2026,4:18:35 AM,95,62
10/3/2026,4:18:36 AM,95,62
10/3/2026,4:18:37 AM,95,62
10/3/2026,4:18:38 AM,95,62
10/3/2026,4:18:39 AM,95,62
10/3/2026,4:18:40 AM,95,62
10/3/2026,4:18:41 AM,94,62
10/3/2026,4:18:42 AM,94,62
10/3/2026,4:18:43 AM,94,62
10/3/2026,4:18:44 AM,94,62
10/3/2026,4:18:45 AM,94,62
10/3/2026,4:18:46 AM,94,62
10/3/2026,4:18:47 AM,94,62
10/3/2026,4:18:48 AM,93,62
10/3/2026,4:18:49 AM,93,62
10/3/2026,4:18:50 AM,93,62
10/3/2026,4:18:51 AM,93,62
10/3/2026,4:18:52 AM,93,62
10/3/2026,4:18:53 AM,93,63
10/3/2026,4:18:54 AM,93,63
10/3/2026,4:18:55 AM,93,63
10/3/2026,4:18:56 AM,93,63
10/3/2026,4:18:57 AM,93,63
10/3/2026,4:18:58 AM,93,63
10/3/2026,4:18:59 AM,92,63
10/3/2026,4:19:00 AM,92,63
10/3/2026,4:19:01 AM,92,63
10/3/2026,4:19:02 AM,92,63
10/3/2026,4:19:03 AM,92,63
10/3/2026,4:19:04 AM,92,63
10/3/2026,4:19:05 AM,91,63
10/3/2026,4:19:06 AM,91,63
10/3/2026,4:19:07 AM,91,63
10/3/2026,4:19:08 AM,91,63
10/3/2026,4:19:09 AM,91,63
10/3/2026,4:19:10 AM,91,63
10/3/2026,4:19:11 AM,92,63
10/3/2026,4:19:12 AM,92,63
10/3/2026,4:19:13 AM,93,63
10/3/2026,4:19:14 AM,93,62
10/3/2026,4:19:15 AM,94,62
10/3/2026,4:19:16 AM,95,62
10/3/2026,4:19:17 AM,95,62
10/3/2026,4:19:18 AM,96,62
10/3/2026,4:19:19 AM,96,62
10/3/2026,4:19:20 AM,96,62
10/3/2026,4:19:21 AM,96,62
10/3/2026,4:19:22 AM,96,62
10/3/2026,4:19:23 AM,96,62
10/3/2026,4:19:24 AM,96,62
10/3/2026,4:19:25 AM,96,62
10/3/2026,4:19:26 AM,96,62
10/3/2026,4:19:27 AM,96,62
10/3/2026,4:19:28 AM,96,62
10/3/2026,4:19:29 AM,96,62
10/3/2026,4:19:30 AM,95,63
10/3/2026,4:19:31 AM,95,63
10/3/2026,4:19:32 AM,95,63
10/3/2026,4:19:33 AM,95,63
10/3/2026,4:19:34 AM,95,63
10/3/2026,4:19:35 AM,95,63
10/3/2026,4:19:36 AM,95,63
10/3/2026,4:19:37 AM,95,63
10/3/2026,4:19:38 AM,95,63
10/3/2026,4:19:39 AM,94,62
10/3/2026,4:19:40 AM,94,62
10/3/2026,4:19:41 AM,94,62
10/3/2026,4:19:42 AM,94,62
10/3/2026,4:19:43 AM,94,62
10/3/2026,4:19:44 AM,94,62
10/3/2026,4:19:45 AM,93,62
10/3/2026,4:19:46 AM,93,62
10/3/2026,4:19:47 AM,93,62
10/3/2026,4:19:48 AM,93,62
10/3/2026,4:19:49 AM,93,62
10/3/2026,4:19:50 AM,93,62
10/3/2026,4:19:51 AM,93,62
10/3/2026,4:19:52 AM,92,62
10/3/2026,4:19:53 AM,92,62
10/3/2026,4:19:54 AM,92,62
10/3/2026,4:19:55 AM,92,62
10/3/2026,4:19:56 AM,92,62
10/3/2026,4:19:57 AM,92,63
10/3/2026,4:19:58 AM,92,63
10/3/2026,4:19:59 AM,92,63
10/3/2026,4:20:00 AM,92,63
10/3/2026,4:20:01 AM,92,63
10/3/2026,4:20:02 AM,92,63
10/3/2026,4:20:03 AM,92,63
10/3/2026,4:20:04 AM,92,63
10/3/2026,4:20:05 AM,92,63
10/3/2026,4:20:06 AM,91,62
10/3/2026,4:20:07 AM,91,62
10/3/2026,4:20:08 AM,91,62
10/3/2026,4:20:09 AM,91,62
10/3/2026,4:20:10 AM,91,62
10/3/2026,4:20:11 AM,91,62
10/3/2026,4:20:12 AM,91,62
10/3/2026,4:20:13 AM,92,62
10/3/2026,4:20:14 AM,92,62
10/3/2026,4:20:15 AM,93,62
10/3/2026,4:20:16 AM,93,62
10/3/2026,4:20:17 AM,94,62
10/3/2026,4:20:18 AM,95,62
10/3/2026,4:20:19 AM,95,62
10/3/2026,4:20:20 AM,96,62
10/3/2026,4:20:21 AM,96,62
10/3/2026,4:20:22 AM,96,62
10/3/2026,4:20:23 AM,96,62
10/3/2026,4:20:24 AM,96,62
10/3/2026,4:20:25 AM,96,62
10/3/2026,4:20:26 AM,96,62
10/3/2026,4:20:27 AM,96,62
10/3/2026,4:20:28 AM,96,62
10/3/2026,4:20:29 AM,96,62
10/3/2026,4:20:30 AM,96,62
10/3/2026,4:20:31 AM,96,62
10/3/2026,4:20:32 AM,95,62
10/3/2026,4:20:33 AM,95,62
10/3/2026,4:20:34 AM,95,63
10/3/2026,4:20:35 AM,95,63
10/3/2026,4:20:36 AM,95,63
10/3/2026,4:20:37 AM,95,63
10/3/2026,4:20:38 AM,95,63
10/3/2026,4:20:39 AM,95,63
10/3/2026,4:20:40 AM,95,63
10/3/2026,4:20:41 AM,94,63
10/3/2026,4:20:42 AM,94,63
10/3/2026,4:20:43 AM,94,63
10/3/2026,4:20:44 AM,94,63
10/3/2026,4:20:45 AM,94,62
10/3/2026,4:20:46 AM,94,62
10/3/2026,4:20:47 AM,94,62
10/3/2026,4:20:48 AM,94,63
10/3/2026,4:20:49 AM,94,63
10/3/2026,4:20:50 AM,94,63
10/3/2026,4:20:51 AM,94,63
10/3/2026,4:20:52 AM,94,63
10/3/2026,4:20:53 AM,94,63
10/3/2026,4:20:54 AM,94,63
10/3/2026,4:20:55 AM,94,63
10/3/2026,4:20:56 AM,94,63
10/3/2026,4:20:57 AM,94,63
10/3/2026,4:20:58 AM,94,63
10/3/2026,4:20:59 AM,94,63
10/3/2026,4:21:00 AM,94,63
10/3/2026,4:21:01 AM,94,63
10/3/2026,4:21:02 AM,94,63
10/3/2026,4:21:03 AM,94,63
10/3/2026,4:21:04 AM,94,62
10/3/2026,4:21:05 AM,94,62
10/3/2026,4:21:06 AM,94,62
10/3/2026,4:21:07 AM,94,62
10/3/2026,4:21:08 AM,94,62
10/3/2026,4:21:09 AM,94,62
10/3/2026,4:21:10 AM,94,61
10/3/2026,4:21:11 AM,94,61
10/3/2026,4:21:12 AM,94,62
10/3/2026,4:21:13 AM,94,62
10/3/2026,4:21:14 AM,94,62
10/3/2026,4:21:15 AM,94,62
10/3/2026,4:21:16 AM,93,62
10/3/2026,4:21:17 AM,93,62
10/3/2026,4:21:18 AM,93,62
10/3/2026,4:21:19 AM,93,62
10/3/2026,4:21:20 AM,93,62
10/3/2026,4:21:21 AM,93,63
10/3/2026,4:21:22 AM,93,63
10/3/2026,4:21:23 AM,93,63
10/3/2026,4:21:24 AM,93,63
10/3/2026,4:21:25 AM,93,63
10/3/2026,4:21:26 AM,93,63
10/3/2026,4:21:27 AM,92,63
10/3/2026,4:21:28 AM,92,64
10/3/2026,4:21:29 AM,92,64
10/3/2026,4:21:30 AM,92,64
10/3/2026,4:21:31 AM,92,64
10/3/2026,4:21:32 AM,92,64
10/3/2026,4:21:33 AM,92,64
10/3/2026,4:21:34 AM,92,64
10/3/2026,4:21:35 AM,92,64
10/3/2026,4:21:36 AM,92,64
10/3/2026,4:21:37 AM,92,64
10/3/2026,4:21:38 AM,92,64
10/3/2026,4:21:39 AM,92,63
10/3/2026,4:21:40 AM,92,63
10/3/2026,4:21:41 AM,92,63
10/3/2026,4:21:42 AM,92,63
10/3/2026,4:21:43 AM,92,63
10/3/2026,4:21:44 AM,92,63
10/3/2026,4:21:45 AM,92,63
10/3/2026,4:21:46 AM,92,63
10/3/2026,4:21:47 AM,93,63
10/3/2026,4:21:48 AM,93,62
10/3/2026,4:21:49 AM,93,62
10/3/2026,4:21:50 AM,94,62
10/3/2026,4:21:51 AM,94,62
10/3/2026,4:21:52 AM,94,62
10/3/2026,4:21:53 AM,95,62
10/3/2026,4:21:54 AM,95,62
10/3/2026,4:21:55 AM,95,62
10/3/2026,4:21:56 AM,95,62
10/3/2026,4:21:57 AM,95,62
10/3/2026,4:21:58 AM,95,63
10/3/2026,4:21:59 AM,95,63
10/3/2026,4:22:00 AM,95,63
10/3/2026,4:22:01 AM,95,63
10/3/2026,4:22:02 AM,95,63
10/3/2026,4:22:03 AM,95,63
10/3/2026,4:22:04 AM,95,63
10/3/2026,4:22:05 AM,95,62
10/3/2026,4:22:06 AM,95,62
10/3/2026,4:22:07 AM,95,62
10/3/2026,4:22:08 AM,95,62
10/3/2026,4:22:09 AM,94,62
10/3/2026,4:22:10 AM,94,62
10/3/2026,4:22:11 AM,94,62
10/3/2026,4:22:12 AM,94,62
10/3/2026,4:22:13 AM,94,62
10/3/2026,4:22:14 AM,94,62
10/3/2026,4:22:15 AM,94,62
10/3/2026,4:22:16 AM,93,62
10/3/2026,4:22:17 AM,93,62
10/3/2026,4:22:18 AM,93,62
10/3/2026,4:22:19 AM,93,62
10/3/2026,4:22:20 AM,93,62
10/3/2026,4:22:21 AM,93,62
10/3/2026,4:22:22 AM,93,62
10/3/2026,4:22:23 AM,92,62
10/3/2026,4:22:24 AM,92,62
10/3/2026,4:22:25 AM,92,62
10/3/2026,4:22:26 AM,92,63
10/3/2026,4:22:27 AM,92,63
10/3/2026,4:22:28 AM,92,63
10/3/2026,4:22:29 AM,91,63
10/3/2026,4:22:30 AM,91,63
10/3/2026,4:22:31 AM,91,64
10/3/2026,4:22:32 AM,91,64
10/3/2026,4:22:33 AM,91,64
10/3/2026,4:22:34 AM,91,64
10/3/2026,4:22:35 AM,91,64
10/3/2026,4:22:36 AM,91,64
10/3/2026,4:22:37 AM,91,64
10/3/2026,4:22:38 AM,91,64
10/3/2026,4:22:39 AM,91,64
10/3/2026,4:22:40 AM,91,64
10/3/2026,4:22:41 AM,91,64
10/3/2026,4:22:42 AM,91,63
10/3/2026,4:22:43 AM,91,63
10/3/2026,4:22:44 AM,91,63
10/3/2026,4:22:45 AM,91,63
10/3/2026,4:22:46 AM,91,63
10/3/2026,4:22:47 AM,91,63
10/3/2026,4:22:48 AM,92,63
10/3/2026,4:22:49 AM,92,63
10/3/2026,4:22:50 AM,92,63
10/3/2026,4:22:51 AM,93,63
10/3/2026,4:22:52 AM,93,63
10/3/2026,4:22:53 AM,94,63
10/3/2026,4:22:54 AM,95,63
10/3/2026,4:22:55 AM,95,63
10/3/2026,4:22:56 AM,96,63
10/3/2026,4:22:57 AM,96,63
10/3/2026,4:22:58 AM,96,63
10/3/2026,4:22:59 AM,96,63
10/3/2026,4:23:00 AM,96,63
10/3/2026,4:23:01 AM,96,63
10/3/2026,4:23:02 AM,96,63
10/3/2026,4:23:03 AM,96,63
10/3/2026,4:23:04 AM,96,63
10/3/2026,4:23:05 AM,96,63
10/3/2026,4:23:06 AM,96,63
10/3/2026,4:23:07 AM,95,63
10/3/2026,4:23:08 AM,95,63
10/3/2026,4:23:09 AM,95,63
10/3/2026,4:23:10 AM,95,62
10/3/2026,4:23:11 AM,95,62
10/3/2026,4:23:12 AM,95,62
10/3/2026,4:23:13 AM,95,62
10/3/2026,4:23:14 AM,94,62
10/3/2026,4:23:15 AM,94,62
10/3/2026,4:23:16 AM,94,62
10/3/2026,4:23:17 AM,94,62
10/3/2026,4:23:18 AM,94,63
10/3/2026,4:23:19 AM,94,63
10/3/2026,4:23:20 AM,94,62
10/3/2026,4:23:21 AM,93,63
10/3/2026,4:23:22 AM,93,62
10/3/2026,4:23:23 AM,93,62
10/3/2026,4:23:24 AM,93,62
10/3/2026,4:23:25 AM,93,62
10/3/2026,4:23:26 AM,93,62
10/3/2026,4:23:27 AM,92,62
10/3/2026,4:23:28 AM,92,63
10/3/2026,4:23:29 AM,92,63
10/3/2026,4:23:30 AM,92,63
10/3/2026,4:23:31 AM,92,64
10/3/2026,4:23:32 AM,92,64
10/3/2026,4:23:33 AM,92,64
10/3/2026,4:23:34 AM,92,64
10/3/2026,4:23:35 AM,92,64
10/3/2026,4:23:36 AM,92,64
10/3/2026,4:23:37 AM,92,65
10/3/2026,4:23:38 AM,92,65
10/3/2026,4:23:39 AM,91,65
10/3/2026,4:23:40 AM,91,65
10/3/2026,4:23:41 AM,91,65
10/3/2026,4:23:42 AM,91,64
10/3/2026,4:23:43 AM,91,64
10/3/2026,4:23:44 AM,91,64
10/3/2026,4:23:45 AM,91,64
10/3/2026,4:23:46 AM,91,64
10/3/2026,4:23:47 AM,91,64
10/3/2026,4:23:48 AM,91,64
10/3/2026,4:23:49 AM,92,63
10/3/2026,4:23:50 AM,92,63
10/3/2026,4:23:51 AM,92,63
10/3/2026,4:23:52 AM,93,63
10/3/2026,4:23:53 AM,94,63
10/3/2026,4:23:54 AM,95,63
10/3/2026,4:23:55 AM,95,63
10/3/2026,4:23:56 AM,96,62
10/3/2026,4:23:57 AM,96,62
10/3/2026,4:23:58 AM,96,62
10/3/2026,4:23:59 AM,96,62
10/3/2026,4:24:00 AM,96,62
10/3/2026,4:24:01 AM,96,62
10/3/2026,4:24:02 AM,96,62
10/3/2026,4:24:03 AM,96,62
10/3/2026,4:24:04 AM,96,62
10/3/2026,4:24:05 AM,96,62
10/3/2026,4:24:06 AM,96,62
10/3/2026,4:24:07 AM,96,62
10/3/2026,4:24:08 AM,96,62
10/3/2026,4:24:09 AM,96,62
10/3/2026,4:24:10 AM,95,62
10/3/2026,4:24:11 AM,95,62
10/3/2026,4:24:12 AM,95,62
10/3/2026,4:24:13 AM,95,62
10/3/2026,4:24:14 AM,95,62
10/3/2026,4:24:15 AM,95,62
10/3/2026,4:24:16 AM,95,62
10/3/2026,4:24:17 AM,95,62
10/3/2026,4:24:18 AM,95,62
10/3/2026,4:24:19 AM,94,62
10/3/2026,4:24:20 AM,94,62
10/3/2026,4:24:21 AM,94,62
10/3/2026,4:24:22 AM,94,62
10/3/2026,4:24:23 AM,94,63
10/3/2026,4:24:24 AM,94,63
10/3/2026,4:24:25 AM,94,63
10/3/2026,4:24:26 AM,94,63
10/3/2026,4:24:27 AM,93,63
10/3/2026,4:24:28 AM,93,63
10/3/2026,4:24:29 AM,93,63
10/3/2026,4:24:30 AM,93,63
10/3/2026,4:24:31 AM,93,63
10/3/2026,4:24:32 AM,93,64
10/3/2026,4:24:33 AM,93,64
10/3/2026,4:24:34 AM,93,64
10/3/2026,4:24:35 AM,92,64
10/3/2026,4:24:36 AM,92,65
10/3/2026,4:24:37 AM,92,65
10/3/2026,4:24:38 AM,92,65
10/3/2026,4:24:39 AM,92,65
10/3/2026,4:24:40 AM,92,65
10/3/2026,4:24:41 AM,92,65
10/3/2026,4:24:42 AM,92,65
10/3/2026,4:24:43 AM,92,65
10/3/2026,4:24:44 AM,92,65
10/3/2026,4:24:45 AM,92,66
10/3/2026,4:24:46 AM,92,66
10/3/2026,4:24:47 AM,92,66
10/3/2026,4:24:48 AM,92,66
10/3/2026,4:24:49 AM,92,66
10/3/2026,4:24:50 AM,92,66
10/3/2026,4:24:51 AM,92,66
10/3/2026,4:24:52 AM,93,66
10/3/2026,4:24:53 AM,93,66
10/3/2026,4:24:54 AM,92,65
10/3/2026,4:24:55 AM,92,65
10/3/2026,4:24:56 AM,92,64
10/3/2026,4:24:57 AM,92,63
10/3/2026,4:24:58 AM,92,63
10/3/2026,4:24:59 AM,92,62
10/3/2026,4:25:00 AM,93,61
10/3/2026,4:25:01 AM,93,61
10/3/2026,4:25:02 AM,94,61
10/3/2026,4:25:03 AM,95,61
10/3/2026,4:25:04 AM,95,61
10/3/2026,4:25:05 AM,96,61
10/3/2026,4:25:06 AM,97,61
10/3/2026,4:25:07 AM,98,61
10/3/2026,4:25:08 AM,98,61
10/3/2026,4:25:09 AM,98,61
10/3/2026,4:25:10 AM,98,61
10/3/2026,4:25:11 AM,98,61
10/3/2026,4:25:12 AM,98,61
10/3/2026,4:25:13 AM,98,61
10/3/2026,4:25:14 AM,98,61
10/3/2026,4:25:15 AM,97,61
10/3/2026,4:25:16 AM,97,61
10/3/2026,4:25:17 AM,97,61
10/3/2026,4:25:18 AM,96,61
10/3/2026,4:25:19 AM,96,61
10/3/2026,4:25:20 AM,96,61
10/3/2026,4:25:21 AM,96,61
10/3/2026,4:25:22 AM,96,61
10/3/2026,4:25:23 AM,95,61
10/3/2026,4:25:24 AM,95,61
10/3/2026,4:25:25 AM,95,61
10/3/2026,4:25:26 AM,95,61
10/3/2026,4:25:27 AM,95,61
10/3/2026,4:25:28 AM,94,60
10/3/2026,4:25:29 AM,94,60
10/3/2026,4:25:30 AM,94,60
10/3/2026,4:25:31 AM,94,60
10/3/2026,4:25:32 AM,93,60
10/3/2026,4:25:33 AM,93,61
10/3/2026,4:25:34 AM,93,61
10/3/2026,4:25:35 AM,93,61
10/3/2026,4:25:36 AM,92,62
10/3/2026,4:25:37 AM,92,63
10/3/2026,4:25:38 AM,92,63
10/3/2026,4:25:39 AM,92,63
10/3/2026,4:25:40 AM,92,63
10/3/2026,4:25:41 AM,92,63
10/3/2026,4:25:42 AM,92,63
10/3/2026,4:25:43 AM,92,63
10/3/2026,4:25:44 AM,92,63
10/3/2026,4:25:45 AM,92,63
10/3/2026,4:25:46 AM,92,63
10/3/2026,4:25:47 AM,92,63
10/3/2026,4:25:48 AM,92,63
10/3/2026,4:25:49 AM,92,63
10/3/2026,4:25:50 AM,92,63
10/3/2026,4:25:51 AM,92,63
10/3/2026,4:25:52 AM,92,63
10/3/2026,4:25:53 AM,92,63
10/3/2026,4:25:54 AM,92,63
10/3/2026,4:25:55 AM,92,63
10/3/2026,4:25:56 AM,92,63
10/3/2026,4:25:57 AM,92,63
10/3/2026,4:25:58 AM,92,63
10/3/2026,4:25:59 AM,92,63
10/3/2026,4:26:00 AM,92,63
10/3/2026,4:26:01 AM,92,62
10/3/2026,4:26:02 AM,92,62
10/3/2026,4:26:03 AM,92,62
10/3/2026,4:26:04 AM,92,62
10/3/2026,4:26:05 AM,92,62
10/3/2026,4:26:06 AM,92,63
10/3/2026,4:26:07 AM,92,62
10/3/2026,4:26:08 AM,92,62
10/3/2026,4:26:09 AM,92,62
10/3/2026,4:26:10 AM,92,62
10/3/2026,4:26:11 AM,93,62
10/3/2026,4:26:12 AM,93,62
10/3/2026,4:26:13 AM,93,62
10/3/2026,4:26:14 AM,93,62
10/3/2026,4:26:15 AM,94,61
10/3/2026,4:26:16 AM,94,61
10/3/2026,4:26:17 AM,95,61
10/3/2026,4:26:18 AM,96,61
10/3/2026,4:26:19 AM,96,61
10/3/2026,4:26:20 AM,97,62
10/3/2026,4:26:21 AM,97,62
10/3/2026,4:26:22 AM,98,62
10/3/2026,4:26:23 AM,98,62
10/3/2026,4:26:24 AM,98,62
10/3/2026,4:26:25 AM,98,62
10/3/2026,4:26:26 AM,98,62
10/3/2026,4:26:27 AM,98,62
10/3/2026,4:26:28 AM,98,62
10/3/2026,4:26:29 AM,98,62
10/3/2026,4:26:30 AM,98,62
10/3/2026,4:26:31 AM,98,62
10/3/2026,4:26:32 AM,98,62
10/3/2026,4:26:33 AM,98,62
10/3/2026,4:26:34 AM,98,62
10/3/2026,4:26:35 AM,97,62
10/3/2026,4:26:36 AM,97,62
10/3/2026,4:26:37 AM,97,62
10/3/2026,4:26:38 AM,96,62
10/3/2026,4:26:39 AM,96,62
10/3/2026,4:26:40 AM,96,63
10/3/2026,4:26:41 AM,96,63
10/3/2026,4:26:42 AM,96,63
10/3/2026,4:26:43 AM,95,63
10/3/2026,4:26:44 AM,95,64
10/3/2026,4:26:45 AM,95,64
10/3/2026,4:26:46 AM,95,65
10/3/2026,4:26:47 AM,95,65
10/3/2026,4:26:48 AM,95,65
10/3/2026,4:26:49 AM,95,65
10/3/2026,4:26:50 AM,95,65
10/3/2026,4:26:51 AM,95,65
10/3/2026,4:26:52 AM,95,65
10/3/2026,4:26:53 AM,95,65
10/3/2026,4:26:54 AM,95,65
10/3/2026,4:26:55 AM,95,65
10/3/2026,4:26:56 AM,95,65
10/3/2026,4:26:57 AM,94,65
10/3/2026,4:26:58 AM,94,65
10/3/2026,4:26:59 AM,94,65
10/3/2026,4:27:00 AM,94,65
10/3/2026,4:27:01 AM,94,65
10/3/2026,4:27:02 AM,94,65
10/3/2026,4:27:03 AM,94,64
10/3/2026,4:27:04 AM,94,64
10/3/2026,4:27:05 AM,94,63
10/3/2026,4:27:06 AM,94,63
10/3/2026,4:27:07 AM,94,62
10/3/2026,4:27:08 AM,95,62
10/3/2026,4:27:09 AM,95,62
10/3/2026,4:27:10 AM,96,62
10/3/2026,4:27:11 AM,97,62
10/3/2026,4:27:12 AM,97,61
10/3/2026,4:27:13 AM,97,61
10/3/2026,4:27:14 AM,97,61
10/3/2026,4:27:15 AM,97,62
10/3/2026,4:27:16 AM,97,62
10/3/2026,4:27:17 AM,97,62
10/3/2026,4:27:18 AM,97,62
10/3/2026,4:27:19 AM,97,62
10/3/2026,4:27:20 AM,97,62
10/3/2026,4:27:21 AM,97,62
10/3/2026,4:27:22 AM,96,62
10/3/2026,4:27:23 AM,96,62
10/3/2026,4:27:24 AM,96,62
10/3/2026,4:27:25 AM,96,62
10/3/2026,4:27:26 AM,96,62
10/3/2026,4:27:27 AM,96,62
10/3/2026,4:27:28 AM,96,62
10/3/2026,4:27:29 AM,95,62
10/3/2026,4:27:30 AM,95,62
10/3/2026,4:27:31 AM,95,62
10/3/2026,4:27:32 AM,95,62
10/3/2026,4:27:33 AM,95,63
10/3/2026,4:27:34 AM,95,63
10/3/2026,4:27:35 AM,95,63
10/3/2026,4:27:36 AM,95,63
10/3/2026,4:27:37 AM,95,64
10/3/2026,4:27:38 AM,95,64
10/3/2026,4:27:39 AM,95,65
10/3/2026,4:27:40 AM,95,66
10/3/2026,4:27:41 AM,95,67
10/3/2026,4:27:42 AM,95,67
10/3/2026,4:27:43 AM,95,67
10/3/2026,4:27:44 AM,95,67
10/3/2026,4:27:45 AM,95,67
10/3/2026,4:27:46 AM,95,67
10/3/2026,4:27:47 AM,95,67
10/3/2026,4:27:48 AM,95,67
10/3/2026,4:27:49 AM,95,67
10/3/2026,4:27:50 AM,95,67
10/3/2026,4:27:51 AM,95,67
10/3/2026,4:27:52 AM,95,67
10/3/2026,4:27:53 AM,94,67
10/3/2026,4:27:54 AM,94,68
10/3/2026,4:27:55 AM,94,68
10/3/2026,4:27:56 AM,94,68
10/3/2026,4:27:57 AM,94,68
10/3/2026,4:27:58 AM,95,68
10/3/2026,4:27:59 AM,94,69
10/3/2026,4:28:00 AM,95,69
10/3/2026,4:28:01 AM,95,69
10/3/2026,4:28:02 AM,95,68
10/3/2026,4:28:03 AM,95,68
10/3/2026,4:28:04 AM,95,67
10/3/2026,4:28:05 AM,95,67
10/3/2026,4:28:06 AM,95,66
10/3/2026,4:28:07 AM,96,65
10/3/2026,4:28:08 AM,96,64
10/3/2026,4:28:09 AM,97,64
10/3/2026,4:28:10 AM,97,63
10/3/2026,4:28:11 AM,98,63
10/3/2026,4:28:12 AM,98,63
10/3/2026,4:28:13 AM,98,63
10/3/2026,4:28:14 AM,98,63
10/3/2026,4:28:15 AM,98,62
10/3/2026,4:28:16 AM,98,62
10/3/2026,4:28:17 AM,98,62
10/3/2026,4:28:18 AM,98,62
10/3/2026,4:28:19 AM,98,62
10/3/2026,4:28:20 AM,98,62
10/3/2026,4:28:21 AM,98,62
10/3/2026,4:28:22 AM,98,62
10/3/2026,4:28:23 AM,97,62
10/3/2026,4:28:24 AM,97,62
10/3/2026,4:28:25 AM,97,62
10/3/2026,4:28:26 AM,97,62
10/3/2026,4:28:27 AM,97,62
10/3/2026,4:28:28 AM,97,62
10/3/2026,4:28:29 AM,96,62
10/3/2026,4:28:30 AM,96,62
10/3/2026,4:28:31 AM,96,62
10/3/2026,4:28:32 AM,96,62
10/3/2026,4:28:33 AM,95,62
10/3/2026,4:28:34 AM,95,62
10/3/2026,4:28:35 AM,95,62
10/3/2026,4:28:36 AM,95,63
10/3/2026,4:28:37 AM,95,63
10/3/2026,4:28:38 AM,95,63
10/3/2026,4:28:39 AM,95,63
10/3/2026,4:28:40 AM,94,63
10/3/2026,4:28:41 AM,94,63
10/3/2026,4:28:42 AM,94,63
10/3/2026,4:28:43 AM,94,63
10/3/2026,4:28:44 AM,94,63
10/3/2026,4:28:45 AM,94,63
10/3/2026,4:28:46 AM,93,63
10/3/2026,4:28:47 AM,93,63
10/3/2026,4:28:48 AM,93,63
10/3/2026,4:28:49 AM,93,63
10/3/2026,4:28:50 AM,93,63
10/3/2026,4:28:51 AM,93,62
10/3/2026,4:28:52 AM,93,63
10/3/2026,4:28:53 AM,93,63
10/3/2026,4:28:54 AM,93,63
10/3/2026,4:28:55 AM,94,63
10/3/2026,4:28:56 AM,94,63
10/3/2026,4:28:57 AM,95,63
10/3/2026,4:28:58 AM,95,63
10/3/2026,4:28:59 AM,96,63
10/3/2026,4:29:00 AM,96,63
10/3/2026,4:29:01 AM,96,63
10/3/2026,4:29:02 AM,97,63
10/3/2026,4:29:03 AM,97,63
10/3/2026,4:29:04 AM,97,63
10/3/2026,4:29:05 AM,97,63
10/3/2026,4:29:06 AM,97,63
10/3/2026,4:29:07 AM,97,63
10/3/2026,4:29:08 AM,97,63
10/3/2026,4:29:09 AM,97,63
10/3/2026,4:29:10 AM,96,62
10/3/2026,4:29:11 AM,96,62
10/3/2026,4:29:12 AM,96,62
10/3/2026,4:29:13 AM,96,62
10/3/2026,4:29:14 AM,96,62
10/3/2026,4:29:15 AM,96,62
10/3/2026,4:29:16 AM,96,61
10/3/2026,4:29:17 AM,96,61
10/3/2026,4:29:18 AM,96,61
10/3/2026,4:29:19 AM,96,61
10/3/2026,4:29:20 AM,95,61
10/3/2026,4:29:21 AM,95,61
10/3/2026,4:29:22 AM,95,61
10/3/2026,4:29:23 AM,95,61
10/3/2026,4:29:24 AM,95,61
10/3/2026,4:29:25 AM,95,61
10/3/2026,4:29:26 AM,95,61
10/3/2026,4:29:27 AM,94,61
10/3/2026,4:29:28 AM,94,61
10/3/2026,4:29:29 AM,94,61
10/3/2026,4:29:30 AM,94,61
10/3/2026,4:29:31 AM,94,61
10/3/2026,4:29:32 AM,94,61
10/3/2026,4:29:33 AM,93,61
10/3/2026,4:29:34 AM,93,61
10/3/2026,4:29:35 AM,93,61
10/3/2026,4:29:36 AM,93,61
10/3/2026,4:29:37 AM,93,62
10/3/2026,4:29:38 AM,93,62
10/3/2026,4:29:39 AM,92,62
10/3/2026,4:29:40 AM,92,63
10/3/2026,4:29:41 AM,92,63
10/3/2026,4:29:42 AM,92,63
10/3/2026,4:29:43 AM,92,64
10/3/2026,4:29:44 AM,92,64
10/3/2026,4:29:45 AM,92,64
10/3/2026,4:29:46 AM,92,64
10/3/2026,4:29:47 AM,92,65
10/3/2026,4:29:48 AM,92,65
10/3/2026,4:29:49 AM,92,65
10/3/2026,4:29:50 AM,92,65
10/3/2026,4:29:51 AM,92,64
10/3/2026,4:29:52 AM,92,64
10/3/2026,4:29:53 AM,92,64
10/3/2026,4:29:54 AM,92,64
10/3/2026,4:29:55 AM,92,64
10/3/2026,4:29:56 AM,92,64
10/3/2026,4:29:57 AM,92,64
10/3/2026,4:29:58 AM,92,64
10/3/2026,4:29:59 AM,92,64
10/3/2026,4:30:00 AM,91,63
10/3/2026,4:30:01 AM,92,63
10/3/2026,4:30:02 AM,92,63
10/3/2026,4:30:03 AM,92,63
10/3/2026,4:30:04 AM,92,63
10/3/2026,4:30:05 AM,92,63
10/3/2026,4:30:06 AM,93,63
10/3/2026,4:30:07 AM,94,63
10/3/2026,4:30:08 AM,95,63
10/3/2026,4:30:09 AM,96,63
10/3/2026,4:30:10 AM,96,63
10/3/2026,4:30:11 AM,97,63
10/3/2026,4:30:12 AM,97,63
10/3/2026,4:30:13 AM,97,63
10/3/2026,4:30:14 AM,98,62
10/3/2026,4:30:15 AM,98,62
10/3/2026,4:30:16 AM,98,62
10/3/2026,4:30:17 AM,98,62
10/3/2026,4:30:18 AM,98,62
10/3/2026,4:30:19 AM,97,62
10/3/2026,4:30:20 AM,97,62
10/3/2026,4:30:21 AM,97,62
10/3/2026,4:30:22 AM,97,62
10/3/2026,4:30:23 AM,97,62
10/3/2026,4:30:24 AM,97,62
10/3/2026,4:30:25 AM,97,62
10/3/2026,4:30:26 AM,97,62
10/3/2026,4:30:27 AM,97,62
10/3/2026,4:30:28 AM,96,62
10/3/2026,4:30:29 AM,96,62
10/3/2026,4:30:30 AM,96,62
10/3/2026,4:30:31 AM,96,62
10/3/2026,4:30:32 AM,95,62
10/3/2026,4:30:33 AM,95,62
10/3/2026,4:30:34 AM,95,62
10/3/2026,4:30:35 AM,95,62
10/3/2026,4:30:36 AM,95,62
10/3/2026,4:30:37 AM,95,61
10/3/2026,4:30:38 AM,94,61
10/3/2026,4:30:39 AM,94,61
10/3/2026,4:30:40 AM,94,61
10/3/2026,4:30:41 AM,94,61
10/3/2026,4:30:42 AM,94,61
10/3/2026,4:30:43 AM,93,61
10/3/2026,4:30:44 AM,93,61
10/3/2026,4:30:45 AM,93,61
10/3/2026,4:30:46 AM,93,61
10/3/2026,4:30:47 AM,93,61
10/3/2026,4:30:48 AM,92,62
10/3/2026,4:30:49 AM,92,62
10/3/2026,4:30:50 AM,92,62
10/3/2026,4:30:51 AM,92,63
10/3/2026,4:30:52 AM,91,63
10/3/2026,4:30:53 AM,91,64
10/3/2026,4:30:54 AM,91,64
10/3/2026,4:30:55 AM,91,64
10/3/2026,4:30:56 AM,91,64
10/3/2026,4:30:57 AM,91,64
10/3/2026,4:30:58 AM,91,64
10/3/2026,4:30:59 AM,91,64
10/3/2026,4:31:00 AM,91,64
10/3/2026,4:31:01 AM,91,64
10/3/2026,4:31:02 AM,91,64
10/3/2026,4:31:03 AM,91,66
10/3/2026,4:31:04 AM,91,66
10/3/2026,4:31:05 AM,91,66
10/3/2026,4:31:06 AM,91,67
10/3/2026,4:31:07 AM,91,67
10/3/2026,4:31:08 AM,91,67
10/3/2026,4:31:09 AM,91,66
10/3/2026,4:31:10 AM,91,66
10/3/2026,4:31:11 AM,91,66
10/3/2026,4:31:12 AM,91,65
10/3/2026,4:31:13 AM,91,65
10/3/2026,4:31:14 AM,91,64
10/3/2026,4:31:15 AM,91,63
10/3/2026,4:31:16 AM,91,63
10/3/2026,4:31:17 AM,91,63
10/3/2026,4:31:18 AM,91,63
10/3/2026,4:31:19 AM,91,63
10/3/2026,4:31:20 AM,92,62
10/3/2026,4:31:21 AM,92,62
10/3/2026,4:31:22 AM,94,62
10/3/2026,4:31:23 AM,95,62
10/3/2026,4:31:24 AM,96,62
10/3/2026,4:31:25 AM,97,62
10/3/2026,4:31:26 AM,98,62
10/3/2026,4:31:27 AM,98,62
10/3/2026,4:31:28 AM,98,62
10/3/2026,4:31:29 AM,99,62
10/3/2026,4:31:30 AM,99,62
10/3/2026,4:31:31 AM,99,63
10/3/2026,4:31:32 AM,99,63
10/3/2026,4:31:33 AM,98,63
10/3/2026,4:31:34 AM,98,63
10/3/2026,4:31:35 AM,98,63
10/3/2026,4:31:36 AM,98,63
10/3/2026,4:31:37 AM,98,63
10/3/2026,4:31:38 AM,98,63
10/3/2026,4:31:39 AM,98,63
10/3/2026,4:31:40 AM,97,63
10/3/2026,4:31:41 AM,97,63
10/3/2026,4:31:42 AM,97,63
10/3/2026,4:31:43 AM,97,63
10/3/2026,4:31:44 AM,97,63
10/3/2026,4:31:45 AM,96,63
10/3/2026,4:31:46 AM,96,63
10/3/2026,4:31:47 AM,96,63
10/3/2026,4:31:48 AM,96,63
10/3/2026,4:31:49 AM,96,63
10/3/2026,4:31:50 AM,96,63
10/3/2026,4:31:51 AM,96,63
10/3/2026,4:31:52 AM,96,63
10/3/2026,4:31:53 AM,95,62
10/3/2026,4:31:54 AM,95,62
10/3/2026,4:31:55 AM,95,62
10/3/2026,4:31:56 AM,95,62
10/3/2026,4:31:57 AM,95,62
10/3/2026,4:31:58 AM,94,62
10/3/2026,4:31:59 AM,94,62
10/3/2026,4:32:00 AM,94,62
10/3/2026,4:32:01 AM,94,62
10/3/2026,4:32:02 AM,93,62
10/3/2026,4:32:03 AM,93,63
10/3/2026,4:32:04 AM,93,63
10/3/2026,4:32:05 AM,93,63
10/3/2026,4:32:06 AM,92,63
10/3/2026,4:32:07 AM,92,63
10/3/2026,4:32:08 AM,92,63
10/3/2026,4:32:09 AM,92,64
10/3/2026,4:32:10 AM,92,64
10/3/2026,4:32:11 AM,92,65
10/3/2026,4:32:12 AM,92,65
10/3/2026,4:32:13 AM,92,65
10/3/2026,4:32:14 AM,92,66
10/3/2026,4:32:15 AM,92,66
10/3/2026,4:32:16 AM,92,66
10/3/2026,4:32:17 AM,92,66
10/3/2026,4:32:18 AM,92,65
10/3/2026,4:32:19 AM,92,65
10/3/2026,4:32:20 AM,92,65
10/3/2026,4:32:21 AM,92,65
10/3/2026,4:32:22 AM,92,65
10/3/2026,4:32:23 AM,92,65
10/3/2026,4:32:24 AM,92,65
10/3/2026,4:32:25 AM,92,65
10/3/2026,4:32:26 AM,91,65
10/3/2026,4:32:27 AM,91,65
10/3/2026,4:32:28 AM,91,65
10/3/2026,4:32:29 AM,91,64
10/3/2026,4:32:30 AM,91,64
10/3/2026,4:32:31 AM,92,64
10/3/2026,4:32:32 AM,92,64
10/3/2026,4:32:33 AM,93,64
10/3/2026,4:32:34 AM,93,63
10/3/2026,4:32:35 AM,94,63
10/3/2026,4:32:36 AM,95,63
10/3/2026,4:32:37 AM,96,63
10/3/2026,4:32:38 AM,97,63
10/3/2026,4:32:39 AM,98,63
10/3/2026,4:32:40 AM,98,63
10/3/2026,4:32:41 AM,98,63
10/3/2026,4:32:42 AM,98,63
10/3/2026,4:32:43 AM,98,63
10/3/2026,4:32:44 AM,98,62
10/3/2026,4:32:45 AM,98,62
10/3/2026,4:32:46 AM,98,62
10/3/2026,4:32:47 AM,98,62
10/3/2026,4:32:48 AM,98,62
10/3/2026,4:32:49 AM,97,62
10/3/2026,4:32:50 AM,97,61
10/3/2026,4:32:51 AM,97,61
10/3/2026,4:32:52 AM,97,61
10/3/2026,4:32:53 AM,97,61
10/3/2026,4:32:54 AM,97,61
10/3/2026,4:32:55 AM,97,61
10/3/2026,4:32:56 AM,97,61
10/3/2026,4:32:57 AM,96,62
10/3/2026,4:32:58 AM,96,62
10/3/2026,4:32:59 AM,96,62
10/3/2026,4:33:00 AM,96,63
10/3/2026,4:33:01 AM,96,63
10/3/2026,4:33:02 AM,96,63
10/3/2026,4:33:03 AM,95,63
10/3/2026,4:33:04 AM,95,63
10/3/2026,4:33:05 AM,95,63
10/3/2026,4:33:06 AM,95,63
10/3/2026,4:33:07 AM,95,63
10/3/2026,4:33:08 AM,95,63
10/3/2026,4:33:09 AM,95,63
10/3/2026,4:33:10 AM,95,63
10/3/2026,4:33:11 AM,95,63
10/3/2026,4:33:12 AM,94,63
10/3/2026,4:33:13 AM,94,63
10/3/2026,4:33:14 AM,94,63
10/3/2026,4:33:15 AM,94,63
10/3/2026,4:33:16 AM,94,63
10/3/2026,4:33:17 AM,93,63
10/3/2026,4:33:18 AM,93,63
10/3/2026,4:33:19 AM,93,62
10/3/2026,4:33:20 AM,93,62
10/3/2026,4:33:21 AM,92,62
10/3/2026,4:33:22 AM,92,62
10/3/2026,4:33:23 AM,92,62
10/3/2026,4:33:24 AM,92,62
10/3/2026,4:33:25 AM,91,63
10/3/2026,4:33:26 AM,91,63
10/3/2026,4:33:27 AM,91,63
10/3/2026,4:33:28 AM,91,63
10/3/2026,4:33:29 AM,91,63
10/3/2026,4:33:30 AM,91,63
10/3/2026,4:33:31 AM,91,63
10/3/2026,4:33:32 AM,91,64
10/3/2026,4:33:33 AM,91,64
10/3/2026,4:33:34 AM,91,64
10/3/2026,4:33:35 AM,91,64
10/3/2026,4:33:36 AM,91,64
10/3/2026,4:33:37 AM,91,64
10/3/2026,4:33:38 AM,91,64
10/3/2026,4:33:39 AM,91,65
10/3/2026,4:33:40 AM,91,66
10/3/2026,4:33:41 AM,91,67
10/3/2026,4:33:42 AM,91,68
10/3/2026,4:33:43 AM,91,68
10/3/2026,4:33:44 AM,91,69
10/3/2026,4:33:45 AM,91,69
10/3/2026,4:33:46 AM,91,69
10/3/2026,4:33:47 AM,91,68
10/3/2026,4:33:48 AM,91,68
10/3/2026,4:33:49 AM,91,67
10/3/2026,4:33:50 AM,91,66
10/3/2026,4:33:51 AM,91,64
10/3/2026,4:33:52 AM,91,64
10/3/2026,4:33:53 AM,91,63
10/3/2026,4:33:54 AM,91,63
10/3/2026,4:33:55 AM,91,63
10/3/2026,4:33:56 AM,91,63
10/3/2026,4:33:57 AM,92,62
10/3/2026,4:33:58 AM,94,62
10/3/2026,4:33:59 AM,95,62
10/3/2026,4:34:00 AM,96,62
10/3/2026,4:34:01 AM,97,62
10/3/2026,4:34:02 AM,98,62
10/3/2026,4:34:03 AM,98,62
10/3/2026,4:34:04 AM,98,61
10/3/2026,4:34:05 AM,99,61
10/3/2026,4:34:06 AM,99,61
10/3/2026,4:34:07 AM,99,61
10/3/2026,4:34:08 AM,99,61
10/3/2026,4:34:09 AM,98,61
10/3/2026,4:34:10 AM,98,61
10/3/2026,4:34:11 AM,98,61
10/3/2026,4:34:12 AM,98,61
10/3/2026,4:34:13 AM,98,61
10/3/2026,4:34:14 AM,98,62
10/3/2026,4:34:15 AM,98,62
10/3/2026,4:34:16 AM,97,62
10/3/2026,4:34:17 AM,97,63
10/3/2026,4:34:18 AM,97,63
10/3/2026,4:34:19 AM,97,63
10/3/2026,4:34:20 AM,96,63
10/3/2026,4:34:21 AM,96,63
10/3/2026,4:34:22 AM,96,63
10/3/2026,4:34:23 AM,96,63
10/3/2026,4:34:24 AM,95,63
10/3/2026,4:34:25 AM,95,63
10/3/2026,4:34:26 AM,95,62
10/3/2026,4:34:27 AM,95,62
10/3/2026,4:34:28 AM,95,62
10/3/2026,4:34:29 AM,94,62
10/3/2026,4:34:30 AM,94,62
10/3/2026,4:34:31 AM,94,62
10/3/2026,4:34:32 AM,94,62
10/3/2026,4:34:33 AM,94,62
10/3/2026,4:34:34 AM,93,62
10/3/2026,4:34:35 AM,93,62
10/3/2026,4:34:36 AM,93,62
10/3/2026,4:34:37 AM,93,62
10/3/2026,4:34:38 AM,93,63
10/3/2026,4:34:39 AM,93,63
10/3/2026,4:34:40 AM,93,63
10/3/2026,4:34:41 AM,93,63
10/3/2026,4:34:42 AM,92,63
10/3/2026,4:34:43 AM,92,63
10/3/2026,4:34:44 AM,92,63
10/3/2026,4:34:45 AM,92,63
10/3/2026,4:34:46 AM,92,63
10/3/2026,4:34:47 AM,92,63
10/3/2026,4:34:48 AM,92,63
10/3/2026,4:34:49 AM,92,63
10/3/2026,4:34:50 AM,92,63
10/3/2026,4:34:51 AM,92,63
10/3/2026,4:34:52 AM,92,63
10/3/2026,4:34:53 AM,92,63
10/3/2026,4:34:54 AM,92,63
10/3/2026,4:34:55 AM,92,63
10/3/2026,4:34:56 AM,92,63
10/3/2026,4:34:57 AM,92,63
10/3/2026,4:34:58 AM,92,63
10/3/2026,4:34:59 AM,92,63
10/3/2026,4:35:00 AM,92,63
10/3/2026,4:35:01 AM,92,63
10/3/2026,4:35:02 AM,91,63
10/3/2026,4:35:03 AM,91,63
10/3/2026,4:35:04 AM,91,63
10/3/2026,4:35:05 AM,91,62
10/3/2026,4:35:06 AM,91,62
10/3/2026,4:35:07 AM,91,62
10/3/2026,4:35:08 AM,91,62
10/3/2026,4:35:09 AM,91,62
10/3/2026,4:35:10 AM,91,62
10/3/2026,4:35:11 AM,91,61
10/3/2026,4:35:12 AM,91,61
10/3/2026,4:35:13 AM,91,62
10/3/2026,4:35:14 AM,91,62
10/3/2026,4:35:15 AM,91,61
10/3/2026,4:35:16 AM,91,61
10/3/2026,4:35:17 AM,92,61
10/3/2026,4:35:18 AM,93,61
10/3/2026,4:35:19 AM,93,61
10/3/2026,4:35:20 AM,94,61
10/3/2026,4:35:21 AM,95,62
10/3/2026,4:35:22 AM,96,62
10/3/2026,4:35:23 AM,97,62
10/3/2026,4:35:24 AM,97,62
10/3/2026,4:35:25 AM,98,62
10/3/2026,4:35:26 AM,98,62
10/3/2026,4:35:27 AM,98,62
10/3/2026,4:35:28 AM,98,62
10/3/2026,4:35:29 AM,98,62
10/3/2026,4:35:30 AM,98,62
10/3/2026,4:35:31 AM,98,62
10/3/2026,4:35:32 AM,98,62
10/3/2026,4:35:33 AM,98,62
10/3/2026,4:35:34 AM,98,62
10/3/2026,4:35:35 AM,97,62
10/3/2026,4:35:36 AM,97,62
10/3/2026,4:35:37 AM,97,62
10/3/2026,4:35:38 AM,97,63
10/3/2026,4:35:39 AM,96,63
10/3/2026,4:35:40 AM,96,63
10/3/2026,4:35:41 AM,96,63
10/3/2026,4:35:42 AM,96,63
10/3/2026,4:35:43 AM,95,64
10/3/2026,4:35:44 AM,95,64
10/3/2026,4:35:45 AM,95,64
10/3/2026,4:35:46 AM,95,64
10/3/2026,4:35:47 AM,95,64
10/3/2026,4:35:48 AM,95,64
10/3/2026,4:35:49 AM,95,64
10/3/2026,4:35:50 AM,95,64
10/3/2026,4:35:51 AM,95,64
10/3/2026,4:35:52 AM,95,64
10/3/2026,4:35:53 AM,95,64
10/3/2026,4:35:54 AM,95,64
10/3/2026,4:35:55 AM,95,64
10/3/2026,4:35:56 AM,95,64
10/3/2026,4:35:57 AM,95,64
10/3/2026,4:35:58 AM,95,64
10/3/2026,4:35:59 AM,95,64
10/3/2026,4:36:00 AM,95,64
10/3/2026,4:36:01 AM,95,65
10/3/2026,4:36:02 AM,95,65
10/3/2026,4:36:03 AM,95,65
10/3/2026,4:36:04 AM,95,65
10/3/2026,4:36:05 AM,95,65
10/3/2026,4:36:06 AM,95,65
10/3/2026,4:36:07 AM,94,65
10/3/2026,4:36:08 AM,94,65
10/3/2026,4:36:09 AM,94,65
10/3/2026,4:36:10 AM,94,65
10/3/2026,4:36:11 AM,94,66
10/3/2026,4:36:12 AM,94,66
10/3/2026,4:36:13 AM,93,66
10/3/2026,4:36:14 AM,93,66
10/3/2026,4:36:15 AM,93,67
10/3/2026,4:36:16 AM,93,67
10/3/2026,4:36:17 AM,93,67
10/3/2026,4:36:18 AM,93,67
10/3/2026,4:36:19 AM,93,67
10/3/2026,4:36:20 AM,93,67
10/3/2026,4:36:21 AM,94,67
10/3/2026,4:36:22 AM,94,67
10/3/2026,4:36:23 AM,95,66
10/3/2026,4:36:24 AM,96,66
10/3/2026,4:36:25 AM,97,65
10/3/2026,4:36:26 AM,97,65
10/3/2026,4:36:27 AM,98,65
10/3/2026,4:36:28 AM,98,65
10/3/2026,4:36:29 AM,98,65
10/3/2026,4:36:30 AM,98,65
10/3/2026,4:36:31 AM,98,65
10/3/2026,4:36:32 AM,98,65
10/3/2026,4:36:33 AM,98,65
10/3/2026,4:36:34 AM,98,65
10/3/2026,4:36:35 AM,98,65
10/3/2026,4:36:36 AM,98,65
10/3/2026,4:36:37 AM,98,65
10/3/2026,4:36:38 AM,98,65
10/3/2026,4:36:39 AM,98,65
10/3/2026,4:36:40 AM,98,65
10/3/2026,4:36:41 AM,98,65
10/3/2026,4:36:42 AM,98,65
10/3/2026,4:36:43 AM,98,65
10/3/2026,4:36:44 AM,98,65
10/3/2026,4:36:45 AM,98,65
10/3/2026,4:36:46 AM,98,65
10/3/2026,4:36:47 AM,98,65
10/3/2026,4:36:48 AM,98,65
10/3/2026,4:36:49 AM,97,65
10/3/2026,4:36:50 AM,97,65
10/3/2026,4:36:51 AM,97,65
10/3/2026,4:36:52 AM,97,65
10/3/2026,4:36:53 AM,97,64
10/3/2026,4:36:54 AM,97,63
10/3/2026,4:36:55 AM,97,63
10/3/2026,4:36:56 AM,97,62
10/3/2026,4:36:57 AM,97,62
10/3/2026,4:36:58 AM,97,62
10/3/2026,4:36:59 AM,97,61
10/3/2026,4:37:00 AM,97,61
10/3/2026,4:37:01 AM,97,61
10/3/2026,4:37:02 AM,96,61
10/3/2026,4:37:03 AM,96,61
10/3/2026,4:37:04 AM,96,61
10/3/2026,4:37:05 AM,96,61
10/3/2026,4:37:06 AM,96,61
10/3/2026,4:37:07 AM,96,61
10/3/2026,4:37:08 AM,95,61
10/3/2026,4:37:09 AM,95,61
10/3/2026,4:37:10 AM,95,61
10/3/2026,4:37:11 AM,95,61
10/3/2026,4:37:12 AM,95,61
10/3/2026,4:37:13 AM,95,62
10/3/2026,4:37:14 AM,94,62
10/3/2026,4:37:15 AM,94,62
10/3/2026,4:37:16 AM,94,62
10/3/2026,4:37:17 AM,94,62
10/3/2026,4:37:18 AM,94,62
10/3/2026,4:37:19 AM,93,62
10/3/2026,4:37:20 AM,93,62
10/3/2026,4:37:21 AM,93,62
10/3/2026,4:37:22 AM,93,62
10/3/2026,4:37:23 AM,93,62
10/3/2026,4:37:24 AM,93,62
10/3/2026,4:37:25 AM,93,62
10/3/2026,4:37:26 AM,93,62
10/3/2026,4:37:27 AM,93,62
10/3/2026,4:37:28 AM,93,62
10/3/2026,4:37:29 AM,93,62
10/3/2026,4:37:30 AM,93,62
10/3/2026,4:37:31 AM,93,62
10/3/2026,4:37:32 AM,93,62
10/3/2026,4:37:33 AM,93,62
10/3/2026,4:37:34 AM,93,62
10/3/2026,4:37:35 AM,93,62
10/3/2026,4:37:36 AM,93,62
10/3/2026,4:37:37 AM,93,62
10/3/2026,4:37:38 AM,93,62
10/3/2026,4:37:39 AM,93,62
10/3/2026,4:37:40 AM,93,62
10/3/2026,4:37:41 AM,93,62
10/3/2026,4:37:42 AM,93,62
10/3/2026,4:37:43 AM,93,63
10/3/2026,4:37:44 AM,92,63
10/3/2026,4:37:45 AM,92,63
10/3/2026,4:37:46 AM,92,64
10/3/2026,4:37:47 AM,92,64
10/3/2026,4:37:48 AM,92,64
10/3/2026,4:37:49 AM,92,64
10/3/2026,4:37:50 AM,92,65
10/3/2026,4:37:51 AM,93,65
10/3/2026,4:37:52 AM,94,65
10/3/2026,4:37:53 AM,95,64
10/3/2026,4:37:54 AM,96,64
10/3/2026,4:37:55 AM,97,64
10/3/2026,4:37:56 AM,97,64
10/3/2026,4:37:57 AM,98,64
10/3/2026,4:37:58 AM,98,64
10/3/2026,4:37:59 AM,98,64
10/3/2026,4:38:00 AM,98,64
10/3/2026,4:38:01 AM,98,64
10/3/2026,4:38:02 AM,98,64
10/3/2026,4:38:03 AM,99,64
10/3/2026,4:38:04 AM,98,64
10/3/2026,4:38:05 AM,98,64
10/3/2026,4:38:06 AM,98,64
10/3/2026,4:38:07 AM,98,64
10/3/2026,4:38:08 AM,98,64
10/3/2026,4:38:09 AM,98,64
10/3/2026,4:38:10 AM,97,64
10/3/2026,4:38:11 AM,97,64
10/3/2026,4:38:12 AM,97,64
10/3/2026,4:38:13 AM,97,64
10/3/2026,4:38:14 AM,96,64
10/3/2026,4:38:15 AM,96,64
10/3/2026,4:38:16 AM,96,64
10/3/2026,4:38:17 AM,96,63
10/3/2026,4:38:18 AM,96,63
10/3/2026,4:38:19 AM,96,63
10/3/2026,4:38:20 AM,96,63
10/3/2026,4:38:21 AM,95,63
10/3/2026,4:38:22 AM,95,63
10/3/2026,4:38:23 AM,95,63
10/3/2026,4:38:24 AM,95,63
10/3/2026,4:38:25 AM,95,63
10/3/2026,4:38:26 AM,94,63
10/3/2026,4:38:27 AM,94,63
10/3/2026,4:38:28 AM,94,63
10/3/2026,4:38:29 AM,93,63
10/3/2026,4:38:30 AM,93,63
10/3/2026,4:38:31 AM,93,63
10/3/2026,4:38:32 AM,93,63
10/3/2026,4:38:33 AM,93,63
10/3/2026,4:38:34 AM,92,64
10/3/2026,4:38:35 AM,92,64
10/3/2026,4:38:36 AM,92,65
10/3/2026,4:38:37 AM,92,65
10/3/2026,4:38:38 AM,92,66
10/3/2026,4:38:39 AM,91,66
10/3/2026,4:38:40 AM,91,66
10/3/2026,4:38:41 AM,91,66
10/3/2026,4:38:42 AM,91,66
10/3/2026,4:38:43 AM,91,66
10/3/2026,4:38:44 AM,91,66
10/3/2026,4:38:45 AM,91,66
10/3/2026,4:38:46 AM,91,66
10/3/2026,4:38:47 AM,91,66
10/3/2026,4:38:48 AM,91,66
10/3/2026,4:38:49 AM,91,66
10/3/2026,4:38:50 AM,91,66
10/3/2026,4:38:51 AM,91,66
10/3/2026,4:38:52 AM,91,66
10/3/2026,4:38:53 AM,91,66
10/3/2026,4:38:54 AM,91,66
10/3/2026,4:38:55 AM,91,66
10/3/2026,4:38:56 AM,91,66
10/3/2026,4:38:57 AM,91,66
10/3/2026,4:38:58 AM,91,66
10/3/2026,4:38:59 AM,91,66
10/3/2026,4:39:00 AM,91,65
10/3/2026,4:39:01 AM,91,65
10/3/2026,4:39:02 AM,92,65
10/3/2026,4:39:03 AM,93,64
10/3/2026,4:39:04 AM,93,64
10/3/2026,4:39:05 AM,94,64
10/3/2026,4:39:06 AM,95,64
10/3/2026,4:39:07 AM,96,64
10/3/2026,4:39:08 AM,97,64
10/3/2026,4:39:09 AM,97,64
10/3/2026,4:39:10 AM,98,64
10/3/2026,4:39:11 AM,98,64
10/3/2026,4:39:12 AM,98,64
10/3/2026,4:39:13 AM,98,64
10/3/2026,4:39:14 AM,98,64
10/3/2026,4:39:15 AM,98,64
10/3/2026,4:39:16 AM,97,64
10/3/2026,4:39:17 AM,97,64
10/3/2026,4:39:18 AM,97,64
10/3/2026,4:39:19 AM,97,64
10/3/2026,4:39:20 AM,97,64
10/3/2026,4:39:21 AM,96,64
10/3/2026,4:39:22 AM,96,64
10/3/2026,4:39:23 AM,96,64
10/3/2026,4:39:24 AM,96,64
10/3/2026,4:39:25 AM,96,64
10/3/2026,4:39:26 AM,96,63
10/3/2026,4:39:27 AM,95,63
10/3/2026,4:39:28 AM,95,63
10/3/2026,4:39:29 AM,95,63
10/3/2026,4:39:30 AM,95,63
10/3/2026,4:39:31 AM,95,63
10/3/2026,4:39:32 AM,94,62
10/3/2026,4:39:33 AM,94,62
10/3/2026,4:39:34 AM,94,62
10/3/2026,4:39:35 AM,94,62
10/3/2026,4:39:36 AM,94,63
10/3/2026,4:39:37 AM,93,63
10/3/2026,4:39:38 AM,93,63
10/3/2026,4:39:39 AM,93,63
10/3/2026,4:39:40 AM,93,63
10/3/2026,4:39:41 AM,92,63
10/3/2026,4:39:42 AM,92,63
10/3/2026,4:39:43 AM,92,63
10/3/2026,4:39:44 AM,92,63
10/3/2026,4:39:45 AM,91,63
10/3/2026,4:39:46 AM,91,63
10/3/2026,4:39:47 AM,91,63
10/3/2026,4:39:48 AM,90,63
10/3/2026,4:39:49 AM,90,63
10/3/2026,4:39:50 AM,90,63
10/3/2026,4:39:51 AM,90,63
10/3/2026,4:39:52 AM,90,63
10/3/2026,4:39:53 AM,90,63
10/3/2026,4:39:54 AM,90,63
10/3/2026,4:39:55 AM,90,63
10/3/2026,4:39:56 AM,90,63
10/3/2026,4:39:57 AM,90,63
10/3/2026,4:39:58 AM,90,63
10/3/2026,4:39:59 AM,90,63
10/3/2026,4:40:00 AM,90,63
10/3/2026,4:40:01 AM,90,63
10/3/2026,4:40:02 AM,90,63
10/3/2026,4:40:03 AM,90,63
10/3/2026,4:40:04 AM,90,63
10/3/2026,4:40:05 AM,90,63
10/3/2026,4:40:06 AM,90,63
10/3/2026,4:40:07 AM,90,63
10/3/2026,4:40:08 AM,90,63
10/3/2026,4:40:09 AM,90,63
10/3/2026,4:40:10 AM,90,63
10/3/2026,4:40:11 AM,89,63
10/3/2026,4:40:12 AM,89,63
10/3/2026,4:40:13 AM,89,63
10/3/2026,4:40:14 AM,89,63
10/3/2026,4:40:15 AM,89,63
10/3/2026,4:40:16 AM,89,63
10/3/2026,4:40:17 AM,89,57
10/3/2026,4:40:18 AM,89,57
10/3/2026,4:40:19 AM,89,57
10/3/2026,4:40:20 AM,89,57
10/3/2026,4:40:21 AM,89,57
10/3/2026,4:40:22 AM,89,57
10/3/2026,4:40:23 AM,89,51
10/3/2026,4:40:24 AM,89,51
10/3/2026,4:40:25 AM,89,51
10/3/2026,4:40:26 AM,89,51
10/3/2026,4:40:27 AM,89,51
10/3/2026,4:40:28 AM,89,51
10/3/2026,4:40:29 AM,89,51
10/3/2026,4:40:30 AM,89,51
10/3/2026,4:40:31 AM,89,51
10/3/2026,4:40:32 AM,89,51
10/3/2026,4:40:33 AM,89,51
10/3/2026,4:40:34 AM,89,51
10/3/2026,4:40:35 AM,89,51
10/3/2026,4:40:36 AM,89,51
10/3/2026,4:40:37 AM,89,51
10/3/2026,4:40:38 AM,89,51
10/3/2026,4:40:39 AM,89,51
10/3/2026,4:40:40 AM,89,51
10/3/2026,4:40:41 AM,90,51
10/3/2026,4:40:42 AM,90,51
10/3/2026,4:40:43 AM,90,51
10/3/2026,4:40:44 AM,90,51
10/3/2026,4:40:45 AM,90,51
10/3/2026,4:40:46 AM,90,51
10/3/2026,4:40:47 AM,90,51
10/3/2026,4:40:48 AM,90,51
10/3/2026,4:40:49 AM,91,51
10/3/2026,4:40:50 AM,93,51
10/3/2026,4:40:51 AM,93,51
10/3/2026,4:40:52 AM,94,51
10/3/2026,4:40:53 AM,95,51
10/3/2026,4:40:54 AM,96,52
10/3/2026,4:40:55 AM,96,52
10/3/2026,4:40:56 AM,96,53
10/3/2026,4:40:57 AM,96,53
10/3/2026,4:40:58 AM,96,54
10/3/2026,4:40:59 AM,96,54
10/3/2026,4:41:00 AM,96,54
10/3/2026,4:41:01 AM,96,60
10/3/2026,4:41:02 AM,96,59
10/3/2026,4:41:03 AM,96,59
10/3/2026,4:41:04 AM,97,58
10/3/2026,4:41:05 AM,97,58
10/3/2026,4:41:06 AM,97,58
10/3/2026,4:41:07 AM,97,58
10/3/2026,4:41:08 AM,97,58
10/3/2026,4:41:09 AM,97,58
10/3/2026,4:41:10 AM,97,58
10/3/2026,4:41:11 AM,97,58
10/3/2026,4:41:12 AM,97,58
10/3/2026,4:41:13 AM,97,58
10/3/2026,4:41:14 AM,97,58
10/3/2026,4:41:15 AM,97,58
10/3/2026,4:41:16 AM,97,58
10/3/2026,4:41:17 AM,97,67
10/3/2026,4:41:18 AM,97,67
10/3/2026,4:41:19 AM,98,67
10/3/2026,4:41:20 AM,98,67
10/3/2026,4:41:21 AM,98,67
10/3/2026,4:41:22 AM,98,67
10/3/2026,4:41:23 AM,98,67
10/3/2026,4:41:24 AM,98,67
10/3/2026,4:41:25 AM,98,67
10/3/2026,4:41:26 AM,98,67
10/3/2026,4:41:27 AM,98,67
10/3/2026,4:41:28 AM,98,67
10/3/2026,4:41:29 AM,98,67
10/3/2026,4:41:30 AM,98,67
10/3/2026,4:41:31 AM,98,67
10/3/2026,4:41:32 AM,98,68
10/3/2026,4:41:33 AM,98,68
10/3/2026,4:41:34 AM,98,68
10/3/2026,4:41:35 AM,97,68
10/3/2026,4:41:36 AM,97,68
10/3/2026,4:41:37 AM,97,68
10/3/2026,4:41:38 AM,97,68
10/3/2026,4:41:39 AM,97,68
10/3/2026,4:41:40 AM,97,68
10/3/2026,4:41:41 AM,97,68
10/3/2026,4:41:42 AM,97,68
10/3/2026,4:41:43 AM,97,68
10/3/2026,4:41:44 AM,97,68
10/3/2026,4:41:45 AM,97,67
10/3/2026,4:41:46 AM,96,67
10/3/2026,4:41:47 AM,96,67
10/3/2026,4:41:48 AM,96,67
10/3/2026,4:41:49 AM,96,66
10/3/2026,4:41:50 AM,96,66
10/3/2026,4:41:51 AM,96,66
10/3/2026,4:41:52 AM,96,65
10/3/2026,4:41:53 AM,97,65
10/3/2026,4:41:54 AM,97,65
10/3/2026,4:41:55 AM,97,64
10/3/2026,4:41:56 AM,97,64
10/3/2026,4:41:57 AM,97,64
10/3/2026,4:41:58 AM,97,64
10/3/2026,4:41:59 AM,97,64
10/3/2026,4:42:00 AM,97,64
10/3/2026,4:42:01 AM,97,64
10/3/2026,4:42:02 AM,97,64
10/3/2026,4:42:03 AM,97,64
10/3/2026,4:42:04 AM,97,64
10/3/2026,4:42:05 AM,96,64
10/3/2026,4:42:06 AM,96,64
10/3/2026,4:42:07 AM,96,64
10/3/2026,4:42:08 AM,96,64
10/3/2026,4:42:09 AM,96,64
10/3/2026,4:42:10 AM,96,64
10/3/2026,4:42:11 AM,96,64
10/3/2026,4:42:12 AM,96,64
10/3/2026,4:42:13 AM,96,64
10/3/2026,4:42:14 AM,96,64
10/3/2026,4:42:15 AM,96,64
10/3/2026,4:42:16 AM,96,64
10/3/2026,4:42:17 AM,96,64
10/3/2026,4:42:18 AM,96,64
10/3/2026,4:42:19 AM,96,64
10/3/2026,4:42:20 AM,96,64
10/3/2026,4:42:21 AM,96,64
10/3/2026,4:42:22 AM,96,64
10/3/2026,4:42:23 AM,96,64
10/3/2026,4:42:24 AM,96,64
10/3/2026,4:42:25 AM,96,63
10/3/2026,4:42:26 AM,96,63
10/3/2026,4:42:27 AM,96,63
10/3/2026,4:42:28 AM,96,63
10/3/2026,4:42:29 AM,96,63
10/3/2026,4:42:30 AM,96,63
10/3/2026,4:42:31 AM,96,63
10/3/2026,4:42:32 AM,96,63
10/3/2026,4:42:33 AM,96,63
10/3/2026,4:42:34 AM,96,63
10/3/2026,4:42:35 AM,96,63
10/3/2026,4:42:36 AM,96,63
10/3/2026,4:42:37 AM,96,63
10/3/2026,4:42:38 AM,96,63
10/3/2026,4:42:39 AM,96,63
10/3/2026,4:42:40 AM,96,63
10/3/2026,4:42:41 AM,96,63
10/3/2026,4:42:42 AM,96,63
10/3/2026,4:42:43 AM,96,63
10/3/2026,4:42:44 AM,96,63
10/3/2026,4:42:45 AM,96,63
10/3/2026,4:42:46 AM,96,63
10/3/2026,4:42:47 AM,96,63
10/3/2026,4:42:48 AM,96,63
10/3/2026,4:42:49 AM,96,63
10/3/2026,4:42:50 AM,96,63
10/3/2026,4:42:51 AM,96,63
10/3/2026,4:42:52 AM,96,63
10/3/2026,4:42:53 AM,96,63
10/3/2026,4:42:54 AM,96,63
10/3/2026,4:42:55 AM,96,63
10/3/2026,4:42:56 AM,96,64
10/3/2026,4:42:57 AM,96,64
10/3/2026,4:42:58 AM,96,64
10/3/2026,4:42:59 AM,96,64
10/3/2026,4:43:00 AM,96,63
10/3/2026,4:43:01 AM,96,63
10/3/2026,4:43:02 AM,96,63
10/3/2026,4:43:03 AM,96,63
10/3/2026,4:43:04 AM,96,63
10/3/2026,4:43:05 AM,96,63
10/3/2026,4:43:06 AM,96,63
10/3/2026,4:43:07 AM,96,63
10/3/2026,4:43:08 AM,96,63
10/3/2026,4:43:09 AM,95,63
10/3/2026,4:43:10 AM,95,63
10/3/2026,4:43:11 AM,95,62
10/3/2026,4:43:12 AM,95,62
10/3/2026,4:43:13 AM,95,62
10/3/2026,4:43:14 AM,95,62
10/3/2026,4:43:15 AM,95,62
10/3/2026,4:43:16 AM,95,62
10/3/2026,4:43:17 AM,95,62
10/3/2026,4:43:18 AM,95,62
10/3/2026,4:43:19 AM,95,62
10/3/2026,4:43:20 AM,95,62
10/3/2026,4:43:21 AM,95,62
10/3/2026,4:43:22 AM,95,62
10/3/2026,4:43:23 AM,95,62
10/3/2026,4:43:24 AM,95,62
10/3/2026,4:43:25 AM,95,62
10/3/2026,4:43:26 AM,95,62
10/3/2026,4:43:27 AM,94,63
10/3/2026,4:43:28 AM,94,63
10/3/2026,4:43:29 AM,94,63
10/3/2026,4:43:30 AM,94,63
10/3/2026,4:43:31 AM,94,63
10/3/2026,4:43:32 AM,94,63
10/3/2026,4:43:33 AM,94,63
10/3/2026,4:43:34 AM,93,63
10/3/2026,4:43:35 AM,93,63
10/3/2026,4:43:36 AM,93,63
10/3/2026,4:43:37 AM,93,63
10/3/2026,4:43:38 AM,92,63
10/3/2026,4:43:39 AM,92,63
10/3/2026,4:43:40 AM,92,63
10/3/2026,4:43:41 AM,92,63
10/3/2026,4:43:42 AM,91,64
10/3/2026,4:43:43 AM,91,64
10/3/2026,4:43:44 AM,91,63
10/3/2026,4:43:45 AM,91,64
10/3/2026,4:43:46 AM,91,64
10/3/2026,4:43:47 AM,91,64
10/3/2026,4:43:48 AM,91,64
10/3/2026,4:43:49 AM,92,64
10/3/2026,4:43:50 AM,92,64
10/3/2026,4:43:51 AM,92,64
10/3/2026,4:43:52 AM,93,64
10/3/2026,4:43:53 AM,94,64
10/3/2026,4:43:54 AM,94,64
10/3/2026,4:43:55 AM,95,64
10/3/2026,4:43:56 AM,95,63
10/3/2026,4:43:57 AM,95,63
10/3/2026,4:43:58 AM,95,63
10/3/2026,4:43:59 AM,95,63
10/3/2026,4:44:00 AM,95,63
10/3/2026,4:44:01 AM,95,63
10/3/2026,4:44:02 AM,95,63
10/3/2026,4:44:03 AM,95,63
10/3/2026,4:44:04 AM,95,63
10/3/2026,4:44:05 AM,95,63
10/3/2026,4:44:06 AM,95,63
10/3/2026,4:44:07 AM,95,64
10/3/2026,4:44:08 AM,95,64
10/3/2026,4:44:09 AM,95,64
10/3/2026,4:44:10 AM,94,64
10/3/2026,4:44:11 AM,94,64
10/3/2026,4:44:12 AM,94,64
10/3/2026,4:44:13 AM,94,64
10/3/2026,4:44:14 AM,94,64
10/3/2026,4:44:15 AM,94,64
10/3/2026,4:44:16 AM,94,64
10/3/2026,4:44:17 AM,94,64
10/3/2026,4:44:18 AM,93,64
10/3/2026,4:44:19 AM,93,64
10/3/2026,4:44:20 AM,93,64
10/3/2026,4:44:21 AM,93,64
10/3/2026,4:44:22 AM,93,64
10/3/2026,4:44:23 AM,93,64
10/3/2026,4:44:24 AM,92,64
10/3/2026,4:44:25 AM,92,64
10/3/2026,4:44:26 AM,92,63
10/3/2026,4:44:27 AM,92,63
10/3/2026,4:44:28 AM,92,63
10/3/2026,4:44:29 AM,91,63
10/3/2026,4:44:30 AM,91,63
10/3/2026,4:44:31 AM,91,63
10/3/2026,4:44:32 AM,91,63
10/3/2026,4:44:33 AM,91,62
10/3/2026,4:44:34 AM,91,62
10/3/2026,4:44:35 AM,91,62
10/3/2026,4:44:36 AM,91,62
10/3/2026,4:44:37 AM,91,62
10/3/2026,4:44:38 AM,91,62
10/3/2026,4:44:39 AM,92,62
10/3/2026,4:44:40 AM,92,62
10/3/2026,4:44:41 AM,92,62
10/3/2026,4:44:42 AM,92,62
10/3/2026,4:44:43 AM,92,62
10/3/2026,4:44:44 AM,92,62
10/3/2026,4:44:45 AM,92,62
10/3/2026,4:44:46 AM,92,63
10/3/2026,4:44:47 AM,92,63
10/3/2026,4:44:48 AM,93,63
10/3/2026,4:44:49 AM,93,63
10/3/2026,4:44:50 AM,93,63
10/3/2026,4:44:51 AM,93,63
10/3/2026,4:44:52 AM,93,63
10/3/2026,4:44:53 AM,93,63
10/3/2026,4:44:54 AM,93,63
10/3/2026,4:44:55 AM,93,63
10/3/2026,4:44:56 AM,93,63
10/3/2026,4:44:57 AM,93,63
10/3/2026,4:44:58 AM,93,64
10/3/2026,4:44:59 AM,93,63
10/3/2026,4:45:00 AM,93,64
10/3/2026,4:45:01 AM,93,64
10/3/2026,4:45:02 AM,93,63
10/3/2026,4:45:03 AM,93,63
10/3/2026,4:45:04 AM,93,63
10/3/2026,4:45:05 AM,93,63
10/3/2026,4:45:06 AM,93,63
10/3/2026,4:45:07 AM,93,63
10/3/2026,4:45:08 AM,93,63
10/3/2026,4:45:09 AM,93,62
10/3/2026,4:45:10 AM,93,62
10/3/2026,4:45:11 AM,93,62
10/3/2026,4:45:12 AM,93,62
10/3/2026,4:45:13 AM,93,62
10/3/2026,4:45:14 AM,93,62
10/3/2026,4:45:15 AM,92,62
10/3/2026,4:45:16 AM,92,62
10/3/2026,4:45:17 AM,92,62
10/3/2026,4:45:18 AM,92,63
10/3/2026,4:45:19 AM,92,63
10/3/2026,4:45:20 AM,92,62
10/3/2026,4:45:21 AM,92,62
10/3/2026,4:45:22 AM,92,62
10/3/2026,4:45:23 AM,92,62
10/3/2026,4:45:24 AM,92,62
10/3/2026,4:45:25 AM,92,62
10/3/2026,4:45:26 AM,92,62
10/3/2026,4:45:27 AM,92,62
10/3/2026,4:45:28 AM,91,62
10/3/2026,4:45:29 AM,91,62
10/3/2026,4:45:30 AM,91,63
10/3/2026,4:45:31 AM,91,63
10/3/2026,4:45:32 AM,91,63
10/3/2026,4:45:33 AM,91,63
10/3/2026,4:45:34 AM,91,63
10/3/2026,4:45:35 AM,91,63
10/3/2026,4:45:36 AM,91,63
10/3/2026,4:45:37 AM,91,63
10/3/2026,4:45:38 AM,91,63
10/3/2026,4:45:39 AM,91,64
10/3/2026,4:45:40 AM,91,64
10/3/2026,4:45:41 AM,91,64
10/3/2026,4:45:42 AM,91,64
10/3/2026,4:45:43 AM,91,64
10/3/2026,4:45:44 AM,91,64
10/3/2026,4:45:45 AM,91,64
10/3/2026,4:45:46 AM,91,64
10/3/2026,4:45:47 AM,91,64
10/3/2026,4:45:48 AM,91,64
10/3/2026,4:45:49 AM,91,64
10/3/2026,4:45:50 AM,91,64
10/3/2026,4:45:51 AM,91,64
10/3/2026,4:45:52 AM,91,65
10/3/2026,4:45:53 AM,91,65
10/3/2026,4:45:54 AM,91,65
10/3/2026,4:45:55 AM,91,65
10/3/2026,4:45:56 AM,91,65
10/3/2026,4:45:57 AM,91,65
10/3/2026,4:45:58 AM,92,65
10/3/2026,4:45:59 AM,92,65
10/3/2026,4:46:00 AM,92,65
10/3/2026,4:46:01 AM,92,65
10/3/2026,4:46:02 AM,93,64
10/3/2026,4:46:03 AM,93,63
10/3/2026,4:46:04 AM,94,63
10/3/2026,4:46:05 AM,94,63
10/3/2026,4:46:06 AM,95,63
10/3/2026,4:46:07 AM,95,63
10/3/2026,4:46:08 AM,96,63
10/3/2026,4:46:09 AM,96,63
10/3/2026,4:46:10 AM,96,62
10/3/2026,4:46:11 AM,96,62
10/3/2026,4:46:12 AM,96,62
10/3/2026,4:46:13 AM,96,62
10/3/2026,4:46:14 AM,96,62
10/3/2026,4:46:15 AM,96,62
10/3/2026,4:46:16 AM,95,62
10/3/2026,4:46:17 AM,95,62
10/3/2026,4:46:18 AM,95,62
10/3/2026,4:46:19 AM,95,62
10/3/2026,4:46:20 AM,95,62
10/3/2026,4:46:21 AM,95,62
10/3/2026,4:46:22 AM,95,62
10/3/2026,4:46:23 AM,95,62
10/3/2026,4:46:24 AM,95,62
10/3/2026,4:46:25 AM,95,62
10/3/2026,4:46:26 AM,94,62
10/3/2026,4:46:27 AM,94,62
10/3/2026,4:46:28 AM,94,62
10/3/2026,4:46:29 AM,94,62
10/3/2026,4:46:30 AM,94,62
10/3/2026,4:46:31 AM,94,62
10/3/2026,4:46:32 AM,93,62
10/3/2026,4:46:33 AM,93,62
10/3/2026,4:46:34 AM,93,62
10/3/2026,4:46:35 AM,93,62
10/3/2026,4:46:36 AM,93,62
10/3/2026,4:46:37 AM,93,62
10/3/2026,4:46:38 AM,92,62
10/3/2026,4:46:39 AM,92,62
10/3/2026,4:46:40 AM,92,62
10/3/2026,4:46:41 AM,92,62
10/3/2026,4:46:42 AM,92,63
10/3/2026,4:46:43 AM,91,63
10/3/2026,4:46:44 AM,91,63
10/3/2026,4:46:45 AM,91,63
10/3/2026,4:46:46 AM,91,64
10/3/2026,4:46:47 AM,91,64
10/3/2026,4:46:48 AM,91,64
10/3/2026,4:46:49 AM,91,64
10/3/2026,4:46:50 AM,90,64
10/3/2026,4:46:51 AM,90,65
10/3/2026,4:46:52 AM,90,65
10/3/2026,4:46:53 AM,90,65
10/3/2026,4:46:54 AM,90,65
10/3/2026,4:46:55 AM,90,65
10/3/2026,4:46:56 AM,90,65
10/3/2026,4:46:57 AM,90,65
10/3/2026,4:46:58 AM,90,64
10/3/2026,4:46:59 AM,90,64
10/3/2026,4:47:00 AM,90,64
10/3/2026,4:47:01 AM,90,63
10/3/2026,4:47:02 AM,91,63
10/3/2026,4:47:03 AM,92,63
10/3/2026,4:47:04 AM,92,62
10/3/2026,4:47:05 AM,93,62
10/3/2026,4:47:06 AM,94,62
10/3/2026,4:47:07 AM,95,62
10/3/2026,4:47:08 AM,95,61
10/3/2026,4:47:09 AM,96,61
10/3/2026,4:47:10 AM,96,61
10/3/2026,4:47:11 AM,96,61
10/3/2026,4:47:12 AM,96,61
10/3/2026,4:47:13 AM,96,61
10/3/2026,4:47:14 AM,96,61
10/3/2026,4:47:15 AM,96,61
10/3/2026,4:47:16 AM,96,61
10/3/2026,4:47:17 AM,95,61
10/3/2026,4:47:18 AM,95,61
10/3/2026,4:47:19 AM,95,61
10/3/2026,4:47:20 AM,95,61
10/3/2026,4:47:21 AM,95,61
10/3/2026,4:47:22 AM,95,61
10/3/2026,4:47:23 AM,94,61
10/3/2026,4:47:24 AM,94,61
10/3/2026,4:47:25 AM,94,61
10/3/2026,4:47:26 AM,94,61
10/3/2026,4:47:27 AM,94,61
10/3/2026,4:47:28 AM,94,61
10/3/2026,4:47:29 AM,93,61
10/3/2026,4:47:30 AM,93,61
10/3/2026,4:47:31 AM,93,61
10/3/2026,4:47:32 AM,93,61
10/3/2026,4:47:33 AM,93,61
10/3/2026,4:47:34 AM,93,61
10/3/2026,4:47:35 AM,93,61
10/3/2026,4:47:36 AM,92,61
10/3/2026,4:47:37 AM,92,62
10/3/2026,4:47:38 AM,92,62
10/3/2026,4:47:39 AM,92,62
10/3/2026,4:47:40 AM,92,62
10/3/2026,4:47:41 AM,92,62
10/3/2026,4:47:42 AM,91,62
10/3/2026,4:47:43 AM,91,62
10/3/2026,4:47:44 AM,91,62
10/3/2026,4:47:45 AM,91,63
10/3/2026,4:47:46 AM,91,63
10/3/2026,4:47:47 AM,91,63
10/3/2026,4:47:48 AM,91,63
10/3/2026,4:47:49 AM,91,63
10/3/2026,4:47:50 AM,91,63
10/3/2026,4:47:51 AM,91,64
10/3/2026,4:47:52 AM,91,64
10/3/2026,4:47:53 AM,91,64
10/3/2026,4:47:54 AM,91,64
10/3/2026,4:47:55 AM,91,64
10/3/2026,4:47:56 AM,91,64
10/3/2026,4:47:57 AM,91,65
10/3/2026,4:47:58 AM,90,65
10/3/2026,4:47:59 AM,90,65
10/3/2026,4:48:00 AM,90,65
10/3/2026,4:48:01 AM,90,65
10/3/2026,4:48:02 AM,90,65
10/3/2026,4:48:03 AM,89,64
10/3/2026,4:48:04 AM,89,64
10/3/2026,4:48:05 AM,89,63
10/3/2026,4:48:06 AM,89,63
10/3/2026,4:48:07 AM,89,62
10/3/2026,4:48:08 AM,89,62
10/3/2026,4:48:09 AM,89,61
10/3/2026,4:48:10 AM,90,61
10/3/2026,4:48:11 AM,90,61
10/3/2026,4:48:12 AM,91,61
10/3/2026,4:48:13 AM,92,61
10/3/2026,4:48:14 AM,93,61
10/3/2026,4:48:15 AM,94,61
10/3/2026,4:48:16 AM,95,61
10/3/2026,4:48:17 AM,95,61
10/3/2026,4:48:18 AM,96,61
10/3/2026,4:48:19 AM,96,61
10/3/2026,4:48:20 AM,96,61
10/3/2026,4:48:21 AM,96,61
10/3/2026,4:48:22 AM,96,61
10/3/2026,4:48:23 AM,96,61
10/3/2026,4:48:24 AM,96,61
10/3/2026,4:48:25 AM,96,61
10/3/2026,4:48:26 AM,96,61
10/3/2026,4:48:27 AM,95,61
10/3/2026,4:48:28 AM,95,61
10/3/2026,4:48:29 AM,95,61
10/3/2026,4:48:30 AM,95,61
10/3/2026,4:48:31 AM,95,61
10/3/2026,4:48:32 AM,95,62
10/3/2026,4:48:33 AM,94,62
10/3/2026,4:48:34 AM,94,62
10/3/2026,4:48:35 AM,94,62
10/3/2026,4:48:36 AM,94,62
10/3/2026,4:48:37 AM,94,62
10/3/2026,4:48:38 AM,94,62
10/3/2026,4:48:39 AM,94,62
10/3/2026,4:48:40 AM,93,62
10/3/2026,4:48:41 AM,93,62
10/3/2026,4:48:42 AM,93,62
10/3/2026,4:48:43 AM,93,62
10/3/2026,4:48:44 AM,93,62
10/3/2026,4:48:45 AM,93,62
10/3/2026,4:48:46 AM,93,62
10/3/2026,4:48:47 AM,92,62
10/3/2026,4:48:48 AM,92,62
10/3/2026,4:48:49 AM,92,62
10/3/2026,4:48:50 AM,92,62
10/3/2026,4:48:51 AM,92,62
10/3/2026,4:48:52 AM,92,62
10/3/2026,4:48:53 AM,92,62
10/3/2026,4:48:54 AM,91,62
10/3/2026,4:48:55 AM,91,62
10/3/2026,4:48:56 AM,91,62
10/3/2026,4:48:57 AM,91,62
10/3/2026,4:48:58 AM,91,62
10/3/2026,4:48:59 AM,91,62
10/3/2026,4:49:00 AM,91,62
10/3/2026,4:49:01 AM,91,62
10/3/2026,4:49:02 AM,91,62
10/3/2026,4:49:03 AM,91,62
10/3/2026,4:49:04 AM,91,62
10/3/2026,4:49:05 AM,91,62
10/3/2026,4:49:06 AM,91,63
10/3/2026,4:49:07 AM,91,63
10/3/2026,4:49:08 AM,91,62
10/3/2026,4:49:09 AM,90,63
10/3/2026,4:49:10 AM,90,63
10/3/2026,4:49:11 AM,90,62
10/3/2026,4:49:12 AM,90,62
10/3/2026,4:49:13 AM,90,62
10/3/2026,4:49:14 AM,90,62
10/3/2026,4:49:15 AM,90,62
10/3/2026,4:49:16 AM,90,62
10/3/2026,4:49:17 AM,91,62
10/3/2026,4:49:18 AM,92,61
10/3/2026,4:49:19 AM,92,61
10/3/2026,4:49:20 AM,93,61
10/3/2026,4:49:21 AM,94,61
10/3/2026,4:49:22 AM,95,60
10/3/2026,4:49:23 AM,95,60
10/3/2026,4:49:24 AM,96,60
10/3/2026,4:49:25 AM,96,60
10/3/2026,4:49:26 AM,96,60
10/3/2026,4:49:27 AM,96,60
10/3/2026,4:49:28 AM,96,60
10/3/2026,4:49:29 AM,96,60
10/3/2026,4:49:30 AM,96,60
10/3/2026,4:49:31 AM,96,60
10/3/2026,4:49:32 AM,96,60
10/3/2026,4:49:33 AM,95,60
10/3/2026,4:49:34 AM,95,61
10/3/2026,4:49:35 AM,95,61
10/3/2026,4:49:36 AM,95,60
10/3/2026,4:49:37 AM,95,61
10/3/2026,4:49:38 AM,95,61
10/3/2026,4:49:39 AM,94,61
10/3/2026,4:49:40 AM,94,61
10/3/2026,4:49:41 AM,94,61
10/3/2026,4:49:42 AM,94,61
10/3/2026,4:49:43 AM,94,61
10/3/2026,4:49:44 AM,94,61
10/3/2026,4:49:45 AM,94,61
10/3/2026,4:49:46 AM,94,61
10/3/2026,4:49:47 AM,93,61
10/3/2026,4:49:48 AM,93,61
10/3/2026,4:49:49 AM,93,61
10/3/2026,4:49:50 AM,93,61
10/3/2026,4:49:51 AM,93,61
10/3/2026,4:49:52 AM,92,61
10/3/2026,4:49:53 AM,92,61
10/3/2026,4:49:54 AM,92,61
10/3/2026,4:49:55 AM,92,61
10/3/2026,4:49:56 AM,92,61
10/3/2026,4:49:57 AM,92,61
10/3/2026,4:49:58 AM,92,61
10/3/2026,4:49:59 AM,92,61
10/3/2026,4:50:00 AM,92,62
10/3/2026,4:50:01 AM,92,62
10/3/2026,4:50:02 AM,91,62
10/3/2026,4:50:03 AM,91,63
10/3/2026,4:50:04 AM,91,63
10/3/2026,4:50:05 AM,91,63
10/3/2026,4:50:06 AM,91,63
10/3/2026,4:50:07 AM,91,63
10/3/2026,4:50:08 AM,91,64
10/3/2026,4:50:09 AM,91,64
10/3/2026,4:50:10 AM,90,64
10/3/2026,4:50:11 AM,90,64
10/3/2026,4:50:12 AM,90,64
10/3/2026,4:50:13 AM,90,65
10/3/2026,4:50:14 AM,90,66
10/3/2026,4:50:15 AM,90,66
10/3/2026,4:50:16 AM,90,66
10/3/2026,4:50:17 AM,90,66
10/3/2026,4:50:18 AM,90,66
10/3/2026,4:50:19 AM,90,66
10/3/2026,4:50:20 AM,90,66
10/3/2026,4:50:21 AM,90,65
10/3/2026,4:50:22 AM,90,65
10/3/2026,4:50:23 AM,90,64
10/3/2026,4:50:24 AM,90,63
10/3/2026,4:50:25 AM,90,63
10/3/2026,4:50:26 AM,90,62
10/3/2026,4:50:27 AM,91,62
10/3/2026,4:50:28 AM,91,62
10/3/2026,4:50:29 AM,92,61
10/3/2026,4:50:30 AM,93,61
10/3/2026,4:50:31 AM,94,61
10/3/2026,4:50:32 AM,95,61
10/3/2026,4:50:33 AM,95,61
10/3/2026,4:50:34 AM,96,61
10/3/2026,4:50:35 AM,96,61
10/3/2026,4:50:36 AM,96,61
10/3/2026,4:50:37 AM,96,61
10/3/2026,4:50:38 AM,96,61
10/3/2026,4:50:39 AM,96,61
10/3/2026,4:50:40 AM,96,62
10/3/2026,4:50:41 AM,96,62
10/3/2026,4:50:42 AM,96,62
10/3/2026,4:50:43 AM,96,62
10/3/2026,4:50:44 AM,95,62
10/3/2026,4:50:45 AM,95,62
10/3/2026,4:50:46 AM,95,62
10/3/2026,4:50:47 AM,95,62
10/3/2026,4:50:48 AM,95,62
10/3/2026,4:50:49 AM,94,62
10/3/2026,4:50:50 AM,94,62
10/3/2026,4:50:51 AM,94,62
10/3/2026,4:50:52 AM,94,62
10/3/2026,4:50:53 AM,94,62
10/3/2026,4:50:54 AM,94,62
10/3/2026,4:50:55 AM,94,62
10/3/2026,4:50:56 AM,94,62
10/3/2026,4:50:57 AM,93,62
10/3/2026,4:50:58 AM,93,62
10/3/2026,4:50:59 AM,93,63
10/3/2026,4:51:00 AM,93,63
10/3/2026,4:51:01 AM,93,63
10/3/2026,4:51:02 AM,93,63
10/3/2026,4:51:03 AM,92,63
10/3/2026,4:51:04 AM,92,63
10/3/2026,4:51:05 AM,92,62
10/3/2026,4:51:06 AM,92,62
10/3/2026,4:51:07 AM,92,62
10/3/2026,4:51:08 AM,92,62
10/3/2026,4:51:09 AM,92,62
10/3/2026,4:51:10 AM,92,62
10/3/2026,4:51:11 AM,91,62
10/3/2026,4:51:12 AM,91,62
10/3/2026,4:51:13 AM,91,62
10/3/2026,4:51:14 AM,91,62
10/3/2026,4:51:15 AM,91,62
10/3/2026,4:51:16 AM,91,62
10/3/2026,4:51:17 AM,91,62
10/3/2026,4:51:18 AM,91,62
10/3/2026,4:51:19 AM,91,62
10/3/2026,4:51:20 AM,91,62
10/3/2026,4:51:21 AM,91,62
10/3/2026,4:51:22 AM,91,62
10/3/2026,4:51:23 AM,92,62
10/3/2026,4:51:24 AM,92,62
10/3/2026,4:51:25 AM,93,62
10/3/2026,4:51:26 AM,93,62
10/3/2026,4:51:27 AM,93,62
10/3/2026,4:51:28 AM,93,62
10/3/2026,4:51:29 AM,94,62
10/3/2026,4:51:30 AM,94,62
10/3/2026,4:51:31 AM,94,62
10/3/2026,4:51:32 AM,94,61
10/3/2026,4:51:33 AM,94,61
10/3/2026,4:51:34 AM,95,61
10/3/2026,4:51:35 AM,95,61
10/3/2026,4:51:36 AM,95,61
10/3/2026,4:51:37 AM,95,61
10/3/2026,4:51:38 AM,95,61
10/3/2026,4:51:39 AM,95,61
10/3/2026,4:51:40 AM,95,61
10/3/2026,4:51:41 AM,95,61
10/3/2026,4:51:42 AM,95,61
10/3/2026,4:51:43 AM,95,61
10/3/2026,4:51:44 AM,94,61
10/3/2026,4:51:45 AM,94,61
10/3/2026,4:51:46 AM,94,62
10/3/2026,4:51:47 AM,94,62
10/3/2026,4:51:48 AM,94,62
10/3/2026,4:51:49 AM,94,62
10/3/2026,4:51:50 AM,94,62
10/3/2026,4:51:51 AM,94,62
10/3/2026,4:51:52 AM,93,62
10/3/2026,4:51:53 AM,93,62
10/3/2026,4:51:54 AM,93,62
10/3/2026,4:51:55 AM,93,62
10/3/2026,4:51:56 AM,93,62
10/3/2026,4:51:57 AM,92,62
10/3/2026,4:51:58 AM,92,62
10/3/2026,4:51:59 AM,92,62
10/3/2026,4:52:00 AM,92,62
10/3/2026,4:52:01 AM,92,62
10/3/2026,4:52:02 AM,92,62
10/3/2026,4:52:03 AM,92,62
10/3/2026,4:52:04 AM,91,62
10/3/2026,4:52:05 AM,91,62
10/3/2026,4:52:06 AM,91,62
10/3/2026,4:52:07 AM,91,62
10/3/2026,4:52:08 AM,91,62
10/3/2026,4:52:09 AM,91,63
10/3/2026,4:52:10 AM,91,63
10/3/2026,4:52:11 AM,91,63
10/3/2026,4:52:12 AM,91,63
10/3/2026,4:52:13 AM,91,63
10/3/2026,4:52:14 AM,91,63
10/3/2026,4:52:15 AM,91,63
10/3/2026,4:52:16 AM,91,63
10/3/2026,4:52:17 AM,91,63
10/3/2026,4:52:18 AM,91,63
10/3/2026,4:52:19 AM,91,62
10/3/2026,4:52:20 AM,92,63
10/3/2026,4:52:21 AM,92,63
10/3/2026,4:52:22 AM,92,62
10/3/2026,4:52:23 AM,93,62
10/3/2026,4:52:24 AM,93,62
10/3/2026,4:52:25 AM,94,62
10/3/2026,4:52:26 AM,94,62
10/3/2026,4:52:27 AM,94,62
10/3/2026,4:52:28 AM,94,62
10/3/2026,4:52:29 AM,95,62
10/3/2026,4:52:30 AM,95,62
10/3/2026,4:52:31 AM,95,62
10/3/2026,4:52:32 AM,95,62
10/3/2026,4:52:33 AM,95,62
10/3/2026,4:52:34 AM,95,63
10/3/2026,4:52:35 AM,95,63
10/3/2026,4:52:36 AM,94,63
10/3/2026,4:52:37 AM,94,63
10/3/2026,4:52:38 AM,94,63
10/3/2026,4:52:39 AM,94,63
10/3/2026,4:52:40 AM,94,63
10/3/2026,4:52:41 AM,94,63
10/3/2026,4:52:42 AM,94,63
10/3/2026,4:52:43 AM,94,63
10/3/2026,4:52:44 AM,94,63
10/3/2026,4:52:45 AM,94,63
10/3/2026,4:52:46 AM,94,63
10/3/2026,4:52:47 AM,94,63
10/3/2026,4:52:48 AM,94,63
10/3/2026,4:52:49 AM,94,62
10/3/2026,4:52:50 AM,94,62
10/3/2026,4:52:51 AM,94,62
10/3/2026,4:52:52 AM,94,62
10/3/2026,4:52:53 AM,94,61
10/3/2026,4:52:54 AM,94,61
10/3/2026,4:52:55 AM,94,61
10/3/2026,4:52:56 AM,94,62
10/3/2026,4:52:57 AM,94,62
10/3/2026,4:52:58 AM,94,62
10/3/2026,4:52:59 AM,94,62
10/3/2026,4:53:00 AM,94,62
10/3/2026,4:53:01 AM,94,62
10/3/2026,4:53:02 AM,93,62
10/3/2026,4:53:03 AM,93,62
10/3/2026,4:53:04 AM,93,62
10/3/2026,4:53:05 AM,93,62
10/3/2026,4:53:06 AM,93,62
10/3/2026,4:53:07 AM,93,62
10/3/2026,4:53:08 AM,93,62
10/3/2026,4:53:09 AM,92,62
10/3/2026,4:53:10 AM,92,62
10/3/2026,4:53:11 AM,92,62
10/3/2026,4:53:12 AM,92,62
10/3/2026,4:53:13 AM,92,62
10/3/2026,4:53:14 AM,92,63
10/3/2026,4:53:15 AM,91,63
10/3/2026,4:53:16 AM,91,63
10/3/2026,4:53:17 AM,91,63
10/3/2026,4:53:18 AM,91,63
10/3/2026,4:53:19 AM,91,64
10/3/2026,4:53:20 AM,91,64
10/3/2026,4:53:21 AM,91,64
10/3/2026,4:53:22 AM,91,64
10/3/2026,4:53:23 AM,91,64
10/3/2026,4:53:24 AM,91,64
10/3/2026,4:53:25 AM,91,65
10/3/2026,4:53:26 AM,91,65
10/3/2026,4:53:27 AM,91,65
10/3/2026,4:53:28 AM,91,66
10/3/2026,4:53:29 AM,91,66
10/3/2026,4:53:30 AM,91,66
10/3/2026,4:53:31 AM,91,66
10/3/2026,4:53:32 AM,91,66
10/3/2026,4:53:33 AM,91,66
10/3/2026,4:53:34 AM,91,66
10/3/2026,4:53:35 AM,91,65
10/3/2026,4:53:36 AM,91,65
10/3/2026,4:53:37 AM,91,64
10/3/2026,4:53:38 AM,91,64
10/3/2026,4:53:39 AM,91,63
10/3/2026,4:53:40 AM,91,63
10/3/2026,4:53:41 AM,92,62
10/3/2026,4:53:42 AM,92,62
10/3/2026,4:53:43 AM,92,62
10/3/2026,4:53:44 AM,94,61
10/3/2026,4:53:45 AM,94,61
10/3/2026,4:53:46 AM,95,61
10/3/2026,4:53:47 AM,95,61
10/3/2026,4:53:48 AM,96,61
10/3/2026,4:53:49 AM,96,61
10/3/2026,4:53:50 AM,96,61
10/3/2026,4:53:51 AM,96,61
10/3/2026,4:53:52 AM,96,61
10/3/2026,4:53:53 AM,96,61
10/3/2026,4:53:54 AM,96,61
10/3/2026,4:53:55 AM,96,61
10/3/2026,4:53:56 AM,96,61
10/3/2026,4:53:57 AM,96,61
10/3/2026,4:53:58 AM,96,62
10/3/2026,4:53:59 AM,95,62
10/3/2026,4:54:00 AM,95,62
10/3/2026,4:54:01 AM,95,62
10/3/2026,4:54:02 AM,95,62
10/3/2026,4:54:03 AM,95,63
10/3/2026,4:54:04 AM,95,63
10/3/2026,4:54:05 AM,95,63
10/3/2026,4:54:06 AM,95,63
10/3/2026,4:54:07 AM,94,63
10/3/2026,4:54:08 AM,94,63
10/3/2026,4:54:09 AM,94,63
10/3/2026,4:54:10 AM,94,62
10/3/2026,4:54:11 AM,94,62
10/3/2026,4:54:12 AM,94,62
10/3/2026,4:54:13 AM,94,62
10/3/2026,4:54:14 AM,94,62
10/3/2026,4:54:15 AM,94,62
10/3/2026,4:54:16 AM,93,62
10/3/2026,4:54:17 AM,93,61
10/3/2026,4:54:18 AM,93,61
10/3/2026,4:54:19 AM,93,61
10/3/2026,4:54:20 AM,93,61
10/3/2026,4:54:21 AM,92,61
10/3/2026,4:54:22 AM,92,61
10/3/2026,4:54:23 AM,92,61
10/3/2026,4:54:24 AM,92,61
10/3/2026,4:54:25 AM,92,62
10/3/2026,4:54:26 AM,92,62
10/3/2026,4:54:27 AM,91,62
10/3/2026,4:54:28 AM,91,62
10/3/2026,4:54:29 AM,91,62
10/3/2026,4:54:30 AM,91,63
10/3/2026,4:54:31 AM,91,63
10/3/2026,4:54:32 AM,91,63
10/3/2026,4:54:33 AM,91,63
10/3/2026,4:54:34 AM,91,63
10/3/2026,4:54:35 AM,91,63
10/3/2026,4:54:36 AM,91,63
10/3/2026,4:54:37 AM,91,63
10/3/2026,4:54:38 AM,91,64
10/3/2026,4:54:39 AM,91,64
10/3/2026,4:54:40 AM,91,64
10/3/2026,4:54:41 AM,91,64
10/3/2026,4:54:42 AM,91,64
10/3/2026,4:54:43 AM,91,63
10/3/2026,4:54:44 AM,91,63
10/3/2026,4:54:45 AM,91,62
10/3/2026,4:54:46 AM,92,62
10/3/2026,4:54:47 AM,92,61
10/3/2026,4:54:48 AM,93,61
10/3/2026,4:54:49 AM,94,61
10/3/2026,4:54:50 AM,95,61
10/3/2026,4:54:51 AM,95,61
10/3/2026,4:54:52 AM,96,60
10/3/2026,4:54:53 AM,96,60
10/3/2026,4:54:54 AM,96,61
10/3/2026,4:54:55 AM,96,61
10/3/2026,4:54:56 AM,96,60
10/3/2026,4:54:57 AM,96,61
10/3/2026,4:54:58 AM,96,61
10/3/2026,4:54:59 AM,96,60
10/3/2026,4:55:00 AM,96,61
10/3/2026,4:55:01 AM,96,61
10/3/2026,4:55:02 AM,95,61
10/3/2026,4:55:03 AM,95,61
10/3/2026,4:55:04 AM,95,61
10/3/2026,4:55:05 AM,95,61
10/3/2026,4:55:06 AM,95,61
10/3/2026,4:55:07 AM,95,61
10/3/2026,4:55:08 AM,95,62
10/3/2026,4:55:09 AM,94,62
10/3/2026,4:55:10 AM,94,62
10/3/2026,4:55:11 AM,94,62
10/3/2026,4:55:12 AM,94,62
10/3/2026,4:55:13 AM,94,62
10/3/2026,4:55:14 AM,94,63
10/3/2026,4:55:15 AM,94,63
10/3/2026,4:55:16 AM,93,63
10/3/2026,4:55:17 AM,93,63
10/3/2026,4:55:18 AM,93,63
10/3/2026,4:55:19 AM,93,64
10/3/2026,4:55:20 AM,93,64
10/3/2026,4:55:21 AM,93,65
10/3/2026,4:55:22 AM,93,66
10/3/2026,4:55:23 AM,93,66
10/3/2026,4:55:24 AM,93,66
10/3/2026,4:55:25 AM,93,67
10/3/2026,4:55:26 AM,93,67
10/3/2026,4:55:27 AM,93,67
10/3/2026,4:55:28 AM,93,67
10/3/2026,4:55:29 AM,93,67
10/3/2026,4:55:30 AM,93,67
10/3/2026,4:55:31 AM,93,67
10/3/2026,4:55:32 AM,93,67
10/3/2026,4:55:33 AM,93,67
10/3/2026,4:55:34 AM,93,67
10/3/2026,4:55:35 AM,93,67
10/3/2026,4:55:36 AM,93,67
10/3/2026,4:55:37 AM,93,67
10/3/2026,4:55:38 AM,93,67
10/3/2026,4:55:39 AM,92,67
10/3/2026,4:55:40 AM,92,67
10/3/2026,4:55:41 AM,92,67
10/3/2026,4:55:42 AM,92,67
10/3/2026,4:55:43 AM,92,66
10/3/2026,4:55:44 AM,93,66
10/3/2026,4:55:45 AM,93,65
10/3/2026,4:55:46 AM,93,64
10/3/2026,4:55:47 AM,93,63
10/3/2026,4:55:48 AM,94,63
10/3/2026,4:55:49 AM,94,62
10/3/2026,4:55:50 AM,95,62
10/3/2026,4:55:51 AM,95,62
10/3/2026,4:55:52 AM,96,62
10/3/2026,4:55:53 AM,96,62
10/3/2026,4:55:54 AM,96,62
10/3/2026,4:55:55 AM,96,62
10/3/2026,4:55:56 AM,96,62
10/3/2026,4:55:57 AM,96,62
10/3/2026,4:55:58 AM,96,62
10/3/2026,4:55:59 AM,96,62
10/3/2026,4:56:00 AM,96,62
10/3/2026,4:56:01 AM,95,62
10/3/2026,4:56:02 AM,95,62
10/3/2026,4:56:03 AM,95,62
10/3/2026,4:56:04 AM,95,62
10/3/2026,4:56:05 AM,95,62
10/3/2026,4:56:06 AM,95,62
10/3/2026,4:56:07 AM,95,62
10/3/2026,4:56:08 AM,95,62
10/3/2026,4:56:09 AM,94,62
10/3/2026,4:56:10 AM,94,62
10/3/2026,4:56:11 AM,94,62
10/3/2026,4:56:12 AM,94,62
10/3/2026,4:56:13 AM,94,62
10/3/2026,4:56:14 AM,94,62
10/3/2026,4:56:15 AM,94,63
10/3/2026,4:56:16 AM,94,63
10/3/2026,4:56:17 AM,94,63
10/3/2026,4:56:18 AM,93,63
10/3/2026,4:56:19 AM,93,63
10/3/2026,4:56:20 AM,93,63
10/3/2026,4:56:21 AM,93,63
10/3/2026,4:56:22 AM,93,62
10/3/2026,4:56:23 AM,93,63
10/3/2026,4:56:24 AM,93,63
10/3/2026,4:56:25 AM,92,63
10/3/2026,4:56:26 AM,92,63
10/3/2026,4:56:27 AM,92,63
10/3/2026,4:56:28 AM,92,63
10/3/2026,4:56:29 AM,92,63
10/3/2026,4:56:30 AM,92,63
10/3/2026,4:56:31 AM,92,63
10/3/2026,4:56:32 AM,92,63
10/3/2026,4:56:33 AM,92,63
10/3/2026,4:56:34 AM,92,63
10/3/2026,4:56:35 AM,92,63
10/3/2026,4:56:36 AM,92,63
10/3/2026,4:56:37 AM,91,63
10/3/2026,4:56:38 AM,91,64
10/3/2026,4:56:39 AM,91,64
10/3/2026,4:56:40 AM,91,64
10/3/2026,4:56:41 AM,91,64
10/3/2026,4:56:42 AM,91,65
10/3/2026,4:56:43 AM,91,65
10/3/2026,4:56:44 AM,91,65
10/3/2026,4:56:45 AM,91,65
10/3/2026,4:56:46 AM,91,66
10/3/2026,4:56:47 AM,91,66
10/3/2026,4:56:48 AM,91,66
10/3/2026,4:56:49 AM,91,65
10/3/2026,4:56:50 AM,92,65
10/3/2026,4:56:51 AM,92,65
10/3/2026,4:56:52 AM,92,65
10/3/2026,4:56:53 AM,93,64
10/3/2026,4:56:54 AM,93,64
10/3/2026,4:56:55 AM,93,63
10/3/2026,4:56:56 AM,94,63
10/3/2026,4:56:57 AM,95,62
10/3/2026,4:56:58 AM,95,62
10/3/2026,4:56:59 AM,95,62
10/3/2026,4:57:00 AM,96,62
10/3/2026,4:57:01 AM,96,62
10/3/2026,4:57:02 AM,96,62
10/3/2026,4:57:03 AM,96,62
10/3/2026,4:57:04 AM,96,62
10/3/2026,4:57:05 AM,96,62
10/3/2026,4:57:06 AM,96,62
10/3/2026,4:57:07 AM,96,61
10/3/2026,4:57:08 AM,95,61
10/3/2026,4:57:09 AM,95,61
10/3/2026,4:57:10 AM,95,61
10/3/2026,4:57:11 AM,95,61
10/3/2026,4:57:12 AM,95,61
10/3/2026,4:57:13 AM,95,61
10/3/2026,4:57:14 AM,94,61
10/3/2026,4:57:15 AM,94,61
10/3/2026,4:57:16 AM,94,61
10/3/2026,4:57:17 AM,94,62
10/3/2026,4:57:18 AM,94,62
10/3/2026,4:57:19 AM,94,62
10/3/2026,4:57:20 AM,94,62
10/3/2026,4:57:21 AM,93,63
10/3/2026,4:57:22 AM,93,63
10/3/2026,4:57:23 AM,93,63
10/3/2026,4:57:24 AM,93,63
10/3/2026,4:57:25 AM,93,63
10/3/2026,4:57:26 AM,93,63
10/3/2026,4:57:27 AM,93,63
10/3/2026,4:57:28 AM,93,63
10/3/2026,4:57:29 AM,93,63
10/3/2026,4:57:30 AM,93,63
10/3/2026,4:57:31 AM,93,63
10/3/2026,4:57:32 AM,93,63
10/3/2026,4:57:33 AM,93,63
10/3/2026,4:57:34 AM,93,63
10/3/2026,4:57:35 AM,93,63
10/3/2026,4:57:36 AM,93,63
10/3/2026,4:57:37 AM,93,63
10/3/2026,4:57:38 AM,94,63
10/3/2026,4:57:39 AM,94,63
10/3/2026,4:57:40 AM,94,64
10/3/2026,4:57:41 AM,94,64
10/3/2026,4:57:42 AM,94,64
10/3/2026,4:57:43 AM,94,64
10/3/2026,4:57:44 AM,94,64
10/3/2026,4:57:45 AM,94,64
10/3/2026,4:57:46 AM,94,64
10/3/2026,4:57:47 AM,94,64
10/3/2026,4:57:48 AM,94,64
10/3/2026,4:57:49 AM,94,64
10/3/2026,4:57:50 AM,94,64
10/3/2026,4:57:51 AM,94,64
10/3/2026,4:57:52 AM,94,64
10/3/2026,4:57:53 AM,94,65
10/3/2026,4:57:54 AM,94,65
10/3/2026,4:57:55 AM,94,65
10/3/2026,4:57:56 AM,94,65
10/3/2026,4:57:57 AM,94,65
10/3/2026,4:57:58 AM,94,65
10/3/2026,4:57:59 AM,94,64
10/3/2026,4:58:00 AM,94,64
10/3/2026,4:58:01 AM,95,64
10/3/2026,4:58:02 AM,95,64
10/3/2026,4:58:03 AM,96,63
10/3/2026,4:58:04 AM,97,63
10/3/2026,4:58:05 AM,97,63
10/3/2026,4:58:06 AM,98,62
10/3/2026,4:58:07 AM,98,62
10/3/2026,4:58:08 AM,98,62
10/3/2026,4:58:09 AM,98,62
10/3/2026,4:58:10 AM,98,62
10/3/2026,4:58:11 AM,98,62
10/3/2026,4:58:12 AM,98,62
10/3/2026,4:58:13 AM,98,62
10/3/2026,4:58:14 AM,98,62
10/3/2026,4:58:15 AM,98,62
10/3/2026,4:58:16 AM,97,62
10/3/2026,4:58:17 AM,97,62
10/3/2026,4:58:18 AM,97,62
10/3/2026,4:58:19 AM,96,62
10/3/2026,4:58:20 AM,96,62
10/3/2026,4:58:21 AM,96,62
10/3/2026,4:58:22 AM,96,62
10/3/2026,4:58:23 AM,96,62
10/3/2026,4:58:24 AM,95,62
10/3/2026,4:58:25 AM,95,62
10/3/2026,4:58:26 AM,95,62
10/3/2026,4:58:27 AM,95,62
10/3/2026,4:58:28 AM,94,62
10/3/2026,4:58:29 AM,94,62
10/3/2026,4:58:30 AM,94,63
10/3/2026,4:58:31 AM,94,63
10/3/2026,4:58:32 AM,94,63
10/3/2026,4:58:33 AM,93,63
10/3/2026,4:58:34 AM,93,63
10/3/2026,4:58:35 AM,93,63
10/3/2026,4:58:36 AM,93,63
10/3/2026,4:58:37 AM,92,63
10/3/2026,4:58:38 AM,92,63
10/3/2026,4:58:39 AM,92,63
10/3/2026,4:58:40 AM,92,64
10/3/2026,4:58:41 AM,92,64
10/3/2026,4:58:42 AM,92,64
10/3/2026,4:58:43 AM,92,64
10/3/2026,4:58:44 AM,92,64
10/3/2026,4:58:45 AM,93,64
10/3/2026,4:58:46 AM,93,64
10/3/2026,4:58:47 AM,93,64
10/3/2026,4:58:48 AM,93,64
10/3/2026,4:58:49 AM,93,63
10/3/2026,4:58:50 AM,94,63
10/3/2026,4:58:51 AM,94,63
10/3/2026,4:58:52 AM,95,63
10/3/2026,4:58:53 AM,95,63
10/3/2026,4:58:54 AM,95,62
10/3/2026,4:58:55 AM,95,62
10/3/2026,4:58:56 AM,96,62
10/3/2026,4:58:57 AM,96,62
10/3/2026,4:58:58 AM,96,62
10/3/2026,4:58:59 AM,96,62
10/3/2026,4:59:00 AM,95,62
10/3/2026,4:59:01 AM,95,62
10/3/2026,4:59:02 AM,95,62
10/3/2026,4:59:03 AM,95,62
10/3/2026,4:59:04 AM,95,62
10/3/2026,4:59:05 AM,95,62
10/3/2026,4:59:06 AM,94,62
10/3/2026,4:59:07 AM,94,62
10/3/2026,4:59:08 AM,94,62
10/3/2026,4:59:09 AM,94,63
10/3/2026,4:59:10 AM,94,63
10/3/2026,4:59:11 AM,94,63
10/3/2026,4:59:12 AM,94,63
10/3/2026,4:59:13 AM,94,63
10/3/2026,4:59:14 AM,94,63
10/3/2026,4:59:15 AM,94,63
10/3/2026,4:59:16 AM,94,63
10/3/2026,4:59:17 AM,94,63
10/3/2026,4:59:18 AM,94,63
10/3/2026,4:59:19 AM,93,63
10/3/2026,4:59:20 AM,93,63
10/3/2026,4:59:21 AM,93,63
10/3/2026,4:59:22 AM,93,63
10/3/2026,4:59:23 AM,93,63
10/3/2026,4:59:24 AM,93,63
10/3/2026,4:59:25 AM,93,63
10/3/2026,4:59:26 AM,93,63
10/3/2026,4:59:27 AM,93,62
10/3/2026,4:59:28 AM,93,62
10/3/2026,4:59:29 AM,93,61
10/3/2026,4:59:30 AM,93,61
10/3/2026,4:59:31 AM,93,61
10/3/2026,4:59:32 AM,93,61
10/3/2026,4:59:33 AM,93,61
10/3/2026,4:59:34 AM,93,61
10/3/2026,4:59:35 AM,93,61
10/3/2026,4:59:36 AM,93,61
10/3/2026,4:59:37 AM,93,61
10/3/2026,4:59:38 AM,93,62
10/3/2026,4:59:39 AM,93,62
10/3/2026,4:59:40 AM,94,62
10/3/2026,4:59:41 AM,94,63
10/3/2026,4:59:42 AM,94,63
10/3/2026,4:59:43 AM,94,63
10/3/2026,4:59:44 AM,94,63
10/3/2026,4:59:45 AM,95,63
10/3/2026,4:59:46 AM,95,63
10/3/2026,4:59:47 AM,95,62
10/3/2026,4:59:48 AM,95,62
10/3/2026,4:59:49 AM,95,62
10/3/2026,4:59:50 AM,95,61
10/3/2026,4:59:51 AM,95,61
10/3/2026,4:59:52 AM,95,61
10/3/2026,4:59:53 AM,94,61
10/3/2026,4:59:54 AM,94,61
10/3/2026,4:59:55 AM,94,61
10/3/2026,4:59:56 AM,94,61
10/3/2026,4:59:57 AM,94,61
10/3/2026,4:59:58 AM,94,61
10/3/2026,4:59:59 AM,94,61
10/3/2026,5:00:00 AM,93,61
10/3/2026,5:00:01 AM,93,61
10/3/2026,5:00:02 AM,93,61
10/3/2026,5:00:03 AM,93,61
10/3/2026,5:00:04 AM,93,61
10/3/2026,5:00:05 AM,93,61
10/3/2026,5:00:06 AM,93,61
10/3/2026,5:00:07 AM,92,61
10/3/2026,5:00:08 AM,92,61
10/3/2026,5:00:09 AM,92,62
10/3/2026,5:00:10 AM,92,62
10/3/2026,5:00:11 AM,92,62
10/3/2026,5:00:12 AM,92,62
10/3/2026,5:00:13 AM,92,63
10/3/2026,5:00:14 AM,91,63
10/3/2026,5:00:15 AM,91,63
10/3/2026,5:00:16 AM,91,63
10/3/2026,5:00:17 AM,91,63
10/3/2026,5:00:18 AM,91,63
10/3/2026,5:00:19 AM,91,64
10/3/2026,5:00:20 AM,91,65
10/3/2026,5:00:21 AM,91,65
10/3/2026,5:00:22 AM,91,66
10/3/2026,5:00:23 AM,91,66
10/3/2026,5:00:24 AM,91,66
10/3/2026,5:00:25 AM,91,66
10/3/2026,5:00:26 AM,91,66
10/3/2026,5:00:27 AM,91,66
10/3/2026,5:00:28 AM,91,66
10/3/2026,5:00:29 AM,91,66
10/3/2026,5:00:30 AM,92,66
10/3/2026,5:00:31 AM,92,67
10/3/2026,5:00:32 AM,92,67
10/3/2026,5:00:33 AM,92,68
10/3/2026,5:00:34 AM,92,68
10/3/2026,5:00:35 AM,92,68
10/3/2026,5:00:36 AM,92,68
10/3/2026,5:00:37 AM,92,68
10/3/2026,5:00:38 AM,91,68
10/3/2026,5:00:39 AM,91,67
10/3/2026,5:00:40 AM,91,66
10/3/2026,5:00:41 AM,92,65
10/3/2026,5:00:42 AM,92,64
10/3/2026,5:00:43 AM,92,63
10/3/2026,5:00:44 AM,93,63
10/3/2026,5:00:45 AM,93,62
10/3/2026,5:00:46 AM,94,61
10/3/2026,5:00:47 AM,95,61
10/3/2026,5:00:48 AM,96,61
10/3/2026,5:00:49 AM,96,61
10/3/2026,5:00:50 AM,97,61
10/3/2026,5:00:51 AM,97,61
10/3/2026,5:00:52 AM,98,61
10/3/2026,5:00:53 AM,98,61
10/3/2026,5:00:54 AM,98,61
10/3/2026,5:00:55 AM,98,61
10/3/2026,5:00:56 AM,98,61
10/3/2026,5:00:57 AM,98,62
10/3/2026,5:00:58 AM,98,62
10/3/2026,5:00:59 AM,98,62
10/3/2026,5:01:00 AM,98,62
10/3/2026,5:01:01 AM,98,62
10/3/2026,5:01:02 AM,98,62
10/3/2026,5:01:03 AM,97,62
10/3/2026,5:01:04 AM,97,62
10/3/2026,5:01:05 AM,97,62
10/3/2026,5:01:06 AM,97,62
10/3/2026,5:01:07 AM,97,62
10/3/2026,5:01:08 AM,96,62
10/3/2026,5:01:09 AM,96,62
10/3/2026,5:01:10 AM,96,62
10/3/2026,5:01:11 AM,96,62
10/3/2026,5:01:12 AM,96,62
10/3/2026,5:01:13 AM,96,62
10/3/2026,5:01:14 AM,95,62
10/3/2026,5:01:15 AM,95,62
10/3/2026,5:01:16 AM,95,62
10/3/2026,5:01:17 AM,95,62
10/3/2026,5:01:18 AM,95,62
10/3/2026,5:01:19 AM,94,63
10/3/2026,5:01:20 AM,94,64
10/3/2026,5:01:21 AM,94,65
10/3/2026,5:01:22 AM,94,65
10/3/2026,5:01:23 AM,94,65
10/3/2026,5:01:24 AM,95,66
10/3/2026,5:01:25 AM,95,66
10/3/2026,5:01:26 AM,95,66
10/3/2026,5:01:27 AM,95,66
10/3/2026,5:01:28 AM,95,66
10/3/2026,5:01:29 AM,95,65
10/3/2026,5:01:30 AM,96,65
10/3/2026,5:01:31 AM,96,65
10/3/2026,5:01:32 AM,96,64
10/3/2026,5:01:33 AM,95,64
10/3/2026,5:01:34 AM,95,63
10/3/2026,5:01:35 AM,95,63
10/3/2026,5:01:36 AM,95,63
10/3/2026,5:01:37 AM,95,63
10/3/2026,5:01:38 AM,95,62
10/3/2026,5:01:39 AM,95,62
10/3/2026,5:01:40 AM,95,62
10/3/2026,5:01:41 AM,95,62
10/3/2026,5:01:42 AM,95,62
10/3/2026,5:01:43 AM,96,62
10/3/2026,5:01:44 AM,96,63
10/3/2026,5:01:45 AM,96,63
10/3/2026,5:01:46 AM,97,63
10/3/2026,5:01:47 AM,97,63
10/3/2026,5:01:48 AM,97,63
10/3/2026,5:01:49 AM,97,63
10/3/2026,5:01:50 AM,97,63
10/3/2026,5:01:51 AM,97,63
10/3/2026,5:01:52 AM,97,63
10/3/2026,5:01:53 AM,97,64
10/3/2026,5:01:54 AM,96,64
10/3/2026,5:01:55 AM,96,64
10/3/2026,5:01:56 AM,96,64
10/3/2026,5:01:57 AM,96,64
10/3/2026,5:01:58 AM,96,64
10/3/2026,5:01:59 AM,96,64
10/3/2026,5:02:00 AM,96,64
10/3/2026,5:02:01 AM,96,64
10/3/2026,5:02:02 AM,96,64
10/3/2026,5:02:03 AM,96,64
10/3/2026,5:02:04 AM,96,64
10/3/2026,5:02:05 AM,96,64
10/3/2026,5:02:06 AM,96,64
10/3/2026,5:02:07 AM,96,64
10/3/2026,5:02:08 AM,96,64
10/3/2026,5:02:09 AM,96,64
10/3/2026,5:02:10 AM,96,64
10/3/2026,5:02:11 AM,95,64
10/3/2026,5:02:12 AM,95,64
10/3/2026,5:02:13 AM,94,64
10/3/2026,5:02:14 AM,94,64
10/3/2026,5:02:15 AM,94,64
10/3/2026,5:02:16 AM,94,64
10/3/2026,5:02:17 AM,94,64
10/3/2026,5:02:18 AM,94,64
10/3/2026,5:02:19 AM,94,64
10/3/2026,5:02:20 AM,94,64
10/3/2026,5:02:21 AM,94,64
10/3/2026,5:02:22 AM,94,63
10/3/2026,5:02:23 AM,94,63
10/3/2026,5:02:24 AM,94,63
10/3/2026,5:02:25 AM,94,63
10/3/2026,5:02:26 AM,94,63
10/3/2026,5:02:27 AM,94,62
10/3/2026,5:02:28 AM,94,62
10/3/2026,5:02:29 AM,94,62
10/3/2026,5:02:30 AM,94,62
10/3/2026,5:02:31 AM,94,62
10/3/2026,5:02:32 AM,94,62
10/3/2026,5:02:33 AM,95,62
10/3/2026,5:02:34 AM,95,62
10/3/2026,5:02:35 AM,95,62
10/3/2026,5:02:36 AM,96,62
10/3/2026,5:02:37 AM,96,62
10/3/2026,5:02:38 AM,96,62
10/3/2026,5:02:39 AM,96,62
10/3/2026,5:02:40 AM,97,62
10/3/2026,5:02:41 AM,97,61
10/3/2026,5:02:42 AM,97,62
10/3/2026,5:02:43 AM,97,62
10/3/2026,5:02:44 AM,97,62
10/3/2026,5:02:45 AM,97,62
10/3/2026,5:02:46 AM,97,62
10/3/2026,5:02:47 AM,97,62
10/3/2026,5:02:48 AM,97,62
10/3/2026,5:02:49 AM,97,62
10/3/2026,5:02:50 AM,96,62
10/3/2026,5:02:51 AM,96,62
10/3/2026,5:02:52 AM,96,62
10/3/2026,5:02:53 AM,96,62
10/3/2026,5:02:54 AM,96,62
10/3/2026,5:02:55 AM,96,62
10/3/2026,5:02:56 AM,96,62
10/3/2026,5:02:57 AM,96,62
10/3/2026,5:02:58 AM,96,62
10/3/2026,5:02:59 AM,96,62
10/3/2026,5:03:00 AM,96,62
10/3/2026,5:03:01 AM,96,62
10/3/2026,5:03:02 AM,96,62
10/3/2026,5:03:03 AM,96,62
10/3/2026,5:03:04 AM,96,62
10/3/2026,5:03:05 AM,96,62
10/3/2026,5:03:06 AM,95,62
10/3/2026,5:03:07 AM,95,62
10/3/2026,5:03:08 AM,96,62
10/3/2026,5:03:09 AM,95,62
10/3/2026,5:03:10 AM,95,62
10/3/2026,5:03:11 AM,95,62
10/3/2026,5:03:12 AM,95,62
10/3/2026,5:03:13 AM,95,62
10/3/2026,5:03:14 AM,95,62
10/3/2026,5:03:15 AM,96,62
10/3/2026,5:03:16 AM,96,62
10/3/2026,5:03:17 AM,96,62
10/3/2026,5:03:18 AM,97,62
10/3/2026,5:03:19 AM,97,62
10/3/2026,5:03:20 AM,97,62
10/3/2026,5:03:21 AM,97,62
10/3/2026,5:03:22 AM,98,62
10/3/2026,5:03:23 AM,98,62
10/3/2026,5:03:24 AM,98,62
10/3/2026,5:03:25 AM,98,62
10/3/2026,5:03:26 AM,98,62
10/3/2026,5:03:27 AM,98,62
10/3/2026,5:03:28 AM,98,62
10/3/2026,5:03:29 AM,98,62
10/3/2026,5:03:30 AM,98,62
10/3/2026,5:03:31 AM,98,62
10/3/2026,5:03:32 AM,98,62
10/3/2026,5:03:33 AM,98,62
10/3/2026,5:03:34 AM,98,62
10/3/2026,5:03:35 AM,98,62
10/3/2026,5:03:36 AM,98,62
10/3/2026,5:03:37 AM,98,62
10/3/2026,5:03:38 AM,98,63
10/3/2026,5:03:39 AM,98,63
10/3/2026,5:03:40 AM,97,63
10/3/2026,5:03:41 AM,97,63
10/3/2026,5:03:42 AM,97,63
10/3/2026,5:03:43 AM,97,63
10/3/2026,5:03:44 AM,97,62
10/3/2026,5:03:45 AM,97,62
10/3/2026,5:03:46 AM,97,62
10/3/2026,5:03:47 AM,97,61
10/3/2026,5:03:48 AM,97,61
10/3/2026,5:03:49 AM,97,61
10/3/2026,5:03:50 AM,96,61
10/3/2026,5:03:51 AM,96,61
10/3/2026,5:03:52 AM,96,61
10/3/2026,5:03:53 AM,96,61
10/3/2026,5:03:54 AM,96,61
10/3/2026,5:03:55 AM,96,61
10/3/2026,5:03:56 AM,96,61
10/3/2026,5:03:57 AM,96,61
10/3/2026,5:03:58 AM,96,61
10/3/2026,5:03:59 AM,96,61
10/3/2026,5:04:00 AM,96,61
10/3/2026,5:04:01 AM,96,61
10/3/2026,5:04:02 AM,95,61
10/3/2026,5:04:03 AM,95,61
10/3/2026,5:04:04 AM,95,61
10/3/2026,5:04:05 AM,95,61
10/3/2026,5:04:06 AM,95,61
10/3/2026,5:04:07 AM,95,61
10/3/2026,5:04:08 AM,94,61
10/3/2026,5:04:09 AM,94,61
10/3/2026,5:04:10 AM,94,61
10/3/2026,5:04:11 AM,94,62
10/3/2026,5:04:12 AM,94,62
10/3/2026,5:04:13 AM,94,62
10/3/2026,5:04:14 AM,93,62
10/3/2026,5:04:15 AM,93,62
10/3/2026,5:04:16 AM,93,62
10/3/2026,5:04:17 AM,93,62
10/3/2026,5:04:18 AM,93,62
10/3/2026,5:04:19 AM,93,63
10/3/2026,5:04:20 AM,92,63
10/3/2026,5:04:21 AM,92,63
10/3/2026,5:04:22 AM,92,63
10/3/2026,5:04:23 AM,92,63
10/3/2026,5:04:24 AM,91,63
10/3/2026,5:04:25 AM,91,63
10/3/2026,5:04:26 AM,91,64
10/3/2026,5:04:27 AM,91,64
10/3/2026,5:04:28 AM,91,64
10/3/2026,5:04:29 AM,91,65
10/3/2026,5:04:30 AM,91,65
10/3/2026,5:04:31 AM,91,65
10/3/2026,5:04:32 AM,91,65
10/3/2026,5:04:33 AM,91,65
10/3/2026,5:04:34 AM,91,65
10/3/2026,5:04:35 AM,91,66
10/3/2026,5:04:36 AM,91,65
10/3/2026,5:04:37 AM,91,65
10/3/2026,5:04:38 AM,91,65
10/3/2026,5:04:39 AM,91,65
10/3/2026,5:04:40 AM,91,65
10/3/2026,5:04:41 AM,91,64
10/3/2026,5:04:42 AM,91,64
10/3/2026,5:04:43 AM,91,64
10/3/2026,5:04:44 AM,91,63
10/3/2026,5:04:45 AM,91,63
10/3/2026,5:04:46 AM,92,62
10/3/2026,5:04:47 AM,92,62
10/3/2026,5:04:48 AM,92,61
10/3/2026,5:04:49 AM,93,61
10/3/2026,5:04:50 AM,93,61
10/3/2026,5:04:51 AM,94,61
10/3/2026,5:04:52 AM,95,61
10/3/2026,5:04:53 AM,95,61
10/3/2026,5:04:54 AM,96,61
10/3/2026,5:04:55 AM,96,61
10/3/2026,5:04:56 AM,97,61
10/3/2026,5:04:57 AM,97,61
10/3/2026,5:04:58 AM,97,61
10/3/2026,5:04:59 AM,97,61
10/3/2026,5:05:00 AM,97,61
10/3/2026,5:05:01 AM,97,61
10/3/2026,5:05:02 AM,96,61
10/3/2026,5:05:03 AM,96,61
10/3/2026,5:05:04 AM,96,61
10/3/2026,5:05:05 AM,95,61
10/3/2026,5:05:06 AM,95,61
10/3/2026,5:05:07 AM,95,61
10/3/2026,5:05:08 AM,95,61
10/3/2026,5:05:09 AM,95,61
10/3/2026,5:05:10 AM,95,61
10/3/2026,5:05:11 AM,94,61
10/3/2026,5:05:12 AM,94,61
10/3/2026,5:05:13 AM,94,61
10/3/2026,5:05:14 AM,94,61
10/3/2026,5:05:15 AM,94,61
10/3/2026,5:05:16 AM,94,61
10/3/2026,5:05:17 AM,94,62
10/3/2026,5:05:18 AM,93,62
10/3/2026,5:05:19 AM,93,62
10/3/2026,5:05:20 AM,93,62
10/3/2026,5:05:21 AM,93,63
10/3/2026,5:05:22 AM,93,63
10/3/2026,5:05:23 AM,93,63
10/3/2026,5:05:24 AM,92,63
10/3/2026,5:05:25 AM,92,63
10/3/2026,5:05:26 AM,92,64
10/3/2026,5:05:27 AM,92,64
10/3/2026,5:05:28 AM,91,63
10/3/2026,5:05:29 AM,91,64
10/3/2026,5:05:30 AM,91,64
10/3/2026,5:05:31 AM,91,64
10/3/2026,5:05:32 AM,91,64
10/3/2026,5:05:33 AM,91,64
10/3/2026,5:05:34 AM,91,65
10/3/2026,5:05:35 AM,91,65
10/3/2026,5:05:36 AM,91,65
10/3/2026,5:05:37 AM,91,65
10/3/2026,5:05:38 AM,91,66
10/3/2026,5:05:39 AM,91,66
10/3/2026,5:05:40 AM,91,66
10/3/2026,5:05:41 AM,91,66
10/3/2026,5:05:42 AM,91,66
10/3/2026,5:05:43 AM,91,66
10/3/2026,5:05:44 AM,91,65
10/3/2026,5:05:45 AM,91,65
10/3/2026,5:05:46 AM,91,65
10/3/2026,5:05:47 AM,91,64
10/3/2026,5:05:48 AM,90,64
10/3/2026,5:05:49 AM,90,64
10/3/2026,5:05:50 AM,90,64
10/3/2026,5:05:51 AM,91,63
10/3/2026,5:05:52 AM,91,63
10/3/2026,5:05:53 AM,91,63
10/3/2026,5:05:54 AM,92,63
10/3/2026,5:05:55 AM,93,63
10/3/2026,5:05:56 AM,94,63
10/3/2026,5:05:57 AM,94,62
10/3/2026,5:05:58 AM,95,62
10/3/2026,5:05:59 AM,96,62
10/3/2026,5:06:00 AM,96,62
10/3/2026,5:06:01 AM,97,62
10/3/2026,5:06:02 AM,97,62
10/3/2026,5:06:03 AM,97,62
10/3/2026,5:06:04 AM,97,62
10/3/2026,5:06:05 AM,97,62
10/3/2026,5:06:06 AM,97,62
10/3/2026,5:06:07 AM,97,62
10/3/2026,5:06:08 AM,97,62
10/3/2026,5:06:09 AM,97,62
10/3/2026,5:06:10 AM,97,62
10/3/2026,5:06:11 AM,96,63
10/3/2026,5:06:12 AM,96,63
10/3/2026,5:06:13 AM,96,63
10/3/2026,5:06:14 AM,96,63
10/3/2026,5:06:15 AM,96,63
10/3/2026,5:06:16 AM,95,63
10/3/2026,5:06:17 AM,95,64
10/3/2026,5:06:18 AM,95,64
10/3/2026,5:06:19 AM,95,64
10/3/2026,5:06:20 AM,95,64
10/3/2026,5:06:21 AM,95,64
10/3/2026,5:06:22 AM,95,63
10/3/2026,5:06:23 AM,95,63
10/3/2026,5:06:24 AM,95,63
10/3/2026,5:06:25 AM,95,62
10/3/2026,5:06:26 AM,95,62
10/3/2026,5:06:27 AM,95,62
10/3/2026,5:06:28 AM,95,61
10/3/2026,5:06:29 AM,95,61
10/3/2026,5:06:30 AM,94,61
10/3/2026,5:06:31 AM,94,61
10/3/2026,5:06:32 AM,94,61
10/3/2026,5:06:33 AM,94,61
10/3/2026,5:06:34 AM,94,61
10/3/2026,5:06:35 AM,93,61
10/3/2026,5:06:36 AM,93,61
10/3/2026,5:06:37 AM,93,61
10/3/2026,5:06:38 AM,93,61
10/3/2026,5:06:39 AM,93,61
10/3/2026,5:06:40 AM,93,61
10/3/2026,5:06:41 AM,93,62
10/3/2026,5:06:42 AM,93,62
10/3/2026,5:06:43 AM,93,62
10/3/2026,5:06:44 AM,93,62
10/3/2026,5:06:45 AM,93,62
10/3/2026,5:06:46 AM,93,62
10/3/2026,5:06:47 AM,93,63
10/3/2026,5:06:48 AM,93,63
10/3/2026,5:06:49 AM,93,63
10/3/2026,5:06:50 AM,93,64
10/3/2026,5:06:51 AM,93,64
10/3/2026,5:06:52 AM,93,64
10/3/2026,5:06:53 AM,93,64
10/3/2026,5:06:54 AM,93,64
10/3/2026,5:06:55 AM,93,64
10/3/2026,5:06:56 AM,93,64
10/3/2026,5:06:57 AM,93,63
10/3/2026,5:06:58 AM,93,63
10/3/2026,5:06:59 AM,93,63
10/3/2026,5:07:00 AM,93,63
10/3/2026,5:07:01 AM,93,63
10/3/2026,5:07:02 AM,93,63
10/3/2026,5:07:03 AM,93,63
10/3/2026,5:07:04 AM,94,63
10/3/2026,5:07:05 AM,94,63
10/3/2026,5:07:06 AM,94,62
10/3/2026,5:07:07 AM,94,62
10/3/2026,5:07:08 AM,95,62
10/3/2026,5:07:09 AM,95,62
10/3/2026,5:07:10 AM,95,62
10/3/2026,5:07:11 AM,95,62
10/3/2026,5:07:12 AM,95,61
10/3/2026,5:07:13 AM,95,61
10/3/2026,5:07:14 AM,95,61
10/3/2026,5:07:15 AM,95,61
10/3/2026,5:07:16 AM,95,61
10/3/2026,5:07:17 AM,95,61
10/3/2026,5:07:18 AM,95,61
10/3/2026,5:07:19 AM,95,61
10/3/2026,5:07:20 AM,95,61
10/3/2026,5:07:21 AM,95,61
10/3/2026,5:07:22 AM,95,61
10/3/2026,5:07:23 AM,95,61
10/3/2026,5:07:24 AM,94,61
10/3/2026,5:07:25 AM,94,61
10/3/2026,5:07:26 AM,94,61
10/3/2026,5:07:27 AM,94,61
10/3/2026,5:07:28 AM,94,61
10/3/2026,5:07:29 AM,94,61
10/3/2026,5:07:30 AM,94,61
10/3/2026,5:07:31 AM,94,61
10/3/2026,5:07:32 AM,94,62
10/3/2026,5:07:33 AM,93,62
10/3/2026,5:07:34 AM,93,62
10/3/2026,5:07:35 AM,93,62
10/3/2026,5:07:36 AM,93,63
10/3/2026,5:07:37 AM,93,63
10/3/2026,5:07:38 AM,93,63
10/3/2026,5:07:39 AM,93,64
10/3/2026,5:07:40 AM,93,64
10/3/2026,5:07:41 AM,93,64
10/3/2026,5:07:42 AM,93,64
10/3/2026,5:07:43 AM,93,64
10/3/2026,5:07:44 AM,93,63
10/3/2026,5:07:45 AM,93,63
10/3/2026,5:07:46 AM,93,63
10/3/2026,5:07:47 AM,93,63
10/3/2026,5:07:48 AM,93,63
10/3/2026,5:07:49 AM,93,63
10/3/2026,5:07:50 AM,93,62
10/3/2026,5:07:51 AM,93,62
10/3/2026,5:07:52 AM,93,62
10/3/2026,5:07:53 AM,93,62
10/3/2026,5:07:54 AM,93,62
10/3/2026,5:07:55 AM,93,62
10/3/2026,5:07:56 AM,93,62
10/3/2026,5:07:57 AM,94,62
10/3/2026,5:07:58 AM,94,62
10/3/2026,5:07:59 AM,94,62
10/3/2026,5:08:00 AM,94,62
10/3/2026,5:08:01 AM,95,62
10/3/2026,5:08:02 AM,95,62
10/3/2026,5:08:03 AM,95,62
10/3/2026,5:08:04 AM,95,62
10/3/2026,5:08:05 AM,95,62
10/3/2026,5:08:06 AM,95,62
10/3/2026,5:08:07 AM,95,62
10/3/2026,5:08:08 AM,95,62
10/3/2026,5:08:09 AM,95,62
10/3/2026,5:08:10 AM,95,62
10/3/2026,5:08:11 AM,95,61
10/3/2026,5:08:12 AM,95,61
10/3/2026,5:08:13 AM,95,61
10/3/2026,5:08:14 AM,95,61
10/3/2026,5:08:15 AM,95,61
10/3/2026,5:08:16 AM,95,61
10/3/2026,5:08:17 AM,95,62
10/3/2026,5:08:18 AM,95,62
10/3/2026,5:08:19 AM,95,62
10/3/2026,5:08:20 AM,95,62
10/3/2026,5:08:21 AM,94,62
10/3/2026,5:08:22 AM,94,62
10/3/2026,5:08:23 AM,94,62
10/3/2026,5:08:24 AM,94,63
10/3/2026,5:08:25 AM,94,63
10/3/2026,5:08:26 AM,94,62
10/3/2026,5:08:27 AM,94,62
10/3/2026,5:08:28 AM,94,63
10/3/2026,5:08:29 AM,94,63
10/3/2026,5:08:30 AM,94,62
10/3/2026,5:08:31 AM,93,62
10/3/2026,5:08:32 AM,93,63
10/3/2026,5:08:33 AM,93,62
10/3/2026,5:08:34 AM,93,62
10/3/2026,5:08:35 AM,93,63
10/3/2026,5:08:36 AM,93,63
10/3/2026,5:08:37 AM,93,63
10/3/2026,5:08:38 AM,93,63
10/3/2026,5:08:39 AM,93,63
10/3/2026,5:08:40 AM,93,63
10/3/2026,5:08:41 AM,93,63
10/3/2026,5:08:42 AM,93,63
10/3/2026,5:08:43 AM,93,63
10/3/2026,5:08:44 AM,93,63
10/3/2026,5:08:45 AM,93,63
10/3/2026,5:08:46 AM,93,63
10/3/2026,5:08:47 AM,93,63
10/3/2026,5:08:48 AM,94,63
10/3/2026,5:08:49 AM,94,63
10/3/2026,5:08:50 AM,94,63
10/3/2026,5:08:51 AM,94,63
10/3/2026,5:08:52 AM,94,63
10/3/2026,5:08:53 AM,94,63
10/3/2026,5:08:54 AM,94,62
10/3/2026,5:08:55 AM,94,62
10/3/2026,5:08:56 AM,94,62
10/3/2026,5:08:57 AM,95,62
10/3/2026,5:08:58 AM,95,62
10/3/2026,5:08:59 AM,95,62
10/3/2026,5:09:00 AM,95,62
10/3/2026,5:09:01 AM,95,62
10/3/2026,5:09:02 AM,95,62
10/3/2026,5:09:03 AM,95,62
10/3/2026,5:09:04 AM,95,62
10/3/2026,5:09:05 AM,95,62
10/3/2026,5:09:06 AM,95,62
10/3/2026,5:09:07 AM,95,62
10/3/2026,5:09:08 AM,95,62
10/3/2026,5:09:09 AM,95,62
10/3/2026,5:09:10 AM,95,62
10/3/2026,5:09:11 AM,95,63
10/3/2026,5:09:12 AM,95,63
10/3/2026,5:09:13 AM,95,63
10/3/2026,5:09:14 AM,94,63
10/3/2026,5:09:15 AM,94,64
10/3/2026,5:09:16 AM,94,64
10/3/2026,5:09:17 AM,94,64
10/3/2026,5:09:18 AM,94,64
10/3/2026,5:09:19 AM,94,64
10/3/2026,5:09:20 AM,94,64
10/3/2026,5:09:21 AM,94,64
10/3/2026,5:09:22 AM,94,64
10/3/2026,5:09:23 AM,94,64
10/3/2026,5:09:24 AM,94,64
10/3/2026,5:09:25 AM,94,64
10/3/2026,5:09:26 AM,94,64
10/3/2026,5:09:27 AM,94,64
10/3/2026,5:09:28 AM,94,64
10/3/2026,5:09:29 AM,94,64
10/3/2026,5:09:30 AM,94,63
10/3/2026,5:09:31 AM,94,63
10/3/2026,5:09:32 AM,94,63
10/3/2026,5:09:33 AM,94,63
10/3/2026,5:09:34 AM,94,63
10/3/2026,5:09:35 AM,94,63
10/3/2026,5:09:36 AM,94,63
10/3/2026,5:09:37 AM,94,63
10/3/2026,5:09:38 AM,94,63
10/3/2026,5:09:39 AM,94,63
10/3/2026,5:09:40 AM,94,63
10/3/2026,5:09:41 AM,94,63
10/3/2026,5:09:42 AM,94,63
10/3/2026,5:09:43 AM,94,63
10/3/2026,5:09:44 AM,94,63
10/3/2026,5:09:45 AM,94,63
10/3/2026,5:09:46 AM,94,63
10/3/2026,5:09:47 AM,94,64
10/3/2026,5:09:48 AM,94,64
10/3/2026,5:09:49 AM,94,65
10/3/2026,5:09:50 AM,94,65
10/3/2026,5:09:51 AM,94,66
10/3/2026,5:09:52 AM,94,66
10/3/2026,5:09:53 AM,94,66
10/3/2026,5:09:54 AM,94,67
10/3/2026,5:09:55 AM,94,67
10/3/2026,5:09:56 AM,94,67
10/3/2026,5:09:57 AM,94,66
10/3/2026,5:09:58 AM,94,66
10/3/2026,5:09:59 AM,94,65
10/3/2026,5:10:00 AM,94,65
10/3/2026,5:10:01 AM,94,65
10/3/2026,5:10:02 AM,94,65
10/3/2026,5:10:03 AM,94,64
10/3/2026,5:10:04 AM,94,64
10/3/2026,5:10:05 AM,95,64
10/3/2026,5:10:06 AM,95,63
10/3/2026,5:10:07 AM,95,63
10/3/2026,5:10:08 AM,95,63
10/3/2026,5:10:09 AM,95,63
10/3/2026,5:10:10 AM,95,63
10/3/2026,5:10:11 AM,95,63
10/3/2026,5:10:12 AM,95,63
10/3/2026,5:10:13 AM,95,63
10/3/2026,5:10:14 AM,95,63
10/3/2026,5:10:15 AM,95,63
10/3/2026,5:10:16 AM,95,63
10/3/2026,5:10:17 AM,95,62
10/3/2026,5:10:18 AM,95,62
10/3/2026,5:10:19 AM,95,62
10/3/2026,5:10:20 AM,95,62
10/3/2026,5:10:21 AM,94,62
10/3/2026,5:10:22 AM,94,62
10/3/2026,5:10:23 AM,94,62
10/3/2026,5:10:24 AM,94,63
10/3/2026,5:10:25 AM,94,63
10/3/2026,5:10:26 AM,94,63
10/3/2026,5:10:27 AM,94,63
10/3/2026,5:10:28 AM,94,63
10/3/2026,5:10:29 AM,94,63
10/3/2026,5:10:30 AM,94,64
10/3/2026,5:10:31 AM,93,64
10/3/2026,5:10:32 AM,93,64
10/3/2026,5:10:33 AM,93,64
10/3/2026,5:10:34 AM,93,64
10/3/2026,5:10:35 AM,93,64
10/3/2026,5:10:36 AM,93,65
10/3/2026,5:10:37 AM,93,65
10/3/2026,5:10:38 AM,93,65
10/3/2026,5:10:39 AM,93,65
10/3/2026,5:10:40 AM,93,65
10/3/2026,5:10:41 AM,93,65
10/3/2026,5:10:42 AM,93,65
10/3/2026,5:10:43 AM,93,65
10/3/2026,5:10:44 AM,93,65
10/3/2026,5:10:45 AM,93,65
10/3/2026,5:10:46 AM,93,65
10/3/2026,5:10:47 AM,93,65
10/3/2026,5:10:48 AM,94,65
10/3/2026,5:10:49 AM,94,65
10/3/2026,5:10:50 AM,94,65
10/3/2026,5:10:51 AM,94,65
10/3/2026,5:10:52 AM,94,65
10/3/2026,5:10:53 AM,95,65
10/3/2026,5:10:54 AM,95,64
10/3/2026,5:10:55 AM,95,64
10/3/2026,5:10:56 AM,95,64
10/3/2026,5:10:57 AM,95,64
10/3/2026,5:10:58 AM,95,64
10/3/2026,5:10:59 AM,95,64
10/3/2026,5:11:00 AM,95,64
10/3/2026,5:11:01 AM,95,64
10/3/2026,5:11:02 AM,95,64
10/3/2026,5:11:03 AM,95,64
10/3/2026,5:11:04 AM,95,64
10/3/2026,5:11:05 AM,95,64
10/3/2026,5:11:06 AM,95,64
10/3/2026,5:11:07 AM,95,64
10/3/2026,5:11:08 AM,95,64
10/3/2026,5:11:09 AM,95,64
10/3/2026,5:11:10 AM,95,64
10/3/2026,5:11:11 AM,95,64
10/3/2026,5:11:12 AM,95,64
10/3/2026,5:11:13 AM,95,64
10/3/2026,5:11:14 AM,95,64
10/3/2026,5:11:15 AM,95,64
10/3/2026,5:11:16 AM,95,64
10/3/2026,5:11:17 AM,95,65
10/3/2026,5:11:18 AM,95,65
10/3/2026,5:11:19 AM,95,66
10/3/2026,5:11:20 AM,95,66
10/3/2026,5:11:21 AM,95,67
10/3/2026,5:11:22 AM,95,68
10/3/2026,5:11:23 AM,94,69
10/3/2026,5:11:24 AM,94,69
10/3/2026,5:11:25 AM,94,70
10/3/2026,5:11:26 AM,94,70
10/3/2026,5:11:27 AM,95,70
10/3/2026,5:11:28 AM,95,69
10/3/2026,5:11:29 AM,94,69
10/3/2026,5:11:30 AM,94,68
10/3/2026,5:11:31 AM,94,66
10/3/2026,5:11:32 AM,94,66
10/3/2026,5:11:33 AM,94,65
10/3/2026,5:11:34 AM,94,64
10/3/2026,5:11:35 AM,94,64
10/3/2026,5:11:36 AM,94,63
10/3/2026,5:11:37 AM,94,63
10/3/2026,5:11:38 AM,94,63
10/3/2026,5:11:39 AM,94,62
10/3/2026,5:11:40 AM,95,62
10/3/2026,5:11:41 AM,95,62
10/3/2026,5:11:42 AM,95,62
10/3/2026,5:11:43 AM,95,62
10/3/2026,5:11:44 AM,95,62
10/3/2026,5:11:45 AM,95,62
10/3/2026,5:11:46 AM,95,62
10/3/2026,5:11:47 AM,95,62
10/3/2026,5:11:48 AM,95,62
10/3/2026,5:11:49 AM,95,62
10/3/2026,5:11:50 AM,95,62
10/3/2026,5:11:51 AM,95,62
10/3/2026,5:11:52 AM,95,62
10/3/2026,5:11:53 AM,95,62
10/3/2026,5:11:54 AM,95,62
10/3/2026,5:11:55 AM,94,62
10/3/2026,5:11:56 AM,94,62
10/3/2026,5:11:57 AM,94,62
10/3/2026,5:11:58 AM,94,62
10/3/2026,5:11:59 AM,94,62
10/3/2026,5:12:00 AM,94,62
10/3/2026,5:12:01 AM,94,62
10/3/2026,5:12:02 AM,93,62
10/3/2026,5:12:03 AM,93,62
10/3/2026,5:12:04 AM,93,63
10/3/2026,5:12:05 AM,93,63
10/3/2026,5:12:06 AM,93,63
10/3/2026,5:12:07 AM,93,63
10/3/2026,5:12:08 AM,93,64
10/3/2026,5:12:09 AM,93,64
10/3/2026,5:12:10 AM,93,65
10/3/2026,5:12:11 AM,93,65
10/3/2026,5:12:12 AM,93,65
10/3/2026,5:12:13 AM,93,65
10/3/2026,5:12:14 AM,93,65
10/3/2026,5:12:15 AM,93,65
10/3/2026,5:12:16 AM,93,65
10/3/2026,5:12:17 AM,93,65
10/3/2026,5:12:18 AM,93,65
10/3/2026,5:12:19 AM,94,65
10/3/2026,5:12:20 AM,94,64
10/3/2026,5:12:21 AM,94,64
10/3/2026,5:12:22 AM,94,64
10/3/2026,5:12:23 AM,95,64
10/3/2026,5:12:24 AM,95,64
10/3/2026,5:12:25 AM,95,64
10/3/2026,5:12:26 AM,95,64
10/3/2026,5:12:27 AM,96,64
10/3/2026,5:12:28 AM,96,64
10/3/2026,5:12:29 AM,96,64
10/3/2026,5:12:30 AM,96,64
10/3/2026,5:12:31 AM,96,64
10/3/2026,5:12:32 AM,96,64
10/3/2026,5:12:33 AM,96,64
10/3/2026,5:12:34 AM,96,64
10/3/2026,5:12:35 AM,96,63
10/3/2026,5:12:36 AM,96,63
10/3/2026,5:12:37 AM,96,63
10/3/2026,5:12:38 AM,96,63
10/3/2026,5:12:39 AM,95,63
10/3/2026,5:12:40 AM,95,64
10/3/2026,5:12:41 AM,95,64
10/3/2026,5:12:42 AM,95,64
10/3/2026,5:12:43 AM,95,64
10/3/2026,5:12:44 AM,95,65
10/3/2026,5:12:45 AM,95,65
10/3/2026,5:12:46 AM,95,65
10/3/2026,5:12:47 AM,95,65
10/3/2026,5:12:48 AM,95,65
10/3/2026,5:12:49 AM,95,65
10/3/2026,5:12:50 AM,95,65
10/3/2026,5:12:51 AM,94,65
10/3/2026,5:12:52 AM,94,65
10/3/2026,5:12:53 AM,94,65
10/3/2026,5:12:54 AM,94,65
10/3/2026,5:12:55 AM,94,65
10/3/2026,5:12:56 AM,94,65
10/3/2026,5:12:57 AM,94,65
10/3/2026,5:12:58 AM,94,65
10/3/2026,5:12:59 AM,94,65
10/3/2026,5:13:00 AM,94,65
10/3/2026,5:13:01 AM,93,65
10/3/2026,5:13:02 AM,93,65
10/3/2026,5:13:03 AM,93,65
10/3/2026,5:13:04 AM,93,65
10/3/2026,5:13:05 AM,93,65
10/3/2026,5:13:06 AM,94,65
10/3/2026,5:13:07 AM,94,65
10/3/2026,5:13:08 AM,94,65
10/3/2026,5:13:09 AM,94,65
10/3/2026,5:13:10 AM,94,65
10/3/2026,5:13:11 AM,94,65
10/3/2026,5:13:12 AM,94,65
10/3/2026,5:13:13 AM,94,65
10/3/2026,5:13:14 AM,94,65
10/3/2026,5:13:15 AM,94,65
10/3/2026,5:13:16 AM,94,65
10/3/2026,5:13:17 AM,94,66
10/3/2026,5:13:18 AM,94,66
10/3/2026,5:13:19 AM,95,66
10/3/2026,5:13:20 AM,95,67
10/3/2026,5:13:21 AM,95,67
10/3/2026,5:13:22 AM,95,67
10/3/2026,5:13:23 AM,95,67
10/3/2026,5:13:24 AM,95,67
10/3/2026,5:13:25 AM,95,66
10/3/2026,5:13:26 AM,95,66
10/3/2026,5:13:27 AM,95,65
10/3/2026,5:13:28 AM,95,65
10/3/2026,5:13:29 AM,95,65
10/3/2026,5:13:30 AM,95,64
10/3/2026,5:13:31 AM,95,64
10/3/2026,5:13:32 AM,95,64
10/3/2026,5:13:33 AM,95,63
10/3/2026,5:13:34 AM,95,63
10/3/2026,5:13:35 AM,96,63
10/3/2026,5:13:36 AM,96,63
10/3/2026,5:13:37 AM,96,63
10/3/2026,5:13:38 AM,96,63
10/3/2026,5:13:39 AM,96,63
10/3/2026,5:13:40 AM,96,63
10/3/2026,5:13:41 AM,96,63
10/3/2026,5:13:42 AM,96,63
10/3/2026,5:13:43 AM,96,63
10/3/2026,5:13:44 AM,96,63
10/3/2026,5:13:45 AM,96,63
10/3/2026,5:13:46 AM,96,63
10/3/2026,5:13:47 AM,96,63
10/3/2026,5:13:48 AM,96,63
10/3/2026,5:13:49 AM,95,63
10/3/2026,5:13:50 AM,95,63
10/3/2026,5:13:51 AM,95,63
10/3/2026,5:13:52 AM,95,63
10/3/2026,5:13:53 AM,95,63
10/3/2026,5:13:54 AM,95,63
10/3/2026,5:13:55 AM,95,63
10/3/2026,5:13:56 AM,94,63
10/3/2026,5:13:57 AM,94,63
10/3/2026,5:13:58 AM,94,64
10/3/2026,5:13:59 AM,94,64
10/3/2026,5:14:00 AM,94,64
10/3/2026,5:14:01 AM,93,65
10/3/2026,5:14:02 AM,93,65
10/3/2026,5:14:03 AM,93,65
10/3/2026,5:14:04 AM,93,65
10/3/2026,5:14:05 AM,93,65
10/3/2026,5:14:06 AM,93,65
10/3/2026,5:14:07 AM,93,65
10/3/2026,5:14:08 AM,93,65
10/3/2026,5:14:09 AM,93,65
10/3/2026,5:14:10 AM,93,65
10/3/2026,5:14:11 AM,92,65
10/3/2026,5:14:12 AM,93,65
10/3/2026,5:14:13 AM,93,65
10/3/2026,5:14:14 AM,93,65
10/3/2026,5:14:15 AM,93,65
10/3/2026,5:14:16 AM,93,65
10/3/2026,5:14:17 AM,93,65
10/3/2026,5:14:18 AM,93,65
10/3/2026,5:14:19 AM,94,65
10/3/2026,5:14:20 AM,94,65
10/3/2026,5:14:21 AM,94,65
10/3/2026,5:14:22 AM,95,65
10/3/2026,5:14:23 AM,95,65
10/3/2026,5:14:24 AM,96,65
10/3/2026,5:14:25 AM,96,65
10/3/2026,5:14:26 AM,96,65
10/3/2026,5:14:27 AM,96,65
10/3/2026,5:14:28 AM,96,65
10/3/2026,5:14:29 AM,96,65
10/3/2026,5:14:30 AM,96,65
10/3/2026,5:14:31 AM,96,65
10/3/2026,5:14:32 AM,96,65
10/3/2026,5:14:33 AM,96,65
10/3/2026,5:14:34 AM,96,65
10/3/2026,5:14:35 AM,96,65
10/3/2026,5:14:36 AM,96,65
10/3/2026,5:14:37 AM,96,65
10/3/2026,5:14:38 AM,96,65
10/3/2026,5:14:39 AM,96,65
10/3/2026,5:14:40 AM,96,65
10/3/2026,5:14:41 AM,96,65
10/3/2026,5:14:42 AM,96,65
10/3/2026,5:14:43 AM,96,65
10/3/2026,5:14:44 AM,96,65
10/3/2026,5:14:45 AM,96,65
10/3/2026,5:14:46 AM,96,65
10/3/2026,5:14:47 AM,96,65
10/3/2026,5:14:48 AM,96,65
10/3/2026,5:14:49 AM,95,65
10/3/2026,5:14:50 AM,95,65
10/3/2026,5:14:51 AM,95,66
10/3/2026,5:14:52 AM,95,66
10/3/2026,5:14:53 AM,95,65
10/3/2026,5:14:54 AM,95,65
10/3/2026,5:14:55 AM,95,65
10/3/2026,5:14:56 AM,95,65
10/3/2026,5:14:57 AM,95,65
10/3/2026,5:14:58 AM,95,65
10/3/2026,5:14:59 AM,94,65
10/3/2026,5:15:00 AM,94,65
10/3/2026,5:15:01 AM,94,65
10/3/2026,5:15:02 AM,94,65
10/3/2026,5:15:03 AM,94,65
10/3/2026,5:15:04 AM,94,65
10/3/2026,5:15:05 AM,94,65
10/3/2026,5:15:06 AM,94,65
10/3/2026,5:15:07 AM,94,65
10/3/2026,5:15:08 AM,94,65
10/3/2026,5:15:09 AM,94,65
10/3/2026,5:15:10 AM,94,65
10/3/2026,5:15:11 AM,94,65
10/3/2026,5:15:12 AM,94,65
10/3/2026,5:15:13 AM,94,65
10/3/2026,5:15:14 AM,94,65
10/3/2026,5:15:15 AM,94,65
10/3/2026,5:15:16 AM,94,65
10/3/2026,5:15:17 AM,94,65
10/3/2026,5:15:18 AM,94,65
10/3/2026,5:15:19 AM,94,65
10/3/2026,5:15:20 AM,94,65
10/3/2026,5:15:21 AM,94,65
10/3/2026,5:15:22 AM,94,65
10/3/2026,5:15:23 AM,94,65
10/3/2026,5:15:24 AM,94,65
10/3/2026,5:15:25 AM,95,65
10/3/2026,5:15:26 AM,95,65
10/3/2026,5:15:27 AM,95,65
10/3/2026,5:15:28 AM,95,65
10/3/2026,5:15:29 AM,95,65
10/3/2026,5:15:30 AM,95,65
10/3/2026,5:15:31 AM,95,65
10/3/2026,5:15:32 AM,95,65
10/3/2026,5:15:33 AM,95,65
10/3/2026,5:15:34 AM,95,65
10/3/2026,5:15:35 AM,95,65
10/3/2026,5:15:36 AM,95,65
10/3/2026,5:15:37 AM,95,65
10/3/2026,5:15:38 AM,95,65
10/3/2026,5:15:39 AM,95,65
10/3/2026,5:15:40 AM,95,66
10/3/2026,5:15:41 AM,95,66
10/3/2026,5:15:42 AM,95,66
10/3/2026,5:15:43 AM,95,66
10/3/2026,5:15:44 AM,95,66
10/3/2026,5:15:45 AM,95,66
10/3/2026,5:15:46 AM,95,66
10/3/2026,5:15:47 AM,95,65
10/3/2026,5:15:48 AM,95,65
10/3/2026,5:15:49 AM,95,65
10/3/2026,5:15:50 AM,95,65
10/3/2026,5:15:51 AM,95,65
10/3/2026,5:15:52 AM,95,65
10/3/2026,5:15:53 AM,95,65
10/3/2026,5:15:54 AM,95,65
10/3/2026,5:15:55 AM,95,65
10/3/2026,5:15:56 AM,95,65
10/3/2026,5:15:57 AM,94,65
10/3/2026,5:15:58 AM,94,66
10/3/2026,5:15:59 AM,94,66
10/3/2026,5:16:00 AM,94,66
10/3/2026,5:16:01 AM,94,66
10/3/2026,5:16:02 AM,94,66
10/3/2026,5:16:03 AM,94,66
10/3/2026,5:16:04 AM,94,66
10/3/2026,5:16:05 AM,94,66
10/3/2026,5:16:06 AM,94,66
10/3/2026,5:16:07 AM,94,66
10/3/2026,5:16:08 AM,94,66
10/3/2026,5:16:09 AM,94,67
10/3/2026,5:16:10 AM,94,67
10/3/2026,5:16:11 AM,94,67
10/3/2026,5:16:12 AM,94,67
10/3/2026,5:16:13 AM,94,67
10/3/2026,5:16:14 AM,94,67
10/3/2026,5:16:15 AM,94,67
10/3/2026,5:16:16 AM,94,67
10/3/2026,5:16:17 AM,94,67
10/3/2026,5:16:18 AM,94,67
10/3/2026,5:16:19 AM,95,67
10/3/2026,5:16:20 AM,95,67
10/3/2026,5:16:21 AM,95,67
10/3/2026,5:16:22 AM,95,67
10/3/2026,5:16:23 AM,95,67
10/3/2026,5:16:24 AM,95,67
10/3/2026,5:16:25 AM,95,67
10/3/2026,5:16:26 AM,95,67
10/3/2026,5:16:27 AM,95,67
10/3/2026,5:16:28 AM,95,67
10/3/2026,5:16:29 AM,95,67
10/3/2026,5:16:30 AM,95,67
10/3/2026,5:16:31 AM,95,66
10/3/2026,5:16:32 AM,95,66
10/3/2026,5:16:33 AM,95,66
10/3/2026,5:16:34 AM,95,66
10/3/2026,5:16:35 AM,95,66
10/3/2026,5:16:36 AM,95,66
10/3/2026,5:16:37 AM,95,66
10/3/2026,5:16:38 AM,95,66
10/3/2026,5:16:39 AM,95,66
10/3/2026,5:16:40 AM,95,66
10/3/2026,5:16:41 AM,95,65
10/3/2026,5:16:42 AM,95,65
10/3/2026,5:16:43 AM,95,66
10/3/2026,5:16:44 AM,95,66
10/3/2026,5:16:45 AM,95,66
10/3/2026,5:16:46 AM,95,66
10/3/2026,5:16:47 AM,95,66
10/3/2026,5:16:48 AM,95,66
10/3/2026,5:16:49 AM,95,66
10/3/2026,5:16:50 AM,95,66
10/3/2026,5:16:51 AM,95,66
10/3/2026,5:16:52 AM,95,67
10/3/2026,5:16:53 AM,95,67
10/3/2026,5:16:54 AM,95,67
10/3/2026,5:16:55 AM,95,67
10/3/2026,5:16:56 AM,95,67
10/3/2026,5:16:57 AM,95,67
10/3/2026,5:16:58 AM,95,67
10/3/2026,5:16:59 AM,95,67
10/3/2026,5:17:00 AM,95,67
10/3/2026,5:17:01 AM,95,67
10/3/2026,5:17:02 AM,95,67
10/3/2026,5:17:03 AM,95,67
10/3/2026,5:17:04 AM,95,67
10/3/2026,5:17:05 AM,94,67
10/3/2026,5:17:06 AM,94,67
10/3/2026,5:17:07 AM,94,67
10/3/2026,5:17:08 AM,94,67
10/3/2026,5:17:09 AM,94,67
10/3/2026,5:17:10 AM,94,67
10/3/2026,5:17:11 AM,94,66
10/3/2026,5:17:12 AM,94,66
10/3/2026,5:17:13 AM,94,67
10/3/2026,5:17:14 AM,94,66
10/3/2026,5:17:15 AM,94,66
10/3/2026,5:17:16 AM,94,66
10/3/2026,5:17:17 AM,94,66
10/3/2026,5:17:18 AM,95,66
10/3/2026,5:17:19 AM,95,66
10/3/2026,5:17:20 AM,95,67
10/3/2026,5:17:21 AM,95,67
10/3/2026,5:17:22 AM,95,67
10/3/2026,5:17:23 AM,95,67
10/3/2026,5:17:24 AM,95,67
10/3/2026,5:17:25 AM,95,68
10/3/2026,5:17:26 AM,95,68
10/3/2026,5:17:27 AM,95,69
10/3/2026,5:17:28 AM,95,69
10/3/2026,5:17:29 AM,95,69
10/3/2026,5:17:30 AM,95,69
10/3/2026,5:17:31 AM,95,69
10/3/2026,5:17:32 AM,95,69
10/3/2026,5:17:33 AM,95,68
10/3/2026,5:17:34 AM,95,67
10/3/2026,5:17:35 AM,95,67
10/3/2026,5:17:36 AM,95,66
10/3/2026,5:17:37 AM,95,66
10/3/2026,5:17:38 AM,95,65
10/3/2026,5:17:39 AM,95,65
10/3/2026,5:17:40 AM,95,65
10/3/2026,5:17:41 AM,95,65
10/3/2026,5:17:42 AM,95,65
10/3/2026,5:17:43 AM,95,65
10/3/2026,5:17:44 AM,95,65
10/3/2026,5:17:45 AM,95,65
10/3/2026,5:17:46 AM,95,65
10/3/2026,5:17:47 AM,95,65
10/3/2026,5:17:48 AM,95,65
10/3/2026,5:17:49 AM,95,65
10/3/2026,5:17:50 AM,95,65
10/3/2026,5:17:51 AM,95,65
10/3/2026,5:17:52 AM,95,65
10/3/2026,5:17:53 AM,95,65
10/3/2026,5:17:54 AM,95,66
10/3/2026,5:17:55 AM,95,66
10/3/2026,5:17:56 AM,95,66
10/3/2026,5:17:57 AM,95,66
10/3/2026,5:17:58 AM,95,66
10/3/2026,5:17:59 AM,95,67
10/3/2026,5:18:00 AM,95,67
10/3/2026,5:18:01 AM,95,67
10/3/2026,5:18:02 AM,95,67
10/3/2026,5:18:03 AM,95,67
10/3/2026,5:18:04 AM,95,67
10/3/2026,5:18:05 AM,95,67
10/3/2026,5:18:06 AM,95,67
10/3/2026,5:18:07 AM,95,67
10/3/2026,5:18:08 AM,95,67
10/3/2026,5:18:09 AM,94,67
10/3/2026,5:18:10 AM,94,67
10/3/2026,5:18:11 AM,94,67
10/3/2026,5:18:12 AM,94,67
10/3/2026,5:18:13 AM,94,67
10/3/2026,5:18:14 AM,94,67
10/3/2026,5:18:15 AM,94,67
10/3/2026,5:18:16 AM,95,67
10/3/2026,5:18:17 AM,95,67
10/3/2026,5:18:18 AM,95,67
10/3/2026,5:18:19 AM,95,67
10/3/2026,5:18:20 AM,94,68
10/3/2026,5:18:21 AM,94,68
10/3/2026,5:18:22 AM,94,68
10/3/2026,5:18:23 AM,94,68
10/3/2026,5:18:24 AM,94,68
10/3/2026,5:18:25 AM,94,68
10/3/2026,5:18:26 AM,94,68
10/3/2026,5:18:27 AM,94,68
10/3/2026,5:18:28 AM,94,67
10/3/2026,5:18:29 AM,94,67
10/3/2026,5:18:30 AM,95,66
10/3/2026,5:18:31 AM,95,66
10/3/2026,5:18:32 AM,95,66
10/3/2026,5:18:33 AM,95,66
10/3/2026,5:18:34 AM,95,66
10/3/2026,5:18:35 AM,95,66
10/3/2026,5:18:36 AM,95,66
10/3/2026,5:18:37 AM,95,66
10/3/2026,5:18:38 AM,95,66
10/3/2026,5:18:39 AM,95,66
10/3/2026,5:18:40 AM,95,66
10/3/2026,5:18:41 AM,95,66
10/3/2026,5:18:42 AM,95,66
10/3/2026,5:18:43 AM,95,66
10/3/2026,5:18:44 AM,95,66
10/3/2026,5:18:45 AM,95,66
10/3/2026,5:18:46 AM,95,66
10/3/2026,5:18:47 AM,95,66
10/3/2026,5:18:48 AM,95,66
10/3/2026,5:18:49 AM,95,66
10/3/2026,5:18:50 AM,95,66
10/3/2026,5:18:51 AM,95,66
10/3/2026,5:18:52 AM,95,66
10/3/2026,5:18:53 AM,95,66
10/3/2026,5:18:54 AM,94,66
10/3/2026,5:18:55 AM,94,66
10/3/2026,5:18:56 AM,94,66
10/3/2026,5:18:57 AM,94,66
10/3/2026,5:18:58 AM,94,67
10/3/2026,5:18:59 AM,94,66
10/3/2026,5:19:00 AM,94,67
10/3/2026,5:19:01 AM,94,67
10/3/2026,5:19:02 AM,94,67
10/3/2026,5:19:03 AM,94,67
10/3/2026,5:19:04 AM,94,67
10/3/2026,5:19:05 AM,94,67
10/3/2026,5:19:06 AM,94,67
10/3/2026,5:19:07 AM,94,68
10/3/2026,5:19:08 AM,94,69
10/3/2026,5:19:09 AM,94,69
10/3/2026,5:19:10 AM,94,70
10/3/2026,5:19:11 AM,94,70
10/3/2026,5:19:12 AM,94,70
10/3/2026,5:19:13 AM,94,70
10/3/2026,5:19:14 AM,94,71
10/3/2026,5:19:15 AM,94,71
10/3/2026,5:19:16 AM,94,71
10/3/2026,5:19:17 AM,94,71
10/3/2026,5:19:18 AM,94,71
10/3/2026,5:19:19 AM,94,71
10/3/2026,5:19:20 AM,94,71
10/3/2026,5:19:21 AM,94,71
10/3/2026,5:19:22 AM,94,71
10/3/2026,5:19:23 AM,94,71
10/3/2026,5:19:24 AM,94,71
10/3/2026,5:19:25 AM,94,71
10/3/2026,5:19:26 AM,94,70
10/3/2026,5:19:27 AM,94,70
10/3/2026,5:19:28 AM,94,69
10/3/2026,5:19:29 AM,94,68
10/3/2026,5:19:30 AM,94,68
10/3/2026,5:19:31 AM,94,67
10/3/2026,5:19:32 AM,94,66
10/3/2026,5:19:33 AM,94,66
10/3/2026,5:19:34 AM,94,66
10/3/2026,5:19:35 AM,94,65
10/3/2026,5:19:36 AM,94,65
10/3/2026,5:19:37 AM,94,65
10/3/2026,5:19:38 AM,94,65
10/3/2026,5:19:39 AM,94,65
10/3/2026,5:19:40 AM,95,65
10/3/2026,5:19:41 AM,95,65
10/3/2026,5:19:42 AM,95,65
10/3/2026,5:19:43 AM,96,65
10/3/2026,5:19:44 AM,96,66
10/3/2026,5:19:45 AM,97,66
10/3/2026,5:19:46 AM,97,66
10/3/2026,5:19:47 AM,97,66
10/3/2026,5:19:48 AM,98,66
10/3/2026,5:19:49 AM,98,66
10/3/2026,5:19:50 AM,98,66
10/3/2026,5:19:51 AM,98,66
10/3/2026,5:19:52 AM,98,66
10/3/2026,5:19:53 AM,98,66
10/3/2026,5:19:54 AM,98,66
10/3/2026,5:19:55 AM,98,66
10/3/2026,5:19:56 AM,97,66
10/3/2026,5:19:57 AM,97,66
10/3/2026,5:19:58 AM,97,66
10/3/2026,5:19:59 AM,97,66
10/3/2026,5:20:00 AM,96,65
10/3/2026,5:20:01 AM,96,65
10/3/2026,5:20:02 AM,96,65
10/3/2026,5:20:03 AM,96,65
10/3/2026,5:20:04 AM,95,65
10/3/2026,5:20:05 AM,95,66
10/3/2026,5:20:06 AM,95,66
10/3/2026,5:20:07 AM,95,67
10/3/2026,5:20:08 AM,94,67
10/3/2026,5:20:09 AM,94,68
10/3/2026,5:20:10 AM,94,68
10/3/2026,5:20:11 AM,94,68
10/3/2026,5:20:12 AM,94,68
10/3/2026,5:20:13 AM,94,68
10/3/2026,5:20:14 AM,94,68
10/3/2026,5:20:15 AM,94,68
10/3/2026,5:20:16 AM,94,68
10/3/2026,5:20:17 AM,94,68
10/3/2026,5:20:18 AM,94,68
10/3/2026,5:20:19 AM,94,68
10/3/2026,5:20:20 AM,95,68
10/3/2026,5:20:21 AM,95,68
10/3/2026,5:20:22 AM,95,68
10/3/2026,5:20:23 AM,95,69
10/3/2026,5:20:24 AM,95,69
10/3/2026,5:20:25 AM,95,69
10/3/2026,5:20:26 AM,95,69
10/3/2026,5:20:27 AM,95,69
10/3/2026,5:20:28 AM,95,69
10/3/2026,5:20:29 AM,95,69
10/3/2026,5:20:30 AM,95,69
10/3/2026,5:20:31 AM,95,68
10/3/2026,5:20:32 AM,95,68
10/3/2026,5:20:33 AM,96,68
10/3/2026,5:20:34 AM,96,67
10/3/2026,5:20:35 AM,96,67
10/3/2026,5:20:36 AM,97,66
10/3/2026,5:20:37 AM,97,66
10/3/2026,5:20:38 AM,97,65
10/3/2026,5:20:39 AM,98,64
10/3/2026,5:20:40 AM,98,64
10/3/2026,5:20:41 AM,98,64
10/3/2026,5:20:42 AM,98,64
10/3/2026,5:20:43 AM,98,63
10/3/2026,5:20:44 AM,98,63
10/3/2026,5:20:45 AM,98,63
10/3/2026,5:20:46 AM,98,63
10/3/2026,5:20:47 AM,98,63
10/3/2026,5:20:48 AM,98,62
10/3/2026,5:20:49 AM,98,62
10/3/2026,5:20:50 AM,98,62
10/3/2026,5:20:51 AM,98,62
10/3/2026,5:20:52 AM,98,62
10/3/2026,5:20:53 AM,98,62
10/3/2026,5:20:54 AM,98,62
10/3/2026,5:20:55 AM,98,62
10/3/2026,5:20:56 AM,98,62
10/3/2026,5:20:57 AM,98,62
10/3/2026,5:20:58 AM,97,62
10/3/2026,5:20:59 AM,97,62
10/3/2026,5:21:00 AM,97,62
10/3/2026,5:21:01 AM,97,62
10/3/2026,5:21:02 AM,97,62
10/3/2026,5:21:03 AM,96,62
10/3/2026,5:21:04 AM,96,62
10/3/2026,5:21:05 AM,96,61
10/3/2026,5:21:06 AM,96,61
10/3/2026,5:21:07 AM,96,61
10/3/2026,5:21:08 AM,96,61
10/3/2026,5:21:09 AM,95,60
10/3/2026,5:21:10 AM,95,60
10/3/2026,5:21:11 AM,95,60
10/3/2026,5:21:12 AM,95,60
10/3/2026,5:21:13 AM,95,60
10/3/2026,5:21:14 AM,95,60
10/3/2026,5:21:15 AM,94,59
10/3/2026,5:21:16 AM,94,59
10/3/2026,5:21:17 AM,94,60
10/3/2026,5:21:18 AM,94,59
10/3/2026,5:21:19 AM,94,59
10/3/2026,5:21:20 AM,94,59
10/3/2026,5:21:21 AM,94,59
10/3/2026,5:21:22 AM,93,59
10/3/2026,5:21:23 AM,93,59
10/3/2026,5:21:24 AM,93,59
10/3/2026,5:21:25 AM,93,59
10/3/2026,5:21:26 AM,93,59
10/3/2026,5:21:27 AM,93,58
10/3/2026,5:21:28 AM,93,58
10/3/2026,5:21:29 AM,93,58
10/3/2026,5:21:30 AM,92,58
10/3/2026,5:21:31 AM,92,58
10/3/2026,5:21:32 AM,92,58
10/3/2026,5:21:33 AM,92,58
10/3/2026,5:21:34 AM,92,58
10/3/2026,5:21:35 AM,92,57
10/3/2026,5:21:36 AM,92,57
10/3/2026,5:21:37 AM,92,57
10/3/2026,5:21:38 AM,92,57
10/3/2026,5:21:39 AM,92,57
10/3/2026,5:21:40 AM,92,57
10/3/2026,5:21:41 AM,91,57
10/3/2026,5:21:42 AM,91,57
10/3/2026,5:21:43 AM,91,57
10/3/2026,5:21:44 AM,91,57
10/3/2026,5:21:45 AM,91,57
10/3/2026,5:21:46 AM,91,58
10/3/2026,5:21:47 AM,91,58
10/3/2026,5:21:48 AM,91,58
10/3/2026,5:21:49 AM,91,58
10/3/2026,5:21:50 AM,90,58
10/3/2026,5:21:51 AM,90,58
10/3/2026,5:21:52 AM,90,58
10/3/2026,5:21:53 AM,90,58
10/3/2026,5:21:54 AM,90,59
10/3/2026,5:21:55 AM,90,59
10/3/2026,5:21:56 AM,90,59
10/3/2026,5:21:57 AM,89,60
10/3/2026,5:21:58 AM,89,60
10/3/2026,5:21:59 AM,89,60
10/3/2026,5:22:00 AM,89,60
10/3/2026,5:22:01 AM,89,61
10/3/2026,5:22:02 AM,89,61
10/3/2026,5:22:03 AM,89,61
10/3/2026,5:22:04 AM,89,61
10/3/2026,5:22:05 AM,89,61
10/3/2026,5:22:06 AM,89,62
10/3/2026,5:22:07 AM,88,62
10/3/2026,5:22:08 AM,88,62
10/3/2026,5:22:09 AM,88,62
10/3/2026,5:22:10 AM,88,62
10/3/2026,5:22:11 AM,88,62
10/3/2026,5:22:12 AM,88,62
10/3/2026,5:22:13 AM,87,62
10/3/2026,5:22:14 AM,87,62
10/3/2026,5:22:15 AM,87,62
10/3/2026,5:22:16 AM,87,62
10/3/2026,5:22:17 AM,87,62
10/3/2026,5:22:18 AM,87,62
10/3/2026,5:22:19 AM,86,62
10/3/2026,5:22:20 AM,86,62
10/3/2026,5:22:21 AM,86,62
10/3/2026,5:22:22 AM,86,62
10/3/2026,5:22:23 AM,85,63
10/3/2026,5:22:24 AM,85,63
10/3/2026,5:22:25 AM,85,64
10/3/2026,5:22:26 AM,85,64
10/3/2026,5:22:27 AM,84,65
10/3/2026,5:22:28 AM,84,68
10/3/2026,5:22:29 AM,84,68
10/3/2026,5:22:30 AM,84,68
10/3/2026,5:22:31 AM,84,68
10/3/2026,5:22:32 AM,84,68
10/3/2026,5:22:33 AM,84,68
10/3/2026,5:22:34 AM,84,68
10/3/2026,5:22:35 AM,84,68
10/3/2026,5:22:36 AM,84,68
10/3/2026,5:22:37 AM,84,68
10/3/2026,5:22:38 AM,84,68
10/3/2026,5:22:39 AM,84,68
10/3/2026,5:22:40 AM,84,68
10/3/2026,5:22:41 AM,83,68
10/3/2026,5:22:42 AM,82,68
10/3/2026,5:22:43 AM,82,68
10/3/2026,5:22:44 AM,81,68
10/3/2026,5:22:45 AM,81,68
10/3/2026,5:22:46 AM,81,68
10/3/2026,5:22:47 AM,81,68
10/3/2026,5:22:48 AM,81,68
10/3/2026,5:22:49 AM,81,69
10/3/2026,5:22:50 AM,80,71
10/3/2026,5:22:51 AM,80,72
10/3/2026,5:22:52 AM,80,72
10/3/2026,5:22:53 AM,80,74
10/3/2026,5:22:54 AM,80,74
10/3/2026,5:22:55 AM,80,74
10/3/2026,5:22:56 AM,80,74
10/3/2026,5:22:57 AM,80,73
10/3/2026,5:22:58 AM,80,72
10/3/2026,5:22:59 AM,80,70
10/3/2026,5:23:00 AM,80,70
10/3/2026,5:23:01 AM,86,69
10/3/2026,5:23:02 AM,89,69
10/3/2026,5:23:03 AM,92,69
10/3/2026,5:23:04 AM,95,68
10/3/2026,5:23:05 AM,98,68
10/3/2026,5:23:06 AM,99,68
10/3/2026,5:23:07 AM,99,68
10/3/2026,5:23:08 AM,99,68
10/3/2026,5:23:09 AM,99,68
10/3/2026,5:23:10 AM,99,68
10/3/2026,5:23:11 AM,99,68
10/3/2026,5:23:12 AM,99,68
10/3/2026,5:23:13 AM,99,68
10/3/2026,5:23:14 AM,99,67
10/3/2026,5:23:15 AM,99,67
10/3/2026,5:23:16 AM,99,67
10/3/2026,5:23:17 AM,99,67
10/3/2026,5:23:18 AM,99,67
10/3/2026,5:23:19 AM,99,67
10/3/2026,5:23:20 AM,99,67
10/3/2026,5:23:21 AM,99,67
10/3/2026,5:23:22 AM,99,67
10/3/2026,5:23:23 AM,99,67
10/3/2026,5:23:24 AM,99,67
10/3/2026,5:23:25 AM,99,67
10/3/2026,5:23:26 AM,99,67
10/3/2026,5:23:27 AM,99,67
10/3/2026,5:23:28 AM,99,67
10/3/2026,5:23:29 AM,99,67
10/3/2026,5:23:30 AM,99,67
10/3/2026,5:23:31 AM,99,67
10/3/2026,5:23:32 AM,98,67
10/3/2026,5:23:33 AM,98,67
10/3/2026,5:23:34 AM,98,67
10/3/2026,5:23:35 AM,98,67
10/3/2026,5:23:36 AM,98,67
10/3/2026,5:23:37 AM,98,67
10/3/2026,5:23:38 AM,98,67
10/3/2026,5:23:39 AM,98,67
10/3/2026,5:23:40 AM,98,67
10/3/2026,5:23:41 AM,98,67
10/3/2026,5:23:42 AM,97,67
10/3/2026,5:23:43 AM,97,67
10/3/2026,5:23:44 AM,97,67
10/3/2026,5:23:45 AM,97,67
10/3/2026,5:23:46 AM,97,67
10/3/2026,5:23:47 AM,97,67
10/3/2026,5:23:48 AM,97,66
10/3/2026,5:23:49 AM,97,66
10/3/2026,5:23:50 AM,97,66
10/3/2026,5:23:51 AM,97,66
10/3/2026,5:23:52 AM,97,66
10/3/2026,5:23:53 AM,97,66
10/3/2026,5:23:54 AM,97,66
10/3/2026,5:23:55 AM,97,66
10/3/2026,5:23:56 AM,97,66
10/3/2026,5:23:57 AM,97,65
10/3/2026,5:23:58 AM,97,64
10/3/2026,5:23:59 AM,97,64
10/3/2026,5:24:00 AM,97,63
10/3/2026,5:24:01 AM,97,63
10/3/2026,5:24:02 AM,97,63
10/3/2026,5:24:03 AM,97,63
10/3/2026,5:24:04 AM,97,62
10/3/2026,5:24:05 AM,97,62
10/3/2026,5:24:06 AM,97,62
10/3/2026,5:24:07 AM,97,62
10/3/2026,5:24:08 AM,97,62
10/3/2026,5:24:09 AM,97,62
10/3/2026,5:24:10 AM,97,62
10/3/2026,5:24:11 AM,97,62
10/3/2026,5:24:12 AM,97,63
10/3/2026,5:24:13 AM,96,63
10/3/2026,5:24:14 AM,96,63
10/3/2026,5:24:15 AM,96,63
10/3/2026,5:24:16 AM,96,63
10/3/2026,5:24:17 AM,96,63
10/3/2026,5:24:18 AM,96,63
10/3/2026,5:24:19 AM,96,63
10/3/2026,5:24:20 AM,96,63
10/3/2026,5:24:21 AM,96,63
10/3/2026,5:24:22 AM,96,64
10/3/2026,5:24:23 AM,96,64
10/3/2026,5:24:24 AM,96,64
10/3/2026,5:24:25 AM,96,64
10/3/2026,5:24:26 AM,96,65
10/3/2026,5:24:27 AM,96,65
10/3/2026,5:24:28 AM,96,65
10/3/2026,5:24:29 AM,96,65
10/3/2026,5:24:30 AM,96,65
10/3/2026,5:24:31 AM,96,65
10/3/2026,5:24:32 AM,96,65
10/3/2026,5:24:33 AM,96,65
10/3/2026,5:24:34 AM,96,65
10/3/2026,5:24:35 AM,96,65
10/3/2026,5:24:36 AM,96,65
10/3/2026,5:24:37 AM,96,65
10/3/2026,5:24:38 AM,96,65
10/3/2026,5:24:39 AM,96,65
10/3/2026,5:24:40 AM,96,65
10/3/2026,5:24:41 AM,96,65
10/3/2026,5:24:42 AM,96,65
10/3/2026,5:24:43 AM,96,65
10/3/2026,5:24:44 AM,96,65
10/3/2026,5:24:45 AM,96,65
10/3/2026,5:24:46 AM,97,65
10/3/2026,5:24:47 AM,97,65
10/3/2026,5:24:48 AM,97,65
10/3/2026,5:24:49 AM,97,64
10/3/2026,5:24:50 AM,98,64
10/3/2026,5:24:51 AM,98,64
10/3/2026,5:24:52 AM,98,63
10/3/2026,5:24:53 AM,98,63
10/3/2026,5:24:54 AM,99,63
10/3/2026,5:24:55 AM,99,62
10/3/2026,5:24:56 AM,99,62
10/3/2026,5:24:57 AM,99,62
10/3/2026,5:24:58 AM,99,62
10/3/2026,5:24:59 AM,99,62
10/3/2026,5:25:00 AM,99,62
10/3/2026,5:25:01 AM,99,62
10/3/2026,5:25:02 AM,99,62
10/3/2026,5:25:03 AM,99,63
10/3/2026,5:25:04 AM,99,63
10/3/2026,5:25:05 AM,99,63
10/3/2026,5:25:06 AM,99,63
10/3/2026,5:25:07 AM,99,63
10/3/2026,5:25:08 AM,99,63
10/3/2026,5:25:09 AM,99,63
10/3/2026,5:25:10 AM,99,63
10/3/2026,5:25:11 AM,99,62
10/3/2026,5:25:12 AM,98,62
10/3/2026,5:25:13 AM,98,62
10/3/2026,5:25:14 AM,98,62
10/3/2026,5:25:15 AM,98,61
10/3/2026,5:25:16 AM,98,61
10/3/2026,5:25:17 AM,98,61
10/3/2026,5:25:18 AM,98,61
10/3/2026,5:25:19 AM,98,61
10/3/2026,5:25:20 AM,98,61
10/3/2026,5:25:21 AM,98,60
10/3/2026,5:25:22 AM,98,60
10/3/2026,5:25:23 AM,97,60
10/3/2026,5:25:24 AM,97,60
10/3/2026,5:25:25 AM,97,60
10/3/2026,5:25:26 AM,97,59
10/3/2026,5:25:27 AM,97,59
10/3/2026,5:25:28 AM,97,59
10/3/2026,5:25:29 AM,97,59
10/3/2026,5:25:30 AM,97,58
10/3/2026,5:25:31 AM,97,58
10/3/2026,5:25:32 AM,97,58
10/3/2026,5:25:33 AM,97,58
10/3/2026,5:25:34 AM,97,57
10/3/2026,5:25:35 AM,97,57
10/3/2026,5:25:36 AM,97,57
10/3/2026,5:25:37 AM,97,56
10/3/2026,5:25:38 AM,97,56
10/3/2026,5:25:39 AM,98,56
10/3/2026,5:25:40 AM,98,56
10/3/2026,5:25:41 AM,98,56
10/3/2026,5:25:42 AM,98,56
10/3/2026,5:25:43 AM,98,56
10/3/2026,5:25:44 AM,98,56
10/3/2026,5:25:45 AM,98,56
10/3/2026,5:25:46 AM,98,56
10/3/2026,5:25:47 AM,98,56
10/3/2026,5:25:48 AM,98,56
10/3/2026,5:25:49 AM,98,56
10/3/2026,5:25:50 AM,98,56
10/3/2026,5:25:51 AM,98,56
10/3/2026,5:25:52 AM,98,56
10/3/2026,5:25:53 AM,98,56
10/3/2026,5:25:54 AM,98,56
10/3/2026,5:25:55 AM,98,57
10/3/2026,5:25:56 AM,97,57
10/3/2026,5:25:57 AM,97,57
10/3/2026,5:25:58 AM,97,58
10/3/2026,5:25:59 AM,97,58
10/3/2026,5:26:00 AM,97,58
10/3/2026,5:26:01 AM,97,58
10/3/2026,5:26:02 AM,97,59
10/3/2026,5:26:03 AM,97,59
10/3/2026,5:26:04 AM,96,59
10/3/2026,5:26:05 AM,96,60
10/3/2026,5:26:06 AM,96,60
10/3/2026,5:26:07 AM,96,61
10/3/2026,5:26:08 AM,96,61
10/3/2026,5:26:09 AM,96,61
10/3/2026,5:26:10 AM,96,61
10/3/2026,5:26:11 AM,96,61
10/3/2026,5:26:12 AM,95,61
10/3/2026,5:26:13 AM,95,62
10/3/2026,5:26:14 AM,95,62
10/3/2026,5:26:15 AM,95,62
10/3/2026,5:26:16 AM,95,62
10/3/2026,5:26:17 AM,95,62
10/3/2026,5:26:18 AM,94,62
10/3/2026,5:26:19 AM,94,62
10/3/2026,5:26:20 AM,94,62
10/3/2026,5:26:21 AM,94,62
10/3/2026,5:26:22 AM,94,63
10/3/2026,5:26:23 AM,93,63
10/3/2026,5:26:24 AM,93,63
10/3/2026,5:26:25 AM,93,63
10/3/2026,5:26:26 AM,93,63
10/3/2026,5:26:27 AM,92,63
10/3/2026,5:26:28 AM,92,63
10/3/2026,5:26:29 AM,92,63
10/3/2026,5:26:30 AM,92,64
10/3/2026,5:26:31 AM,92,64
10/3/2026,5:26:32 AM,92,64
10/3/2026,5:26:33 AM,91,64
10/3/2026,5:26:34 AM,91,64
10/3/2026,5:26:35 AM,91,64
10/3/2026,5:26:36 AM,91,64
10/3/2026,5:26:37 AM,91,64
10/3/2026,5:26:38 AM,90,64
10/3/2026,5:26:39 AM,90,65
10/3/2026,5:26:40 AM,90,65
10/3/2026,5:26:41 AM,90,65
10/3/2026,5:26:42 AM,90,65
10/3/2026,5:26:43 AM,90,65
10/3/2026,5:26:44 AM,89,66
10/3/2026,5:26:45 AM,89,66
10/3/2026,5:26:46 AM,89,66
10/3/2026,5:26:47 AM,89,66
10/3/2026,5:26:48 AM,89,66
10/3/2026,5:26:49 AM,88,66
10/3/2026,5:26:50 AM,88,66
10/3/2026,5:26:51 AM,88,67
10/3/2026,5:26:52 AM,88,67
10/3/2026,5:26:53 AM,87,67
10/3/2026,5:26:54 AM,87,67
10/3/2026,5:26:55 AM,87,68
10/3/2026,5:26:56 AM,87,68
10/3/2026,5:26:57 AM,87,68
10/3/2026,5:26:58 AM,87,69
10/3/2026,5:26:59 AM,87,69
10/3/2026,5:27:00 AM,87,69
10/3/2026,5:27:01 AM,87,69
10/3/2026,5:27:02 AM,86,69
10/3/2026,5:27:03 AM,86,69
10/3/2026,5:27:04 AM,86,69
10/3/2026,5:27:05 AM,86,69
10/3/2026,5:27:06 AM,86,69
10/3/2026,5:27:07 AM,86,69
10/3/2026,5:27:08 AM,86,69
10/3/2026,5:27:09 AM,86,69
10/3/2026,5:27:10 AM,86,69
10/3/2026,5:27:11 AM,85,72
10/3/2026,5:27:12 AM,84,74
10/3/2026,5:27:13 AM,84,76
10/3/2026,5:27:14 AM,84,77
10/3/2026,5:27:15 AM,84,77
10/3/2026,5:27:16 AM,84,77
10/3/2026,5:27:17 AM,84,77
10/3/2026,5:27:18 AM,84,77
10/3/2026,5:27:19 AM,84,77
10/3/2026,5:27:20 AM,84,77
10/3/2026,5:27:21 AM,84,78
10/3/2026,5:27:22 AM,84,78
10/3/2026,5:27:23 AM,84,78
10/3/2026,5:27:24 AM,84,78
10/3/2026,5:27:25 AM,84,78
10/3/2026,5:27:26 AM,,
10/3/2026,5:27:27 AM,,
10/3/2026,5:27:28 AM,,
10/3/2026,5:27:29 AM,,
10/3/2026,5:27:30 AM,,
10/3/2026,5:27:31 AM,,
10/3/2026,5:27:32 AM,,
10/3/2026,5:27:33 AM,,
10/3/2026,5:27:34 AM,,
10/3/2026,5:27:35 AM,,
10/3/2026,5:27:36 AM,,
10/3/2026,5:27:37 AM,,
10/3/2026,5:27:38 AM,,
10/3/2026,5:27:39 AM,,
10/3/2026,5:27:40 AM,,
10/3/2026,5:27:41 AM,,
10/3/2026,5:27:42 AM,,
10/3/2026,5:27:43 AM,,
10/3/2026,5:27:44 AM,,
10/3/2026,5:27:45 AM,,
10/3/2026,5:27:46 AM,,
10/3/2026,5:27:47 AM,,
10/3/2026,5:27:48 AM,,
10/3/2026,5:27:49 AM,,
10/3/2026,5:27:50 AM,,
10/3/2026,5:27:51 AM,,
10/3/2026,5:27:52 AM,,
10/3/2026,5:27:53 AM,,
10/3/2026,5:27:54 AM,,
10/3/2026,5:27:55 AM,,
10/3/2026,5:27:56 AM,,
10/3/2026,5:27:57 AM,,
10/3/2026,5:27:58 AM,,
10/3/2026,5:27:59 AM,,
10/3/2026,5:28:00 AM,,
10/3/2026,5:28:01 AM,,
10/3/2026,5:28:02 AM,,
10/3/2026,5:28:03 AM,,
10/3/2026,5:28:04 AM,,
10/3/2026,5:28:05 AM,,
10/3/2026,5:28:06 AM,,
10/3/2026,5:28:07 AM,,
10/3/2026,5:28:08 AM,,
10/3/2026,5:28:09 AM,,
10/3/2026,5:28:10 AM,,
10/3/2026,5:28:11 AM,,
10/3/2026,5:28:12 AM,,
10/3/2026,5:28:13 AM,,
10/3/2026,5:28:14 AM,,
10/3/2026,5:28:15 AM,,
10/3/2026,5:28:16 AM,,
10/3/2026,5:28:17 AM,,
10/3/2026,5:28:18 AM,,
10/3/2026,5:28:19 AM,,
10/3/2026,5:28:20 AM,,
10/3/2026,5:28:21 AM,,
10/3/2026,5:28:22 AM,,
10/3/2026,5:28:23 AM,,
10/3/2026,5:28:24 AM,,
10/3/2026,5:28:25 AM,,
10/3/2026,5:28:26 AM,,
10/3/2026,5:28:27 AM,,
10/3/2026,5:28:28 AM,,
10/3/2026,5:28:29 AM,,
10/3/2026,5:28:30 AM,,
10/3/2026,5:28:31 AM,,
10/3/2026,5:28:32 AM,,
10/3/2026,5:28:33 AM,,
10/3/2026,5:28:34 AM,,
10/3/2026,5:28:35 AM,,
10/3/2026,5:28:36 AM,,
10/3/2026,5:28:37 AM,,
10/3/2026,5:28:38 AM,,
10/3/2026,5:28:39 AM,,
10/3/2026,5:28:40 AM,,
10/3/2026,5:28:41 AM,,
10/3/2026,5:28:42 AM,,
10/3/2026,5:28:43 AM,,
10/3/2026,5:28:44 AM,,
10/3/2026,5:28:45 AM,,
10/3/2026,5:28:46 AM,,
10/3/2026,5:28:47 AM,,
10/3/2026,5:28:48 AM,,
10/3/2026,5:28:49 AM,,
10/3/2026,5:28:50 AM,,
10/3/2026,5:28:51 AM,,
10/3/2026,5:28:52 AM,,
10/3/2026,5:28:53 AM,,
10/3/2026,5:28:54 AM,,
10/3/2026,5:28:55 AM,,
10/3/2026,5:28:56 AM,,
10/3/2026,5:28:57 AM,,
10/3/2026,5:28:58 AM,,
10/3/2026,5:28:59 AM,,
10/3/2026,5:29:00 AM,,
10/3/2026,5:29:01 AM,,
10/3/2026,5:29:02 AM,,
10/3/2026,5:29:03 AM,,
10/3/2026,5:29:04 AM,,
10/3/2026,5:29:05 AM,,
10/3/2026,5:29:06 AM,,
10/3/2026,5:29:07 AM,,
10/3/2026,5:29:08 AM,,
10/3/2026,5:29:09 AM,,
10/3/2026,5:29:10 AM,,
10/3/2026,5:29:11 AM,,
10/3/2026,5:29:12 AM,,
10/3/2026,5:29:13 AM,,
10/3/2026,5:29:14 AM,,
10/3/2026,5:29:15 AM,,
10/3/2026,5:29:16 AM,,
10/3/2026,5:29:17 AM,,
10/3/2026,5:29:18 AM,,
10/3/2026,5:29:19 AM,,
10/3/2026,5:29:20 AM,,
10/3/2026,5:29:21 AM,,
10/3/2026,5:29:22 AM,,
10/3/2026,5:29:23 AM,,
10/3/2026,5:29:24 AM,,
10/3/2026,5:29:25 AM,,
10/3/2026,5:29:26 AM,,
10/3/2026,5:29:27 AM,,
10/3/2026,5:29:28 AM,,
10/3/2026,5:29:29 AM,,
10/3/2026,5:29:30 AM,,
10/3/2026,5:29:31 AM,,
10/3/2026,5:29:32 AM,,
10/3/2026,5:29:33 AM,,
10/3/2026,5:29:34 AM,,
10/3/2026,5:29:35 AM,,
10/3/2026,5:29:36 AM,,
10/3/2026,5:29:37 AM,,
10/3/2026,5:29:38 AM,,
10/3/2026,5:29:39 AM,,
10/3/2026,5:29:40 AM,,
10/3/2026,5:29:41 AM,,
10/3/2026,5:29:42 AM,,
10/3/2026,5:29:43 AM,,
10/3/2026,5:29:44 AM,,
10/3/2026,5:29:45 AM,,
10/3/2026,5:29:46 AM,,
10/3/2026,5:29:47 AM,,
10/3/2026,5:29:48 AM,,
10/3/2026,5:29:49 AM,,
10/3/2026,5:29:50 AM,,
10/3/2026,5:29:51 AM,,
10/3/2026,5:29:52 AM,,
10/3/2026,5:29:53 AM,,
10/3/2026,5:29:54 AM,,
10/3/2026,5:29:55 AM,,
10/3/2026,5:29:56 AM,,
10/3/2026,5:29:57 AM,,
10/3/2026,5:29:58 AM,,
10/3/2026,5:29:59 AM,,
10/3/2026,5:30:00 AM,,
10/3/2026,5:30:01 AM,,
10/3/2026,5:30:02 AM,,
10/3/2026,5:30:03 AM,,
10/3/2026,5:30:04 AM,,
10/3/2026,5:30:05 AM,,
10/3/2026,5:30:06 AM,,
10/3/2026,5:30:07 AM,,
10/3/2026,5:30:08 AM,,
10/3/2026,5:30:09 AM,,
10/3/2026,5:30:10 AM,,
10/3/2026,5:30:11 AM,,
10/3/2026,5:30:12 AM,,
10/3/2026,5:30:13 AM,,
10/3/2026,5:30:14 AM,,
10/3/2026,5:30:15 AM,,
10/3/2026,5:30:16 AM,,
10/3/2026,5:30:17 AM,,
10/3/2026,5:30:18 AM,,
10/3/2026,5:30:19 AM,,
10/3/2026,5:30:20 AM,,
10/3/2026,5:30:21 AM,,
10/3/2026,5:30:22 AM,,
10/3/2026,5:30:23 AM,,
10/3/2026,5:30:24 AM,,
10/3/2026,5:30:25 AM,,
10/3/2026,5:30:26 AM,,
10/3/2026,5:30:27 AM,,
10/3/2026,5:30:28 AM,,
10/3/2026,5:30:29 AM,,
10/3/2026,5:30:30 AM,,
10/3/2026,5:30:31 AM,,
10/3/2026,5:30:32 AM,,
10/3/2026,5:30:33 AM,,
10/3/2026,5:30:34 AM,,
10/3/2026,5:30:35 AM,,
10/3/2026,5:30:36 AM,,
10/3/2026,5:30:37 AM,,
10/3/2026,5:30:38 AM,,
10/3/2026,5:30:39 AM,,
10/3/2026,5:30:40 AM,,
10/3/2026,5:30:41 AM,,
10/3/2026,5:30:42 AM,,
10/3/2026,5:30:43 AM,,
10/3/2026,5:30:44 AM,,
10/3/2026,5:30:45 AM,,
